# Columns: dt, t_raw, mjd, phase, counts, rate, rate_err, flux_t
# 
0.000000000000000000e+00 5.317029497620999813e+08 5.696796932595023100e+04 2.788433826651726122e-01 0.000000000000000000e+00 0.000000000000000000e+00 0.000000000000000000e+00 0.000000000000000000e+00
1.000000000000000000e+02 5.317030497620999813e+08 5.696797048335763975e+04 2.796406324732743087e-01 0.000000000000000000e+00 0.000000000000000000e+00 0.000000000000000000e+00 0.000000000000000000e+00
2.000000000000000000e+02 5.317031497620999813e+08 5.696797164076504851e+04 2.804378822813760053e-01 0.000000000000000000e+00 0.000000000000000000e+00 0.000000000000000000e+00 0.000000000000000000e+00
3.000000000000000000e+02 5.317032497620999813e+08 5.696797279817245726e+04 2.812351320892503281e-01 0.000000000000000000e+00 0.000000000000000000e+00 0.000000000000000000e+00 0.000000000000000000e+00
4.000000000000000000e+02 5.317033497620999813e+08 5.696797395557985874e+04 2.820323818923498038e-01 0.000000000000000000e+00 0.000000000000000000e+00 0.000000000000000000e+00 0.000000000000000000e+00
5.000000000000000000e+02 5.317034497620999813e+08 5.696797511298726749e+04 2.828296317002241267e-01 0.000000000000000000e+00 0.000000000000000000e+00 0.000000000000000000e+00 0.000000000000000000e+00
6.000000000000000000e+02 5.317035497620999813e+08 5.696797627039467625e+04 2.836268815083258232e-01 3.000000000000000000e+00 5.771701752929000312e-02 3.332293560736000054e-02 9.880172211716450297e-13
7.000000000000000000e+02 5.317036497620999813e+08 5.696797742780208500e+04 2.844241313162001461e-01 4.000000000000000000e+00 4.410399999999999737e-02 2.205199999999999869e-02 7.549855031999999231e-13
8.000000000000000000e+02 5.317037497620999813e+08 5.696797858520949376e+04 2.852213811243018426e-01 3.000000000000000000e+00 3.307800000000000323e-02 1.909759220424999890e-02 5.662391274000000433e-13
9.000000000000000000e+02 5.317038497620999813e+08 5.696797974261689524e+04 2.860186309271739447e-01 3.000000000000000000e+00 3.307800000000000323e-02 1.909759220424999890e-02 5.662391274000000433e-13
1.000000000000000000e+03 5.317039497620999813e+08 5.696798090002430399e+04 2.868158807352756412e-01 6.000000000000000000e+00 6.615600000000000647e-02 2.700807390393000079e-02 1.132478254800000087e-12
1.100000000000000000e+03 5.317040497620999813e+08 5.696798205743171275e+04 2.876131305431499641e-01 1.000000000000000000e+00 1.102599999999999934e-02 1.102599999999999934e-02 1.887463757999999808e-13
1.200000000000000000e+03 5.317041497620999813e+08 5.696798321483912150e+04 2.884103803512516606e-01 8.000000000000000000e+00 8.820799999999999474e-02 3.118623747744999827e-02 1.509971006399999846e-12
1.300000000000000000e+03 5.317042497620999813e+08 5.696798437224653026e+04 2.892076301591259835e-01 6.000000000000000000e+00 6.615600000000000647e-02 2.700807390393000079e-02 1.132478254800000087e-12
1.400000000000000000e+03 5.317043497620999813e+08 5.696798552965393174e+04 2.900048799622254592e-01 8.000000000000000000e+00 8.820799999999999474e-02 3.118623747744999827e-02 1.509971006399999846e-12
1.500000000000000000e+03 5.317044497620999813e+08 5.696798668706134049e+04 2.908021297700997820e-01 5.000000000000000000e+00 5.512999999999999845e-02 2.465488551990999838e-02 9.437318790000000048e-13
1.600000000000000000e+03 5.317045497620999813e+08 5.696798784446874924e+04 2.915993795782014786e-01 7.000000000000000000e+00 7.718200000000000061e-02 2.917205395580000152e-02 1.321224630599999966e-12
1.700000000000000000e+03 5.317046497620999813e+08 5.696798900187615800e+04 2.923966293860758014e-01 3.000000000000000000e+00 3.307800000000000323e-02 1.909759220424999890e-02 5.662391274000000433e-13
1.800000000000000000e+03 5.317047497620999813e+08 5.696799015928356675e+04 2.931938791941774980e-01 4.000000000000000000e+00 4.410399999999999737e-02 2.205199999999999869e-02 7.549855031999999231e-13
1.900000000000000000e+03 5.317048497620999813e+08 5.696799131669096823e+04 2.939911289970496000e-01 8.000000000000000000e+00 8.820799999999999474e-02 3.118623747744999827e-02 1.509971006399999846e-12
2.000000000000000000e+03 5.317049497620999813e+08 5.696799247409837699e+04 2.947883788051512965e-01 6.000000000000000000e+00 6.615600000000000647e-02 2.700807390393000079e-02 1.132478254800000087e-12
2.100000000000000000e+03 5.317050497620999813e+08 5.696799363150578574e+04 2.955856286130256194e-01 4.000000000000000000e+00 4.410399999999999737e-02 2.205199999999999869e-02 7.549855031999999231e-13
2.200000000000000000e+03 5.317051497620999813e+08 5.696799478891319450e+04 2.963828784211273160e-01 2.000000000000000000e+00 2.205199999999999869e-02 1.559311873873000034e-02 3.774927515999999615e-13
2.300000000000000000e+03 5.317052497620999813e+08 5.696799594632060325e+04 2.971801282290016388e-01 1.000000000000000000e+00 1.102599999999999934e-02 1.102599999999999934e-02 1.887463757999999808e-13
2.400000000000000000e+03 5.317053497620999813e+08 5.696799710372801201e+04 2.979773780371033354e-01 6.000000000000000000e+00 6.615600000000000647e-02 2.700807390393000079e-02 1.132478254800000087e-12
2.500000000000000000e+03 5.317054497620999813e+08 5.696799826113541349e+04 2.987746278399754374e-01 6.000000000000000000e+00 6.615600000000000647e-02 2.700807390393000079e-02 1.132478254800000087e-12
2.600000000000000000e+03 5.317055497620999813e+08 5.696799941854282224e+04 2.995718776480771339e-01 8.000000000000000000e+00 8.820799999999999474e-02 3.118623747744999827e-02 1.509971006399999846e-12
2.700000000000000000e+03 5.317056497620999813e+08 5.696800057595023100e+04 3.003691274559514568e-01 5.000000000000000000e+00 5.512999999999999845e-02 2.465488551990999838e-02 9.437318790000000048e-13
2.800000000000000000e+03 5.317057497620999813e+08 5.696800173335763975e+04 3.011663772640531533e-01 3.000000000000000000e+00 3.307800000000000323e-02 1.909759220424999890e-02 5.662391274000000433e-13
2.900000000000000000e+03 5.317058497620999813e+08 5.696800289076504851e+04 3.019636270719274762e-01 6.000000000000000000e+00 6.615600000000000647e-02 2.700807390393000079e-02 1.132478254800000087e-12
3.000000000000000000e+03 5.317059497620999813e+08 5.696800404817245726e+04 3.027608768800291728e-01 4.000000000000000000e+00 4.410399999999999737e-02 2.205199999999999869e-02 7.549855031999999231e-13
3.100000000000000000e+03 5.317060497620999813e+08 5.696800520557985874e+04 3.035581266829012748e-01 1.000000000000000000e+01 1.102599999999999969e-01 3.486727348101999885e-02 1.887463758000000010e-12
3.200000000000000000e+03 5.317061497620999813e+08 5.696800636298726749e+04 3.043553764910029713e-01 8.000000000000000000e+00 8.820799999999999474e-02 3.118623747744999827e-02 1.509971006399999846e-12
3.300000000000000000e+03 5.317062497620999813e+08 5.696800752039467625e+04 3.051526262991046679e-01 1.200000000000000000e+01 1.323120000000000129e-01 3.819518440850999674e-02 2.264956509600000173e-12
3.400000000000000000e+03 5.317063497620999813e+08 5.696800867780208500e+04 3.059498761069789907e-01 9.000000000000000000e+00 9.923400000000000276e-02 3.307800000000000323e-02 1.698717382199999928e-12
3.500000000000000000e+03 5.317064497620999813e+08 5.696800983520949376e+04 3.067471259150806873e-01 1.200000000000000000e+01 1.323120000000000129e-01 3.819518440850999674e-02 2.264956509600000173e-12
3.600000000000000000e+03 5.317065497620999813e+08 5.696801099261689524e+04 3.075443757179527893e-01 7.000000000000000000e+00 7.718200000000000061e-02 2.917205395580000152e-02 1.321224630599999966e-12
3.700000000000000000e+03 5.317066497620999813e+08 5.696801215002430399e+04 3.083416255260544858e-01 6.000000000000000000e+00 6.615600000000000647e-02 2.700807390393000079e-02 1.132478254800000087e-12
3.800000000000000000e+03 5.317067497620999813e+08 5.696801330743171275e+04 3.091388753339288087e-01 3.000000000000000000e+00 3.307800000000000323e-02 1.909759220424999890e-02 5.662391274000000433e-13
3.900000000000000000e+03 5.317068497620999813e+08 5.696801446483912150e+04 3.099361251420305052e-01 2.000000000000000000e+00 2.205199999999999869e-02 1.559311873873000034e-02 3.774927515999999615e-13
4.000000000000000000e+03 5.317069497620999813e+08 5.696801562224653026e+04 3.107333749499048281e-01 2.000000000000000000e+00 2.205199999999999869e-02 1.559311873873000034e-02 3.774927515999999615e-13
4.100000000000000000e+03 5.317070497620999813e+08 5.696801677965393174e+04 3.115306247530043038e-01 2.000000000000000000e+00 2.205199999999999869e-02 1.559311873873000034e-02 3.774927515999999615e-13
4.200000000000000000e+03 5.317071497620999813e+08 5.696801793706134049e+04 3.123278745608786267e-01 5.000000000000000000e+00 5.512999999999999845e-02 2.465488551990999838e-02 9.437318790000000048e-13
4.300000000000000000e+03 5.317072497620999813e+08 5.696801909446874924e+04 3.131251243689803232e-01 5.000000000000000000e+00 5.512999999999999845e-02 2.465488551990999838e-02 9.437318790000000048e-13
4.400000000000000000e+03 5.317073497620999813e+08 5.696802025187615800e+04 3.139223741768546461e-01 5.000000000000000000e+00 5.512999999999999845e-02 2.465488551990999838e-02 9.437318790000000048e-13
4.500000000000000000e+03 5.317074497620999813e+08 5.696802140928356675e+04 3.147196239849563426e-01 4.000000000000000000e+00 4.410399999999999737e-02 2.205199999999999869e-02 7.549855031999999231e-13
4.600000000000000000e+03 5.317075497620999813e+08 5.696802256669096823e+04 3.155168737878284446e-01 2.000000000000000000e+00 2.205199999999999869e-02 1.559311873873000034e-02 3.774927515999999615e-13
4.700000000000000000e+03 5.317076497620999813e+08 5.696802372409837699e+04 3.163141235959301412e-01 2.000000000000000000e+00 2.205199999999999869e-02 1.559311873873000034e-02 3.774927515999999615e-13
4.800000000000000000e+03 5.317077497620999813e+08 5.696802488150578574e+04 3.171113734038044640e-01 7.000000000000000000e+00 7.718200000000000061e-02 2.917205395580000152e-02 1.321224630599999966e-12
4.900000000000000000e+03 5.317078497620999813e+08 5.696802603891319450e+04 3.179086232119061606e-01 4.000000000000000000e+00 4.410399999999999737e-02 2.205199999999999869e-02 7.549855031999999231e-13
5.000000000000000000e+03 5.317079497620999813e+08 5.696802719632060325e+04 3.187058730197804834e-01 2.000000000000000000e+00 2.205199999999999869e-02 1.559311873873000034e-02 3.774927515999999615e-13
5.100000000000000000e+03 5.317080497620999813e+08 5.696802835372801201e+04 3.195031228278821800e-01 5.000000000000000000e+00 5.512999999999999845e-02 2.465488551990999838e-02 9.437318790000000048e-13
5.200000000000000000e+03 5.317081497620999813e+08 5.696802951113541349e+04 3.203003726307542820e-01 4.000000000000000000e+00 4.410399999999999737e-02 2.205199999999999869e-02 7.549855031999999231e-13
5.300000000000000000e+03 5.317082497620999813e+08 5.696803066854282224e+04 3.210976224388559785e-01 4.000000000000000000e+00 4.410399999999999737e-02 2.205199999999999869e-02 7.549855031999999231e-13
5.400000000000000000e+03 5.317083497620999813e+08 5.696803182595023100e+04 3.218948722467303014e-01 3.000000000000000000e+00 3.307800000000000323e-02 1.909759220424999890e-02 5.662391274000000433e-13
5.500000000000000000e+03 5.317084497620999813e+08 5.696803298335763975e+04 3.226921220548319980e-01 9.000000000000000000e+00 9.923400000000000276e-02 3.307800000000000323e-02 1.698717382199999928e-12
5.600000000000000000e+03 5.317085497620999813e+08 5.696803414076504851e+04 3.234893718627063208e-01 5.000000000000000000e+00 5.512999999999999845e-02 2.465488551990999838e-02 9.437318790000000048e-13
5.700000000000000000e+03 5.317086497620999813e+08 5.696803529817245726e+04 3.242866216708080174e-01 5.000000000000000000e+00 5.512999999999999845e-02 2.465488551990999838e-02 9.437318790000000048e-13
5.800000000000000000e+03 5.317087497620999813e+08 5.696803645557985874e+04 3.250838714736801194e-01 2.000000000000000000e+00 2.205199999999999869e-02 1.559311873873000034e-02 3.774927515999999615e-13
5.900000000000000000e+03 5.317088497620999813e+08 5.696803761298726749e+04 3.258811212817818159e-01 7.000000000000000000e+00 7.718200000000000061e-02 2.917205395580000152e-02 1.321224630599999966e-12
6.000000000000000000e+03 5.317089497620999813e+08 5.696803877039467625e+04 3.266783710896561388e-01 1.000000000000000000e+00 1.102599999999999934e-02 1.102599999999999934e-02 1.887463757999999808e-13
6.100000000000000000e+03 5.317090497620999813e+08 5.696803992780208500e+04 3.274756208977578353e-01 5.000000000000000000e+00 5.512999999999999845e-02 2.465488551990999838e-02 9.437318790000000048e-13
6.200000000000000000e+03 5.317091497620999813e+08 5.696804108520949376e+04 3.282728707058595319e-01 7.000000000000000000e+00 7.718200000000000061e-02 2.917205395580000152e-02 1.321224630599999966e-12
6.300000000000000000e+03 5.317092497620999813e+08 5.696804224261689524e+04 3.290701205087316339e-01 1.100000000000000000e+01 1.212860000000000049e-01 3.656910493846000226e-02 2.076210133799999889e-12
6.400000000000000000e+03 5.317093497620999813e+08 5.696804340002430399e+04 3.298673703168333304e-01 2.000000000000000000e+00 2.205199999999999869e-02 1.559311873873000034e-02 3.774927515999999615e-13
6.500000000000000000e+03 5.317094497620999813e+08 5.696804455743171275e+04 3.306646201247076533e-01 5.000000000000000000e+00 5.512999999999999845e-02 2.465488551990999838e-02 9.437318790000000048e-13
6.600000000000000000e+03 5.317095497620999813e+08 5.696804571483912150e+04 3.314618699328093498e-01 2.000000000000000000e+00 2.205199999999999869e-02 1.559311873873000034e-02 3.774927515999999615e-13
6.700000000000000000e+03 5.317096497620999813e+08 5.696804687224653026e+04 3.322591197406836727e-01 5.000000000000000000e+00 5.512999999999999845e-02 2.465488551990999838e-02 9.437318790000000048e-13
6.800000000000000000e+03 5.317097497620999813e+08 5.696804802965393174e+04 3.330563695437831484e-01 7.000000000000000000e+00 7.718200000000000061e-02 2.917205395580000152e-02 1.321224630599999966e-12
6.900000000000000000e+03 5.317098497620999813e+08 5.696804918706134049e+04 3.338536193516574713e-01 1.000000000000000000e+00 1.102599999999999934e-02 1.102599999999999934e-02 1.887463757999999808e-13
7.000000000000000000e+03 5.317099497620999813e+08 5.696805034446874924e+04 3.346508691597591678e-01 5.000000000000000000e+00 5.512999999999999845e-02 2.465488551990999838e-02 9.437318790000000048e-13
7.100000000000000000e+03 5.317100497620999813e+08 5.696805150187615800e+04 3.354481189676334907e-01 2.000000000000000000e+00 2.205199999999999869e-02 1.559311873873000034e-02 3.774927515999999615e-13
7.200000000000000000e+03 5.317101497620999813e+08 5.696805265928356675e+04 3.362453687757351872e-01 2.000000000000000000e+00 2.205199999999999869e-02 1.559311873873000034e-02 3.774927515999999615e-13
7.300000000000000000e+03 5.317102497620999813e+08 5.696805381669096823e+04 3.370426185786072892e-01 4.000000000000000000e+00 4.410399999999999737e-02 2.205199999999999869e-02 7.549855031999999231e-13
7.400000000000000000e+03 5.317103497620999813e+08 5.696805497409837699e+04 3.378398683867089858e-01 8.000000000000000000e+00 8.820799999999999474e-02 3.118623747744999827e-02 1.509971006399999846e-12
7.500000000000000000e+03 5.317104497620999813e+08 5.696805613150578574e+04 3.386371181945833087e-01 3.000000000000000000e+00 3.307800000000000323e-02 1.909759220424999890e-02 5.662391274000000433e-13
7.600000000000000000e+03 5.317105497620999813e+08 5.696805728891319450e+04 3.394343680026850052e-01 5.000000000000000000e+00 5.512999999999999845e-02 2.465488551990999838e-02 9.437318790000000048e-13
7.700000000000000000e+03 5.317106497620999813e+08 5.696805844632060325e+04 3.402316178105593281e-01 5.000000000000000000e+00 5.512999999999999845e-02 2.465488551990999838e-02 9.437318790000000048e-13
7.800000000000000000e+03 5.317107497620999813e+08 5.696805960372801201e+04 3.410288676186610246e-01 2.000000000000000000e+00 2.205199999999999869e-02 1.559311873873000034e-02 3.774927515999999615e-13
7.900000000000000000e+03 5.317108497620999813e+08 5.696806076113541349e+04 3.418261174215331266e-01 3.000000000000000000e+00 3.307800000000000323e-02 1.909759220424999890e-02 5.662391274000000433e-13
8.000000000000000000e+03 5.317109497620999813e+08 5.696806191854282224e+04 3.426233672296348232e-01 5.000000000000000000e+00 5.512999999999999845e-02 2.465488551990999838e-02 9.437318790000000048e-13
8.100000000000000000e+03 5.317110497620999813e+08 5.696806307595023100e+04 3.434206170375091460e-01 5.000000000000000000e+00 5.512999999999999845e-02 2.465488551990999838e-02 9.437318790000000048e-13
8.200000000000000000e+03 5.317111497620999813e+08 5.696806423335763975e+04 3.442178668456108426e-01 4.000000000000000000e+00 4.410399999999999737e-02 2.205199999999999869e-02 7.549855031999999231e-13
8.300000000000000000e+03 5.317112497620999813e+08 5.696806539076504851e+04 3.450151166534851654e-01 4.000000000000000000e+00 4.410399999999999737e-02 2.205199999999999869e-02 7.549855031999999231e-13
8.400000000000000000e+03 5.317113497620999813e+08 5.696806654817245726e+04 3.458123664615868620e-01 8.000000000000000000e+00 8.820799999999999474e-02 3.118623747744999827e-02 1.509971006399999846e-12
8.500000000000000000e+03 5.317114497620999813e+08 5.696806770557985874e+04 3.466096162644589640e-01 1.000000000000000000e+00 1.102599999999999934e-02 1.102599999999999934e-02 1.887463757999999808e-13
8.600000000000000000e+03 5.317115497620999813e+08 5.696806886298726749e+04 3.474068660725606605e-01 6.000000000000000000e+00 6.615600000000000647e-02 2.700807390393000079e-02 1.132478254800000087e-12
8.700000000000000000e+03 5.317116497620999813e+08 5.696807002039467625e+04 3.482041158804349834e-01 3.000000000000000000e+00 3.307800000000000323e-02 1.909759220424999890e-02 5.662391274000000433e-13
8.800000000000000000e+03 5.317117497620999813e+08 5.696807117780208500e+04 3.490013656885366800e-01 4.000000000000000000e+00 4.410399999999999737e-02 2.205199999999999869e-02 7.549855031999999231e-13
8.900000000000000000e+03 5.317118497620999813e+08 5.696807233520949376e+04 3.497986154966383765e-01 5.000000000000000000e+00 5.512999999999999845e-02 2.465488551990999838e-02 9.437318790000000048e-13
9.000000000000000000e+03 5.317119497620999813e+08 5.696807349261689524e+04 3.505958652995104785e-01 7.000000000000000000e+00 7.718200000000000061e-02 2.917205395580000152e-02 1.321224630599999966e-12
9.100000000000000000e+03 5.317120497620999813e+08 5.696807465002430399e+04 3.513931151076121751e-01 3.000000000000000000e+00 3.307800000000000323e-02 1.909759220424999890e-02 5.662391274000000433e-13
9.200000000000000000e+03 5.317121497620999813e+08 5.696807580743171275e+04 3.521903649154864979e-01 1.000000000000000000e+00 1.102599999999999934e-02 1.102599999999999934e-02 1.887463757999999808e-13
9.300000000000000000e+03 5.317122497620999813e+08 5.696807696483912150e+04 3.529876147235881945e-01 6.000000000000000000e+00 6.615600000000000647e-02 2.700807390393000079e-02 1.132478254800000087e-12
9.400000000000000000e+03 5.317123497620999813e+08 5.696807812224653026e+04 3.537848645314625173e-01 2.000000000000000000e+00 2.205199999999999869e-02 1.559311873873000034e-02 3.774927515999999615e-13
9.500000000000000000e+03 5.317124497620999813e+08 5.696807927965393174e+04 3.545821143345619930e-01 4.000000000000000000e+00 4.410399999999999737e-02 2.205199999999999869e-02 7.549855031999999231e-13
9.600000000000000000e+03 5.317125497620999813e+08 5.696808043706134049e+04 3.553793641424363159e-01 2.000000000000000000e+00 2.205199999999999869e-02 1.559311873873000034e-02 3.774927515999999615e-13
9.700000000000000000e+03 5.317126497620999813e+08 5.696808159446874924e+04 3.561766139505380124e-01 3.000000000000000000e+00 3.307800000000000323e-02 1.909759220424999890e-02 5.662391274000000433e-13
9.800000000000000000e+03 5.317127497620999813e+08 5.696808275187615800e+04 3.569738637584123353e-01 7.000000000000000000e+00 7.718200000000000061e-02 2.917205395580000152e-02 1.321224630599999966e-12
9.900000000000000000e+03 5.317128497620999813e+08 5.696808390928356675e+04 3.577711135665140318e-01 8.000000000000000000e+00 8.820799999999999474e-02 3.118623747744999827e-02 1.509971006399999846e-12
1.000000000000000000e+04 5.317129497620999813e+08 5.696808506669096823e+04 3.585683633693861339e-01 9.000000000000000000e+00 9.923400000000000276e-02 3.307800000000000323e-02 1.698717382199999928e-12
1.010000000000000000e+04 5.317130497620999813e+08 5.696808622409837699e+04 3.593656131774878304e-01 7.000000000000000000e+00 7.718200000000000061e-02 2.917205395580000152e-02 1.321224630599999966e-12
1.020000000000000000e+04 5.317131497620999813e+08 5.696808738150578574e+04 3.601628629853621533e-01 6.000000000000000000e+00 6.615600000000000647e-02 2.700807390393000079e-02 1.132478254800000087e-12
1.030000000000000000e+04 5.317132497620999813e+08 5.696808853891319450e+04 3.609601127934638498e-01 5.000000000000000000e+00 5.512999999999999845e-02 2.465488551990999838e-02 9.437318790000000048e-13
1.040000000000000000e+04 5.317133497620999813e+08 5.696808969632060325e+04 3.617573626013381727e-01 5.000000000000000000e+00 5.512999999999999845e-02 2.465488551990999838e-02 9.437318790000000048e-13
1.050000000000000000e+04 5.317134497620999813e+08 5.696809085372801201e+04 3.625546124094398692e-01 3.000000000000000000e+00 3.307800000000000323e-02 1.909759220424999890e-02 5.662391274000000433e-13
1.060000000000000000e+04 5.317135497620999813e+08 5.696809201113541349e+04 3.633518622123119712e-01 4.000000000000000000e+00 4.410399999999999737e-02 2.205199999999999869e-02 7.549855031999999231e-13
1.070000000000000000e+04 5.317136497620999813e+08 5.696809316854282224e+04 3.641491120204136678e-01 4.000000000000000000e+00 4.410399999999999737e-02 2.205199999999999869e-02 7.549855031999999231e-13
1.080000000000000000e+04 5.317137497620999813e+08 5.696809432595023100e+04 3.649463618282879906e-01 3.000000000000000000e+00 3.307800000000000323e-02 1.909759220424999890e-02 5.662391274000000433e-13
1.090000000000000000e+04 5.317138497620999813e+08 5.696809548335763975e+04 3.657436116363896872e-01 5.000000000000000000e+00 5.512999999999999845e-02 2.465488551990999838e-02 9.437318790000000048e-13
1.100000000000000000e+04 5.317139497620999813e+08 5.696809664076504851e+04 3.665408614442640101e-01 6.000000000000000000e+00 6.615600000000000647e-02 2.700807390393000079e-02 1.132478254800000087e-12
1.110000000000000000e+04 5.317140497620999813e+08 5.696809779817245726e+04 3.673381112523657066e-01 2.000000000000000000e+00 2.205199999999999869e-02 1.559311873873000034e-02 3.774927515999999615e-13
1.120000000000000000e+04 5.317141497620999813e+08 5.696809895557985874e+04 3.681353610552378086e-01 4.000000000000000000e+00 4.410399999999999737e-02 2.205199999999999869e-02 7.549855031999999231e-13
1.130000000000000000e+04 5.317142497620999813e+08 5.696810011298726749e+04 3.689326108633395052e-01 6.000000000000000000e+00 6.615600000000000647e-02 2.700807390393000079e-02 1.132478254800000087e-12
1.140000000000000000e+04 5.317143497620999813e+08 5.696810127039467625e+04 3.697298606712138280e-01 9.000000000000000000e+00 9.923400000000000276e-02 3.307800000000000323e-02 1.698717382199999928e-12
1.150000000000000000e+04 5.317144497620999813e+08 5.696810242780208500e+04 3.705271104793155246e-01 9.000000000000000000e+00 9.923400000000000276e-02 3.307800000000000323e-02 1.698717382199999928e-12
1.160000000000000000e+04 5.317145497620999813e+08 5.696810358520949376e+04 3.713243602871898474e-01 6.000000000000000000e+00 6.615600000000000647e-02 2.700807390393000079e-02 1.132478254800000087e-12
1.170000000000000000e+04 5.317146497620999813e+08 5.696810474261689524e+04 3.721216100902893231e-01 6.000000000000000000e+00 6.615600000000000647e-02 2.700807390393000079e-02 1.132478254800000087e-12
1.180000000000000000e+04 5.317147497620999813e+08 5.696810590002430399e+04 3.729188598981636460e-01 7.000000000000000000e+00 7.718200000000000061e-02 2.917205395580000152e-02 1.321224630599999966e-12
1.190000000000000000e+04 5.317148497620999813e+08 5.696810705743171275e+04 3.737161097062653425e-01 5.000000000000000000e+00 5.512999999999999845e-02 2.465488551990999838e-02 9.437318790000000048e-13
1.200000000000000000e+04 5.317149497620999813e+08 5.696810821483912150e+04 3.745133595143670391e-01 3.000000000000000000e+00 3.307800000000000323e-02 1.909759220424999890e-02 5.662391274000000433e-13
1.210000000000000000e+04 5.317150497620999813e+08 5.696810937224653026e+04 3.753106093222413620e-01 0.000000000000000000e+00 0.000000000000000000e+00 0.000000000000000000e+00 0.000000000000000000e+00
1.220000000000000000e+04 5.317151497620999813e+08 5.696811052965393174e+04 3.761078591253408376e-01 5.000000000000000000e+00 5.512999999999999845e-02 2.465488551990999838e-02 9.437318790000000048e-13
1.230000000000000000e+04 5.317152497620999813e+08 5.696811168706134049e+04 3.769051089332151605e-01 7.000000000000000000e+00 7.718200000000000061e-02 2.917205395580000152e-02 1.321224630599999966e-12
1.240000000000000000e+04 5.317153497620999813e+08 5.696811284446874924e+04 3.777023587413168570e-01 6.000000000000000000e+00 6.615600000000000647e-02 2.700807390393000079e-02 1.132478254800000087e-12
1.250000000000000000e+04 5.317154497620999813e+08 5.696811400187615800e+04 3.784996085491911799e-01 5.000000000000000000e+00 5.512999999999999845e-02 2.465488551990999838e-02 9.437318790000000048e-13
1.260000000000000000e+04 5.317155497620999813e+08 5.696811515928356675e+04 3.792968583572928765e-01 7.000000000000000000e+00 7.718200000000000061e-02 2.917205395580000152e-02 1.321224630599999966e-12
1.270000000000000000e+04 5.317156497620999813e+08 5.696811631669096823e+04 3.800941081601649785e-01 8.000000000000000000e+00 8.820799999999999474e-02 3.118623747744999827e-02 1.509971006399999846e-12
1.280000000000000000e+04 5.317157497620999813e+08 5.696811747409837699e+04 3.808913579682666750e-01 9.000000000000000000e+00 9.923400000000000276e-02 3.307800000000000323e-02 1.698717382199999928e-12
1.290000000000000000e+04 5.317158497620999813e+08 5.696811863150578574e+04 3.816886077761409979e-01 5.000000000000000000e+00 5.512999999999999845e-02 2.465488551990999838e-02 9.437318790000000048e-13
1.300000000000000000e+04 5.317159497620999813e+08 5.696811978891319450e+04 3.824858575842426944e-01 6.000000000000000000e+00 6.615600000000000647e-02 2.700807390393000079e-02 1.132478254800000087e-12
1.310000000000000000e+04 5.317160497620999813e+08 5.696812094632060325e+04 3.832831073921170173e-01 3.000000000000000000e+00 3.307800000000000323e-02 1.909759220424999890e-02 5.662391274000000433e-13
1.320000000000000000e+04 5.317161497620999813e+08 5.696812210372801201e+04 3.840803572002187138e-01 5.000000000000000000e+00 5.512999999999999845e-02 2.465488551990999838e-02 9.437318790000000048e-13
1.330000000000000000e+04 5.317162497620999813e+08 5.696812326113541349e+04 3.848776070030908159e-01 3.000000000000000000e+00 3.307800000000000323e-02 1.909759220424999890e-02 5.662391274000000433e-13
1.340000000000000000e+04 5.317163497620999813e+08 5.696812441854282224e+04 3.856748568111925124e-01 6.000000000000000000e+00 6.615600000000000647e-02 2.700807390393000079e-02 1.132478254800000087e-12
1.350000000000000000e+04 5.317164497620999813e+08 5.696812557595023100e+04 3.864721066190668353e-01 6.000000000000000000e+00 6.615600000000000647e-02 2.700807390393000079e-02 1.132478254800000087e-12
1.360000000000000000e+04 5.317165497620999813e+08 5.696812673335763975e+04 3.872693564271685318e-01 4.000000000000000000e+00 4.410399999999999737e-02 2.205199999999999869e-02 7.549855031999999231e-13
1.370000000000000000e+04 5.317166497620999813e+08 5.696812789076504851e+04 3.880666062350428547e-01 2.000000000000000000e+00 2.205199999999999869e-02 1.559311873873000034e-02 3.774927515999999615e-13
1.380000000000000000e+04 5.317167497620999813e+08 5.696812904817245726e+04 3.888638560431445512e-01 4.000000000000000000e+00 4.410399999999999737e-02 2.205199999999999869e-02 7.549855031999999231e-13
1.390000000000000000e+04 5.317168497620999813e+08 5.696813020557985874e+04 3.896611058460166532e-01 0.000000000000000000e+00 0.000000000000000000e+00 0.000000000000000000e+00 0.000000000000000000e+00
1.400000000000000000e+04 5.317169497620999813e+08 5.696813136298726749e+04 3.904583556541183498e-01 1.000000000000000000e+00 1.102599999999999934e-02 1.102599999999999934e-02 1.887463757999999808e-13
1.410000000000000000e+04 5.317170497620999813e+08 5.696813252039467625e+04 3.912556054619926726e-01 0.000000000000000000e+00 0.000000000000000000e+00 0.000000000000000000e+00 0.000000000000000000e+00
1.420000000000000000e+04 5.317171497620999813e+08 5.696813367780208500e+04 3.920528552700943692e-01 3.000000000000000000e+00 3.307800000000000323e-02 1.909759220424999890e-02 5.662391274000000433e-13
1.430000000000000000e+04 5.317172497620999813e+08 5.696813483520949376e+04 3.928501050779686921e-01 2.000000000000000000e+00 2.205199999999999869e-02 1.559311873873000034e-02 3.774927515999999615e-13
1.440000000000000000e+04 5.317173497620999813e+08 5.696813599261689524e+04 3.936473548810681677e-01 1.000000000000000000e+00 1.102599999999999934e-02 1.102599999999999934e-02 1.887463757999999808e-13
1.450000000000000000e+04 5.317174497620999813e+08 5.696813715002430399e+04 3.944446046889424906e-01 4.000000000000000000e+00 4.410399999999999737e-02 2.205199999999999869e-02 7.549855031999999231e-13
1.460000000000000000e+04 5.317175497620999813e+08 5.696813830743171275e+04 3.952418544970441872e-01 2.000000000000000000e+00 2.205199999999999869e-02 1.559311873873000034e-02 3.774927515999999615e-13
1.470000000000000000e+04 5.317176497620999813e+08 5.696813946483912150e+04 3.960391043049185100e-01 3.000000000000000000e+00 3.307800000000000323e-02 1.909759220424999890e-02 5.662391274000000433e-13
1.480000000000000000e+04 5.317177497620999813e+08 5.696814062224653026e+04 3.968363541130202066e-01 1.000000000000000000e+00 1.102599999999999934e-02 1.102599999999999934e-02 1.887463757999999808e-13
1.490000000000000000e+04 5.317178497620999813e+08 5.696814177965393174e+04 3.976336039158923086e-01 4.000000000000000000e+00 4.410399999999999737e-02 2.205199999999999869e-02 7.549855031999999231e-13
1.500000000000000000e+04 5.317179497620999813e+08 5.696814293706134049e+04 3.984308537239940051e-01 6.000000000000000000e+00 6.615600000000000647e-02 2.700807390393000079e-02 1.132478254800000087e-12
1.510000000000000000e+04 5.317180497620999813e+08 5.696814409446874924e+04 3.992281035320957017e-01 3.000000000000000000e+00 3.307800000000000323e-02 1.909759220424999890e-02 5.662391274000000433e-13
1.520000000000000000e+04 5.317181497620999813e+08 5.696814525187615800e+04 4.000253533399700245e-01 3.000000000000000000e+00 3.307800000000000323e-02 1.909759220424999890e-02 5.662391274000000433e-13
1.530000000000000000e+04 5.317182497620999813e+08 5.696814640928356675e+04 4.008226031480717211e-01 1.000000000000000000e+00 1.102599999999999934e-02 1.102599999999999934e-02 1.887463757999999808e-13
1.540000000000000000e+04 5.317183497620999813e+08 5.696814756669096823e+04 4.016198529509438231e-01 1.000000000000000000e+00 1.102599999999999934e-02 1.102599999999999934e-02 1.887463757999999808e-13
1.550000000000000000e+04 5.317184497620999813e+08 5.696814872409837699e+04 4.024171027590455196e-01 2.000000000000000000e+00 2.205199999999999869e-02 1.559311873873000034e-02 3.774927515999999615e-13
1.560000000000000000e+04 5.317185497620999813e+08 5.696814988150578574e+04 4.032143525669198425e-01 5.000000000000000000e+00 5.512999999999999845e-02 2.465488551990999838e-02 9.437318790000000048e-13
1.570000000000000000e+04 5.317186497620999813e+08 5.696815103891319450e+04 4.040116023750215390e-01 2.000000000000000000e+00 2.205199999999999869e-02 1.559311873873000034e-02 3.774927515999999615e-13
1.580000000000000000e+04 5.317187497620999813e+08 5.696815219632060325e+04 4.048088521828958619e-01 1.000000000000000000e+00 1.102599999999999934e-02 1.102599999999999934e-02 1.887463757999999808e-13
1.590000000000000000e+04 5.317188497620999813e+08 5.696815335372801201e+04 4.056061019909975585e-01 2.000000000000000000e+00 2.205199999999999869e-02 1.559311873873000034e-02 3.774927515999999615e-13
1.600000000000000000e+04 5.317189497620999813e+08 5.696815451113541349e+04 4.064033517938696605e-01 3.000000000000000000e+00 3.307800000000000323e-02 1.909759220424999890e-02 5.662391274000000433e-13
1.610000000000000000e+04 5.317190497620999813e+08 5.696815566854282224e+04 4.072006016019713570e-01 5.000000000000000000e+00 5.512999999999999845e-02 2.465488551990999838e-02 9.437318790000000048e-13
1.620000000000000000e+04 5.317191497620999813e+08 5.696815682595023100e+04 4.079978514098456799e-01 2.000000000000000000e+00 2.205199999999999869e-02 1.559311873873000034e-02 3.774927515999999615e-13
1.630000000000000000e+04 5.317192497620999813e+08 5.696815798335763975e+04 4.087951012179473764e-01 6.000000000000000000e+00 6.615600000000000647e-02 2.700807390393000079e-02 1.132478254800000087e-12
1.640000000000000000e+04 5.317193497620999813e+08 5.696815914076504851e+04 4.095923510258216993e-01 1.000000000000000000e+00 1.102599999999999934e-02 1.102599999999999934e-02 1.887463757999999808e-13
1.650000000000000000e+04 5.317194497620999813e+08 5.696816029817245726e+04 4.103896008339233958e-01 4.000000000000000000e+00 4.410399999999999737e-02 2.205199999999999869e-02 7.549855031999999231e-13
1.660000000000000000e+04 5.317195497620999813e+08 5.696816145557985874e+04 4.111868506367954978e-01 1.000000000000000000e+00 1.102599999999999934e-02 1.102599999999999934e-02 1.887463757999999808e-13
1.670000000000000000e+04 5.317196497620999813e+08 5.696816261298726749e+04 4.119841004448971944e-01 1.000000000000000000e+00 1.102599999999999934e-02 1.102599999999999934e-02 1.887463757999999808e-13
1.680000000000000000e+04 5.317197497620999813e+08 5.696816377039467625e+04 4.127813502527715173e-01 3.000000000000000000e+00 3.307800000000000323e-02 1.909759220424999890e-02 5.662391274000000433e-13
1.690000000000000000e+04 5.317198497620999813e+08 5.696816492780208500e+04 4.135786000608732138e-01 2.000000000000000000e+00 2.205199999999999869e-02 1.559311873873000034e-02 3.774927515999999615e-13
1.700000000000000000e+04 5.317199497620999813e+08 5.696816608520949376e+04 4.143758498687475367e-01 0.000000000000000000e+00 0.000000000000000000e+00 0.000000000000000000e+00 0.000000000000000000e+00
1.710000000000000000e+04 5.317200497620999813e+08 5.696816724261689524e+04 4.151730996718470124e-01 3.000000000000000000e+00 3.307800000000000323e-02 1.909759220424999890e-02 5.662391274000000433e-13
1.720000000000000000e+04 5.317201497620999813e+08 5.696816840002430399e+04 4.159703494797213352e-01 6.000000000000000000e+00 6.615600000000000647e-02 2.700807390393000079e-02 1.132478254800000087e-12
1.730000000000000000e+04 5.317202497620999813e+08 5.696816955743171275e+04 4.167675992878230318e-01 1.000000000000000000e+00 1.102599999999999934e-02 1.102599999999999934e-02 1.887463757999999808e-13
1.740000000000000000e+04 5.317203497620999813e+08 5.696817071483912150e+04 4.175648490956973546e-01 4.000000000000000000e+00 4.410399999999999737e-02 2.205199999999999869e-02 7.549855031999999231e-13
1.750000000000000000e+04 5.317204497620999813e+08 5.696817187224653026e+04 4.183620989037990512e-01 5.000000000000000000e+00 5.512999999999999845e-02 2.465488551990999838e-02 9.437318790000000048e-13
1.760000000000000000e+04 5.317205497620999813e+08 5.696817302965393174e+04 4.191593487066711532e-01 6.000000000000000000e+00 6.615600000000000647e-02 2.700807390393000079e-02 1.132478254800000087e-12
1.770000000000000000e+04 5.317206497620999813e+08 5.696817418706134049e+04 4.199565985147728497e-01 2.000000000000000000e+00 2.205199999999999869e-02 1.559311873873000034e-02 3.774927515999999615e-13
1.780000000000000000e+04 5.317207497620999813e+08 5.696817534446874924e+04 4.207538483226471726e-01 0.000000000000000000e+00 0.000000000000000000e+00 0.000000000000000000e+00 0.000000000000000000e+00
1.790000000000000000e+04 5.317208497620999813e+08 5.696817650187615800e+04 4.215510981307488692e-01 2.000000000000000000e+00 2.205199999999999869e-02 1.559311873873000034e-02 3.774927515999999615e-13
1.800000000000000000e+04 5.317209497620999813e+08 5.696817765928356675e+04 4.223483479388505657e-01 6.000000000000000000e+00 6.615600000000000647e-02 2.700807390393000079e-02 1.132478254800000087e-12
1.810000000000000000e+04 5.317210497620999813e+08 5.696817881669096823e+04 4.231455977417226677e-01 2.000000000000000000e+00 2.205199999999999869e-02 1.559311873873000034e-02 3.774927515999999615e-13
1.820000000000000000e+04 5.317211497620999813e+08 5.696817997409837699e+04 4.239428475498243643e-01 2.000000000000000000e+00 2.205199999999999869e-02 1.559311873873000034e-02 3.774927515999999615e-13
1.830000000000000000e+04 5.317212497620999813e+08 5.696818113150578574e+04 4.247400973576986871e-01 4.000000000000000000e+00 4.410399999999999737e-02 2.205199999999999869e-02 7.549855031999999231e-13
1.840000000000000000e+04 5.317213497620999813e+08 5.696818228891319450e+04 4.255373471658003837e-01 1.000000000000000000e+00 1.102599999999999934e-02 1.102599999999999934e-02 1.887463757999999808e-13
1.850000000000000000e+04 5.317214497620999813e+08 5.696818344632060325e+04 4.263345969736747065e-01 0.000000000000000000e+00 0.000000000000000000e+00 0.000000000000000000e+00 0.000000000000000000e+00
1.860000000000000000e+04 5.317215497620999813e+08 5.696818460372801201e+04 4.271318467817764031e-01 4.000000000000000000e+00 4.410399999999999737e-02 2.205199999999999869e-02 7.549855031999999231e-13
1.870000000000000000e+04 5.317216497620999813e+08 5.696818576113541349e+04 4.279290965846485051e-01 4.000000000000000000e+00 4.410399999999999737e-02 2.205199999999999869e-02 7.549855031999999231e-13
1.880000000000000000e+04 5.317217497620999813e+08 5.696818691854282224e+04 4.287263463927502016e-01 1.000000000000000000e+00 1.102599999999999934e-02 1.102599999999999934e-02 1.887463757999999808e-13
1.890000000000000000e+04 5.317218497620999813e+08 5.696818807595023100e+04 4.295235962006245245e-01 3.000000000000000000e+00 3.307800000000000323e-02 1.909759220424999890e-02 5.662391274000000433e-13
1.900000000000000000e+04 5.317219497620999813e+08 5.696818923335763975e+04 4.303208460087262210e-01 5.000000000000000000e+00 5.512999999999999845e-02 2.465488551990999838e-02 9.437318790000000048e-13
1.910000000000000000e+04 5.317220497620999813e+08 5.696819039076504851e+04 4.311180958166005439e-01 1.000000000000000000e+00 1.102599999999999934e-02 1.102599999999999934e-02 1.887463757999999808e-13
1.920000000000000000e+04 5.317221497620999813e+08 5.696819154817245726e+04 4.319153456247022405e-01 2.000000000000000000e+00 2.205199999999999869e-02 1.559311873873000034e-02 3.774927515999999615e-13
1.930000000000000000e+04 5.317222497620999813e+08 5.696819270557985874e+04 4.327125954275743425e-01 1.000000000000000000e+00 1.102599999999999934e-02 1.102599999999999934e-02 1.887463757999999808e-13
1.940000000000000000e+04 5.317223497620999813e+08 5.696819386298726749e+04 4.335098452356760390e-01 0.000000000000000000e+00 0.000000000000000000e+00 0.000000000000000000e+00 0.000000000000000000e+00
1.950000000000000000e+04 5.317224497620999813e+08 5.696819502039467625e+04 4.343070950435503619e-01 0.000000000000000000e+00 0.000000000000000000e+00 0.000000000000000000e+00 0.000000000000000000e+00
1.960000000000000000e+04 5.317225497620999813e+08 5.696819617780208500e+04 4.351043448516520584e-01 0.000000000000000000e+00 0.000000000000000000e+00 0.000000000000000000e+00 0.000000000000000000e+00
1.970000000000000000e+04 5.317226497620999813e+08 5.696819733520949376e+04 4.359015946595263813e-01 0.000000000000000000e+00 0.000000000000000000e+00 0.000000000000000000e+00 0.000000000000000000e+00
1.980000000000000000e+04 5.317227497620999813e+08 5.696819849261689524e+04 4.366988444626258570e-01 0.000000000000000000e+00 0.000000000000000000e+00 0.000000000000000000e+00 0.000000000000000000e+00
1.990000000000000000e+04 5.317228497620999813e+08 5.696819965002430399e+04 4.374960942705001798e-01 1.000000000000000000e+00 1.102599999999999934e-02 1.102599999999999934e-02 1.887463757999999808e-13
2.000000000000000000e+04 5.317229497620999813e+08 5.696820080743171275e+04 4.382933440786018764e-01 0.000000000000000000e+00 0.000000000000000000e+00 0.000000000000000000e+00 0.000000000000000000e+00
2.010000000000000000e+04 5.317230497620999813e+08 5.696820196483912150e+04 4.390905938864761993e-01 1.000000000000000000e+00 1.102599999999999934e-02 1.102599999999999934e-02 1.887463757999999808e-13
2.020000000000000000e+04 5.317231497620999813e+08 5.696820312224653026e+04 4.398878436945778958e-01 1.000000000000000000e+00 1.102599999999999934e-02 1.102599999999999934e-02 1.887463757999999808e-13
2.030000000000000000e+04 5.317232497620999813e+08 5.696820427965393174e+04 4.406850934974499978e-01 0.000000000000000000e+00 0.000000000000000000e+00 0.000000000000000000e+00 0.000000000000000000e+00
2.040000000000000000e+04 5.317233497620999813e+08 5.696820543706134049e+04 4.414823433055516944e-01 1.000000000000000000e+00 1.102599999999999934e-02 1.102599999999999934e-02 1.887463757999999808e-13
2.050000000000000000e+04 5.317234497620999813e+08 5.696820659446874924e+04 4.422795931134260172e-01 1.000000000000000000e+00 1.102599999999999934e-02 1.102599999999999934e-02 1.887463757999999808e-13
2.060000000000000000e+04 5.317235497620999813e+08 5.696820775187615800e+04 4.430768429215277138e-01 0.000000000000000000e+00 0.000000000000000000e+00 0.000000000000000000e+00 0.000000000000000000e+00
2.070000000000000000e+04 5.317236497620999813e+08 5.696820890928356675e+04 4.438740927296294103e-01 0.000000000000000000e+00 0.000000000000000000e+00 0.000000000000000000e+00 0.000000000000000000e+00
2.080000000000000000e+04 5.317237497620999813e+08 5.696821006669096823e+04 4.446713425325015123e-01 4.000000000000000000e+00 4.410399999999999737e-02 2.205199999999999869e-02 7.549855031999999231e-13
2.090000000000000000e+04 5.317238497620999813e+08 5.696821122409837699e+04 4.454685923406032089e-01 2.000000000000000000e+00 2.205199999999999869e-02 1.559311873873000034e-02 3.774927515999999615e-13
2.100000000000000000e+04 5.317239497620999813e+08 5.696821238150578574e+04 4.462658421484775317e-01 4.000000000000000000e+00 4.410399999999999737e-02 2.205199999999999869e-02 7.549855031999999231e-13
2.110000000000000000e+04 5.317240497620999813e+08 5.696821353891319450e+04 4.470630919565792283e-01 1.000000000000000000e+00 1.102599999999999934e-02 1.102599999999999934e-02 1.887463757999999808e-13
2.120000000000000000e+04 5.317241497620999813e+08 5.696821469632060325e+04 4.478603417644535511e-01 1.000000000000000000e+00 1.102599999999999934e-02 1.102599999999999934e-02 1.887463757999999808e-13
2.130000000000000000e+04 5.317242497620999813e+08 5.696821585372801201e+04 4.486575915725552477e-01 0.000000000000000000e+00 0.000000000000000000e+00 0.000000000000000000e+00 0.000000000000000000e+00
2.140000000000000000e+04 5.317243497620999813e+08 5.696821701113541349e+04 4.494548413754273497e-01 1.000000000000000000e+00 1.102599999999999934e-02 1.102599999999999934e-02 1.887463757999999808e-13
2.150000000000000000e+04 5.317244497620999813e+08 5.696821816854282224e+04 4.502520911835290462e-01 2.000000000000000000e+00 2.205199999999999869e-02 1.559311873873000034e-02 3.774927515999999615e-13
2.160000000000000000e+04 5.317245497620999813e+08 5.696821932595023100e+04 4.510493409914033691e-01 0.000000000000000000e+00 0.000000000000000000e+00 0.000000000000000000e+00 0.000000000000000000e+00
2.170000000000000000e+04 5.317246497620999813e+08 5.696822048335763975e+04 4.518465907995050657e-01 0.000000000000000000e+00 0.000000000000000000e+00 0.000000000000000000e+00 0.000000000000000000e+00
2.180000000000000000e+04 5.317247497620999813e+08 5.696822164076504851e+04 4.526438406073793885e-01 1.000000000000000000e+00 1.102599999999999934e-02 1.102599999999999934e-02 1.887463757999999808e-13
2.190000000000000000e+04 5.317248497620999813e+08 5.696822279817245726e+04 4.534410904154810851e-01 0.000000000000000000e+00 0.000000000000000000e+00 0.000000000000000000e+00 0.000000000000000000e+00
2.200000000000000000e+04 5.317249497620999813e+08 5.696822395557985874e+04 4.542383402183531871e-01 0.000000000000000000e+00 0.000000000000000000e+00 0.000000000000000000e+00 0.000000000000000000e+00
2.210000000000000000e+04 5.317250497620999813e+08 5.696822511298726749e+04 4.550355900264548836e-01 0.000000000000000000e+00 0.000000000000000000e+00 0.000000000000000000e+00 0.000000000000000000e+00
2.220000000000000000e+04 5.317251497620999813e+08 5.696822627039467625e+04 4.558328398343292065e-01 1.000000000000000000e+00 1.102599999999999934e-02 1.102599999999999934e-02 1.887463757999999808e-13
2.230000000000000000e+04 5.317252497620999813e+08 5.696822742780208500e+04 4.566300896424309030e-01 1.000000000000000000e+00 1.102599999999999934e-02 1.102599999999999934e-02 1.887463757999999808e-13
2.240000000000000000e+04 5.317253497620999813e+08 5.696822858520949376e+04 4.574273394503052259e-01 0.000000000000000000e+00 0.000000000000000000e+00 0.000000000000000000e+00 0.000000000000000000e+00
2.250000000000000000e+04 5.317254497620999813e+08 5.696822974261689524e+04 4.582245892534047016e-01 0.000000000000000000e+00 0.000000000000000000e+00 0.000000000000000000e+00 0.000000000000000000e+00
2.260000000000000000e+04 5.317255497620999813e+08 5.696823090002430399e+04 4.590218390612790245e-01 1.000000000000000000e+00 1.102599999999999934e-02 1.102599999999999934e-02 1.887463757999999808e-13
2.270000000000000000e+04 5.317256497620999813e+08 5.696823205743171275e+04 4.598190888693807210e-01 0.000000000000000000e+00 0.000000000000000000e+00 0.000000000000000000e+00 0.000000000000000000e+00
2.280000000000000000e+04 5.317257497620999813e+08 5.696823321483912150e+04 4.606163386772550439e-01 0.000000000000000000e+00 0.000000000000000000e+00 0.000000000000000000e+00 0.000000000000000000e+00
2.290000000000000000e+04 5.317258497620999813e+08 5.696823437224653026e+04 4.614135884853567404e-01 0.000000000000000000e+00 0.000000000000000000e+00 0.000000000000000000e+00 0.000000000000000000e+00
2.300000000000000000e+04 5.317259497620999813e+08 5.696823552965393174e+04 4.622108382882288424e-01 0.000000000000000000e+00 0.000000000000000000e+00 0.000000000000000000e+00 0.000000000000000000e+00
2.310000000000000000e+04 5.317260497620999813e+08 5.696823668706134049e+04 4.630080880963305390e-01 0.000000000000000000e+00 0.000000000000000000e+00 0.000000000000000000e+00 0.000000000000000000e+00
2.320000000000000000e+04 5.317261497620999813e+08 5.696823784446874924e+04 4.638053379042048618e-01 2.000000000000000000e+00 2.205199999999999869e-02 1.559311873873000034e-02 3.774927515999999615e-13
2.330000000000000000e+04 5.317262497620999813e+08 5.696823900187615800e+04 4.646025877123065584e-01 1.000000000000000000e+00 1.102599999999999934e-02 1.102599999999999934e-02 1.887463757999999808e-13
2.340000000000000000e+04 5.317263497620999813e+08 5.696824015928356675e+04 4.653998375201808813e-01 1.000000000000000000e+00 1.102599999999999934e-02 1.102599999999999934e-02 1.887463757999999808e-13
2.350000000000000000e+04 5.317264497620999813e+08 5.696824131669096823e+04 4.661970873232803569e-01 3.000000000000000000e+00 3.307800000000000323e-02 1.909759220424999890e-02 5.662391274000000433e-13
2.360000000000000000e+04 5.317265497620999813e+08 5.696824247409837699e+04 4.669943371311546798e-01 0.000000000000000000e+00 0.000000000000000000e+00 0.000000000000000000e+00 0.000000000000000000e+00
2.370000000000000000e+04 5.317266497620999813e+08 5.696824363150578574e+04 4.677915869392563764e-01 0.000000000000000000e+00 0.000000000000000000e+00 0.000000000000000000e+00 0.000000000000000000e+00
2.380000000000000000e+04 5.317267497620999813e+08 5.696824478891319450e+04 4.685888367473580729e-01 0.000000000000000000e+00 0.000000000000000000e+00 0.000000000000000000e+00 0.000000000000000000e+00
2.390000000000000000e+04 5.317268497620999813e+08 5.696824594632060325e+04 4.693860865552323958e-01 3.000000000000000000e+00 3.307800000000000323e-02 1.909759220424999890e-02 5.662391274000000433e-13
2.400000000000000000e+04 5.317269497620999813e+08 5.696824710372801201e+04 4.701833363633340923e-01 1.000000000000000000e+00 1.102599999999999934e-02 1.102599999999999934e-02 1.887463757999999808e-13
2.410000000000000000e+04 5.317270497620999813e+08 5.696824826113541349e+04 4.709805861662061943e-01 1.000000000000000000e+00 1.102599999999999934e-02 1.102599999999999934e-02 1.887463757999999808e-13
2.420000000000000000e+04 5.317271497620999813e+08 5.696824941854282224e+04 4.717778359743078909e-01 2.000000000000000000e+00 2.205199999999999869e-02 1.559311873873000034e-02 3.774927515999999615e-13
2.430000000000000000e+04 5.317272497620999813e+08 5.696825057595023100e+04 4.725750857821822137e-01 0.000000000000000000e+00 0.000000000000000000e+00 0.000000000000000000e+00 0.000000000000000000e+00
2.440000000000000000e+04 5.317273497620999813e+08 5.696825173335763975e+04 4.733723355902839103e-01 3.000000000000000000e+00 3.307800000000000323e-02 1.909759220424999890e-02 5.662391274000000433e-13
2.450000000000000000e+04 5.317274497620999813e+08 5.696825289076504851e+04 4.741695853981582331e-01 1.000000000000000000e+00 1.102599999999999934e-02 1.102599999999999934e-02 1.887463757999999808e-13
2.460000000000000000e+04 5.317275497620999813e+08 5.696825404817245726e+04 4.749668352062599297e-01 1.000000000000000000e+00 1.102599999999999934e-02 1.102599999999999934e-02 1.887463757999999808e-13
2.470000000000000000e+04 5.317276497620999813e+08 5.696825520557985874e+04 4.757640850091320317e-01 2.000000000000000000e+00 2.205199999999999869e-02 1.559311873873000034e-02 3.774927515999999615e-13
2.480000000000000000e+04 5.317277497620999813e+08 5.696825636298726749e+04 4.765613348172337282e-01 1.000000000000000000e+00 1.102599999999999934e-02 1.102599999999999934e-02 1.887463757999999808e-13
2.490000000000000000e+04 5.317278497620999813e+08 5.696825752039467625e+04 4.773585846251080511e-01 1.000000000000000000e+00 1.102599999999999934e-02 1.102599999999999934e-02 1.887463757999999808e-13
2.500000000000000000e+04 5.317279497620999813e+08 5.696825867780208500e+04 4.781558344332097477e-01 1.000000000000000000e+00 1.102599999999999934e-02 1.102599999999999934e-02 1.887463757999999808e-13
2.510000000000000000e+04 5.317280497620999813e+08 5.696825983520949376e+04 4.789530842410840705e-01 0.000000000000000000e+00 0.000000000000000000e+00 0.000000000000000000e+00 0.000000000000000000e+00
2.520000000000000000e+04 5.317281497620999813e+08 5.696826099261689524e+04 4.797503340441835462e-01 0.000000000000000000e+00 0.000000000000000000e+00 0.000000000000000000e+00 0.000000000000000000e+00
2.530000000000000000e+04 5.317282497620999813e+08 5.696826215002430399e+04 4.805475838520578691e-01 1.000000000000000000e+00 1.102599999999999934e-02 1.102599999999999934e-02 1.887463757999999808e-13
2.540000000000000000e+04 5.317283497620999813e+08 5.696826330743171275e+04 4.813448336601595656e-01 1.000000000000000000e+00 1.102599999999999934e-02 1.102599999999999934e-02 1.887463757999999808e-13
2.550000000000000000e+04 5.317284497620999813e+08 5.696826446483912150e+04 4.821420834680338885e-01 0.000000000000000000e+00 0.000000000000000000e+00 0.000000000000000000e+00 0.000000000000000000e+00
2.560000000000000000e+04 5.317285497620999813e+08 5.696826562224653026e+04 4.829393332761355850e-01 0.000000000000000000e+00 0.000000000000000000e+00 0.000000000000000000e+00 0.000000000000000000e+00
2.570000000000000000e+04 5.317286497620999813e+08 5.696826677965393174e+04 4.837365830790076870e-01 0.000000000000000000e+00 0.000000000000000000e+00 0.000000000000000000e+00 0.000000000000000000e+00
2.580000000000000000e+04 5.317287497620999813e+08 5.696826793706134049e+04 4.845338328871093836e-01 1.000000000000000000e+00 1.102599999999999934e-02 1.102599999999999934e-02 1.887463757999999808e-13
2.590000000000000000e+04 5.317288497620999813e+08 5.696826909446874924e+04 4.853310826949837065e-01 1.000000000000000000e+00 1.102599999999999934e-02 1.102599999999999934e-02 1.887463757999999808e-13
2.600000000000000000e+04 5.317289497620999813e+08 5.696827025187615800e+04 4.861283325030854030e-01 1.000000000000000000e+00 1.102599999999999934e-02 1.102599999999999934e-02 1.887463757999999808e-13
2.610000000000000000e+04 5.317290497620999813e+08 5.696827140928356675e+04 4.869255823109597259e-01 1.000000000000000000e+00 1.102599999999999934e-02 1.102599999999999934e-02 1.887463757999999808e-13
2.620000000000000000e+04 5.317291497620999813e+08 5.696827256669096823e+04 4.877228321140592016e-01 2.000000000000000000e+00 2.205199999999999869e-02 1.559311873873000034e-02 3.774927515999999615e-13
2.630000000000000000e+04 5.317292497620999813e+08 5.696827372409837699e+04 4.885200819219335244e-01 1.000000000000000000e+00 1.102599999999999934e-02 1.102599999999999934e-02 1.887463757999999808e-13
2.640000000000000000e+04 5.317293497620999813e+08 5.696827488150578574e+04 4.893173317300352210e-01 2.000000000000000000e+00 2.205199999999999869e-02 1.559311873873000034e-02 3.774927515999999615e-13
2.650000000000000000e+04 5.317294497620999813e+08 5.696827603891319450e+04 4.901145815379095438e-01 0.000000000000000000e+00 0.000000000000000000e+00 0.000000000000000000e+00 0.000000000000000000e+00
2.660000000000000000e+04 5.317295497620999813e+08 5.696827719632060325e+04 4.909118313460112404e-01 2.000000000000000000e+00 2.205199999999999869e-02 1.559311873873000034e-02 3.774927515999999615e-13
2.670000000000000000e+04 5.317296497620999813e+08 5.696827835372801201e+04 4.917090811541129369e-01 1.000000000000000000e+00 1.102599999999999934e-02 1.102599999999999934e-02 1.887463757999999808e-13
2.680000000000000000e+04 5.317297497620999813e+08 5.696827951113541349e+04 4.925063309569850389e-01 1.000000000000000000e+00 1.102599999999999934e-02 1.102599999999999934e-02 1.887463757999999808e-13
2.690000000000000000e+04 5.317298497620999813e+08 5.696828066854282224e+04 4.933035807650867355e-01 0.000000000000000000e+00 0.000000000000000000e+00 0.000000000000000000e+00 0.000000000000000000e+00
2.700000000000000000e+04 5.317299497620999813e+08 5.696828182595023100e+04 4.941008305729610584e-01 0.000000000000000000e+00 0.000000000000000000e+00 0.000000000000000000e+00 0.000000000000000000e+00
2.710000000000000000e+04 5.317300497620999813e+08 5.696828298335763975e+04 4.948980803810627549e-01 2.000000000000000000e+00 2.205199999999999869e-02 1.559311873873000034e-02 3.774927515999999615e-13
2.720000000000000000e+04 5.317301497620999813e+08 5.696828414076504851e+04 4.956953301889370778e-01 0.000000000000000000e+00 0.000000000000000000e+00 0.000000000000000000e+00 0.000000000000000000e+00
2.730000000000000000e+04 5.317302497620999813e+08 5.696828529817245726e+04 4.964925799970387743e-01 1.000000000000000000e+00 1.102599999999999934e-02 1.102599999999999934e-02 1.887463757999999808e-13
2.740000000000000000e+04 5.317303497620999813e+08 5.696828645557985874e+04 4.972898297999108763e-01 1.000000000000000000e+00 1.102599999999999934e-02 1.102599999999999934e-02 1.887463757999999808e-13
2.750000000000000000e+04 5.317304497620999813e+08 5.696828761298726749e+04 4.980870796080125729e-01 0.000000000000000000e+00 0.000000000000000000e+00 0.000000000000000000e+00 0.000000000000000000e+00
2.760000000000000000e+04 5.317305497620999813e+08 5.696828877039467625e+04 4.988843294158868957e-01 1.000000000000000000e+00 1.102599999999999934e-02 1.102599999999999934e-02 1.887463757999999808e-13
2.770000000000000000e+04 5.317306497620999813e+08 5.696828992780208500e+04 4.996815792239885923e-01 0.000000000000000000e+00 0.000000000000000000e+00 0.000000000000000000e+00 0.000000000000000000e+00
2.780000000000000000e+04 5.317307497620999813e+08 5.696829108520949376e+04 5.004788290318629151e-01 0.000000000000000000e+00 0.000000000000000000e+00 0.000000000000000000e+00 0.000000000000000000e+00
2.790000000000000000e+04 5.317308497620999813e+08 5.696829224261689524e+04 5.012760788349623908e-01 0.000000000000000000e+00 0.000000000000000000e+00 0.000000000000000000e+00 0.000000000000000000e+00
2.800000000000000000e+04 5.317309497620999813e+08 5.696829340002430399e+04 5.020733286428367137e-01 1.000000000000000000e+00 1.102599999999999934e-02 1.102599999999999934e-02 1.887463757999999808e-13
2.810000000000000000e+04 5.317310497620999813e+08 5.696829455743171275e+04 5.028705784509384102e-01 2.000000000000000000e+00 2.205199999999999869e-02 1.559311873873000034e-02 3.774927515999999615e-13
2.820000000000000000e+04 5.317311497620999813e+08 5.696829571483912150e+04 5.036678282588127331e-01 2.000000000000000000e+00 2.205199999999999869e-02 1.559311873873000034e-02 3.774927515999999615e-13
2.830000000000000000e+04 5.317312497620999813e+08 5.696829687224653026e+04 5.044650780669144297e-01 1.000000000000000000e+00 1.102599999999999934e-02 1.102599999999999934e-02 1.887463757999999808e-13
2.840000000000000000e+04 5.317313497620999813e+08 5.696829802965393174e+04 5.052623278697865317e-01 1.000000000000000000e+00 1.102599999999999934e-02 1.102599999999999934e-02 1.887463757999999808e-13
2.850000000000000000e+04 5.317314497620999813e+08 5.696829918706134049e+04 5.060595776778882282e-01 1.000000000000000000e+00 1.102599999999999934e-02 1.102599999999999934e-02 1.887463757999999808e-13
2.860000000000000000e+04 5.317315497620999813e+08 5.696830034446874924e+04 5.068568274857625511e-01 0.000000000000000000e+00 0.000000000000000000e+00 0.000000000000000000e+00 0.000000000000000000e+00
2.870000000000000000e+04 5.317316497620999813e+08 5.696830150187615800e+04 5.076540772938642476e-01 0.000000000000000000e+00 0.000000000000000000e+00 0.000000000000000000e+00 0.000000000000000000e+00
2.880000000000000000e+04 5.317317497620999813e+08 5.696830265928356675e+04 5.084513271017385705e-01 1.000000000000000000e+00 1.102599999999999934e-02 1.102599999999999934e-02 1.887463757999999808e-13
2.890000000000000000e+04 5.317318497620999813e+08 5.696830381669096823e+04 5.092485769048380462e-01 1.000000000000000000e+00 1.102599999999999934e-02 1.102599999999999934e-02 1.887463757999999808e-13
2.900000000000000000e+04 5.317319497620999813e+08 5.696830497409837699e+04 5.100458267127123690e-01 0.000000000000000000e+00 0.000000000000000000e+00 0.000000000000000000e+00 0.000000000000000000e+00
2.910000000000000000e+04 5.317320497620999813e+08 5.696830613150578574e+04 5.108430765208140656e-01 0.000000000000000000e+00 0.000000000000000000e+00 0.000000000000000000e+00 0.000000000000000000e+00
2.920000000000000000e+04 5.317321497620999813e+08 5.696830728891319450e+04 5.116403263286883885e-01 1.000000000000000000e+00 1.102599999999999934e-02 1.102599999999999934e-02 1.887463757999999808e-13
2.930000000000000000e+04 5.317322497620999813e+08 5.696830844632060325e+04 5.124375761367900850e-01 3.000000000000000000e+00 3.307800000000000323e-02 1.909759220424999890e-02 5.662391274000000433e-13
2.940000000000000000e+04 5.317323497620999813e+08 5.696830960372801201e+04 5.132348259446644079e-01 4.000000000000000000e+00 4.410399999999999737e-02 2.205199999999999869e-02 7.549855031999999231e-13
2.950000000000000000e+04 5.317324497620999813e+08 5.696831076113541349e+04 5.140320757477638836e-01 1.000000000000000000e+00 1.102599999999999934e-02 1.102599999999999934e-02 1.887463757999999808e-13
2.960000000000000000e+04 5.317325497620999813e+08 5.696831191854282224e+04 5.148293255558655801e-01 0.000000000000000000e+00 0.000000000000000000e+00 0.000000000000000000e+00 0.000000000000000000e+00
2.970000000000000000e+04 5.317326497620999813e+08 5.696831307595023100e+04 5.156265753637399030e-01 0.000000000000000000e+00 0.000000000000000000e+00 0.000000000000000000e+00 0.000000000000000000e+00
2.980000000000000000e+04 5.317327497620999813e+08 5.696831423335763975e+04 5.164238251718415995e-01 1.000000000000000000e+00 1.102599999999999934e-02 1.102599999999999934e-02 1.887463757999999808e-13
2.990000000000000000e+04 5.317328497620999813e+08 5.696831539076504851e+04 5.172210749797159224e-01 2.000000000000000000e+00 2.205199999999999869e-02 1.559311873873000034e-02 3.774927515999999615e-13
3.000000000000000000e+04 5.317329497620999813e+08 5.696831654817245726e+04 5.180183247878176189e-01 1.000000000000000000e+00 1.102599999999999934e-02 1.102599999999999934e-02 1.887463757999999808e-13
3.010000000000000000e+04 5.317330497620999813e+08 5.696831770557985874e+04 5.188155745906897209e-01 0.000000000000000000e+00 0.000000000000000000e+00 0.000000000000000000e+00 0.000000000000000000e+00
3.020000000000000000e+04 5.317331497620999813e+08 5.696831886298726749e+04 5.196128243987914175e-01 0.000000000000000000e+00 0.000000000000000000e+00 0.000000000000000000e+00 0.000000000000000000e+00
3.030000000000000000e+04 5.317332497620999813e+08 5.696832002039467625e+04 5.204100742066657403e-01 1.000000000000000000e+00 1.102599999999999934e-02 1.102599999999999934e-02 1.887463757999999808e-13
3.040000000000000000e+04 5.317333497620999813e+08 5.696832117780208500e+04 5.212073240147674369e-01 0.000000000000000000e+00 0.000000000000000000e+00 0.000000000000000000e+00 0.000000000000000000e+00
3.050000000000000000e+04 5.317334497620999813e+08 5.696832233520949376e+04 5.220045738226417598e-01 2.000000000000000000e+00 2.205199999999999869e-02 1.559311873873000034e-02 3.774927515999999615e-13
3.060000000000000000e+04 5.317335497620999813e+08 5.696832349261689524e+04 5.228018236257412354e-01 0.000000000000000000e+00 0.000000000000000000e+00 0.000000000000000000e+00 0.000000000000000000e+00
3.070000000000000000e+04 5.317336497620999813e+08 5.696832465002430399e+04 5.235990734336155583e-01 1.000000000000000000e+00 1.102599999999999934e-02 1.102599999999999934e-02 1.887463757999999808e-13
3.080000000000000000e+04 5.317337497620999813e+08 5.696832580743171275e+04 5.243963232417172549e-01 3.000000000000000000e+00 3.307800000000000323e-02 1.909759220424999890e-02 5.662391274000000433e-13
3.090000000000000000e+04 5.317338497620999813e+08 5.696832696483912150e+04 5.251935730495915777e-01 0.000000000000000000e+00 0.000000000000000000e+00 0.000000000000000000e+00 0.000000000000000000e+00
3.100000000000000000e+04 5.317339497620999813e+08 5.696832812224653026e+04 5.259908228576932743e-01 0.000000000000000000e+00 0.000000000000000000e+00 0.000000000000000000e+00 0.000000000000000000e+00
3.110000000000000000e+04 5.317340497620999813e+08 5.696832927965393174e+04 5.267880726605653763e-01 0.000000000000000000e+00 0.000000000000000000e+00 0.000000000000000000e+00 0.000000000000000000e+00
3.120000000000000000e+04 5.317341497620999813e+08 5.696833043706134049e+04 5.275853224686670728e-01 1.000000000000000000e+00 1.102599999999999934e-02 1.102599999999999934e-02 1.887463757999999808e-13
3.130000000000000000e+04 5.317342497620999813e+08 5.696833159446874924e+04 5.283825722765413957e-01 1.000000000000000000e+00 1.102599999999999934e-02 1.102599999999999934e-02 1.887463757999999808e-13
3.140000000000000000e+04 5.317343497620999813e+08 5.696833275187615800e+04 5.291798220846430922e-01 0.000000000000000000e+00 0.000000000000000000e+00 0.000000000000000000e+00 0.000000000000000000e+00
3.150000000000000000e+04 5.317344497620999813e+08 5.696833390928356675e+04 5.299770718925174151e-01 1.000000000000000000e+00 1.102599999999999934e-02 1.102599999999999934e-02 1.887463757999999808e-13
3.160000000000000000e+04 5.317345497620999813e+08 5.696833506669096823e+04 5.307743216956168908e-01 0.000000000000000000e+00 0.000000000000000000e+00 0.000000000000000000e+00 0.000000000000000000e+00
3.170000000000000000e+04 5.317346497620999813e+08 5.696833622409837699e+04 5.315715715034912137e-01 1.000000000000000000e+00 1.102599999999999934e-02 1.102599999999999934e-02 1.887463757999999808e-13
3.180000000000000000e+04 5.317347497620999813e+08 5.696833738150578574e+04 5.323688213115929102e-01 0.000000000000000000e+00 0.000000000000000000e+00 0.000000000000000000e+00 0.000000000000000000e+00
3.190000000000000000e+04 5.317348497620999813e+08 5.696833853891319450e+04 5.331660711194672331e-01 0.000000000000000000e+00 0.000000000000000000e+00 0.000000000000000000e+00 0.000000000000000000e+00
3.200000000000000000e+04 5.317349497620999813e+08 5.696833969632060325e+04 5.339633209275689296e-01 0.000000000000000000e+00 0.000000000000000000e+00 0.000000000000000000e+00 0.000000000000000000e+00
3.210000000000000000e+04 5.317350497620999813e+08 5.696834085372801201e+04 5.347605707354432525e-01 2.000000000000000000e+00 2.205199999999999869e-02 1.559311873873000034e-02 3.774927515999999615e-13
3.220000000000000000e+04 5.317351497620999813e+08 5.696834201113541349e+04 5.355578205385427282e-01 1.000000000000000000e+00 1.102599999999999934e-02 1.102599999999999934e-02 1.887463757999999808e-13
3.230000000000000000e+04 5.317352497620999813e+08 5.696834316854282224e+04 5.363550703464170510e-01 1.000000000000000000e+00 1.102599999999999934e-02 1.102599999999999934e-02 1.887463757999999808e-13
3.240000000000000000e+04 5.317353497620999813e+08 5.696834432595023100e+04 5.371523201545187476e-01 0.000000000000000000e+00 0.000000000000000000e+00 0.000000000000000000e+00 0.000000000000000000e+00
3.250000000000000000e+04 5.317354497620999813e+08 5.696834548335763975e+04 5.379495699626204441e-01 0.000000000000000000e+00 0.000000000000000000e+00 0.000000000000000000e+00 0.000000000000000000e+00
3.260000000000000000e+04 5.317355497620999813e+08 5.696834664076504851e+04 5.387468197704947670e-01 1.000000000000000000e+00 1.102599999999999934e-02 1.102599999999999934e-02 1.887463757999999808e-13
3.270000000000000000e+04 5.317356497620999813e+08 5.696834779817245726e+04 5.395440695785964635e-01 0.000000000000000000e+00 0.000000000000000000e+00 0.000000000000000000e+00 0.000000000000000000e+00
3.280000000000000000e+04 5.317357497620999813e+08 5.696834895557985874e+04 5.403413193814685656e-01 1.000000000000000000e+00 1.102599999999999934e-02 1.102599999999999934e-02 1.887463757999999808e-13
3.290000000000000000e+04 5.317358497620999813e+08 5.696835011298726749e+04 5.411385691895702621e-01 0.000000000000000000e+00 0.000000000000000000e+00 0.000000000000000000e+00 0.000000000000000000e+00
3.300000000000000000e+04 5.317359497620999813e+08 5.696835127039467625e+04 5.419358189974445850e-01 0.000000000000000000e+00 0.000000000000000000e+00 0.000000000000000000e+00 0.000000000000000000e+00
3.310000000000000000e+04 5.317360497620999813e+08 5.696835242780208500e+04 5.427330688055462815e-01 0.000000000000000000e+00 0.000000000000000000e+00 0.000000000000000000e+00 0.000000000000000000e+00
3.320000000000000000e+04 5.317361497620999813e+08 5.696835358520949376e+04 5.435303186134206044e-01 2.000000000000000000e+00 2.205199999999999869e-02 1.559311873873000034e-02 3.774927515999999615e-13
3.330000000000000000e+04 5.317362497620999813e+08 5.696835474261689524e+04 5.443275684165200801e-01 1.000000000000000000e+00 1.102599999999999934e-02 1.102599999999999934e-02 1.887463757999999808e-13
3.340000000000000000e+04 5.317363497620999813e+08 5.696835590002430399e+04 5.451248182243944029e-01 1.000000000000000000e+00 1.102599999999999934e-02 1.102599999999999934e-02 1.887463757999999808e-13
3.350000000000000000e+04 5.317364497620999813e+08 5.696835705743171275e+04 5.459220680324960995e-01 0.000000000000000000e+00 0.000000000000000000e+00 0.000000000000000000e+00 0.000000000000000000e+00
3.360000000000000000e+04 5.317365497620999813e+08 5.696835821483912150e+04 5.467193178403704223e-01 1.000000000000000000e+00 1.102599999999999934e-02 1.102599999999999934e-02 1.887463757999999808e-13
3.370000000000000000e+04 5.317366497620999813e+08 5.696835937224653026e+04 5.475165676484721189e-01 1.000000000000000000e+00 1.102599999999999934e-02 1.102599999999999934e-02 1.887463757999999808e-13
3.380000000000000000e+04 5.317367497620999813e+08 5.696836052965393174e+04 5.483138174513442209e-01 0.000000000000000000e+00 0.000000000000000000e+00 0.000000000000000000e+00 0.000000000000000000e+00
3.390000000000000000e+04 5.317368497620999813e+08 5.696836168706134049e+04 5.491110672594459174e-01 1.000000000000000000e+00 1.102599999999999934e-02 1.102599999999999934e-02 1.887463757999999808e-13
3.400000000000000000e+04 5.317369497620999813e+08 5.696836284446874924e+04 5.499083170673202403e-01 0.000000000000000000e+00 0.000000000000000000e+00 0.000000000000000000e+00 0.000000000000000000e+00
3.410000000000000000e+04 5.317370497620999813e+08 5.696836400187615800e+04 5.507055668754219369e-01 0.000000000000000000e+00 0.000000000000000000e+00 0.000000000000000000e+00 0.000000000000000000e+00
3.420000000000000000e+04 5.317371497620999813e+08 5.696836515928356675e+04 5.515028166832962597e-01 0.000000000000000000e+00 0.000000000000000000e+00 0.000000000000000000e+00 0.000000000000000000e+00
3.430000000000000000e+04 5.317372497620999813e+08 5.696836631669096823e+04 5.523000664863957354e-01 0.000000000000000000e+00 0.000000000000000000e+00 0.000000000000000000e+00 0.000000000000000000e+00
3.440000000000000000e+04 5.317373497620999813e+08 5.696836747409837699e+04 5.530973162942700583e-01 0.000000000000000000e+00 0.000000000000000000e+00 0.000000000000000000e+00 0.000000000000000000e+00
3.450000000000000000e+04 5.317374497620999813e+08 5.696836863150578574e+04 5.538945661023717548e-01 0.000000000000000000e+00 0.000000000000000000e+00 0.000000000000000000e+00 0.000000000000000000e+00
3.460000000000000000e+04 5.317375497620999813e+08 5.696836978891319450e+04 5.546918159102460777e-01 1.000000000000000000e+00 1.102599999999999934e-02 1.102599999999999934e-02 1.887463757999999808e-13
3.470000000000000000e+04 5.317376497620999813e+08 5.696837094632060325e+04 5.554890657183477742e-01 1.000000000000000000e+00 1.102599999999999934e-02 1.102599999999999934e-02 1.887463757999999808e-13
3.480000000000000000e+04 5.317377497620999813e+08 5.696837210372801201e+04 5.562863155262220971e-01 0.000000000000000000e+00 0.000000000000000000e+00 0.000000000000000000e+00 0.000000000000000000e+00
3.490000000000000000e+04 5.317378497620999813e+08 5.696837326113541349e+04 5.570835653293215728e-01 0.000000000000000000e+00 0.000000000000000000e+00 0.000000000000000000e+00 0.000000000000000000e+00
3.500000000000000000e+04 5.317379497620999813e+08 5.696837441854282224e+04 5.578808151371958957e-01 0.000000000000000000e+00 0.000000000000000000e+00 0.000000000000000000e+00 0.000000000000000000e+00
3.510000000000000000e+04 5.317380497620999813e+08 5.696837557595023100e+04 5.586780649452975922e-01 1.000000000000000000e+00 1.102599999999999934e-02 1.102599999999999934e-02 1.887463757999999808e-13
3.520000000000000000e+04 5.317381497620999813e+08 5.696837673335763975e+04 5.594753147531719151e-01 0.000000000000000000e+00 0.000000000000000000e+00 0.000000000000000000e+00 0.000000000000000000e+00
3.530000000000000000e+04 5.317382497620999813e+08 5.696837789076504851e+04 5.602725645612736116e-01 0.000000000000000000e+00 0.000000000000000000e+00 0.000000000000000000e+00 0.000000000000000000e+00
3.540000000000000000e+04 5.317383497620999813e+08 5.696837904817245726e+04 5.610698143693753082e-01 3.000000000000000000e+00 3.307800000000000323e-02 1.909759220424999890e-02 5.662391274000000433e-13
3.550000000000000000e+04 5.317384497620999813e+08 5.696838020557985874e+04 5.618670641722474102e-01 2.000000000000000000e+00 2.205199999999999869e-02 1.559311873873000034e-02 3.774927515999999615e-13
3.560000000000000000e+04 5.317385497620999813e+08 5.696838136298726749e+04 5.626643139803491067e-01 1.000000000000000000e+00 1.102599999999999934e-02 1.102599999999999934e-02 1.887463757999999808e-13
3.570000000000000000e+04 5.317386497620999813e+08 5.696838252039467625e+04 5.634615637882234296e-01 0.000000000000000000e+00 0.000000000000000000e+00 0.000000000000000000e+00 0.000000000000000000e+00
3.580000000000000000e+04 5.317387497620999813e+08 5.696838367780208500e+04 5.642588135963251261e-01 1.000000000000000000e+00 1.102599999999999934e-02 1.102599999999999934e-02 1.887463757999999808e-13
3.590000000000000000e+04 5.317388497620999813e+08 5.696838483520949376e+04 5.650560634041994490e-01 0.000000000000000000e+00 0.000000000000000000e+00 0.000000000000000000e+00 0.000000000000000000e+00
3.600000000000000000e+04 5.317389497620999813e+08 5.696838599261689524e+04 5.658533132072989247e-01 1.000000000000000000e+00 1.102599999999999934e-02 1.102599999999999934e-02 1.887463757999999808e-13
3.610000000000000000e+04 5.317390497620999813e+08 5.696838715002430399e+04 5.666505630151732475e-01 0.000000000000000000e+00 0.000000000000000000e+00 0.000000000000000000e+00 0.000000000000000000e+00
3.620000000000000000e+04 5.317391497620999813e+08 5.696838830743171275e+04 5.674478128232749441e-01 1.000000000000000000e+00 1.102599999999999934e-02 1.102599999999999934e-02 1.887463757999999808e-13
3.630000000000000000e+04 5.317392497620999813e+08 5.696838946483912150e+04 5.682450626311492670e-01 1.000000000000000000e+00 1.102599999999999934e-02 1.102599999999999934e-02 1.887463757999999808e-13
3.640000000000000000e+04 5.317393497620999813e+08 5.696839062224653026e+04 5.690423124392509635e-01 2.000000000000000000e+00 2.205199999999999869e-02 1.559311873873000034e-02 3.774927515999999615e-13
3.650000000000000000e+04 5.317394497620999813e+08 5.696839177965393174e+04 5.698395622421230655e-01 0.000000000000000000e+00 0.000000000000000000e+00 0.000000000000000000e+00 0.000000000000000000e+00
3.660000000000000000e+04 5.317395497620999813e+08 5.696839293706134049e+04 5.706368120502247621e-01 1.000000000000000000e+00 1.102599999999999934e-02 1.102599999999999934e-02 1.887463757999999808e-13
3.670000000000000000e+04 5.317396497620999813e+08 5.696839409446874924e+04 5.714340618580990849e-01 0.000000000000000000e+00 0.000000000000000000e+00 0.000000000000000000e+00 0.000000000000000000e+00
3.680000000000000000e+04 5.317397497620999813e+08 5.696839525187615800e+04 5.722313116662007815e-01 1.000000000000000000e+00 1.102599999999999934e-02 1.102599999999999934e-02 1.887463757999999808e-13
3.690000000000000000e+04 5.317398497620999813e+08 5.696839640928356675e+04 5.730285614740751043e-01 0.000000000000000000e+00 0.000000000000000000e+00 0.000000000000000000e+00 0.000000000000000000e+00
3.700000000000000000e+04 5.317399497620999813e+08 5.696839756669096823e+04 5.738258112771745800e-01 1.000000000000000000e+00 1.102599999999999934e-02 1.102599999999999934e-02 1.887463757999999808e-13
3.710000000000000000e+04 5.317400497620999813e+08 5.696839872409837699e+04 5.746230610850489029e-01 1.000000000000000000e+00 1.102599999999999934e-02 1.102599999999999934e-02 1.887463757999999808e-13
3.720000000000000000e+04 5.317401497620999813e+08 5.696839988150578574e+04 5.754203108931505994e-01 1.000000000000000000e+00 1.102599999999999934e-02 1.102599999999999934e-02 1.887463757999999808e-13
3.730000000000000000e+04 5.317402497620999813e+08 5.696840103891319450e+04 5.762175607010249223e-01 1.000000000000000000e+00 1.102599999999999934e-02 1.102599999999999934e-02 1.887463757999999808e-13
3.740000000000000000e+04 5.317403497620999813e+08 5.696840219632060325e+04 5.770148105091266189e-01 2.000000000000000000e+00 2.205199999999999869e-02 1.559311873873000034e-02 3.774927515999999615e-13
3.750000000000000000e+04 5.317404497620999813e+08 5.696840335372801201e+04 5.778120603170009417e-01 1.000000000000000000e+00 1.102599999999999934e-02 1.102599999999999934e-02 1.887463757999999808e-13
3.760000000000000000e+04 5.317405497620999813e+08 5.696840451113541349e+04 5.786093101201004174e-01 1.000000000000000000e+00 1.102599999999999934e-02 1.102599999999999934e-02 1.887463757999999808e-13
3.770000000000000000e+04 5.317406497620999813e+08 5.696840566854282224e+04 5.794065599279747403e-01 1.000000000000000000e+00 1.102599999999999934e-02 1.102599999999999934e-02 1.887463757999999808e-13
3.780000000000000000e+04 5.317407497620999813e+08 5.696840682595023100e+04 5.802038097360764368e-01 0.000000000000000000e+00 0.000000000000000000e+00 0.000000000000000000e+00 0.000000000000000000e+00
3.790000000000000000e+04 5.317408497620999813e+08 5.696840798335763975e+04 5.810010595439507597e-01 1.000000000000000000e+00 1.102599999999999934e-02 1.102599999999999934e-02 1.887463757999999808e-13
3.800000000000000000e+04 5.317409497620999813e+08 5.696840914076504851e+04 5.817983093520524562e-01 0.000000000000000000e+00 0.000000000000000000e+00 0.000000000000000000e+00 0.000000000000000000e+00
3.810000000000000000e+04 5.317410497620999813e+08 5.696841029817245726e+04 5.825955591599267791e-01 1.000000000000000000e+00 1.102599999999999934e-02 1.102599999999999934e-02 1.887463757999999808e-13
3.820000000000000000e+04 5.317411497620999813e+08 5.696841145557985874e+04 5.833928089630262548e-01 2.000000000000000000e+00 2.205199999999999869e-02 1.559311873873000034e-02 3.774927515999999615e-13
3.830000000000000000e+04 5.317412497620999813e+08 5.696841261298726749e+04 5.841900587709005777e-01 5.000000000000000000e+00 5.512999999999999845e-02 2.465488551990999838e-02 9.437318790000000048e-13
3.840000000000000000e+04 5.317413497620999813e+08 5.696841377039467625e+04 5.849873085790022742e-01 1.000000000000000000e+00 1.102599999999999934e-02 1.102599999999999934e-02 1.887463757999999808e-13
3.850000000000000000e+04 5.317414497620999813e+08 5.696841492780208500e+04 5.857845583871039707e-01 2.000000000000000000e+00 2.205199999999999869e-02 1.559311873873000034e-02 3.774927515999999615e-13
3.860000000000000000e+04 5.317415497620999813e+08 5.696841608520949376e+04 5.865818081949782936e-01 1.000000000000000000e+00 1.102599999999999934e-02 1.102599999999999934e-02 1.887463757999999808e-13
3.870000000000000000e+04 5.317416497620999813e+08 5.696841724261689524e+04 5.873790579980777693e-01 2.000000000000000000e+00 2.205199999999999869e-02 1.559311873873000034e-02 3.774927515999999615e-13
3.880000000000000000e+04 5.317417497620999813e+08 5.696841840002430399e+04 5.881763078059520922e-01 0.000000000000000000e+00 0.000000000000000000e+00 0.000000000000000000e+00 0.000000000000000000e+00
3.890000000000000000e+04 5.317418497620999813e+08 5.696841955743171275e+04 5.889735576140537887e-01 2.000000000000000000e+00 2.205199999999999869e-02 1.559311873873000034e-02 3.774927515999999615e-13
3.900000000000000000e+04 5.317419497620999813e+08 5.696842071483912150e+04 5.897708074219281116e-01 2.000000000000000000e+00 2.205199999999999869e-02 1.559311873873000034e-02 3.774927515999999615e-13
3.910000000000000000e+04 5.317420497620999813e+08 5.696842187224653026e+04 5.905680572300298081e-01 1.000000000000000000e+00 1.102599999999999934e-02 1.102599999999999934e-02 1.887463757999999808e-13
3.920000000000000000e+04 5.317421497620999813e+08 5.696842302965393174e+04 5.913653070329019101e-01 3.000000000000000000e+00 3.307800000000000323e-02 1.909759220424999890e-02 5.662391274000000433e-13
3.930000000000000000e+04 5.317422497620999813e+08 5.696842418706134049e+04 5.921625568410036067e-01 3.000000000000000000e+00 3.307800000000000323e-02 1.909759220424999890e-02 5.662391274000000433e-13
3.940000000000000000e+04 5.317423497620999813e+08 5.696842534446874924e+04 5.929598066488779295e-01 0.000000000000000000e+00 0.000000000000000000e+00 0.000000000000000000e+00 0.000000000000000000e+00
3.950000000000000000e+04 5.317424497620999813e+08 5.696842650187615800e+04 5.937570564569796261e-01 1.000000000000000000e+00 1.102599999999999934e-02 1.102599999999999934e-02 1.887463757999999808e-13
3.960000000000000000e+04 5.317425497620999813e+08 5.696842765928356675e+04 5.945543062648539490e-01 2.000000000000000000e+00 2.205199999999999869e-02 1.559311873873000034e-02 3.774927515999999615e-13
3.970000000000000000e+04 5.317426497620999813e+08 5.696842881669096823e+04 5.953515560679534246e-01 0.000000000000000000e+00 0.000000000000000000e+00 0.000000000000000000e+00 0.000000000000000000e+00
3.980000000000000000e+04 5.317427497620999813e+08 5.696842997409837699e+04 5.961488058758277475e-01 1.000000000000000000e+00 1.102599999999999934e-02 1.102599999999999934e-02 1.887463757999999808e-13
3.990000000000000000e+04 5.317428497620999813e+08 5.696843113150578574e+04 5.969460556839294441e-01 1.000000000000000000e+00 1.102599999999999934e-02 1.102599999999999934e-02 1.887463757999999808e-13
4.000000000000000000e+04 5.317429497620999813e+08 5.696843228891319450e+04 5.977433054918037669e-01 3.000000000000000000e+00 3.307800000000000323e-02 1.909759220424999890e-02 5.662391274000000433e-13
4.010000000000000000e+04 5.317430497620999813e+08 5.696843344632060325e+04 5.985405552999054635e-01 0.000000000000000000e+00 0.000000000000000000e+00 0.000000000000000000e+00 0.000000000000000000e+00
4.020000000000000000e+04 5.317431497620999813e+08 5.696843460372801201e+04 5.993378051077797863e-01 1.000000000000000000e+00 1.102599999999999934e-02 1.102599999999999934e-02 1.887463757999999808e-13
4.030000000000000000e+04 5.317432497620999813e+08 5.696843576113541349e+04 6.001350549108792620e-01 0.000000000000000000e+00 0.000000000000000000e+00 0.000000000000000000e+00 0.000000000000000000e+00
4.040000000000000000e+04 5.317433497620999813e+08 5.696843691854282224e+04 6.009323047187535849e-01 4.000000000000000000e+00 4.410399999999999737e-02 2.205199999999999869e-02 7.549855031999999231e-13
4.050000000000000000e+04 5.317434497620999813e+08 5.696843807595023100e+04 6.017295545268552814e-01 4.000000000000000000e+00 4.410399999999999737e-02 2.205199999999999869e-02 7.549855031999999231e-13
4.060000000000000000e+04 5.317435497620999813e+08 5.696843923335763975e+04 6.025268043347296043e-01 3.000000000000000000e+00 3.307800000000000323e-02 1.909759220424999890e-02 5.662391274000000433e-13
4.070000000000000000e+04 5.317436497620999813e+08 5.696844039076504851e+04 6.033240541428313009e-01 5.000000000000000000e+00 5.512999999999999845e-02 2.465488551990999838e-02 9.437318790000000048e-13
4.080000000000000000e+04 5.317437497620999813e+08 5.696844154817245726e+04 6.041213039507056237e-01 0.000000000000000000e+00 0.000000000000000000e+00 0.000000000000000000e+00 0.000000000000000000e+00
4.090000000000000000e+04 5.317438497620999813e+08 5.696844270557985874e+04 6.049185537538050994e-01 1.000000000000000000e+00 1.102599999999999934e-02 1.102599999999999934e-02 1.887463757999999808e-13
4.100000000000000000e+04 5.317439497620999813e+08 5.696844386298726749e+04 6.057158035616794223e-01 0.000000000000000000e+00 0.000000000000000000e+00 0.000000000000000000e+00 0.000000000000000000e+00
4.110000000000000000e+04 5.317440497620999813e+08 5.696844502039467625e+04 6.065130533697811188e-01 2.000000000000000000e+00 2.205199999999999869e-02 1.559311873873000034e-02 3.774927515999999615e-13
4.120000000000000000e+04 5.317441497620999813e+08 5.696844617780208500e+04 6.073103031776554417e-01 4.000000000000000000e+00 4.410399999999999737e-02 2.205199999999999869e-02 7.549855031999999231e-13
4.130000000000000000e+04 5.317442497620999813e+08 5.696844733520949376e+04 6.081075529857571382e-01 0.000000000000000000e+00 0.000000000000000000e+00 0.000000000000000000e+00 0.000000000000000000e+00
4.140000000000000000e+04 5.317443497620999813e+08 5.696844849261689524e+04 6.089048027888566139e-01 1.000000000000000000e+00 1.102599999999999934e-02 1.102599999999999934e-02 1.887463757999999808e-13
4.150000000000000000e+04 5.317444497620999813e+08 5.696844965002430399e+04 6.097020525967309368e-01 2.000000000000000000e+00 2.205199999999999869e-02 1.559311873873000034e-02 3.774927515999999615e-13
4.160000000000000000e+04 5.317445497620999813e+08 5.696845080743171275e+04 6.104993024048326333e-01 3.000000000000000000e+00 3.307800000000000323e-02 1.909759220424999890e-02 5.662391274000000433e-13
4.170000000000000000e+04 5.317446497620999813e+08 5.696845196483912150e+04 6.112965522127069562e-01 2.000000000000000000e+00 2.205199999999999869e-02 1.559311873873000034e-02 3.774927515999999615e-13
4.180000000000000000e+04 5.317447497620999813e+08 5.696845312224653026e+04 6.120938020208086527e-01 1.000000000000000000e+00 1.102599999999999934e-02 1.102599999999999934e-02 1.887463757999999808e-13
4.190000000000000000e+04 5.317448497620999813e+08 5.696845427965393174e+04 6.128910518236807548e-01 1.000000000000000000e+00 1.102599999999999934e-02 1.102599999999999934e-02 1.887463757999999808e-13
4.200000000000000000e+04 5.317449497620999813e+08 5.696845543706134049e+04 6.136883016317824513e-01 2.000000000000000000e+00 2.205199999999999869e-02 1.559311873873000034e-02 3.774927515999999615e-13
4.210000000000000000e+04 5.317450497620999813e+08 5.696845659446874924e+04 6.144855514396567742e-01 3.000000000000000000e+00 3.307800000000000323e-02 1.909759220424999890e-02 5.662391274000000433e-13
4.220000000000000000e+04 5.317451497620999813e+08 5.696845775187615800e+04 6.152828012477584707e-01 1.000000000000000000e+00 1.102599999999999934e-02 1.102599999999999934e-02 1.887463757999999808e-13
4.230000000000000000e+04 5.317452497620999813e+08 5.696845890928356675e+04 6.160800510556327936e-01 2.000000000000000000e+00 2.205199999999999869e-02 1.559311873873000034e-02 3.774927515999999615e-13
4.240000000000000000e+04 5.317453497620999813e+08 5.696846006669096823e+04 6.168773008587322693e-01 4.000000000000000000e+00 4.410399999999999737e-02 2.205199999999999869e-02 7.549855031999999231e-13
4.250000000000000000e+04 5.317454497620999813e+08 5.696846122409837699e+04 6.176745506666065921e-01 1.000000000000000000e+00 1.102599999999999934e-02 1.102599999999999934e-02 1.887463757999999808e-13
4.260000000000000000e+04 5.317455497620999813e+08 5.696846238150578574e+04 6.184718004747082887e-01 2.000000000000000000e+00 2.205199999999999869e-02 1.559311873873000034e-02 3.774927515999999615e-13
4.270000000000000000e+04 5.317456497620999813e+08 5.696846353891319450e+04 6.192690502825826115e-01 0.000000000000000000e+00 0.000000000000000000e+00 0.000000000000000000e+00 0.000000000000000000e+00
4.280000000000000000e+04 5.317457497620999813e+08 5.696846469632060325e+04 6.200663000906843081e-01 1.000000000000000000e+00 1.102599999999999934e-02 1.102599999999999934e-02 1.887463757999999808e-13
4.290000000000000000e+04 5.317458497620999813e+08 5.696846585372801201e+04 6.208635498985586310e-01 3.000000000000000000e+00 3.307800000000000323e-02 1.909759220424999890e-02 5.662391274000000433e-13
4.300000000000000000e+04 5.317459497620999813e+08 5.696846701113541349e+04 6.216607997016581066e-01 1.000000000000000000e+00 1.102599999999999934e-02 1.102599999999999934e-02 1.887463757999999808e-13
4.310000000000000000e+04 5.317460497620999813e+08 5.696846816854282224e+04 6.224580495095324295e-01 4.000000000000000000e+00 4.410399999999999737e-02 2.205199999999999869e-02 7.549855031999999231e-13
4.320000000000000000e+04 5.317461497620999813e+08 5.696846932595023100e+04 6.232552993176341261e-01 5.000000000000000000e+00 5.512999999999999845e-02 2.465488551990999838e-02 9.437318790000000048e-13
4.330000000000000000e+04 5.317462497620999813e+08 5.696847048335763975e+04 6.240525491255084489e-01 3.000000000000000000e+00 3.307800000000000323e-02 1.909759220424999890e-02 5.662391274000000433e-13
4.340000000000000000e+04 5.317463497620999813e+08 5.696847164076504851e+04 6.248497989336101455e-01 4.000000000000000000e+00 4.410399999999999737e-02 2.205199999999999869e-02 7.549855031999999231e-13
4.350000000000000000e+04 5.317464497620999813e+08 5.696847279817245726e+04 6.256470487414844683e-01 2.000000000000000000e+00 2.205199999999999869e-02 1.559311873873000034e-02 3.774927515999999615e-13
4.360000000000000000e+04 5.317465497620999813e+08 5.696847395557985874e+04 6.264442985445839440e-01 1.000000000000000000e+00 1.102599999999999934e-02 1.102599999999999934e-02 1.887463757999999808e-13
4.370000000000000000e+04 5.317466497620999813e+08 5.696847511298726749e+04 6.272415483524582669e-01 2.000000000000000000e+00 2.205199999999999869e-02 1.559311873873000034e-02 3.774927515999999615e-13
4.380000000000000000e+04 5.317467497620999813e+08 5.696847627039467625e+04 6.280387981605599634e-01 1.000000000000000000e+00 1.102599999999999934e-02 1.102599999999999934e-02 1.887463757999999808e-13
4.390000000000000000e+04 5.317468497620999813e+08 5.696847742780208500e+04 6.288360479684342863e-01 2.000000000000000000e+00 2.205199999999999869e-02 1.559311873873000034e-02 3.774927515999999615e-13
4.400000000000000000e+04 5.317469497620999813e+08 5.696847858520949376e+04 6.296332977765359828e-01 1.000000000000000000e+00 1.102599999999999934e-02 1.102599999999999934e-02 1.887463757999999808e-13
4.410000000000000000e+04 5.317470497620999813e+08 5.696847974261689524e+04 6.304305475794080849e-01 5.000000000000000000e+00 5.512999999999999845e-02 2.465488551990999838e-02 9.437318790000000048e-13
4.420000000000000000e+04 5.317471497620999813e+08 5.696848090002430399e+04 6.312277973875097814e-01 3.000000000000000000e+00 3.307800000000000323e-02 1.909759220424999890e-02 5.662391274000000433e-13
4.430000000000000000e+04 5.317472497620999813e+08 5.696848205743171275e+04 6.320250471956114779e-01 0.000000000000000000e+00 0.000000000000000000e+00 0.000000000000000000e+00 0.000000000000000000e+00
4.440000000000000000e+04 5.317473497620999813e+08 5.696848321483912150e+04 6.328222970034858008e-01 3.000000000000000000e+00 3.307800000000000323e-02 1.909759220424999890e-02 5.662391274000000433e-13
4.450000000000000000e+04 5.317474497620999813e+08 5.696848437224653026e+04 6.336195468115874974e-01 2.000000000000000000e+00 2.205199999999999869e-02 1.559311873873000034e-02 3.774927515999999615e-13
4.460000000000000000e+04 5.317475497620999813e+08 5.696848552965393174e+04 6.344167966144595994e-01 5.000000000000000000e+00 5.512999999999999845e-02 2.465488551990999838e-02 9.437318790000000048e-13
4.470000000000000000e+04 5.317476497620999813e+08 5.696848668706134049e+04 6.352140464225612959e-01 5.000000000000000000e+00 5.512999999999999845e-02 2.465488551990999838e-02 9.437318790000000048e-13
4.480000000000000000e+04 5.317477497620999813e+08 5.696848784446874924e+04 6.360112962304356188e-01 7.000000000000000000e+00 7.718200000000000061e-02 2.917205395580000152e-02 1.321224630599999966e-12
4.490000000000000000e+04 5.317478497620999813e+08 5.696848900187615800e+04 6.368085460385373153e-01 1.000000000000000000e+00 1.102599999999999934e-02 1.102599999999999934e-02 1.887463757999999808e-13
4.500000000000000000e+04 5.317479497620999813e+08 5.696849015928356675e+04 6.376057958464116382e-01 3.000000000000000000e+00 3.307800000000000323e-02 1.909759220424999890e-02 5.662391274000000433e-13
4.510000000000000000e+04 5.317480497620999813e+08 5.696849131669096823e+04 6.384030456495111139e-01 1.000000000000000000e+00 1.102599999999999934e-02 1.102599999999999934e-02 1.887463757999999808e-13
4.520000000000000000e+04 5.317481497620999813e+08 5.696849247409837699e+04 6.392002954573854367e-01 1.000000000000000000e+00 1.102599999999999934e-02 1.102599999999999934e-02 1.887463757999999808e-13
4.530000000000000000e+04 5.317482497620999813e+08 5.696849363150578574e+04 6.399975452654871333e-01 1.000000000000000000e+00 1.102599999999999934e-02 1.102599999999999934e-02 1.887463757999999808e-13
4.540000000000000000e+04 5.317483497620999813e+08 5.696849478891319450e+04 6.407947950733614562e-01 1.000000000000000000e+00 1.102599999999999934e-02 1.102599999999999934e-02 1.887463757999999808e-13
4.550000000000000000e+04 5.317484497620999813e+08 5.696849594632060325e+04 6.415920448814631527e-01 0.000000000000000000e+00 0.000000000000000000e+00 0.000000000000000000e+00 0.000000000000000000e+00
4.560000000000000000e+04 5.317485497620999813e+08 5.696849710372801201e+04 6.423892946893374756e-01 2.000000000000000000e+00 2.205199999999999869e-02 1.559311873873000034e-02 3.774927515999999615e-13
4.570000000000000000e+04 5.317486497620999813e+08 5.696849826113541349e+04 6.431865444924369513e-01 2.000000000000000000e+00 2.205199999999999869e-02 1.559311873873000034e-02 3.774927515999999615e-13
4.580000000000000000e+04 5.317487497620999813e+08 5.696849941854282224e+04 6.439837943003112741e-01 1.000000000000000000e+00 1.102599999999999934e-02 1.102599999999999934e-02 1.887463757999999808e-13
4.590000000000000000e+04 5.317488497620999813e+08 5.696850057595023100e+04 6.447810441084129707e-01 0.000000000000000000e+00 0.000000000000000000e+00 0.000000000000000000e+00 0.000000000000000000e+00
4.600000000000000000e+04 5.317489497620999813e+08 5.696850173335763975e+04 6.455782939162872935e-01 6.000000000000000000e+00 6.615600000000000647e-02 2.700807390393000079e-02 1.132478254800000087e-12
4.610000000000000000e+04 5.317490497620999813e+08 5.696850289076504851e+04 6.463755437243889901e-01 5.000000000000000000e+00 5.512999999999999845e-02 2.465488551990999838e-02 9.437318790000000048e-13
4.620000000000000000e+04 5.317491497620999813e+08 5.696850404817245726e+04 6.471727935322633130e-01 0.000000000000000000e+00 0.000000000000000000e+00 0.000000000000000000e+00 0.000000000000000000e+00
4.630000000000000000e+04 5.317492497620999813e+08 5.696850520557985874e+04 6.479700433353627886e-01 3.000000000000000000e+00 3.307800000000000323e-02 1.909759220424999890e-02 5.662391274000000433e-13
4.640000000000000000e+04 5.317493497620999813e+08 5.696850636298726749e+04 6.487672931432371115e-01 2.000000000000000000e+00 2.205199999999999869e-02 1.559311873873000034e-02 3.774927515999999615e-13
4.650000000000000000e+04 5.317494497620999813e+08 5.696850752039467625e+04 6.495645429513388081e-01 2.000000000000000000e+00 2.205199999999999869e-02 1.559311873873000034e-02 3.774927515999999615e-13
4.660000000000000000e+04 5.317495497620999813e+08 5.696850867780208500e+04 6.503617927592131309e-01 1.000000000000000000e+00 1.102599999999999934e-02 1.102599999999999934e-02 1.887463757999999808e-13
4.670000000000000000e+04 5.317496497620999813e+08 5.696850983520949376e+04 6.511590425673148275e-01 3.000000000000000000e+00 3.307800000000000323e-02 1.909759220424999890e-02 5.662391274000000433e-13
4.680000000000000000e+04 5.317497497620999813e+08 5.696851099261689524e+04 6.519562923701869295e-01 0.000000000000000000e+00 0.000000000000000000e+00 0.000000000000000000e+00 0.000000000000000000e+00
4.690000000000000000e+04 5.317498497620999813e+08 5.696851215002430399e+04 6.527535421782886260e-01 3.000000000000000000e+00 3.307800000000000323e-02 1.909759220424999890e-02 5.662391274000000433e-13
4.700000000000000000e+04 5.317499497620999813e+08 5.696851330743171275e+04 6.535507919861629489e-01 6.000000000000000000e+00 6.615600000000000647e-02 2.700807390393000079e-02 1.132478254800000087e-12
4.710000000000000000e+04 5.317500497620999813e+08 5.696851446483912150e+04 6.543480417942646454e-01 5.000000000000000000e+00 5.512999999999999845e-02 2.465488551990999838e-02 9.437318790000000048e-13
4.720000000000000000e+04 5.317501497620999813e+08 5.696851562224653026e+04 6.551452916023663420e-01 1.000000000000000000e+00 1.102599999999999934e-02 1.102599999999999934e-02 1.887463757999999808e-13
4.730000000000000000e+04 5.317502497620999813e+08 5.696851677965393174e+04 6.559425414052384440e-01 3.000000000000000000e+00 3.307800000000000323e-02 1.909759220424999890e-02 5.662391274000000433e-13
4.740000000000000000e+04 5.317503497620999813e+08 5.696851793706134049e+04 6.567397912133401405e-01 1.000000000000000000e+00 1.102599999999999934e-02 1.102599999999999934e-02 1.887463757999999808e-13
4.750000000000000000e+04 5.317504497620999813e+08 5.696851909446874924e+04 6.575370410212144634e-01 3.000000000000000000e+00 3.307800000000000323e-02 1.909759220424999890e-02 5.662391274000000433e-13
4.760000000000000000e+04 5.317505497620999813e+08 5.696852025187615800e+04 6.583342908293161599e-01 3.000000000000000000e+00 3.307800000000000323e-02 1.909759220424999890e-02 5.662391274000000433e-13
4.770000000000000000e+04 5.317506497620999813e+08 5.696852140928356675e+04 6.591315406371904828e-01 4.000000000000000000e+00 4.410399999999999737e-02 2.205199999999999869e-02 7.549855031999999231e-13
4.780000000000000000e+04 5.317507497620999813e+08 5.696852256669096823e+04 6.599287904402899585e-01 4.000000000000000000e+00 4.410399999999999737e-02 2.205199999999999869e-02 7.549855031999999231e-13
4.790000000000000000e+04 5.317508497620999813e+08 5.696852372409837699e+04 6.607260402481642814e-01 1.000000000000000000e+00 1.102599999999999934e-02 1.102599999999999934e-02 1.887463757999999808e-13
4.800000000000000000e+04 5.317509497620999813e+08 5.696852488150578574e+04 6.615232900562659779e-01 4.000000000000000000e+00 4.410399999999999737e-02 2.205199999999999869e-02 7.549855031999999231e-13
4.810000000000000000e+04 5.317510497620999813e+08 5.696852603891319450e+04 6.623205398641403008e-01 3.000000000000000000e+00 3.307800000000000323e-02 1.909759220424999890e-02 5.662391274000000433e-13
4.820000000000000000e+04 5.317511497620999813e+08 5.696852719632060325e+04 6.631177896722419973e-01 2.000000000000000000e+00 2.205199999999999869e-02 1.559311873873000034e-02 3.774927515999999615e-13
4.830000000000000000e+04 5.317512497620999813e+08 5.696852835372801201e+04 6.639150394801163202e-01 6.000000000000000000e+00 6.615600000000000647e-02 2.700807390393000079e-02 1.132478254800000087e-12
4.840000000000000000e+04 5.317513497620999813e+08 5.696852951113541349e+04 6.647122892832157959e-01 0.000000000000000000e+00 0.000000000000000000e+00 0.000000000000000000e+00 0.000000000000000000e+00
4.850000000000000000e+04 5.317514497620999813e+08 5.696853066854282224e+04 6.655095390910901187e-01 2.000000000000000000e+00 2.205199999999999869e-02 1.559311873873000034e-02 3.774927515999999615e-13
4.860000000000000000e+04 5.317515497620999813e+08 5.696853182595023100e+04 6.663067888991918153e-01 3.000000000000000000e+00 3.307800000000000323e-02 1.909759220424999890e-02 5.662391274000000433e-13
4.870000000000000000e+04 5.317516497620999813e+08 5.696853298335763975e+04 6.671040387070661382e-01 5.000000000000000000e+00 5.512999999999999845e-02 2.465488551990999838e-02 9.437318790000000048e-13
4.880000000000000000e+04 5.317517497620999813e+08 5.696853414076504851e+04 6.679012885151678347e-01 5.000000000000000000e+00 5.512999999999999845e-02 2.465488551990999838e-02 9.437318790000000048e-13
4.890000000000000000e+04 5.317518497620999813e+08 5.696853529817245726e+04 6.686985383230421576e-01 4.000000000000000000e+00 4.410399999999999737e-02 2.205199999999999869e-02 7.549855031999999231e-13
4.900000000000000000e+04 5.317519497620999813e+08 5.696853645557985874e+04 6.694957881261416333e-01 7.000000000000000000e+00 7.718200000000000061e-02 2.917205395580000152e-02 1.321224630599999966e-12
4.910000000000000000e+04 5.317520497620999813e+08 5.696853761298726749e+04 6.702930379340159561e-01 5.000000000000000000e+00 5.512999999999999845e-02 2.465488551990999838e-02 9.437318790000000048e-13
4.920000000000000000e+04 5.317521497620999813e+08 5.696853877039467625e+04 6.710902877421176527e-01 7.000000000000000000e+00 7.718200000000000061e-02 2.917205395580000152e-02 1.321224630599999966e-12
4.930000000000000000e+04 5.317522497620999813e+08 5.696853992780208500e+04 6.718875375499919755e-01 5.000000000000000000e+00 5.512999999999999845e-02 2.465488551990999838e-02 9.437318790000000048e-13
4.940000000000000000e+04 5.317523497620999813e+08 5.696854108520949376e+04 6.726847873580936721e-01 2.000000000000000000e+00 2.205199999999999869e-02 1.559311873873000034e-02 3.774927515999999615e-13
4.950000000000000000e+04 5.317524497620999813e+08 5.696854224261689524e+04 6.734820371609657741e-01 4.000000000000000000e+00 4.410399999999999737e-02 2.205199999999999869e-02 7.549855031999999231e-13
4.960000000000000000e+04 5.317525497620999813e+08 5.696854340002430399e+04 6.742792869690674706e-01 6.000000000000000000e+00 6.615600000000000647e-02 2.700807390393000079e-02 1.132478254800000087e-12
4.970000000000000000e+04 5.317526497620999813e+08 5.696854455743171275e+04 6.750765367769417935e-01 9.000000000000000000e+00 9.923400000000000276e-02 3.307800000000000323e-02 1.698717382199999928e-12
4.980000000000000000e+04 5.317527497620999813e+08 5.696854571483912150e+04 6.758737865850434900e-01 3.000000000000000000e+00 3.307800000000000323e-02 1.909759220424999890e-02 5.662391274000000433e-13
4.990000000000000000e+04 5.317528497620999813e+08 5.696854687224653026e+04 6.766710363929178129e-01 4.000000000000000000e+00 4.410399999999999737e-02 2.205199999999999869e-02 7.549855031999999231e-13
5.000000000000000000e+04 5.317529497620999813e+08 5.696854802965393174e+04 6.774682861960172886e-01 6.000000000000000000e+00 6.615600000000000647e-02 2.700807390393000079e-02 1.132478254800000087e-12
5.010000000000000000e+04 5.317530497620999813e+08 5.696854918706134049e+04 6.782655360038916115e-01 2.000000000000000000e+00 2.205199999999999869e-02 1.559311873873000034e-02 3.774927515999999615e-13
5.020000000000000000e+04 5.317531497620999813e+08 5.696855034446874924e+04 6.790627858119933080e-01 7.000000000000000000e+00 7.718200000000000061e-02 2.917205395580000152e-02 1.321224630599999966e-12
5.030000000000000000e+04 5.317532497620999813e+08 5.696855150187615800e+04 6.798600356200950046e-01 4.000000000000000000e+00 4.410399999999999737e-02 2.205199999999999869e-02 7.549855031999999231e-13
5.040000000000000000e+04 5.317533497620999813e+08 5.696855265928356675e+04 6.806572854279693274e-01 2.000000000000000000e+00 2.205199999999999869e-02 1.559311873873000034e-02 3.774927515999999615e-13
5.050000000000000000e+04 5.317534497620999813e+08 5.696855381669096823e+04 6.814545352310688031e-01 6.000000000000000000e+00 6.615600000000000647e-02 2.700807390393000079e-02 1.132478254800000087e-12
5.060000000000000000e+04 5.317535497620999813e+08 5.696855497409837699e+04 6.822517850389431260e-01 5.000000000000000000e+00 5.512999999999999845e-02 2.465488551990999838e-02 9.437318790000000048e-13
5.070000000000000000e+04 5.317536497620999813e+08 5.696855613150578574e+04 6.830490348470448225e-01 9.000000000000000000e+00 9.923400000000000276e-02 3.307800000000000323e-02 1.698717382199999928e-12
5.080000000000000000e+04 5.317537497620999813e+08 5.696855728891319450e+04 6.838462846549191454e-01 5.000000000000000000e+00 5.512999999999999845e-02 2.465488551990999838e-02 9.437318790000000048e-13
5.090000000000000000e+04 5.317538497620999813e+08 5.696855844632060325e+04 6.846435344630208419e-01 2.000000000000000000e+00 2.205199999999999869e-02 1.559311873873000034e-02 3.774927515999999615e-13
5.100000000000000000e+04 5.317539497620999813e+08 5.696855960372801201e+04 6.854407842708951648e-01 4.000000000000000000e+00 4.410399999999999737e-02 2.205199999999999869e-02 7.549855031999999231e-13
5.110000000000000000e+04 5.317540497620999813e+08 5.696856076113541349e+04 6.862380340739946405e-01 5.000000000000000000e+00 5.512999999999999845e-02 2.465488551990999838e-02 9.437318790000000048e-13
5.120000000000000000e+04 5.317541497620999813e+08 5.696856191854282224e+04 6.870352838818689634e-01 2.000000000000000000e+00 2.205199999999999869e-02 1.559311873873000034e-02 3.774927515999999615e-13
5.130000000000000000e+04 5.317542497620999813e+08 5.696856307595023100e+04 6.878325336899706599e-01 4.000000000000000000e+00 4.410399999999999737e-02 2.205199999999999869e-02 7.549855031999999231e-13
5.140000000000000000e+04 5.317543497620999813e+08 5.696856423335763975e+04 6.886297834978449828e-01 3.000000000000000000e+00 3.307800000000000323e-02 1.909759220424999890e-02 5.662391274000000433e-13
5.150000000000000000e+04 5.317544497620999813e+08 5.696856539076504851e+04 6.894270333059466793e-01 5.000000000000000000e+00 5.512999999999999845e-02 2.465488551990999838e-02 9.437318790000000048e-13
5.160000000000000000e+04 5.317545497620999813e+08 5.696856654817245726e+04 6.902242831138210022e-01 5.000000000000000000e+00 5.512999999999999845e-02 2.465488551990999838e-02 9.437318790000000048e-13
5.170000000000000000e+04 5.317546497620999813e+08 5.696856770557985874e+04 6.910215329169204779e-01 3.000000000000000000e+00 3.307800000000000323e-02 1.909759220424999890e-02 5.662391274000000433e-13
5.180000000000000000e+04 5.317547497620999813e+08 5.696856886298726749e+04 6.918187827247948007e-01 3.000000000000000000e+00 3.307800000000000323e-02 1.909759220424999890e-02 5.662391274000000433e-13
5.190000000000000000e+04 5.317548497620999813e+08 5.696857002039467625e+04 6.926160325328964973e-01 7.000000000000000000e+00 7.718200000000000061e-02 2.917205395580000152e-02 1.321224630599999966e-12
5.200000000000000000e+04 5.317549497620999813e+08 5.696857117780208500e+04 6.934132823407708202e-01 4.000000000000000000e+00 4.410399999999999737e-02 2.205199999999999869e-02 7.549855031999999231e-13
5.210000000000000000e+04 5.317550497620999813e+08 5.696857233520949376e+04 6.942105321488725167e-01 3.000000000000000000e+00 3.307800000000000323e-02 1.909759220424999890e-02 5.662391274000000433e-13
5.220000000000000000e+04 5.317551497620999813e+08 5.696857349261689524e+04 6.950077819517446187e-01 5.000000000000000000e+00 5.512999999999999845e-02 2.465488551990999838e-02 9.437318790000000048e-13
5.230000000000000000e+04 5.317552497620999813e+08 5.696857465002430399e+04 6.958050317598463153e-01 6.000000000000000000e+00 6.615600000000000647e-02 2.700807390393000079e-02 1.132478254800000087e-12
5.240000000000000000e+04 5.317553497620999813e+08 5.696857580743171275e+04 6.966022815677206381e-01 8.000000000000000000e+00 8.820799999999999474e-02 3.118623747744999827e-02 1.509971006399999846e-12
5.250000000000000000e+04 5.317554497620999813e+08 5.696857696483912150e+04 6.973995313758223347e-01 9.000000000000000000e+00 9.923400000000000276e-02 3.307800000000000323e-02 1.698717382199999928e-12
5.260000000000000000e+04 5.317555497620999813e+08 5.696857812224653026e+04 6.981967811836966575e-01 4.000000000000000000e+00 4.410399999999999737e-02 2.205199999999999869e-02 7.549855031999999231e-13
5.270000000000000000e+04 5.317556497620999813e+08 5.696857927965393174e+04 6.989940309867961332e-01 8.000000000000000000e+00 8.820799999999999474e-02 3.118623747744999827e-02 1.509971006399999846e-12
5.280000000000000000e+04 5.317557497620999813e+08 5.696858043706134049e+04 6.997912807946704561e-01 6.000000000000000000e+00 6.615600000000000647e-02 2.700807390393000079e-02 1.132478254800000087e-12
5.290000000000000000e+04 5.317558497620999813e+08 5.696858159446874924e+04 7.005885306027721526e-01 1.400000000000000000e+01 1.543640000000000012e-01 4.125551434657000194e-02 2.642449261199999933e-12
5.300000000000000000e+04 5.317559497620999813e+08 5.696858275187615800e+04 7.013857804108738492e-01 5.000000000000000000e+00 5.512999999999999845e-02 2.465488551990999838e-02 9.437318790000000048e-13
5.310000000000000000e+04 5.317560497620999813e+08 5.696858390928356675e+04 7.021830302187481720e-01 4.000000000000000000e+00 4.410399999999999737e-02 2.205199999999999869e-02 7.549855031999999231e-13
5.320000000000000000e+04 5.317561497620999813e+08 5.696858506669096823e+04 7.029802800218476477e-01 5.000000000000000000e+00 5.512999999999999845e-02 2.465488551990999838e-02 9.437318790000000048e-13
5.330000000000000000e+04 5.317562497620999813e+08 5.696858622409837699e+04 7.037775298297219706e-01 7.000000000000000000e+00 7.718200000000000061e-02 2.917205395580000152e-02 1.321224630599999966e-12
5.340000000000000000e+04 5.317563497620999813e+08 5.696858738150578574e+04 7.045747796378236671e-01 3.000000000000000000e+00 3.307800000000000323e-02 1.909759220424999890e-02 5.662391274000000433e-13
5.350000000000000000e+04 5.317564497620999813e+08 5.696858853891319450e+04 7.053720294456979900e-01 7.000000000000000000e+00 7.718200000000000061e-02 2.917205395580000152e-02 1.321224630599999966e-12
5.360000000000000000e+04 5.317565497620999813e+08 5.696858969632060325e+04 7.061692792537996866e-01 4.000000000000000000e+00 4.410399999999999737e-02 2.205199999999999869e-02 7.549855031999999231e-13
5.370000000000000000e+04 5.317566497620999813e+08 5.696859085372801201e+04 7.069665290616740094e-01 7.000000000000000000e+00 7.718200000000000061e-02 2.917205395580000152e-02 1.321224630599999966e-12
5.380000000000000000e+04 5.317567497620999813e+08 5.696859201113541349e+04 7.077637788647734851e-01 4.000000000000000000e+00 4.410399999999999737e-02 2.205199999999999869e-02 7.549855031999999231e-13
5.390000000000000000e+04 5.317568497620999813e+08 5.696859316854282224e+04 7.085610286726478080e-01 6.000000000000000000e+00 6.615600000000000647e-02 2.700807390393000079e-02 1.132478254800000087e-12
5.400000000000000000e+04 5.317569497620999813e+08 5.696859432595023100e+04 7.093582784807495045e-01 5.000000000000000000e+00 5.512999999999999845e-02 2.465488551990999838e-02 9.437318790000000048e-13
5.410000000000000000e+04 5.317570497620999813e+08 5.696859548335763975e+04 7.101555282886238274e-01 1.100000000000000000e+01 1.212860000000000049e-01 3.656910493846000226e-02 2.076210133799999889e-12
5.420000000000000000e+04 5.317571497620999813e+08 5.696859664076504851e+04 7.109527780967255239e-01 7.000000000000000000e+00 7.718200000000000061e-02 2.917205395580000152e-02 1.321224630599999966e-12
5.430000000000000000e+04 5.317572497620999813e+08 5.696859779817245726e+04 7.117500279045998468e-01 8.000000000000000000e+00 8.820799999999999474e-02 3.118623747744999827e-02 1.509971006399999846e-12
5.440000000000000000e+04 5.317573497620999813e+08 5.696859895557985874e+04 7.125472777076993225e-01 6.000000000000000000e+00 6.615600000000000647e-02 2.700807390393000079e-02 1.132478254800000087e-12
5.450000000000000000e+04 5.317574497620999813e+08 5.696860011298726749e+04 7.133445275155736454e-01 9.000000000000000000e+00 9.923400000000000276e-02 3.307800000000000323e-02 1.698717382199999928e-12
5.460000000000000000e+04 5.317575497620999813e+08 5.696860127039467625e+04 7.141417773236753419e-01 8.000000000000000000e+00 8.820799999999999474e-02 3.118623747744999827e-02 1.509971006399999846e-12
5.470000000000000000e+04 5.317576497620999813e+08 5.696860242780208500e+04 7.149390271315496648e-01 5.000000000000000000e+00 5.512999999999999845e-02 2.465488551990999838e-02 9.437318790000000048e-13
5.480000000000000000e+04 5.317577497620999813e+08 5.696860358520949376e+04 7.157362769396513613e-01 7.000000000000000000e+00 7.718200000000000061e-02 2.917205395580000152e-02 1.321224630599999966e-12
5.490000000000000000e+04 5.317578497620999813e+08 5.696860474261689524e+04 7.165335267425234633e-01 6.000000000000000000e+00 6.615600000000000647e-02 2.700807390393000079e-02 1.132478254800000087e-12
5.500000000000000000e+04 5.317579497620999813e+08 5.696860590002430399e+04 7.173307765506251599e-01 4.000000000000000000e+00 4.410399999999999737e-02 2.205199999999999869e-02 7.549855031999999231e-13
5.510000000000000000e+04 5.317580497620999813e+08 5.696860705743171275e+04 7.181280263584994827e-01 6.000000000000000000e+00 6.615600000000000647e-02 2.700807390393000079e-02 1.132478254800000087e-12
5.520000000000000000e+04 5.317581497620999813e+08 5.696860821483912150e+04 7.189252761666011793e-01 3.000000000000000000e+00 3.307800000000000323e-02 1.909759220424999890e-02 5.662391274000000433e-13
5.530000000000000000e+04 5.317582497620999813e+08 5.696860937224653026e+04 7.197225259744755022e-01 2.000000000000000000e+00 2.205199999999999869e-02 1.559311873873000034e-02 3.774927515999999615e-13
5.540000000000000000e+04 5.317583497620999813e+08 5.696861052965393174e+04 7.205197757775749778e-01 4.000000000000000000e+00 4.410399999999999737e-02 2.205199999999999869e-02 7.549855031999999231e-13
5.550000000000000000e+04 5.317584497620999813e+08 5.696861168706134049e+04 7.213170255854493007e-01 7.000000000000000000e+00 7.718200000000000061e-02 2.917205395580000152e-02 1.321224630599999966e-12
5.560000000000000000e+04 5.317585497620999813e+08 5.696861284446874924e+04 7.221142753935509973e-01 1.000000000000000000e+00 1.102599999999999934e-02 1.102599999999999934e-02 1.887463757999999808e-13
5.570000000000000000e+04 5.317586497620999813e+08 5.696861400187615800e+04 7.229115252014253201e-01 2.000000000000000000e+00 2.205199999999999869e-02 1.559311873873000034e-02 3.774927515999999615e-13
5.580000000000000000e+04 5.317587497620999813e+08 5.696861515928356675e+04 7.237087750095270167e-01 3.000000000000000000e+00 3.307800000000000323e-02 1.909759220424999890e-02 5.662391274000000433e-13
5.590000000000000000e+04 5.317588497620999813e+08 5.696861631669096823e+04 7.245060248123991187e-01 9.000000000000000000e+00 9.923400000000000276e-02 3.307800000000000323e-02 1.698717382199999928e-12
5.600000000000000000e+04 5.317589497620999813e+08 5.696861747409837699e+04 7.253032746205008152e-01 6.000000000000000000e+00 6.615600000000000647e-02 2.700807390393000079e-02 1.132478254800000087e-12
5.610000000000000000e+04 5.317590497620999813e+08 5.696861863150578574e+04 7.261005244286025118e-01 7.000000000000000000e+00 7.718200000000000061e-02 2.917205395580000152e-02 1.321224630599999966e-12
5.620000000000000000e+04 5.317591497620999813e+08 5.696861978891319450e+04 7.268977742364768346e-01 4.000000000000000000e+00 4.410399999999999737e-02 2.205199999999999869e-02 7.549855031999999231e-13
5.630000000000000000e+04 5.317592497620999813e+08 5.696862094632060325e+04 7.276950240445785312e-01 9.000000000000000000e+00 9.923400000000000276e-02 3.307800000000000323e-02 1.698717382199999928e-12
5.640000000000000000e+04 5.317593497620999813e+08 5.696862210372801201e+04 7.284922738524528540e-01 2.000000000000000000e+00 2.205199999999999869e-02 1.559311873873000034e-02 3.774927515999999615e-13
5.650000000000000000e+04 5.317594497620999813e+08 5.696862326113541349e+04 7.292895236555523297e-01 1.300000000000000000e+01 1.433379999999999932e-01 3.975480836327000000e-02 2.453702885399999649e-12
5.660000000000000000e+04 5.317595497620999813e+08 5.696862441854282224e+04 7.300867734634266526e-01 4.000000000000000000e+00 4.410399999999999737e-02 2.205199999999999869e-02 7.549855031999999231e-13
5.670000000000000000e+04 5.317596497620999813e+08 5.696862557595023100e+04 7.308840232715283491e-01 3.000000000000000000e+00 3.307800000000000323e-02 1.909759220424999890e-02 5.662391274000000433e-13
5.680000000000000000e+04 5.317597497620999813e+08 5.696862673335763975e+04 7.316812730794026720e-01 3.000000000000000000e+00 3.307800000000000323e-02 1.909759220424999890e-02 5.662391274000000433e-13
5.690000000000000000e+04 5.317598497620999813e+08 5.696862789076504851e+04 7.324785228875043686e-01 6.000000000000000000e+00 6.615600000000000647e-02 2.700807390393000079e-02 1.132478254800000087e-12
5.700000000000000000e+04 5.317599497620999813e+08 5.696862904817245726e+04 7.332757726953786914e-01 3.000000000000000000e+00 3.307800000000000323e-02 1.909759220424999890e-02 5.662391274000000433e-13
5.710000000000000000e+04 5.317600497620999813e+08 5.696863020557985874e+04 7.340730224984781671e-01 5.000000000000000000e+00 5.512999999999999845e-02 2.465488551990999838e-02 9.437318790000000048e-13
5.720000000000000000e+04 5.317601497620999813e+08 5.696863136298726749e+04 7.348702723063524900e-01 6.000000000000000000e+00 6.615600000000000647e-02 2.700807390393000079e-02 1.132478254800000087e-12
5.730000000000000000e+04 5.317602497620999813e+08 5.696863252039467625e+04 7.356675221144541865e-01 7.000000000000000000e+00 7.718200000000000061e-02 2.917205395580000152e-02 1.321224630599999966e-12
5.740000000000000000e+04 5.317603497620999813e+08 5.696863367780208500e+04 7.364647719223285094e-01 2.000000000000000000e+00 2.205199999999999869e-02 1.559311873873000034e-02 3.774927515999999615e-13
5.750000000000000000e+04 5.317604497620999813e+08 5.696863483520949376e+04 7.372620217304302059e-01 3.000000000000000000e+00 3.307800000000000323e-02 1.909759220424999890e-02 5.662391274000000433e-13
5.760000000000000000e+04 5.317605497620999813e+08 5.696863599261689524e+04 7.380592715333023079e-01 3.000000000000000000e+00 3.307800000000000323e-02 1.909759220424999890e-02 5.662391274000000433e-13
5.770000000000000000e+04 5.317606497620999813e+08 5.696863715002430399e+04 7.388565213414040045e-01 2.000000000000000000e+00 2.205199999999999869e-02 1.559311873873000034e-02 3.774927515999999615e-13
5.780000000000000000e+04 5.317607497620999813e+08 5.696863830743171275e+04 7.396537711492783274e-01 3.000000000000000000e+00 3.307800000000000323e-02 1.909759220424999890e-02 5.662391274000000433e-13
5.790000000000000000e+04 5.317608497620999813e+08 5.696863946483912150e+04 7.404510209573800239e-01 6.000000000000000000e+00 6.615600000000000647e-02 2.700807390393000079e-02 1.132478254800000087e-12
5.800000000000000000e+04 5.317609497620999813e+08 5.696864062224653026e+04 7.412482707652543468e-01 3.000000000000000000e+00 3.307800000000000323e-02 1.909759220424999890e-02 5.662391274000000433e-13
5.810000000000000000e+04 5.317610497620999813e+08 5.696864177965393174e+04 7.420455205683538225e-01 6.000000000000000000e+00 6.615600000000000647e-02 2.700807390393000079e-02 1.132478254800000087e-12
5.820000000000000000e+04 5.317611497620999813e+08 5.696864293706134049e+04 7.428427703762281453e-01 5.000000000000000000e+00 5.512999999999999845e-02 2.465488551990999838e-02 9.437318790000000048e-13
5.830000000000000000e+04 5.317612497620999813e+08 5.696864409446874924e+04 7.436400201843298419e-01 3.000000000000000000e+00 3.307800000000000323e-02 1.909759220424999890e-02 5.662391274000000433e-13
5.840000000000000000e+04 5.317613497620999813e+08 5.696864525187615800e+04 7.444372699922041647e-01 1.200000000000000000e+01 1.323120000000000129e-01 3.819518440850999674e-02 2.264956509600000173e-12
5.850000000000000000e+04 5.317614497620999813e+08 5.696864640928356675e+04 7.452345198003058613e-01 3.000000000000000000e+00 3.307800000000000323e-02 1.909759220424999890e-02 5.662391274000000433e-13
5.860000000000000000e+04 5.317615497620999813e+08 5.696864756669096823e+04 7.460317696031779633e-01 6.000000000000000000e+00 6.615600000000000647e-02 2.700807390393000079e-02 1.132478254800000087e-12
5.870000000000000000e+04 5.317616497620999813e+08 5.696864872409837699e+04 7.468290194112796598e-01 4.000000000000000000e+00 4.410399999999999737e-02 2.205199999999999869e-02 7.549855031999999231e-13
5.880000000000000000e+04 5.317617497620999813e+08 5.696864988150578574e+04 7.476262692191539827e-01 6.000000000000000000e+00 6.615600000000000647e-02 2.700807390393000079e-02 1.132478254800000087e-12
5.890000000000000000e+04 5.317618497620999813e+08 5.696865103891319450e+04 7.484235190272556792e-01 4.000000000000000000e+00 4.410399999999999737e-02 2.205199999999999869e-02 7.549855031999999231e-13
5.900000000000000000e+04 5.317619497620999813e+08 5.696865219632060325e+04 7.492207688353573758e-01 9.000000000000000000e+00 9.923400000000000276e-02 3.307800000000000323e-02 1.698717382199999928e-12
5.910000000000000000e+04 5.317620497620999813e+08 5.696865335372801201e+04 7.500180186432316987e-01 1.000000000000000000e+01 1.102599999999999969e-01 3.486727348101999885e-02 1.887463758000000010e-12
5.920000000000000000e+04 5.317621497620999813e+08 5.696865451113541349e+04 7.508152684463311743e-01 4.000000000000000000e+00 4.410399999999999737e-02 2.205199999999999869e-02 7.549855031999999231e-13
5.930000000000000000e+04 5.317622497620999813e+08 5.696865566854282224e+04 7.516125182542054972e-01 1.000000000000000000e+01 1.102599999999999969e-01 3.486727348101999885e-02 1.887463758000000010e-12
5.940000000000000000e+04 5.317623497620999813e+08 5.696865682595023100e+04 7.524097680623071938e-01 4.000000000000000000e+00 4.410399999999999737e-02 2.205199999999999869e-02 7.549855031999999231e-13
5.950000000000000000e+04 5.317624497620999813e+08 5.696865798335763975e+04 7.532070178701815166e-01 8.000000000000000000e+00 8.820799999999999474e-02 3.118623747744999827e-02 1.509971006399999846e-12
5.960000000000000000e+04 5.317625497620999813e+08 5.696865914076504851e+04 7.540042676782832132e-01 2.000000000000000000e+00 2.205199999999999869e-02 1.559311873873000034e-02 3.774927515999999615e-13
5.970000000000000000e+04 5.317626497620999813e+08 5.696866029817245726e+04 7.548015174861575360e-01 1.000000000000000000e+01 1.102599999999999969e-01 3.486727348101999885e-02 1.887463758000000010e-12
5.980000000000000000e+04 5.317627497620999813e+08 5.696866145557985874e+04 7.555987672892570117e-01 1.000000000000000000e+01 1.102599999999999969e-01 3.486727348101999885e-02 1.887463758000000010e-12
5.990000000000000000e+04 5.317628497620999813e+08 5.696866261298726749e+04 7.563960170971313346e-01 3.000000000000000000e+00 3.307800000000000323e-02 1.909759220424999890e-02 5.662391274000000433e-13
6.000000000000000000e+04 5.317629497620999813e+08 5.696866377039467625e+04 7.571932669052330311e-01 4.000000000000000000e+00 4.410399999999999737e-02 2.205199999999999869e-02 7.549855031999999231e-13
6.010000000000000000e+04 5.317630497620999813e+08 5.696866492780208500e+04 7.579905167131073540e-01 4.000000000000000000e+00 4.410399999999999737e-02 2.205199999999999869e-02 7.549855031999999231e-13
6.020000000000000000e+04 5.317631497620999813e+08 5.696866608520949376e+04 7.587877665212090506e-01 7.000000000000000000e+00 7.718200000000000061e-02 2.917205395580000152e-02 1.321224630599999966e-12
6.030000000000000000e+04 5.317632497620999813e+08 5.696866724261689524e+04 7.595850163240811526e-01 7.000000000000000000e+00 7.718200000000000061e-02 2.917205395580000152e-02 1.321224630599999966e-12
6.040000000000000000e+04 5.317633497620999813e+08 5.696866840002430399e+04 7.603822661321828491e-01 4.000000000000000000e+00 4.410399999999999737e-02 2.205199999999999869e-02 7.549855031999999231e-13
6.050000000000000000e+04 5.317634497620999813e+08 5.696866955743171275e+04 7.611795159400571720e-01 2.000000000000000000e+00 2.205199999999999869e-02 1.559311873873000034e-02 3.774927515999999615e-13
6.060000000000000000e+04 5.317635497620999813e+08 5.696867071483912150e+04 7.619767657481588685e-01 5.000000000000000000e+00 5.512999999999999845e-02 2.465488551990999838e-02 9.437318790000000048e-13
6.070000000000000000e+04 5.317636497620999813e+08 5.696867187224653026e+04 7.627740155560331914e-01 3.000000000000000000e+00 3.307800000000000323e-02 1.909759220424999890e-02 5.662391274000000433e-13
6.080000000000000000e+04 5.317637497620999813e+08 5.696867302965393174e+04 7.635712653591326671e-01 8.000000000000000000e+00 8.820799999999999474e-02 3.118623747744999827e-02 1.509971006399999846e-12
6.090000000000000000e+04 5.317638497620999813e+08 5.696867418706134049e+04 7.643685151670069899e-01 4.000000000000000000e+00 4.410399999999999737e-02 2.205199999999999869e-02 7.549855031999999231e-13
6.100000000000000000e+04 5.317639497620999813e+08 5.696867534446874924e+04 7.651657649751086865e-01 5.000000000000000000e+00 5.512999999999999845e-02 2.465488551990999838e-02 9.437318790000000048e-13
6.110000000000000000e+04 5.317640497620999813e+08 5.696867650187615800e+04 7.659630147829830094e-01 7.000000000000000000e+00 7.718200000000000061e-02 2.917205395580000152e-02 1.321224630599999966e-12
6.120000000000000000e+04 5.317641497620999813e+08 5.696867765928356675e+04 7.667602645910847059e-01 3.000000000000000000e+00 3.307800000000000323e-02 1.909759220424999890e-02 5.662391274000000433e-13
6.130000000000000000e+04 5.317642497620999813e+08 5.696867881669096823e+04 7.675575143939568079e-01 9.000000000000000000e+00 9.923400000000000276e-02 3.307800000000000323e-02 1.698717382199999928e-12
6.140000000000000000e+04 5.317643497620999813e+08 5.696867997409837699e+04 7.683547642020585045e-01 5.000000000000000000e+00 5.512999999999999845e-02 2.465488551990999838e-02 9.437318790000000048e-13
6.150000000000000000e+04 5.317644497620999813e+08 5.696868113150578574e+04 7.691520140099328273e-01 9.000000000000000000e+00 9.923400000000000276e-02 3.307800000000000323e-02 1.698717382199999928e-12
6.160000000000000000e+04 5.317645497620999813e+08 5.696868228891319450e+04 7.699492638180345239e-01 4.000000000000000000e+00 4.410399999999999737e-02 2.205199999999999869e-02 7.549855031999999231e-13
6.170000000000000000e+04 5.317646497620999813e+08 5.696868344632060325e+04 7.707465136259088467e-01 8.000000000000000000e+00 8.820799999999999474e-02 3.118623747744999827e-02 1.509971006399999846e-12
6.180000000000000000e+04 5.317647497620999813e+08 5.696868460372801201e+04 7.715437634340105433e-01 6.000000000000000000e+00 6.615600000000000647e-02 2.700807390393000079e-02 1.132478254800000087e-12
6.190000000000000000e+04 5.317648497620999813e+08 5.696868576113541349e+04 7.723410132368826453e-01 5.000000000000000000e+00 5.512999999999999845e-02 2.465488551990999838e-02 9.437318790000000048e-13
6.200000000000000000e+04 5.317649497620999813e+08 5.696868691854282224e+04 7.731382630449843418e-01 7.000000000000000000e+00 7.718200000000000061e-02 2.917205395580000152e-02 1.321224630599999966e-12
6.210000000000000000e+04 5.317650497620999813e+08 5.696868807595023100e+04 7.739355128530860384e-01 8.000000000000000000e+00 8.820799999999999474e-02 3.118623747744999827e-02 1.509971006399999846e-12
6.220000000000000000e+04 5.317651497620999813e+08 5.696868923335763975e+04 7.747327626609603612e-01 1.100000000000000000e+01 1.212860000000000049e-01 3.656910493846000226e-02 2.076210133799999889e-12
6.230000000000000000e+04 5.317652497620999813e+08 5.696869039076504851e+04 7.755300124690620578e-01 4.000000000000000000e+00 4.410399999999999737e-02 2.205199999999999869e-02 7.549855031999999231e-13
6.240000000000000000e+04 5.317653497620999813e+08 5.696869154817245726e+04 7.763272622769363807e-01 9.000000000000000000e+00 9.923400000000000276e-02 3.307800000000000323e-02 1.698717382199999928e-12
6.250000000000000000e+04 5.317654497620999813e+08 5.696869270557985874e+04 7.771245120800358563e-01 9.000000000000000000e+00 9.923400000000000276e-02 3.307800000000000323e-02 1.698717382199999928e-12
6.260000000000000000e+04 5.317655497620999813e+08 5.696869386298726749e+04 7.779217618879101792e-01 1.000000000000000000e+01 1.102599999999999969e-01 3.486727348101999885e-02 1.887463758000000010e-12
6.270000000000000000e+04 5.317656497620999813e+08 5.696869502039467625e+04 7.787190116960118758e-01 9.000000000000000000e+00 9.923400000000000276e-02 3.307800000000000323e-02 1.698717382199999928e-12
6.280000000000000000e+04 5.317657497620999813e+08 5.696869617780208500e+04 7.795162615038861986e-01 5.000000000000000000e+00 5.512999999999999845e-02 2.465488551990999838e-02 9.437318790000000048e-13
6.290000000000000000e+04 5.317658497620999813e+08 5.696869733520949376e+04 7.803135113119878952e-01 4.000000000000000000e+00 4.410399999999999737e-02 2.205199999999999869e-02 7.549855031999999231e-13
6.300000000000000000e+04 5.317659497620999813e+08 5.696869849261689524e+04 7.811107611148599972e-01 6.000000000000000000e+00 6.615600000000000647e-02 2.700807390393000079e-02 1.132478254800000087e-12
6.310000000000000000e+04 5.317660497620999813e+08 5.696869965002430399e+04 7.819080109229616937e-01 6.000000000000000000e+00 6.615600000000000647e-02 2.700807390393000079e-02 1.132478254800000087e-12
6.320000000000000000e+04 5.317661497620999813e+08 5.696870080743171275e+04 7.827052607308360166e-01 2.000000000000000000e+00 2.205199999999999869e-02 1.559311873873000034e-02 3.774927515999999615e-13
6.330000000000000000e+04 5.317662497620999813e+08 5.696870196483912150e+04 7.835025105389377131e-01 2.000000000000000000e+00 2.205199999999999869e-02 1.559311873873000034e-02 3.774927515999999615e-13
6.340000000000000000e+04 5.317663497620999813e+08 5.696870312224653026e+04 7.842997603468120360e-01 4.000000000000000000e+00 4.410399999999999737e-02 2.205199999999999869e-02 7.549855031999999231e-13
6.350000000000000000e+04 5.317664497620999813e+08 5.696870427965393174e+04 7.850970101499115117e-01 0.000000000000000000e+00 0.000000000000000000e+00 0.000000000000000000e+00 0.000000000000000000e+00
6.360000000000000000e+04 5.317665497620999813e+08 5.696870543706134049e+04 7.858942599577858346e-01 1.000000000000000000e+01 1.102599999999999969e-01 3.486727348101999885e-02 1.887463758000000010e-12
6.370000000000000000e+04 5.317666497620999813e+08 5.696870659446874924e+04 7.866915097658875311e-01 4.000000000000000000e+00 4.410399999999999737e-02 2.205199999999999869e-02 7.549855031999999231e-13
6.380000000000000000e+04 5.317667497620999813e+08 5.696870775187615800e+04 7.874887595737618540e-01 5.000000000000000000e+00 5.512999999999999845e-02 2.465488551990999838e-02 9.437318790000000048e-13
6.390000000000000000e+04 5.317668497620999813e+08 5.696870890928356675e+04 7.882860093818635505e-01 1.000000000000000000e+00 1.102599999999999934e-02 1.102599999999999934e-02 1.887463757999999808e-13
6.400000000000000000e+04 5.317669497620999813e+08 5.696871006669096823e+04 7.890832591847356525e-01 7.000000000000000000e+00 7.718200000000000061e-02 2.917205395580000152e-02 1.321224630599999966e-12
6.410000000000000000e+04 5.317670497620999813e+08 5.696871122409837699e+04 7.898805089928373491e-01 1.200000000000000000e+01 1.323120000000000129e-01 3.819518440850999674e-02 2.264956509600000173e-12
6.420000000000000000e+04 5.317671497620999813e+08 5.696871238150578574e+04 7.906777588007116719e-01 4.000000000000000000e+00 4.410399999999999737e-02 2.205199999999999869e-02 7.549855031999999231e-13
6.430000000000000000e+04 5.317672497620999813e+08 5.696871353891319450e+04 7.914750086088133685e-01 6.000000000000000000e+00 6.615600000000000647e-02 2.700807390393000079e-02 1.132478254800000087e-12
6.440000000000000000e+04 5.317673497620999813e+08 5.696871469632060325e+04 7.922722584166876914e-01 6.000000000000000000e+00 6.615600000000000647e-02 2.700807390393000079e-02 1.132478254800000087e-12
6.450000000000000000e+04 5.317674497620999813e+08 5.696871585372801201e+04 7.930695082247893879e-01 9.000000000000000000e+00 9.923400000000000276e-02 3.307800000000000323e-02 1.698717382199999928e-12
6.460000000000000000e+04 5.317675497620999813e+08 5.696871701113541349e+04 7.938667580276614899e-01 9.000000000000000000e+00 9.923400000000000276e-02 3.307800000000000323e-02 1.698717382199999928e-12
6.470000000000000000e+04 5.317676497620999813e+08 5.696871816854282224e+04 7.946640078357631864e-01 1.100000000000000000e+01 1.212860000000000049e-01 3.656910493846000226e-02 2.076210133799999889e-12
6.480000000000000000e+04 5.317677497620999813e+08 5.696871932595023100e+04 7.954612576438648830e-01 5.000000000000000000e+00 5.512999999999999845e-02 2.465488551990999838e-02 9.437318790000000048e-13
6.490000000000000000e+04 5.317678497620999813e+08 5.696872048335763975e+04 7.962585074517392059e-01 7.000000000000000000e+00 7.718200000000000061e-02 2.917205395580000152e-02 1.321224630599999966e-12
6.500000000000000000e+04 5.317679497620999813e+08 5.696872164076504851e+04 7.970557572598409024e-01 6.000000000000000000e+00 6.615600000000000647e-02 2.700807390393000079e-02 1.132478254800000087e-12
6.510000000000000000e+04 5.317680497620999813e+08 5.696872279817245726e+04 7.978530070677152253e-01 6.000000000000000000e+00 6.615600000000000647e-02 2.700807390393000079e-02 1.132478254800000087e-12
6.520000000000000000e+04 5.317681497620999813e+08 5.696872395557985874e+04 7.986502568708147010e-01 5.000000000000000000e+00 5.512999999999999845e-02 2.465488551990999838e-02 9.437318790000000048e-13
6.530000000000000000e+04 5.317682497620999813e+08 5.696872511298726749e+04 7.994475066786890238e-01 3.000000000000000000e+00 3.307800000000000323e-02 1.909759220424999890e-02 5.662391274000000433e-13
6.540000000000000000e+04 5.317683497620999813e+08 5.696872627039467625e+04 8.002447564867907204e-01 3.000000000000000000e+00 3.307800000000000323e-02 1.909759220424999890e-02 5.662391274000000433e-13
6.550000000000000000e+04 5.317684497620999813e+08 5.696872742780208500e+04 8.010420062946650432e-01 5.000000000000000000e+00 5.512999999999999845e-02 2.465488551990999838e-02 9.437318790000000048e-13
6.560000000000000000e+04 5.317685497620999813e+08 5.696872858520949376e+04 8.018392561027667398e-01 5.000000000000000000e+00 5.512999999999999845e-02 2.465488551990999838e-02 9.437318790000000048e-13
6.570000000000000000e+04 5.317686497620999813e+08 5.696872974261689524e+04 8.026365059056388418e-01 2.000000000000000000e+00 2.205199999999999869e-02 1.559311873873000034e-02 3.774927515999999615e-13
6.580000000000000000e+04 5.317687497620999813e+08 5.696873090002430399e+04 8.034337557137405383e-01 5.000000000000000000e+00 5.512999999999999845e-02 2.465488551990999838e-02 9.437318790000000048e-13
6.590000000000000000e+04 5.317688497620999813e+08 5.696873205743171275e+04 8.042310055216148612e-01 4.000000000000000000e+00 4.410399999999999737e-02 2.205199999999999869e-02 7.549855031999999231e-13
6.600000000000000000e+04 5.317689497620999813e+08 5.696873321483912150e+04 8.050282553297165578e-01 3.000000000000000000e+00 3.307800000000000323e-02 1.909759220424999890e-02 5.662391274000000433e-13
6.610000000000000000e+04 5.317690497620999813e+08 5.696873437224653026e+04 8.058255051375908806e-01 6.000000000000000000e+00 6.615600000000000647e-02 2.700807390393000079e-02 1.132478254800000087e-12
6.620000000000000000e+04 5.317691497620999813e+08 5.696873552965393174e+04 8.066227549406903563e-01 5.000000000000000000e+00 5.512999999999999845e-02 2.465488551990999838e-02 9.437318790000000048e-13
6.630000000000000000e+04 5.317692497620999813e+08 5.696873668706134049e+04 8.074200047485646792e-01 6.000000000000000000e+00 6.615600000000000647e-02 2.700807390393000079e-02 1.132478254800000087e-12
6.640000000000000000e+04 5.317693497620999813e+08 5.696873784446874924e+04 8.082172545566663757e-01 3.000000000000000000e+00 3.307800000000000323e-02 1.909759220424999890e-02 5.662391274000000433e-13
6.650000000000000000e+04 5.317694497620999813e+08 5.696873900187615800e+04 8.090145043645406986e-01 3.000000000000000000e+00 3.307800000000000323e-02 1.909759220424999890e-02 5.662391274000000433e-13
6.660000000000000000e+04 5.317695497620999813e+08 5.696874015928356675e+04 8.098117541726423951e-01 7.000000000000000000e+00 7.718200000000000061e-02 2.917205395580000152e-02 1.321224630599999966e-12
6.670000000000000000e+04 5.317696497620999813e+08 5.696874131669096823e+04 8.106090039755144971e-01 6.000000000000000000e+00 6.615600000000000647e-02 2.700807390393000079e-02 1.132478254800000087e-12
6.680000000000000000e+04 5.317697497620999813e+08 5.696874247409837699e+04 8.114062537836161937e-01 1.000000000000000000e+00 1.102599999999999934e-02 1.102599999999999934e-02 1.887463757999999808e-13
6.690000000000000000e+04 5.317698497620999813e+08 5.696874363150578574e+04 8.122035035914905166e-01 3.000000000000000000e+00 3.307800000000000323e-02 1.909759220424999890e-02 5.662391274000000433e-13
6.700000000000000000e+04 5.317699497620999813e+08 5.696874478891319450e+04 8.130007533995922131e-01 6.000000000000000000e+00 6.615600000000000647e-02 2.700807390393000079e-02 1.132478254800000087e-12
6.710000000000000000e+04 5.317700497620999813e+08 5.696874594632060325e+04 8.137980032074665360e-01 6.000000000000000000e+00 6.615600000000000647e-02 2.700807390393000079e-02 1.132478254800000087e-12
6.720000000000000000e+04 5.317701497620999813e+08 5.696874710372801201e+04 8.145952530155682325e-01 6.000000000000000000e+00 6.615600000000000647e-02 2.700807390393000079e-02 1.132478254800000087e-12
6.730000000000000000e+04 5.317702497620999813e+08 5.696874826113541349e+04 8.153925028184403345e-01 1.000000000000000000e+01 1.102599999999999969e-01 3.486727348101999885e-02 1.887463758000000010e-12
6.740000000000000000e+04 5.317703497620999813e+08 5.696874941854282224e+04 8.161897526265420311e-01 2.000000000000000000e+00 2.205199999999999869e-02 1.559311873873000034e-02 3.774927515999999615e-13
6.750000000000000000e+04 5.317704497620999813e+08 5.696875057595023100e+04 8.169870024344163539e-01 6.000000000000000000e+00 6.615600000000000647e-02 2.700807390393000079e-02 1.132478254800000087e-12
6.760000000000000000e+04 5.317705497620999813e+08 5.696875173335763975e+04 8.177842522425180505e-01 5.000000000000000000e+00 5.512999999999999845e-02 2.465488551990999838e-02 9.437318790000000048e-13
6.770000000000000000e+04 5.317706497620999813e+08 5.696875289076504851e+04 8.185815020506197470e-01 7.000000000000000000e+00 7.718200000000000061e-02 2.917205395580000152e-02 1.321224630599999966e-12
6.780000000000000000e+04 5.317707497620999813e+08 5.696875404817245726e+04 8.193787518584940699e-01 5.000000000000000000e+00 5.512999999999999845e-02 2.465488551990999838e-02 9.437318790000000048e-13
6.790000000000000000e+04 5.317708497620999813e+08 5.696875520557985874e+04 8.201760016615935456e-01 8.000000000000000000e+00 8.820799999999999474e-02 3.118623747744999827e-02 1.509971006399999846e-12
6.800000000000000000e+04 5.317709497620999813e+08 5.696875636298726749e+04 8.209732514694678684e-01 6.000000000000000000e+00 6.615600000000000647e-02 2.700807390393000079e-02 1.132478254800000087e-12
6.810000000000000000e+04 5.317710497620999813e+08 5.696875752039467625e+04 8.217705012775695650e-01 3.000000000000000000e+00 3.307800000000000323e-02 1.909759220424999890e-02 5.662391274000000433e-13
6.820000000000000000e+04 5.317711497620999813e+08 5.696875867780208500e+04 8.225677510854438879e-01 6.000000000000000000e+00 6.615600000000000647e-02 2.700807390393000079e-02 1.132478254800000087e-12
6.830000000000000000e+04 5.317712497620999813e+08 5.696875983520949376e+04 8.233650008935455844e-01 4.000000000000000000e+00 4.410399999999999737e-02 2.205199999999999869e-02 7.549855031999999231e-13
6.840000000000000000e+04 5.317713497620999813e+08 5.696876099261689524e+04 8.241622506964176864e-01 7.000000000000000000e+00 7.718200000000000061e-02 2.917205395580000152e-02 1.321224630599999966e-12
6.850000000000000000e+04 5.317714497620999813e+08 5.696876215002430399e+04 8.249595005045193830e-01 6.000000000000000000e+00 6.615600000000000647e-02 2.700807390393000079e-02 1.132478254800000087e-12
6.860000000000000000e+04 5.317715497620999813e+08 5.696876330743171275e+04 8.257567503123937058e-01 5.000000000000000000e+00 5.512999999999999845e-02 2.465488551990999838e-02 9.437318790000000048e-13
6.870000000000000000e+04 5.317716497620999813e+08 5.696876446483912150e+04 8.265540001204954024e-01 3.000000000000000000e+00 3.307800000000000323e-02 1.909759220424999890e-02 5.662391274000000433e-13
6.880000000000000000e+04 5.317717497620999813e+08 5.696876562224653026e+04 8.273512499283697252e-01 9.000000000000000000e+00 9.923400000000000276e-02 3.307800000000000323e-02 1.698717382199999928e-12
6.890000000000000000e+04 5.317718497620999813e+08 5.696876677965393174e+04 8.281484997314692009e-01 1.100000000000000000e+01 1.212860000000000049e-01 3.656910493846000226e-02 2.076210133799999889e-12
6.900000000000000000e+04 5.317719497620999813e+08 5.696876793706134049e+04 8.289457495393435238e-01 8.000000000000000000e+00 8.820799999999999474e-02 3.118623747744999827e-02 1.509971006399999846e-12
6.910000000000000000e+04 5.317720497620999813e+08 5.696876909446874924e+04 8.297429993474452203e-01 5.000000000000000000e+00 5.512999999999999845e-02 2.465488551990999838e-02 9.437318790000000048e-13
6.920000000000000000e+04 5.317721497620999813e+08 5.696877025187615800e+04 8.305402491553195432e-01 1.100000000000000000e+01 1.212860000000000049e-01 3.656910493846000226e-02 2.076210133799999889e-12
6.930000000000000000e+04 5.317722497620999813e+08 5.696877140928356675e+04 8.313374989634212398e-01 8.000000000000000000e+00 8.820799999999999474e-02 3.118623747744999827e-02 1.509971006399999846e-12
6.940000000000000000e+04 5.317723497620999813e+08 5.696877256669096823e+04 8.321347487662933418e-01 8.000000000000000000e+00 8.820799999999999474e-02 3.118623747744999827e-02 1.509971006399999846e-12
6.950000000000000000e+04 5.317724497620999813e+08 5.696877372409837699e+04 8.329319985743950383e-01 6.000000000000000000e+00 6.615600000000000647e-02 2.700807390393000079e-02 1.132478254800000087e-12
6.960000000000000000e+04 5.317725497620999813e+08 5.696877488150578574e+04 8.337292483822693612e-01 2.000000000000000000e+00 2.205199999999999869e-02 1.559311873873000034e-02 3.774927515999999615e-13
6.970000000000000000e+04 5.317726497620999813e+08 5.696877603891319450e+04 8.345264981903710577e-01 5.000000000000000000e+00 5.512999999999999845e-02 2.465488551990999838e-02 9.437318790000000048e-13
6.980000000000000000e+04 5.317727497620999813e+08 5.696877719632060325e+04 8.353237479982453806e-01 6.000000000000000000e+00 6.615600000000000647e-02 2.700807390393000079e-02 1.132478254800000087e-12
6.990000000000000000e+04 5.317728497620999813e+08 5.696877835372801201e+04 8.361209978063470771e-01 3.000000000000000000e+00 3.307800000000000323e-02 1.909759220424999890e-02 5.662391274000000433e-13
7.000000000000000000e+04 5.317729497620999813e+08 5.696877951113541349e+04 8.369182476092191791e-01 1.000000000000000000e+01 1.102599999999999969e-01 3.486727348101999885e-02 1.887463758000000010e-12
7.010000000000000000e+04 5.317730497620999813e+08 5.696878066854282224e+04 8.377154974173208757e-01 6.000000000000000000e+00 6.615600000000000647e-02 2.700807390393000079e-02 1.132478254800000087e-12
7.020000000000000000e+04 5.317731497620999813e+08 5.696878182595023100e+04 8.385127472251951986e-01 3.000000000000000000e+00 3.307800000000000323e-02 1.909759220424999890e-02 5.662391274000000433e-13
7.030000000000000000e+04 5.317732497620999813e+08 5.696878298335763975e+04 8.393099970332968951e-01 9.000000000000000000e+00 9.923400000000000276e-02 3.307800000000000323e-02 1.698717382199999928e-12
7.040000000000000000e+04 5.317733497620999813e+08 5.696878414076504851e+04 8.401072468411712180e-01 2.000000000000000000e+00 2.205199999999999869e-02 1.559311873873000034e-02 3.774927515999999615e-13
7.050000000000000000e+04 5.317734497620999813e+08 5.696878529817245726e+04 8.409044966492729145e-01 6.000000000000000000e+00 6.615600000000000647e-02 2.700807390393000079e-02 1.132478254800000087e-12
7.060000000000000000e+04 5.317735497620999813e+08 5.696878645557985874e+04 8.417017464521450165e-01 5.000000000000000000e+00 5.512999999999999845e-02 2.465488551990999838e-02 9.437318790000000048e-13
7.070000000000000000e+04 5.317736497620999813e+08 5.696878761298726749e+04 8.424989962602467131e-01 6.000000000000000000e+00 6.615600000000000647e-02 2.700807390393000079e-02 1.132478254800000087e-12
7.080000000000000000e+04 5.317737497620999813e+08 5.696878877039467625e+04 8.432962460683484096e-01 5.000000000000000000e+00 5.512999999999999845e-02 2.465488551990999838e-02 9.437318790000000048e-13
7.090000000000000000e+04 5.317738497620999813e+08 5.696878992780208500e+04 8.440934958762227325e-01 7.000000000000000000e+00 7.718200000000000061e-02 2.917205395580000152e-02 1.321224630599999966e-12
7.100000000000000000e+04 5.317739497620999813e+08 5.696879108520949376e+04 8.448907456843244290e-01 1.000000000000000000e+01 1.102599999999999969e-01 3.486727348101999885e-02 1.887463758000000010e-12
7.110000000000000000e+04 5.317740497620999813e+08 5.696879224261689524e+04 8.456879954871965310e-01 1.000000000000000000e+01 1.102599999999999969e-01 3.486727348101999885e-02 1.887463758000000010e-12
7.120000000000000000e+04 5.317741497620999813e+08 5.696879340002430399e+04 8.464852452952982276e-01 1.300000000000000000e+01 1.433379999999999932e-01 3.975480836327000000e-02 2.453702885399999649e-12
7.130000000000000000e+04 5.317742497620999813e+08 5.696879455743171275e+04 8.472824951031725504e-01 7.000000000000000000e+00 7.718200000000000061e-02 2.917205395580000152e-02 1.321224630599999966e-12
7.140000000000000000e+04 5.317743497620999813e+08 5.696879571483912150e+04 8.480797449112742470e-01 8.000000000000000000e+00 8.820799999999999474e-02 3.118623747744999827e-02 1.509971006399999846e-12
7.150000000000000000e+04 5.317744497620999813e+08 5.696879687224653026e+04 8.488769947191485699e-01 1.000000000000000000e+01 1.102599999999999969e-01 3.486727348101999885e-02 1.887463758000000010e-12
7.160000000000000000e+04 5.317745497620999813e+08 5.696879802965393174e+04 8.496742445222480455e-01 4.000000000000000000e+00 4.410399999999999737e-02 2.205199999999999869e-02 7.549855031999999231e-13
7.170000000000000000e+04 5.317746497620999813e+08 5.696879918706134049e+04 8.504714943301223684e-01 1.000000000000000000e+01 1.102599999999999969e-01 3.486727348101999885e-02 1.887463758000000010e-12
7.180000000000000000e+04 5.317747497620999813e+08 5.696880034446874924e+04 8.512687441382240650e-01 3.000000000000000000e+00 3.307800000000000323e-02 1.909759220424999890e-02 5.662391274000000433e-13
7.190000000000000000e+04 5.317748497620999813e+08 5.696880150187615800e+04 8.520659939460983878e-01 1.000000000000000000e+01 1.102599999999999969e-01 3.486727348101999885e-02 1.887463758000000010e-12
7.200000000000000000e+04 5.317749497620999813e+08 5.696880265928356675e+04 8.528632437542000844e-01 8.000000000000000000e+00 8.820799999999999474e-02 3.118623747744999827e-02 1.509971006399999846e-12
7.210000000000000000e+04 5.317750497620999813e+08 5.696880381669096823e+04 8.536604935570721864e-01 8.000000000000000000e+00 8.820799999999999474e-02 3.118623747744999827e-02 1.509971006399999846e-12
7.220000000000000000e+04 5.317751497620999813e+08 5.696880497409837699e+04 8.544577433651738829e-01 3.000000000000000000e+00 3.307800000000000323e-02 1.909759220424999890e-02 5.662391274000000433e-13
7.230000000000000000e+04 5.317752497620999813e+08 5.696880613150578574e+04 8.552549931730482058e-01 2.000000000000000000e+00 2.205199999999999869e-02 1.559311873873000034e-02 3.774927515999999615e-13
7.240000000000000000e+04 5.317753497620999813e+08 5.696880728891319450e+04 8.560522429811499023e-01 9.000000000000000000e+00 9.923400000000000276e-02 3.307800000000000323e-02 1.698717382199999928e-12
7.250000000000000000e+04 5.317754497620999813e+08 5.696880844632060325e+04 8.568494927890242252e-01 3.000000000000000000e+00 3.307800000000000323e-02 1.909759220424999890e-02 5.662391274000000433e-13
7.260000000000000000e+04 5.317755497620999813e+08 5.696880960372801201e+04 8.576467425971259217e-01 8.000000000000000000e+00 8.820799999999999474e-02 3.118623747744999827e-02 1.509971006399999846e-12
7.270000000000000000e+04 5.317756497620999813e+08 5.696881076113541349e+04 8.584439923999980238e-01 4.000000000000000000e+00 4.410399999999999737e-02 2.205199999999999869e-02 7.549855031999999231e-13
7.280000000000000000e+04 5.317757497620999813e+08 5.696881191854282224e+04 8.592412422080997203e-01 5.000000000000000000e+00 5.512999999999999845e-02 2.465488551990999838e-02 9.437318790000000048e-13
7.290000000000000000e+04 5.317758497620999813e+08 5.696881307595023100e+04 8.600384920159740432e-01 1.000000000000000000e+01 1.102599999999999969e-01 3.486727348101999885e-02 1.887463758000000010e-12
7.300000000000000000e+04 5.317759497620999813e+08 5.696881423335763975e+04 8.608357418240757397e-01 6.000000000000000000e+00 6.615600000000000647e-02 2.700807390393000079e-02 1.132478254800000087e-12
7.310000000000000000e+04 5.317760497620999813e+08 5.696881539076504851e+04 8.616329916319500626e-01 5.000000000000000000e+00 5.512999999999999845e-02 2.465488551990999838e-02 9.437318790000000048e-13
7.320000000000000000e+04 5.317761497620999813e+08 5.696881654817245726e+04 8.624302414400517591e-01 7.000000000000000000e+00 7.718200000000000061e-02 2.917205395580000152e-02 1.321224630599999966e-12
7.330000000000000000e+04 5.317762497620999813e+08 5.696881770557985874e+04 8.632274912429238611e-01 8.000000000000000000e+00 8.820799999999999474e-02 3.118623747744999827e-02 1.509971006399999846e-12
7.340000000000000000e+04 5.317763497620999813e+08 5.696881886298726749e+04 8.640247410510255577e-01 7.000000000000000000e+00 7.718200000000000061e-02 2.917205395580000152e-02 1.321224630599999966e-12
7.350000000000000000e+04 5.317764497620999813e+08 5.696882002039467625e+04 8.648219908588998805e-01 3.000000000000000000e+00 3.307800000000000323e-02 1.909759220424999890e-02 5.662391274000000433e-13
7.360000000000000000e+04 5.317765497620999813e+08 5.696882117780208500e+04 8.656192406670015771e-01 1.200000000000000000e+01 1.323120000000000129e-01 3.819518440850999674e-02 2.264956509600000173e-12
7.370000000000000000e+04 5.317766497620999813e+08 5.696882233520949376e+04 8.664164904751032736e-01 4.000000000000000000e+00 4.410399999999999737e-02 2.205199999999999869e-02 7.549855031999999231e-13
7.380000000000000000e+04 5.317767497620999813e+08 5.696882349261689524e+04 8.672137402779753756e-01 5.000000000000000000e+00 5.512999999999999845e-02 2.465488551990999838e-02 9.437318790000000048e-13
7.390000000000000000e+04 5.317768497620999813e+08 5.696882465002430399e+04 8.680109900860770722e-01 8.000000000000000000e+00 8.820799999999999474e-02 3.118623747744999827e-02 1.509971006399999846e-12
7.400000000000000000e+04 5.317769497620999813e+08 5.696882580743171275e+04 8.688082398939513951e-01 4.000000000000000000e+00 4.410399999999999737e-02 2.205199999999999869e-02 7.549855031999999231e-13
7.410000000000000000e+04 5.317770497620999813e+08 5.696882696483912150e+04 8.696054897020530916e-01 3.000000000000000000e+00 3.307800000000000323e-02 1.909759220424999890e-02 5.662391274000000433e-13
7.420000000000000000e+04 5.317771497620999813e+08 5.696882812224653026e+04 8.704027395099274145e-01 7.000000000000000000e+00 7.718200000000000061e-02 2.917205395580000152e-02 1.321224630599999966e-12
7.430000000000000000e+04 5.317772497620999813e+08 5.696882927965393174e+04 8.711999893130268902e-01 8.000000000000000000e+00 8.820799999999999474e-02 3.118623747744999827e-02 1.509971006399999846e-12
7.440000000000000000e+04 5.317773497620999813e+08 5.696883043706134049e+04 8.719972391209012130e-01 1.000000000000000000e+01 1.102599999999999969e-01 3.486727348101999885e-02 1.887463758000000010e-12
7.450000000000000000e+04 5.317774497620999813e+08 5.696883159446874924e+04 8.727944889290029096e-01 1.200000000000000000e+01 1.323120000000000129e-01 3.819518440850999674e-02 2.264956509600000173e-12
7.460000000000000000e+04 5.317775497620999813e+08 5.696883275187615800e+04 8.735917387368772324e-01 8.000000000000000000e+00 8.820799999999999474e-02 3.118623747744999827e-02 1.509971006399999846e-12
7.470000000000000000e+04 5.317776497620999813e+08 5.696883390928356675e+04 8.743889885449789290e-01 1.100000000000000000e+01 1.212860000000000049e-01 3.656910493846000226e-02 2.076210133799999889e-12
7.480000000000000000e+04 5.317777497620999813e+08 5.696883506669096823e+04 8.751862383478510310e-01 1.000000000000000000e+01 1.102599999999999969e-01 3.486727348101999885e-02 1.887463758000000010e-12
7.490000000000000000e+04 5.317778497620999813e+08 5.696883622409837699e+04 8.759834881559527275e-01 9.000000000000000000e+00 9.923400000000000276e-02 3.307800000000000323e-02 1.698717382199999928e-12
7.500000000000000000e+04 5.317779497620999813e+08 5.696883738150578574e+04 8.767807379638270504e-01 1.100000000000000000e+01 1.212860000000000049e-01 3.656910493846000226e-02 2.076210133799999889e-12
7.510000000000000000e+04 5.317780497620999813e+08 5.696883853891319450e+04 8.775779877719287470e-01 7.000000000000000000e+00 7.718200000000000061e-02 2.917205395580000152e-02 1.321224630599999966e-12
7.520000000000000000e+04 5.317781497620999813e+08 5.696883969632060325e+04 8.783752375798030698e-01 5.000000000000000000e+00 5.512999999999999845e-02 2.465488551990999838e-02 9.437318790000000048e-13
7.530000000000000000e+04 5.317782497620999813e+08 5.696884085372801201e+04 8.791724873879047664e-01 6.000000000000000000e+00 6.615600000000000647e-02 2.700807390393000079e-02 1.132478254800000087e-12
7.540000000000000000e+04 5.317783497620999813e+08 5.696884201113541349e+04 8.799697371907768684e-01 7.000000000000000000e+00 7.718200000000000061e-02 2.917205395580000152e-02 1.321224630599999966e-12
7.550000000000000000e+04 5.317784497620999813e+08 5.696884316854282224e+04 8.807669869988785649e-01 9.000000000000000000e+00 9.923400000000000276e-02 3.307800000000000323e-02 1.698717382199999928e-12
7.560000000000000000e+04 5.317785497620999813e+08 5.696884432595023100e+04 8.815642368067528878e-01 5.000000000000000000e+00 5.512999999999999845e-02 2.465488551990999838e-02 9.437318790000000048e-13
7.570000000000000000e+04 5.317786497620999813e+08 5.696884548335763975e+04 8.823614866148545843e-01 1.100000000000000000e+01 1.212860000000000049e-01 3.656910493846000226e-02 2.076210133799999889e-12
7.580000000000000000e+04 5.317787497620999813e+08 5.696884664076504851e+04 8.831587364227289072e-01 5.000000000000000000e+00 5.512999999999999845e-02 2.465488551990999838e-02 9.437318790000000048e-13
7.590000000000000000e+04 5.317788497620999813e+08 5.696884779817245726e+04 8.839559862308306037e-01 9.000000000000000000e+00 9.923400000000000276e-02 3.307800000000000323e-02 1.698717382199999928e-12
7.600000000000000000e+04 5.317789497620999813e+08 5.696884895557985874e+04 8.847532360337027058e-01 1.000000000000000000e+01 1.102599999999999969e-01 3.486727348101999885e-02 1.887463758000000010e-12
7.610000000000000000e+04 5.317790497620999813e+08 5.696885011298726749e+04 8.855504858418044023e-01 8.000000000000000000e+00 8.820799999999999474e-02 3.118623747744999827e-02 1.509971006399999846e-12
7.620000000000000000e+04 5.317791497620999813e+08 5.696885127039467625e+04 8.863477356496787252e-01 6.000000000000000000e+00 6.615600000000000647e-02 2.700807390393000079e-02 1.132478254800000087e-12
7.630000000000000000e+04 5.317792497620999813e+08 5.696885242780208500e+04 8.871449854577804217e-01 5.000000000000000000e+00 5.512999999999999845e-02 2.465488551990999838e-02 9.437318790000000048e-13
7.640000000000000000e+04 5.317793497620999813e+08 5.696885358520949376e+04 8.879422352658821183e-01 1.000000000000000000e+01 1.102599999999999969e-01 3.486727348101999885e-02 1.887463758000000010e-12
7.650000000000000000e+04 5.317794497620999813e+08 5.696885474261689524e+04 8.887394850687542203e-01 9.000000000000000000e+00 9.923400000000000276e-02 3.307800000000000323e-02 1.698717382199999928e-12
7.660000000000000000e+04 5.317795497620999813e+08 5.696885590002430399e+04 8.895367348768559168e-01 7.000000000000000000e+00 7.718200000000000061e-02 2.917205395580000152e-02 1.321224630599999966e-12
7.670000000000000000e+04 5.317796497620999813e+08 5.696885705743171275e+04 8.903339846847302397e-01 8.000000000000000000e+00 8.820799999999999474e-02 3.118623747744999827e-02 1.509971006399999846e-12
7.680000000000000000e+04 5.317797497620999813e+08 5.696885821483912150e+04 8.911312344928319362e-01 8.000000000000000000e+00 8.820799999999999474e-02 3.118623747744999827e-02 1.509971006399999846e-12
7.690000000000000000e+04 5.317798497620999813e+08 5.696885937224653026e+04 8.919284843007062591e-01 1.200000000000000000e+01 1.323120000000000129e-01 3.819518440850999674e-02 2.264956509600000173e-12
7.700000000000000000e+04 5.317799497620999813e+08 5.696886052965393174e+04 8.927257341038057348e-01 6.000000000000000000e+00 6.615600000000000647e-02 2.700807390393000079e-02 1.132478254800000087e-12
7.710000000000000000e+04 5.317800497620999813e+08 5.696886168706134049e+04 8.935229839116800576e-01 8.000000000000000000e+00 8.820799999999999474e-02 3.118623747744999827e-02 1.509971006399999846e-12
7.720000000000000000e+04 5.317801497620999813e+08 5.696886284446874924e+04 8.943202337197817542e-01 9.000000000000000000e+00 9.923400000000000276e-02 3.307800000000000323e-02 1.698717382199999928e-12
7.730000000000000000e+04 5.317802497620999813e+08 5.696886400187615800e+04 8.951174835276560771e-01 1.000000000000000000e+01 1.102599999999999969e-01 3.486727348101999885e-02 1.887463758000000010e-12
7.740000000000000000e+04 5.317803497620999813e+08 5.696886515928356675e+04 8.959147333357577736e-01 1.000000000000000000e+01 1.102599999999999969e-01 3.486727348101999885e-02 1.887463758000000010e-12
7.750000000000000000e+04 5.317804497620999813e+08 5.696886631669096823e+04 8.967119831386298756e-01 9.000000000000000000e+00 9.923400000000000276e-02 3.307800000000000323e-02 1.698717382199999928e-12
7.760000000000000000e+04 5.317805497620999813e+08 5.696886747409837699e+04 8.975092329467315722e-01 7.000000000000000000e+00 7.718200000000000061e-02 2.917205395580000152e-02 1.321224630599999966e-12
7.770000000000000000e+04 5.317806497620999813e+08 5.696886863150578574e+04 8.983064827546058950e-01 2.000000000000000000e+00 2.205199999999999869e-02 1.559311873873000034e-02 3.774927515999999615e-13
7.780000000000000000e+04 5.317807497620999813e+08 5.696886978891319450e+04 8.991037325627075916e-01 5.000000000000000000e+00 5.512999999999999845e-02 2.465488551990999838e-02 9.437318790000000048e-13
7.790000000000000000e+04 5.317808497620999813e+08 5.696887094632060325e+04 8.999009823705819144e-01 6.000000000000000000e+00 6.615600000000000647e-02 2.700807390393000079e-02 1.132478254800000087e-12
7.800000000000000000e+04 5.317809497620999813e+08 5.696887210372801201e+04 9.006982321786836110e-01 1.200000000000000000e+01 1.323120000000000129e-01 3.819518440850999674e-02 2.264956509600000173e-12
7.810000000000000000e+04 5.317810497620999813e+08 5.696887326113541349e+04 9.014954819815557130e-01 8.000000000000000000e+00 8.820799999999999474e-02 3.118623747744999827e-02 1.509971006399999846e-12
7.820000000000000000e+04 5.317811497620999813e+08 5.696887441854282224e+04 9.022927317896574095e-01 1.100000000000000000e+01 1.212860000000000049e-01 3.656910493846000226e-02 2.076210133799999889e-12
7.830000000000000000e+04 5.317812497620999813e+08 5.696887557595023100e+04 9.030899815975317324e-01 8.000000000000000000e+00 8.820799999999999474e-02 3.118623747744999827e-02 1.509971006399999846e-12
7.840000000000000000e+04 5.317813497620999813e+08 5.696887673335763975e+04 9.038872314056334289e-01 8.000000000000000000e+00 8.820799999999999474e-02 3.118623747744999827e-02 1.509971006399999846e-12
7.850000000000000000e+04 5.317814497620999813e+08 5.696887789076504851e+04 9.046844812135077518e-01 1.200000000000000000e+01 1.323120000000000129e-01 3.819518440850999674e-02 2.264956509600000173e-12
7.860000000000000000e+04 5.317815497620999813e+08 5.696887904817245726e+04 9.054817310216094484e-01 5.000000000000000000e+00 5.512999999999999845e-02 2.465488551990999838e-02 9.437318790000000048e-13
7.870000000000000000e+04 5.317816497620999813e+08 5.696888020557985874e+04 9.062789808244815504e-01 8.000000000000000000e+00 8.820799999999999474e-02 3.118623747744999827e-02 1.509971006399999846e-12
7.880000000000000000e+04 5.317817497620999813e+08 5.696888136298726749e+04 9.070762306325832469e-01 7.000000000000000000e+00 7.718200000000000061e-02 2.917205395580000152e-02 1.321224630599999966e-12
7.890000000000000000e+04 5.317818497620999813e+08 5.696888252039467625e+04 9.078734804404575698e-01 3.000000000000000000e+00 3.307800000000000323e-02 1.909759220424999890e-02 5.662391274000000433e-13
7.900000000000000000e+04 5.317819497620999813e+08 5.696888367780208500e+04 9.086707302485592663e-01 4.000000000000000000e+00 4.410399999999999737e-02 2.205199999999999869e-02 7.549855031999999231e-13
7.910000000000000000e+04 5.317820497620999813e+08 5.696888483520949376e+04 9.094679800564335892e-01 1.000000000000000000e+01 1.102599999999999969e-01 3.486727348101999885e-02 1.887463758000000010e-12
7.920000000000000000e+04 5.317821497620999813e+08 5.696888599261689524e+04 9.102652298595330649e-01 6.000000000000000000e+00 6.615600000000000647e-02 2.700807390393000079e-02 1.132478254800000087e-12
7.930000000000000000e+04 5.317822497620999813e+08 5.696888715002430399e+04 9.110624796674073878e-01 6.000000000000000000e+00 6.615600000000000647e-02 2.700807390393000079e-02 1.132478254800000087e-12
7.940000000000000000e+04 5.317823497620999813e+08 5.696888830743171275e+04 9.118597294755090843e-01 7.000000000000000000e+00 7.718200000000000061e-02 2.917205395580000152e-02 1.321224630599999966e-12
7.950000000000000000e+04 5.317824497620999813e+08 5.696888946483912150e+04 9.126569792836107808e-01 5.000000000000000000e+00 5.512999999999999845e-02 2.465488551990999838e-02 9.437318790000000048e-13
7.960000000000000000e+04 5.317825497620999813e+08 5.696889062224653026e+04 9.134542290914851037e-01 8.000000000000000000e+00 8.820799999999999474e-02 3.118623747744999827e-02 1.509971006399999846e-12
7.970000000000000000e+04 5.317826497620999813e+08 5.696889177965393174e+04 9.142514788945845794e-01 5.000000000000000000e+00 5.512999999999999845e-02 2.465488551990999838e-02 9.437318790000000048e-13
7.980000000000000000e+04 5.317827497620999813e+08 5.696889293706134049e+04 9.150487287024589023e-01 5.000000000000000000e+00 5.512999999999999845e-02 2.465488551990999838e-02 9.437318790000000048e-13
7.990000000000000000e+04 5.317828497620999813e+08 5.696889409446874924e+04 9.158459785105605988e-01 1.000000000000000000e+01 1.102599999999999969e-01 3.486727348101999885e-02 1.887463758000000010e-12
8.000000000000000000e+04 5.317829497620999813e+08 5.696889525187615800e+04 9.166432283184349217e-01 2.000000000000000000e+00 2.205199999999999869e-02 1.559311873873000034e-02 3.774927515999999615e-13
8.010000000000000000e+04 5.317830497620999813e+08 5.696889640928356675e+04 9.174404781265366182e-01 8.000000000000000000e+00 8.820799999999999474e-02 3.118623747744999827e-02 1.509971006399999846e-12
8.020000000000000000e+04 5.317831497620999813e+08 5.696889756669096823e+04 9.182377279294087202e-01 7.000000000000000000e+00 7.718200000000000061e-02 2.917205395580000152e-02 1.321224630599999966e-12
8.030000000000000000e+04 5.317832497620999813e+08 5.696889872409837699e+04 9.190349777375104168e-01 7.000000000000000000e+00 7.718200000000000061e-02 2.917205395580000152e-02 1.321224630599999966e-12
8.040000000000000000e+04 5.317833497620999813e+08 5.696889988150578574e+04 9.198322275453847396e-01 8.000000000000000000e+00 8.820799999999999474e-02 3.118623747744999827e-02 1.509971006399999846e-12
8.050000000000000000e+04 5.317834497620999813e+08 5.696890103891319450e+04 9.206294773534864362e-01 1.100000000000000000e+01 1.212860000000000049e-01 3.656910493846000226e-02 2.076210133799999889e-12
8.060000000000000000e+04 5.317835497620999813e+08 5.696890219632060325e+04 9.214267271613607591e-01 7.000000000000000000e+00 7.718200000000000061e-02 2.917205395580000152e-02 1.321224630599999966e-12
8.070000000000000000e+04 5.317836497620999813e+08 5.696890335372801201e+04 9.222239769694624556e-01 8.000000000000000000e+00 8.820799999999999474e-02 3.118623747744999827e-02 1.509971006399999846e-12
8.080000000000000000e+04 5.317837497620999813e+08 5.696890451113541349e+04 9.230212267723345576e-01 7.000000000000000000e+00 7.718200000000000061e-02 2.917205395580000152e-02 1.321224630599999966e-12
8.090000000000000000e+04 5.317838497620999813e+08 5.696890566854282224e+04 9.238184765804362542e-01 5.000000000000000000e+00 5.512999999999999845e-02 2.465488551990999838e-02 9.437318790000000048e-13
8.100000000000000000e+04 5.317839497620999813e+08 5.696890682595023100e+04 9.246157263883105770e-01 5.000000000000000000e+00 5.512999999999999845e-02 2.465488551990999838e-02 9.437318790000000048e-13
8.110000000000000000e+04 5.317840497620999813e+08 5.696890798335763975e+04 9.254129761964122736e-01 3.000000000000000000e+00 3.307800000000000323e-02 1.909759220424999890e-02 5.662391274000000433e-13
8.120000000000000000e+04 5.317841497620999813e+08 5.696890914076504851e+04 9.262102260042865964e-01 7.000000000000000000e+00 7.718200000000000061e-02 2.917205395580000152e-02 1.321224630599999966e-12
8.130000000000000000e+04 5.317842497620999813e+08 5.696891029817245726e+04 9.270074758123882930e-01 7.000000000000000000e+00 7.718200000000000061e-02 2.917205395580000152e-02 1.321224630599999966e-12
8.140000000000000000e+04 5.317843497620999813e+08 5.696891145557985874e+04 9.278047256152603950e-01 7.000000000000000000e+00 7.718200000000000061e-02 2.917205395580000152e-02 1.321224630599999966e-12
8.150000000000000000e+04 5.317844497620999813e+08 5.696891261298726749e+04 9.286019754233620915e-01 4.000000000000000000e+00 4.410399999999999737e-02 2.205199999999999869e-02 7.549855031999999231e-13
8.160000000000000000e+04 5.317845497620999813e+08 5.696891377039467625e+04 9.293992252312364144e-01 5.000000000000000000e+00 5.512999999999999845e-02 2.465488551990999838e-02 9.437318790000000048e-13
8.170000000000000000e+04 5.317846497620999813e+08 5.696891492780208500e+04 9.301964750393381109e-01 5.000000000000000000e+00 5.512999999999999845e-02 2.465488551990999838e-02 9.437318790000000048e-13
8.180000000000000000e+04 5.317847497620999813e+08 5.696891608520949376e+04 9.309937248472124338e-01 7.000000000000000000e+00 7.718200000000000061e-02 2.917205395580000152e-02 1.321224630599999966e-12
8.190000000000000000e+04 5.317848497620999813e+08 5.696891724261689524e+04 9.317909746503119095e-01 7.000000000000000000e+00 7.718200000000000061e-02 2.917205395580000152e-02 1.321224630599999966e-12
8.200000000000000000e+04 5.317849497620999813e+08 5.696891840002430399e+04 9.325882244581862324e-01 6.000000000000000000e+00 6.615600000000000647e-02 2.700807390393000079e-02 1.132478254800000087e-12
8.210000000000000000e+04 5.317850497620999813e+08 5.696891955743171275e+04 9.333854742662879289e-01 4.000000000000000000e+00 4.410399999999999737e-02 2.205199999999999869e-02 7.549855031999999231e-13
8.220000000000000000e+04 5.317851497620999813e+08 5.696892071483912150e+04 9.341827240741622518e-01 7.000000000000000000e+00 7.718200000000000061e-02 2.917205395580000152e-02 1.321224630599999966e-12
8.230000000000000000e+04 5.317852497620999813e+08 5.696892187224653026e+04 9.349799738822639483e-01 4.000000000000000000e+00 4.410399999999999737e-02 2.205199999999999869e-02 7.549855031999999231e-13
8.240000000000000000e+04 5.317853497620999813e+08 5.696892302965393174e+04 9.357772236851360503e-01 7.000000000000000000e+00 7.718200000000000061e-02 2.917205395580000152e-02 1.321224630599999966e-12
8.250000000000000000e+04 5.317854497620999813e+08 5.696892418706134049e+04 9.365744734932377469e-01 1.100000000000000000e+01 1.212860000000000049e-01 3.656910493846000226e-02 2.076210133799999889e-12
8.260000000000000000e+04 5.317855497620999813e+08 5.696892534446874924e+04 9.373717233013394434e-01 1.400000000000000000e+01 1.543640000000000012e-01 4.125551434657000194e-02 2.642449261199999933e-12
8.270000000000000000e+04 5.317856497620999813e+08 5.696892650187615800e+04 9.381689731092137663e-01 3.000000000000000000e+00 3.307800000000000323e-02 1.909759220424999890e-02 5.662391274000000433e-13
8.280000000000000000e+04 5.317857497620999813e+08 5.696892765928356675e+04 9.389662229173154628e-01 6.000000000000000000e+00 6.615600000000000647e-02 2.700807390393000079e-02 1.132478254800000087e-12
8.290000000000000000e+04 5.317858497620999813e+08 5.696892881669096823e+04 9.397634727201875648e-01 2.000000000000000000e+00 2.205199999999999869e-02 1.559311873873000034e-02 3.774927515999999615e-13
8.300000000000000000e+04 5.317859497620999813e+08 5.696892997409837699e+04 9.405607225282892614e-01 3.000000000000000000e+00 3.307800000000000323e-02 1.909759220424999890e-02 5.662391274000000433e-13
8.310000000000000000e+04 5.317860497620999813e+08 5.696893113150578574e+04 9.413579723361635843e-01 7.000000000000000000e+00 7.718200000000000061e-02 2.917205395580000152e-02 1.321224630599999966e-12
8.320000000000000000e+04 5.317861497620999813e+08 5.696893228891319450e+04 9.421552221442652808e-01 9.000000000000000000e+00 9.923400000000000276e-02 3.307800000000000323e-02 1.698717382199999928e-12
8.330000000000000000e+04 5.317862497620999813e+08 5.696893344632060325e+04 9.429524719521396037e-01 8.000000000000000000e+00 8.820799999999999474e-02 3.118623747744999827e-02 1.509971006399999846e-12
8.340000000000000000e+04 5.317863497620999813e+08 5.696893460372801201e+04 9.437497217602413002e-01 5.000000000000000000e+00 5.512999999999999845e-02 2.465488551990999838e-02 9.437318790000000048e-13
8.350000000000000000e+04 5.317864497620999813e+08 5.696893576113541349e+04 9.445469715631134022e-01 8.000000000000000000e+00 8.820799999999999474e-02 3.118623747744999827e-02 1.509971006399999846e-12
8.360000000000000000e+04 5.317865497620999813e+08 5.696893691854282224e+04 9.453442213712150988e-01 1.000000000000000000e+01 1.102599999999999969e-01 3.486727348101999885e-02 1.887463758000000010e-12
8.370000000000000000e+04 5.317866497620999813e+08 5.696893807595023100e+04 9.461414711790894216e-01 1.000000000000000000e+01 1.102599999999999969e-01 3.486727348101999885e-02 1.887463758000000010e-12
8.380000000000000000e+04 5.317867497620999813e+08 5.696893923335763975e+04 9.469387209871911182e-01 6.000000000000000000e+00 6.615600000000000647e-02 2.700807390393000079e-02 1.132478254800000087e-12
8.390000000000000000e+04 5.317868497620999813e+08 5.696894039076504851e+04 9.477359707950654411e-01 8.000000000000000000e+00 8.820799999999999474e-02 3.118623747744999827e-02 1.509971006399999846e-12
8.400000000000000000e+04 5.317869497620999813e+08 5.696894154817245726e+04 9.485332206031671376e-01 5.000000000000000000e+00 5.512999999999999845e-02 2.465488551990999838e-02 9.437318790000000048e-13
8.410000000000000000e+04 5.317870497620999813e+08 5.696894270557985874e+04 9.493304704060392396e-01 8.000000000000000000e+00 8.820799999999999474e-02 3.118623747744999827e-02 1.509971006399999846e-12
8.420000000000000000e+04 5.317871497620999813e+08 5.696894386298726749e+04 9.501277202141409362e-01 1.000000000000000000e+01 1.102599999999999969e-01 3.486727348101999885e-02 1.887463758000000010e-12
8.430000000000000000e+04 5.317872497620999813e+08 5.696894502039467625e+04 9.509249700220152590e-01 6.000000000000000000e+00 6.615600000000000647e-02 2.700807390393000079e-02 1.132478254800000087e-12
8.440000000000000000e+04 5.317873497620999813e+08 5.696894617780208500e+04 9.517222198301169556e-01 7.000000000000000000e+00 7.718200000000000061e-02 2.917205395580000152e-02 1.321224630599999966e-12
8.450000000000000000e+04 5.317874497620999813e+08 5.696894733520949376e+04 9.525194696379912784e-01 6.000000000000000000e+00 6.615600000000000647e-02 2.700807390393000079e-02 1.132478254800000087e-12
8.460000000000000000e+04 5.317875497620999813e+08 5.696894849261689524e+04 9.533167194410907541e-01 1.100000000000000000e+01 1.212860000000000049e-01 3.656910493846000226e-02 2.076210133799999889e-12
8.470000000000000000e+04 5.317876497620999813e+08 5.696894965002430399e+04 9.541139692489650770e-01 1.000000000000000000e+01 1.102599999999999969e-01 3.486727348101999885e-02 1.887463758000000010e-12
8.480000000000000000e+04 5.317877497620999813e+08 5.696895080743171275e+04 9.549112190570667735e-01 1.100000000000000000e+01 1.212860000000000049e-01 3.656910493846000226e-02 2.076210133799999889e-12
8.490000000000000000e+04 5.317878497620999813e+08 5.696895196483912150e+04 9.557084688649410964e-01 8.000000000000000000e+00 8.820799999999999474e-02 3.118623747744999827e-02 1.509971006399999846e-12
8.500000000000000000e+04 5.317879497620999813e+08 5.696895312224653026e+04 9.565057186730427929e-01 8.000000000000000000e+00 8.820799999999999474e-02 3.118623747744999827e-02 1.509971006399999846e-12
8.510000000000000000e+04 5.317880497620999813e+08 5.696895427965393174e+04 9.573029684759148950e-01 1.200000000000000000e+01 1.323120000000000129e-01 3.819518440850999674e-02 2.264956509600000173e-12
8.520000000000000000e+04 5.317881497620999813e+08 5.696895543706134049e+04 9.581002182840165915e-01 8.000000000000000000e+00 8.820799999999999474e-02 3.118623747744999827e-02 1.509971006399999846e-12
8.530000000000000000e+04 5.317882497620999813e+08 5.696895659446874924e+04 9.588974680918909144e-01 1.000000000000000000e+01 1.102599999999999969e-01 3.486727348101999885e-02 1.887463758000000010e-12
8.540000000000000000e+04 5.317883497620999813e+08 5.696895775187615800e+04 9.596947178999926109e-01 8.000000000000000000e+00 8.820799999999999474e-02 3.118623747744999827e-02 1.509971006399999846e-12
8.550000000000000000e+04 5.317884497620999813e+08 5.696895890928356675e+04 9.604919677080943075e-01 1.000000000000000000e+01 1.102599999999999969e-01 3.486727348101999885e-02 1.887463758000000010e-12
8.560000000000000000e+04 5.317885497620999813e+08 5.696896006669096823e+04 9.612892175109664095e-01 8.000000000000000000e+00 8.820799999999999474e-02 3.118623747744999827e-02 1.509971006399999846e-12
8.570000000000000000e+04 5.317886497620999813e+08 5.696896122409837699e+04 9.620864673190681060e-01 1.100000000000000000e+01 1.212860000000000049e-01 3.656910493846000226e-02 2.076210133799999889e-12
8.580000000000000000e+04 5.317887497620999813e+08 5.696896238150578574e+04 9.628837171269424289e-01 1.300000000000000000e+01 1.433379999999999932e-01 3.975480836327000000e-02 2.453702885399999649e-12
8.590000000000000000e+04 5.317888497620999813e+08 5.696896353891319450e+04 9.636809669350441254e-01 9.000000000000000000e+00 9.923400000000000276e-02 3.307800000000000323e-02 1.698717382199999928e-12
8.600000000000000000e+04 5.317889497620999813e+08 5.696896469632060325e+04 9.644782167429184483e-01 6.000000000000000000e+00 6.615600000000000647e-02 2.700807390393000079e-02 1.132478254800000087e-12
8.610000000000000000e+04 5.317890497620999813e+08 5.696896585372801201e+04 9.652754665510201448e-01 1.000000000000000000e+01 1.102599999999999969e-01 3.486727348101999885e-02 1.887463758000000010e-12
8.620000000000000000e+04 5.317891497620999813e+08 5.696896701113541349e+04 9.660727163538922468e-01 6.000000000000000000e+00 6.615600000000000647e-02 2.700807390393000079e-02 1.132478254800000087e-12
8.630000000000000000e+04 5.317892497620999813e+08 5.696896816854282224e+04 9.668699661619939434e-01 6.000000000000000000e+00 6.615600000000000647e-02 2.700807390393000079e-02 1.132478254800000087e-12
8.640000000000000000e+04 5.317893497620999813e+08 5.696896932595023100e+04 9.676672159698682663e-01 5.000000000000000000e+00 5.512999999999999845e-02 2.465488551990999838e-02 9.437318790000000048e-13
8.650000000000000000e+04 5.317894497620999813e+08 5.696897048335763975e+04 9.684644657779699628e-01 1.000000000000000000e+01 1.102599999999999969e-01 3.486727348101999885e-02 1.887463758000000010e-12
8.660000000000000000e+04 5.317895497620999813e+08 5.696897164076504851e+04 9.692617155858442857e-01 5.000000000000000000e+00 5.512999999999999845e-02 2.465488551990999838e-02 9.437318790000000048e-13
8.670000000000000000e+04 5.317896497620999813e+08 5.696897279817245726e+04 9.700589653939459822e-01 8.000000000000000000e+00 8.820799999999999474e-02 3.118623747744999827e-02 1.509971006399999846e-12
8.680000000000000000e+04 5.317897497620999813e+08 5.696897395557985874e+04 9.708562151968180842e-01 7.000000000000000000e+00 7.718200000000000061e-02 2.917205395580000152e-02 1.321224630599999966e-12
8.690000000000000000e+04 5.317898497620999813e+08 5.696897511298726749e+04 9.716534650049197808e-01 9.000000000000000000e+00 9.923400000000000276e-02 3.307800000000000323e-02 1.698717382199999928e-12
8.700000000000000000e+04 5.317899497620999813e+08 5.696897627039467625e+04 9.724507148127941036e-01 5.000000000000000000e+00 5.512999999999999845e-02 2.465488551990999838e-02 9.437318790000000048e-13
8.710000000000000000e+04 5.317900497620999813e+08 5.696897742780208500e+04 9.732479646208958002e-01 9.000000000000000000e+00 9.923400000000000276e-02 3.307800000000000323e-02 1.698717382199999928e-12
8.720000000000000000e+04 5.317901497620999813e+08 5.696897858520949376e+04 9.740452144287701230e-01 6.000000000000000000e+00 6.615600000000000647e-02 2.700807390393000079e-02 1.132478254800000087e-12
8.730000000000000000e+04 5.317902497620999813e+08 5.696897974261689524e+04 9.748424642318695987e-01 1.200000000000000000e+01 1.323120000000000129e-01 3.819518440850999674e-02 2.264956509600000173e-12
8.740000000000000000e+04 5.317903497620999813e+08 5.696898090002430399e+04 9.756397140397439216e-01 9.000000000000000000e+00 9.923400000000000276e-02 3.307800000000000323e-02 1.698717382199999928e-12
8.750000000000000000e+04 5.317904497620999813e+08 5.696898205743171275e+04 9.764369638478456181e-01 1.200000000000000000e+01 1.323120000000000129e-01 3.819518440850999674e-02 2.264956509600000173e-12
8.760000000000000000e+04 5.317905497620999813e+08 5.696898321483912150e+04 9.772342136557199410e-01 8.000000000000000000e+00 8.820799999999999474e-02 3.118623747744999827e-02 1.509971006399999846e-12
8.770000000000000000e+04 5.317906497620999813e+08 5.696898437224653026e+04 9.780314634638216376e-01 7.000000000000000000e+00 7.718200000000000061e-02 2.917205395580000152e-02 1.321224630599999966e-12
8.780000000000000000e+04 5.317907497620999813e+08 5.696898552965393174e+04 9.788287132666937396e-01 9.000000000000000000e+00 9.923400000000000276e-02 3.307800000000000323e-02 1.698717382199999928e-12
8.790000000000000000e+04 5.317908497620999813e+08 5.696898668706134049e+04 9.796259630747954361e-01 9.000000000000000000e+00 9.923400000000000276e-02 3.307800000000000323e-02 1.698717382199999928e-12
8.800000000000000000e+04 5.317909497620999813e+08 5.696898784446874924e+04 9.804232128826697590e-01 1.200000000000000000e+01 1.323120000000000129e-01 3.819518440850999674e-02 2.264956509600000173e-12
8.810000000000000000e+04 5.317910497620999813e+08 5.696898900187615800e+04 9.812204626907714555e-01 9.000000000000000000e+00 9.923400000000000276e-02 3.307800000000000323e-02 1.698717382199999928e-12
8.820000000000000000e+04 5.317911497620999813e+08 5.696899015928356675e+04 9.820177124988731521e-01 4.000000000000000000e+00 4.410399999999999737e-02 2.205199999999999869e-02 7.549855031999999231e-13
8.830000000000000000e+04 5.317912497620999813e+08 5.696899131669096823e+04 9.828149623017452541e-01 8.000000000000000000e+00 8.820799999999999474e-02 3.118623747744999827e-02 1.509971006399999846e-12
8.840000000000000000e+04 5.317913497620999813e+08 5.696899247409837699e+04 9.836122121098469506e-01 6.000000000000000000e+00 6.615600000000000647e-02 2.700807390393000079e-02 1.132478254800000087e-12
8.850000000000000000e+04 5.317914497620999813e+08 5.696899363150578574e+04 9.844094619177212735e-01 6.000000000000000000e+00 6.615600000000000647e-02 2.700807390393000079e-02 1.132478254800000087e-12
8.860000000000000000e+04 5.317915497620999813e+08 5.696899478891319450e+04 9.852067117258229700e-01 3.000000000000000000e+00 3.307800000000000323e-02 1.909759220424999890e-02 5.662391274000000433e-13
8.870000000000000000e+04 5.317916497620999813e+08 5.696899594632060325e+04 9.860039615336972929e-01 7.000000000000000000e+00 7.718200000000000061e-02 2.917205395580000152e-02 1.321224630599999966e-12
8.880000000000000000e+04 5.317917497620999813e+08 5.696899710372801201e+04 9.868012113417989895e-01 5.000000000000000000e+00 5.512999999999999845e-02 2.465488551990999838e-02 9.437318790000000048e-13
8.890000000000000000e+04 5.317918497620999813e+08 5.696899826113541349e+04 9.875984611446710915e-01 6.000000000000000000e+00 6.615600000000000647e-02 2.700807390393000079e-02 1.132478254800000087e-12
8.900000000000000000e+04 5.317919497620999813e+08 5.696899941854282224e+04 9.883957109527727880e-01 8.000000000000000000e+00 8.820799999999999474e-02 3.118623747744999827e-02 1.509971006399999846e-12
8.910000000000000000e+04 5.317920497620999813e+08 5.696900057595023100e+04 9.891929607606471109e-01 5.000000000000000000e+00 5.512999999999999845e-02 2.465488551990999838e-02 9.437318790000000048e-13
8.920000000000000000e+04 5.317921497620999813e+08 5.696900173335763975e+04 9.899902105687488074e-01 1.200000000000000000e+01 1.323120000000000129e-01 3.819518440850999674e-02 2.264956509600000173e-12
8.930000000000000000e+04 5.317922497620999813e+08 5.696900289076504851e+04 9.907874603766231303e-01 8.000000000000000000e+00 8.820799999999999474e-02 3.118623747744999827e-02 1.509971006399999846e-12
8.940000000000000000e+04 5.317923497620999813e+08 5.696900404817245726e+04 9.915847101847248268e-01 6.000000000000000000e+00 6.615600000000000647e-02 2.700807390393000079e-02 1.132478254800000087e-12
8.950000000000000000e+04 5.317924497620999813e+08 5.696900520557985874e+04 9.923819599875969288e-01 1.100000000000000000e+01 1.212860000000000049e-01 3.656910493846000226e-02 2.076210133799999889e-12
8.960000000000000000e+04 5.317925497620999813e+08 5.696900636298726749e+04 9.931792097956986254e-01 6.000000000000000000e+00 6.615600000000000647e-02 2.700807390393000079e-02 1.132478254800000087e-12
8.970000000000000000e+04 5.317926497620999813e+08 5.696900752039467625e+04 9.939764596035729483e-01 1.600000000000000000e+01 1.764159999999999895e-01 4.410399999999999737e-02 3.019942012799999692e-12
8.980000000000000000e+04 5.317927497620999813e+08 5.696900867780208500e+04 9.947737094116746448e-01 9.000000000000000000e+00 9.923400000000000276e-02 3.307800000000000323e-02 1.698717382199999928e-12
8.990000000000000000e+04 5.317928497620999813e+08 5.696900983520949376e+04 9.955709592195489677e-01 7.000000000000000000e+00 7.718200000000000061e-02 2.917205395580000152e-02 1.321224630599999966e-12
9.000000000000000000e+04 5.317929497620999813e+08 5.696901099261689524e+04 9.963682090226484434e-01 7.000000000000000000e+00 7.718200000000000061e-02 2.917205395580000152e-02 1.321224630599999966e-12
9.010000000000000000e+04 5.317930497620999813e+08 5.696901215002430399e+04 9.971654588305227662e-01 1.300000000000000000e+01 1.433379999999999932e-01 3.975480836327000000e-02 2.453702885399999649e-12
9.020000000000000000e+04 5.317931497620999813e+08 5.696901330743171275e+04 9.979627086386244628e-01 9.000000000000000000e+00 9.923400000000000276e-02 3.307800000000000323e-02 1.698717382199999928e-12
9.030000000000000000e+04 5.317932497620999813e+08 5.696901446483912150e+04 9.987599584464987856e-01 5.000000000000000000e+00 5.512999999999999845e-02 2.465488551990999838e-02 9.437318790000000048e-13
9.040000000000000000e+04 5.317933497620999813e+08 5.696901562224653026e+04 9.995572082546004822e-01 9.000000000000000000e+00 9.923400000000000276e-02 3.307800000000000323e-02 1.698717382199999928e-12
9.050000000000000000e+04 5.317934497620999813e+08 5.696901677965393174e+04 3.544580574725841871e-04 3.000000000000000000e+00 3.307800000000000323e-02 1.909759220424999890e-02 5.662391274000000433e-13
9.060000000000000000e+04 5.317935497620999813e+08 5.696901793706134049e+04 1.151707865574280731e-03 8.000000000000000000e+00 8.820799999999999474e-02 3.118623747744999827e-02 1.509971006399999846e-12
9.070000000000000000e+04 5.317936497620999813e+08 5.696901909446874924e+04 1.948957673448603600e-03 7.000000000000000000e+00 7.718200000000000061e-02 2.917205395580000152e-02 1.321224630599999966e-12
9.080000000000000000e+04 5.317937497620999813e+08 5.696902025187615800e+04 2.746207481550300145e-03 4.000000000000000000e+00 4.410399999999999737e-02 2.205199999999999869e-02 7.549855031999999231e-13
9.090000000000000000e+04 5.317938497620999813e+08 5.696902140928356675e+04 3.543457289424623013e-03 8.000000000000000000e+00 8.820799999999999474e-02 3.118623747744999827e-02 1.509971006399999846e-12
9.100000000000000000e+04 5.317939497620999813e+08 5.696902256669096823e+04 4.340707092524098698e-03 2.000000000000000000e+00 2.205199999999999869e-02 1.559311873873000034e-02 3.774927515999999615e-13
9.110000000000000000e+04 5.317940497620999813e+08 5.696902372409837699e+04 5.137956900398421567e-03 3.000000000000000000e+00 3.307800000000000323e-02 1.909759220424999890e-02 5.662391274000000433e-13
9.120000000000000000e+04 5.317941497620999813e+08 5.696902488150578574e+04 5.935206708500118111e-03 4.000000000000000000e+00 4.410399999999999737e-02 2.205199999999999869e-02 7.549855031999999231e-13
9.130000000000000000e+04 5.317942497620999813e+08 5.696902603891319450e+04 6.732456516601814656e-03 1.000000000000000000e+00 1.102599999999999934e-02 1.102599999999999934e-02 1.887463757999999808e-13
9.140000000000000000e+04 5.317943497620999813e+08 5.696902719632060325e+04 7.529706324476137524e-03 6.000000000000000000e+00 6.615600000000000647e-02 2.700807390393000079e-02 1.132478254800000087e-12
9.150000000000000000e+04 5.317944497620999813e+08 5.696902835372801201e+04 8.326956132577834069e-03 3.000000000000000000e+00 3.307800000000000323e-02 1.909759220424999890e-02 5.662391274000000433e-13
9.160000000000000000e+04 5.317945497620999813e+08 5.696902951113541349e+04 9.124205935449936078e-03 6.000000000000000000e+00 6.615600000000000647e-02 2.700807390393000079e-02 1.132478254800000087e-12
9.170000000000000000e+04 5.317946497620999813e+08 5.696903066854282224e+04 9.921455743551632622e-03 7.000000000000000000e+00 7.718200000000000061e-02 2.917205395580000152e-02 1.321224630599999966e-12
9.180000000000000000e+04 5.317947497620999813e+08 5.696903182595023100e+04 1.071870555142595549e-02 8.000000000000000000e+00 8.820799999999999474e-02 3.118623747744999827e-02 1.509971006399999846e-12
9.190000000000000000e+04 5.317948497620999813e+08 5.696903298335763975e+04 1.151595535952765204e-02 8.000000000000000000e+00 8.820799999999999474e-02 3.118623747744999827e-02 1.509971006399999846e-12
9.200000000000000000e+04 5.317949497620999813e+08 5.696903414076504851e+04 1.231320516740197490e-02 2.000000000000000000e+00 2.205199999999999869e-02 1.559311873873000034e-02 3.774927515999999615e-13
9.210000000000000000e+04 5.317950497620999813e+08 5.696903529817245726e+04 1.311045497550367145e-02 5.000000000000000000e+00 5.512999999999999845e-02 2.465488551990999838e-02 9.437318790000000048e-13
9.220000000000000000e+04 5.317951497620999813e+08 5.696903645557985874e+04 1.390770477837577346e-02 6.000000000000000000e+00 6.615600000000000647e-02 2.700807390393000079e-02 1.132478254800000087e-12
9.230000000000000000e+04 5.317952497620999813e+08 5.696903761298726749e+04 1.470495458647747000e-02 6.000000000000000000e+00 6.615600000000000647e-02 2.700807390393000079e-02 1.132478254800000087e-12
9.240000000000000000e+04 5.317953497620999813e+08 5.696903877039467625e+04 1.550220439435179287e-02 7.000000000000000000e+00 7.718200000000000061e-02 2.917205395580000152e-02 1.321224630599999966e-12
9.250000000000000000e+04 5.317954497620999813e+08 5.696903992780208500e+04 1.629945420245348942e-02 4.000000000000000000e+00 4.410399999999999737e-02 2.205199999999999869e-02 7.549855031999999231e-13
9.260000000000000000e+04 5.317955497620999813e+08 5.696904108520949376e+04 1.709670401032781228e-02 5.000000000000000000e+00 5.512999999999999845e-02 2.465488551990999838e-02 9.437318790000000048e-13
9.270000000000000000e+04 5.317956497620999813e+08 5.696904224261689524e+04 1.789395381342728797e-02 9.000000000000000000e+00 9.923400000000000276e-02 3.307800000000000323e-02 1.698717382199999928e-12
9.280000000000000000e+04 5.317957497620999813e+08 5.696904340002430399e+04 1.869120362130161084e-02 1.000000000000000000e+01 1.102599999999999969e-01 3.486727348101999885e-02 1.887463758000000010e-12
9.290000000000000000e+04 5.317958497620999813e+08 5.696904455743171275e+04 1.948845342940330738e-02 4.000000000000000000e+00 4.410399999999999737e-02 2.205199999999999869e-02 7.549855031999999231e-13
9.300000000000000000e+04 5.317959497620999813e+08 5.696904571483912150e+04 2.028570323727763025e-02 5.000000000000000000e+00 5.512999999999999845e-02 2.465488551990999838e-02 9.437318790000000048e-13
9.310000000000000000e+04 5.317960497620999813e+08 5.696904687224653026e+04 2.108295304537932680e-02 7.000000000000000000e+00 7.718200000000000061e-02 2.917205395580000152e-02 1.321224630599999966e-12
9.320000000000000000e+04 5.317961497620999813e+08 5.696904802965393174e+04 2.188020284825142880e-02 6.000000000000000000e+00 6.615600000000000647e-02 2.700807390393000079e-02 1.132478254800000087e-12
9.330000000000000000e+04 5.317962497620999813e+08 5.696904918706134049e+04 2.267745265635312535e-02 1.100000000000000000e+01 1.212860000000000049e-01 3.656910493846000226e-02 2.076210133799999889e-12
9.340000000000000000e+04 5.317963497620999813e+08 5.696905034446874924e+04 2.347470246422744822e-02 1.400000000000000000e+01 1.543640000000000012e-01 4.125551434657000194e-02 2.642449261199999933e-12
9.350000000000000000e+04 5.317964497620999813e+08 5.696905150187615800e+04 2.427195227232914476e-02 6.000000000000000000e+00 6.615600000000000647e-02 2.700807390393000079e-02 1.132478254800000087e-12
9.360000000000000000e+04 5.317965497620999813e+08 5.696905265928356675e+04 2.506920208020346763e-02 7.000000000000000000e+00 7.718200000000000061e-02 2.917205395580000152e-02 1.321224630599999966e-12
9.370000000000000000e+04 5.317966497620999813e+08 5.696905381669096823e+04 2.586645188330294332e-02 3.000000000000000000e+00 3.307800000000000323e-02 1.909759220424999890e-02 5.662391274000000433e-13
9.380000000000000000e+04 5.317967497620999813e+08 5.696905497409837699e+04 2.666370169117726618e-02 1.100000000000000000e+01 1.212860000000000049e-01 3.656910493846000226e-02 2.076210133799999889e-12
9.390000000000000000e+04 5.317968497620999813e+08 5.696905613150578574e+04 2.746095149927896273e-02 7.000000000000000000e+00 7.718200000000000061e-02 2.917205395580000152e-02 1.321224630599999966e-12
9.400000000000000000e+04 5.317969497620999813e+08 5.696905728891319450e+04 2.825820130715328560e-02 7.000000000000000000e+00 7.718200000000000061e-02 2.917205395580000152e-02 1.321224630599999966e-12
9.410000000000000000e+04 5.317970497620999813e+08 5.696905844632060325e+04 2.905545111525498214e-02 1.500000000000000000e+01 1.653900000000000092e-01 4.270351437527999949e-02 2.831195636999999812e-12
9.420000000000000000e+04 5.317971497620999813e+08 5.696905960372801201e+04 2.985270092335667869e-02 1.000000000000000000e+01 1.102599999999999969e-01 3.486727348101999885e-02 1.887463758000000010e-12
9.430000000000000000e+04 5.317972497620999813e+08 5.696906076113541349e+04 3.064995072622878070e-02 8.000000000000000000e+00 8.820799999999999474e-02 3.118623747744999827e-02 1.509971006399999846e-12
9.440000000000000000e+04 5.317973497620999813e+08 5.696906191854282224e+04 3.144720053433047724e-02 7.000000000000000000e+00 7.718200000000000061e-02 2.917205395580000152e-02 1.321224630599999966e-12
9.450000000000000000e+04 5.317974497620999813e+08 5.696906307595023100e+04 3.224445034220480011e-02 1.200000000000000000e+01 1.323120000000000129e-01 3.819518440850999674e-02 2.264956509600000173e-12
9.460000000000000000e+04 5.317975497620999813e+08 5.696906423335763975e+04 3.304170015030649665e-02 1.500000000000000000e+01 1.653900000000000092e-01 4.270351437527999949e-02 2.831195636999999812e-12
9.470000000000000000e+04 5.317976497620999813e+08 5.696906539076504851e+04 3.383894995818081952e-02 8.000000000000000000e+00 8.820799999999999474e-02 3.118623747744999827e-02 1.509971006399999846e-12
9.480000000000000000e+04 5.317977497620999813e+08 5.696906654817245726e+04 3.463619976628251607e-02 9.000000000000000000e+00 9.923400000000000276e-02 3.307800000000000323e-02 1.698717382199999928e-12
9.490000000000000000e+04 5.317978497620999813e+08 5.696906770557985874e+04 3.543344956915461808e-02 7.000000000000000000e+00 7.718200000000000061e-02 2.917205395580000152e-02 1.321224630599999966e-12
9.500000000000000000e+04 5.317979497620999813e+08 5.696906886298726749e+04 3.623069937725631462e-02 1.400000000000000000e+01 1.543640000000000012e-01 4.125551434657000194e-02 2.642449261199999933e-12
9.510000000000000000e+04 5.317980497620999813e+08 5.696907002039467625e+04 3.702794918513063749e-02 1.200000000000000000e+01 1.323120000000000129e-01 3.819518440850999674e-02 2.264956509600000173e-12
9.520000000000000000e+04 5.317981497620999813e+08 5.696907117780208500e+04 3.782519899323233403e-02 4.000000000000000000e+00 4.410399999999999737e-02 2.205199999999999869e-02 7.549855031999999231e-13
9.530000000000000000e+04 5.317982497620999813e+08 5.696907233520949376e+04 3.862244880110665690e-02 1.000000000000000000e+01 1.102599999999999969e-01 3.486727348101999885e-02 1.887463758000000010e-12
9.540000000000000000e+04 5.317983497620999813e+08 5.696907349261689524e+04 3.941969860420613259e-02 1.300000000000000000e+01 1.433379999999999932e-01 3.975480836327000000e-02 2.453702885399999649e-12
9.550000000000000000e+04 5.317984497620999813e+08 5.696907465002430399e+04 4.021694841208045545e-02 1.000000000000000000e+01 1.102599999999999969e-01 3.486727348101999885e-02 1.887463758000000010e-12
9.560000000000000000e+04 5.317985497620999813e+08 5.696907580743171275e+04 4.101419822018215200e-02 7.000000000000000000e+00 7.718200000000000061e-02 2.917205395580000152e-02 1.321224630599999966e-12
9.570000000000000000e+04 5.317986497620999813e+08 5.696907696483912150e+04 4.181144802805647487e-02 1.000000000000000000e+01 1.102599999999999969e-01 3.486727348101999885e-02 1.887463758000000010e-12
9.580000000000000000e+04 5.317987497620999813e+08 5.696907812224653026e+04 4.260869783615817141e-02 9.000000000000000000e+00 9.923400000000000276e-02 3.307800000000000323e-02 1.698717382199999928e-12
9.590000000000000000e+04 5.317988497620999813e+08 5.696907927965393174e+04 4.340594763903027342e-02 1.000000000000000000e+01 1.102599999999999969e-01 3.486727348101999885e-02 1.887463758000000010e-12
9.600000000000000000e+04 5.317989497620999813e+08 5.696908043706134049e+04 4.420319744713196997e-02 1.000000000000000000e+01 1.102599999999999969e-01 3.486727348101999885e-02 1.887463758000000010e-12
9.610000000000000000e+04 5.317990497620999813e+08 5.696908159446874924e+04 4.500044725500629283e-02 5.000000000000000000e+00 5.512999999999999845e-02 2.465488551990999838e-02 9.437318790000000048e-13
9.620000000000000000e+04 5.317991497620999813e+08 5.696908275187615800e+04 4.579769706310798938e-02 1.300000000000000000e+01 1.433379999999999932e-01 3.975480836327000000e-02 2.453702885399999649e-12
9.630000000000000000e+04 5.317992497620999813e+08 5.696908390928356675e+04 4.659494687098231225e-02 8.000000000000000000e+00 8.820799999999999474e-02 3.118623747744999827e-02 1.509971006399999846e-12
9.640000000000000000e+04 5.317993497620999813e+08 5.696908506669096823e+04 4.739219667408178793e-02 1.300000000000000000e+01 1.433379999999999932e-01 3.975480836327000000e-02 2.453702885399999649e-12
9.650000000000000000e+04 5.317994497620999813e+08 5.696908622409837699e+04 4.818944648195611080e-02 1.200000000000000000e+01 1.323120000000000129e-01 3.819518440850999674e-02 2.264956509600000173e-12
9.660000000000000000e+04 5.317995497620999813e+08 5.696908738150578574e+04 4.898669629005780735e-02 9.000000000000000000e+00 9.923400000000000276e-02 3.307800000000000323e-02 1.698717382199999928e-12
9.670000000000000000e+04 5.317996497620999813e+08 5.696908853891319450e+04 4.978394609793213021e-02 5.000000000000000000e+00 5.512999999999999845e-02 2.465488551990999838e-02 9.437318790000000048e-13
9.680000000000000000e+04 5.317997497620999813e+08 5.696908969632060325e+04 5.058119590603382676e-02 6.000000000000000000e+00 6.615600000000000647e-02 2.700807390393000079e-02 1.132478254800000087e-12
9.690000000000000000e+04 5.317998497620999813e+08 5.696909085372801201e+04 5.137844571390814963e-02 1.000000000000000000e+01 1.102599999999999969e-01 3.486727348101999885e-02 1.887463758000000010e-12
9.700000000000000000e+04 5.317999497620999813e+08 5.696909201113541349e+04 5.217569551700762531e-02 1.100000000000000000e+01 1.212860000000000049e-01 3.656910493846000226e-02 2.076210133799999889e-12
9.710000000000000000e+04 5.318000497620999813e+08 5.696909316854282224e+04 5.297294532510932186e-02 7.000000000000000000e+00 7.718200000000000061e-02 2.917205395580000152e-02 1.321224630599999966e-12
9.720000000000000000e+04 5.318001497620999813e+08 5.696909432595023100e+04 5.377019513298364473e-02 1.100000000000000000e+01 1.212860000000000049e-01 3.656910493846000226e-02 2.076210133799999889e-12
9.730000000000000000e+04 5.318002497620999813e+08 5.696909548335763975e+04 5.456744494108534127e-02 1.200000000000000000e+01 1.323120000000000129e-01 3.819518440850999674e-02 2.264956509600000173e-12
9.740000000000000000e+04 5.318003497620999813e+08 5.696909664076504851e+04 5.536469474895966414e-02 5.000000000000000000e+00 5.512999999999999845e-02 2.465488551990999838e-02 9.437318790000000048e-13
9.750000000000000000e+04 5.318004497620999813e+08 5.696909779817245726e+04 5.616194455706136068e-02 7.000000000000000000e+00 7.718200000000000061e-02 2.917205395580000152e-02 1.321224630599999966e-12
9.760000000000000000e+04 5.318005497620999813e+08 5.696909895557985874e+04 5.695919435993346269e-02 1.100000000000000000e+01 1.212860000000000049e-01 3.656910493846000226e-02 2.076210133799999889e-12
9.770000000000000000e+04 5.318006497620999813e+08 5.696910011298726749e+04 5.775644416803515924e-02 6.000000000000000000e+00 6.615600000000000647e-02 2.700807390393000079e-02 1.132478254800000087e-12
9.780000000000000000e+04 5.318007497620999813e+08 5.696910127039467625e+04 5.855369397590948211e-02 9.000000000000000000e+00 9.923400000000000276e-02 3.307800000000000323e-02 1.698717382199999928e-12
9.790000000000000000e+04 5.318008497620999813e+08 5.696910242780208500e+04 5.935094378401117865e-02 1.100000000000000000e+01 1.212860000000000049e-01 3.656910493846000226e-02 2.076210133799999889e-12
9.800000000000000000e+04 5.318009497620999813e+08 5.696910358520949376e+04 6.014819359188550152e-02 9.000000000000000000e+00 9.923400000000000276e-02 3.307800000000000323e-02 1.698717382199999928e-12
9.810000000000000000e+04 5.318010497620999813e+08 5.696910474261689524e+04 6.094544339498497720e-02 2.000000000000000000e+00 2.205199999999999869e-02 1.559311873873000034e-02 3.774927515999999615e-13
9.820000000000000000e+04 5.318011497620999813e+08 5.696910590002430399e+04 6.174269320285930007e-02 5.000000000000000000e+00 5.512999999999999845e-02 2.465488551990999838e-02 9.437318790000000048e-13
9.830000000000000000e+04 5.318012497620999813e+08 5.696910705743171275e+04 6.253994301096099662e-02 8.000000000000000000e+00 8.820799999999999474e-02 3.118623747744999827e-02 1.509971006399999846e-12
9.840000000000000000e+04 5.318013497620999813e+08 5.696910821483912150e+04 6.333719281883531949e-02 4.000000000000000000e+00 4.410399999999999737e-02 2.205199999999999869e-02 7.549855031999999231e-13
9.850000000000000000e+04 5.318014497620999813e+08 5.696910937224653026e+04 6.413444262693701603e-02 6.000000000000000000e+00 6.615600000000000647e-02 2.700807390393000079e-02 1.132478254800000087e-12
9.860000000000000000e+04 5.318015497620999813e+08 5.696911052965393174e+04 6.493169242980911804e-02 6.000000000000000000e+00 6.615600000000000647e-02 2.700807390393000079e-02 1.132478254800000087e-12
9.870000000000000000e+04 5.318016497620999813e+08 5.696911168706134049e+04 6.572894223791081458e-02 1.000000000000000000e+01 1.102599999999999969e-01 3.486727348101999885e-02 1.887463758000000010e-12
9.880000000000000000e+04 5.318017497620999813e+08 5.696911284446874924e+04 6.652619204578513745e-02 4.000000000000000000e+00 4.410399999999999737e-02 2.205199999999999869e-02 7.549855031999999231e-13
9.890000000000000000e+04 5.318018497620999813e+08 5.696911400187615800e+04 6.732344185388683400e-02 6.000000000000000000e+00 6.615600000000000647e-02 2.700807390393000079e-02 1.132478254800000087e-12
9.900000000000000000e+04 5.318019497620999813e+08 5.696911515928356675e+04 6.812069166176115687e-02 6.000000000000000000e+00 6.615600000000000647e-02 2.700807390393000079e-02 1.132478254800000087e-12
9.910000000000000000e+04 5.318020497620999813e+08 5.696911631669096823e+04 6.891794146486063255e-02 8.000000000000000000e+00 8.820799999999999474e-02 3.118623747744999827e-02 1.509971006399999846e-12
9.920000000000000000e+04 5.318021497620999813e+08 5.696911747409837699e+04 6.971519127273495542e-02 8.000000000000000000e+00 8.820799999999999474e-02 3.118623747744999827e-02 1.509971006399999846e-12
9.930000000000000000e+04 5.318022497620999813e+08 5.696911863150578574e+04 7.051244108083665196e-02 4.000000000000000000e+00 4.410399999999999737e-02 2.205199999999999869e-02 7.549855031999999231e-13
9.940000000000000000e+04 5.318023497620999813e+08 5.696911978891319450e+04 7.130969088871097483e-02 1.100000000000000000e+01 1.212860000000000049e-01 3.656910493846000226e-02 2.076210133799999889e-12
9.950000000000000000e+04 5.318024497620999813e+08 5.696912094632060325e+04 7.210694069681267138e-02 6.000000000000000000e+00 6.615600000000000647e-02 2.700807390393000079e-02 1.132478254800000087e-12
9.960000000000000000e+04 5.318025497620999813e+08 5.696912210372801201e+04 7.290419050468699425e-02 6.000000000000000000e+00 6.615600000000000647e-02 2.700807390393000079e-02 1.132478254800000087e-12
9.970000000000000000e+04 5.318026497620999813e+08 5.696912326113541349e+04 7.370144030778646993e-02 8.000000000000000000e+00 8.820799999999999474e-02 3.118623747744999827e-02 1.509971006399999846e-12
9.980000000000000000e+04 5.318027497620999813e+08 5.696912441854282224e+04 7.449869011566079280e-02 6.000000000000000000e+00 6.615600000000000647e-02 2.700807390393000079e-02 1.132478254800000087e-12
9.990000000000000000e+04 5.318028497620999813e+08 5.696912557595023100e+04 7.529593992376248934e-02 7.000000000000000000e+00 7.718200000000000061e-02 2.917205395580000152e-02 1.321224630599999966e-12
1.000000000000000000e+05 5.318029497620999813e+08 5.696912673335763975e+04 7.609318973186418589e-02 1.000000000000000000e+01 1.102599999999999969e-01 3.486727348101999885e-02 1.887463758000000010e-12
1.001000000000000000e+05 5.318030497620999813e+08 5.696912789076504851e+04 7.689043953973850876e-02 2.000000000000000000e+00 2.205199999999999869e-02 1.559311873873000034e-02 3.774927515999999615e-13
1.002000000000000000e+05 5.318031497620999813e+08 5.696912904817245726e+04 7.768768934784020530e-02 3.000000000000000000e+00 3.307800000000000323e-02 1.909759220424999890e-02 5.662391274000000433e-13
1.003000000000000000e+05 5.318032497620999813e+08 5.696913020557985874e+04 7.848493915071230731e-02 5.000000000000000000e+00 5.512999999999999845e-02 2.465488551990999838e-02 9.437318790000000048e-13
1.004000000000000000e+05 5.318033497620999813e+08 5.696913136298726749e+04 7.928218895881400385e-02 0.000000000000000000e+00 0.000000000000000000e+00 0.000000000000000000e+00 0.000000000000000000e+00
1.005000000000000000e+05 5.318034497620999813e+08 5.696913252039467625e+04 8.007943876668832672e-02 6.000000000000000000e+00 6.615600000000000647e-02 2.700807390393000079e-02 1.132478254800000087e-12
1.006000000000000000e+05 5.318035497620999813e+08 5.696913367780208500e+04 8.087668857479002327e-02 8.000000000000000000e+00 8.820799999999999474e-02 3.118623747744999827e-02 1.509971006399999846e-12
1.007000000000000000e+05 5.318036497620999813e+08 5.696913483520949376e+04 8.167393838266434614e-02 6.000000000000000000e+00 6.615600000000000647e-02 2.700807390393000079e-02 1.132478254800000087e-12
1.008000000000000000e+05 5.318037497620999813e+08 5.696913599261689524e+04 8.247118818576382182e-02 4.000000000000000000e+00 4.410399999999999737e-02 2.205199999999999869e-02 7.549855031999999231e-13
1.009000000000000000e+05 5.318038497620999813e+08 5.696913715002430399e+04 8.326843799363814469e-02 5.000000000000000000e+00 5.512999999999999845e-02 2.465488551990999838e-02 9.437318790000000048e-13
1.010000000000000000e+05 5.318039497620999813e+08 5.696913830743171275e+04 8.406568780173984123e-02 4.000000000000000000e+00 4.410399999999999737e-02 2.205199999999999869e-02 7.549855031999999231e-13
1.011000000000000000e+05 5.318040497620999813e+08 5.696913946483912150e+04 8.486293760961416410e-02 4.000000000000000000e+00 4.410399999999999737e-02 2.205199999999999869e-02 7.549855031999999231e-13
1.012000000000000000e+05 5.318041497620999813e+08 5.696914062224653026e+04 8.566018741771586065e-02 5.000000000000000000e+00 5.512999999999999845e-02 2.465488551990999838e-02 9.437318790000000048e-13
1.013000000000000000e+05 5.318042497620999813e+08 5.696914177965393174e+04 8.645743722058796266e-02 7.000000000000000000e+00 7.718200000000000061e-02 2.917205395580000152e-02 1.321224630599999966e-12
1.014000000000000000e+05 5.318043497620999813e+08 5.696914293706134049e+04 8.725468702868965920e-02 1.100000000000000000e+01 1.212860000000000049e-01 3.656910493846000226e-02 2.076210133799999889e-12
1.015000000000000000e+05 5.318044497620999813e+08 5.696914409446874924e+04 8.805193683656398207e-02 2.000000000000000000e+00 2.205199999999999869e-02 1.559311873873000034e-02 3.774927515999999615e-13
1.016000000000000000e+05 5.318045497620999813e+08 5.696914525187615800e+04 8.884918664466567861e-02 1.600000000000000000e+01 1.764159999999999895e-01 4.410399999999999737e-02 3.019942012799999692e-12
1.017000000000000000e+05 5.318046497620999813e+08 5.696914640928356675e+04 8.964643645254000148e-02 4.000000000000000000e+00 4.410399999999999737e-02 2.205199999999999869e-02 7.549855031999999231e-13
1.018000000000000000e+05 5.318047497620999813e+08 5.696914756669096823e+04 9.044368625563947717e-02 1.000000000000000000e+01 1.102599999999999969e-01 3.486727348101999885e-02 1.887463758000000010e-12
1.019000000000000000e+05 5.318048497620999813e+08 5.696914872409837699e+04 9.124093606351380004e-02 6.000000000000000000e+00 6.615600000000000647e-02 2.700807390393000079e-02 1.132478254800000087e-12
1.020000000000000000e+05 5.318049497620999813e+08 5.696914988150578574e+04 9.203818587161549658e-02 7.000000000000000000e+00 7.718200000000000061e-02 2.917205395580000152e-02 1.321224630599999966e-12
1.021000000000000000e+05 5.318050497620999813e+08 5.696915103891319450e+04 9.283543567948981945e-02 7.000000000000000000e+00 7.718200000000000061e-02 2.917205395580000152e-02 1.321224630599999966e-12
1.022000000000000000e+05 5.318051497620999813e+08 5.696915219632060325e+04 9.363268548759151599e-02 5.000000000000000000e+00 5.512999999999999845e-02 2.465488551990999838e-02 9.437318790000000048e-13
1.023000000000000000e+05 5.318052497620999813e+08 5.696915335372801201e+04 9.442993529546583886e-02 1.100000000000000000e+01 1.212860000000000049e-01 3.656910493846000226e-02 2.076210133799999889e-12
1.024000000000000000e+05 5.318053497620999813e+08 5.696915451113541349e+04 9.522718509856531455e-02 4.000000000000000000e+00 4.410399999999999737e-02 2.205199999999999869e-02 7.549855031999999231e-13
1.025000000000000000e+05 5.318054497620999813e+08 5.696915566854282224e+04 9.602443490643963742e-02 5.000000000000000000e+00 5.512999999999999845e-02 2.465488551990999838e-02 9.437318790000000048e-13
1.026000000000000000e+05 5.318055497620999813e+08 5.696915682595023100e+04 9.682168471454133396e-02 9.000000000000000000e+00 9.923400000000000276e-02 3.307800000000000323e-02 1.698717382199999928e-12
1.027000000000000000e+05 5.318056497620999813e+08 5.696915798335763975e+04 9.761893452241565683e-02 5.000000000000000000e+00 5.512999999999999845e-02 2.465488551990999838e-02 9.437318790000000048e-13
1.028000000000000000e+05 5.318057497620999813e+08 5.696915914076504851e+04 9.841618433051735337e-02 3.000000000000000000e+00 3.307800000000000323e-02 1.909759220424999890e-02 5.662391274000000433e-13
1.029000000000000000e+05 5.318058497620999813e+08 5.696916029817245726e+04 9.921343413861904992e-02 1.100000000000000000e+01 1.212860000000000049e-01 3.656910493846000226e-02 2.076210133799999889e-12
1.030000000000000000e+05 5.318059497620999813e+08 5.696916145557985874e+04 1.000106839414911519e-01 9.000000000000000000e+00 9.923400000000000276e-02 3.307800000000000323e-02 1.698717382199999928e-12
1.031000000000000000e+05 5.318060497620999813e+08 5.696916261298726749e+04 1.008079337495928485e-01 3.000000000000000000e+00 3.307800000000000323e-02 1.909759220424999890e-02 5.662391274000000433e-13
1.032000000000000000e+05 5.318061497620999813e+08 5.696916377039467625e+04 1.016051835574671713e-01 6.000000000000000000e+00 6.615600000000000647e-02 2.700807390393000079e-02 1.132478254800000087e-12
1.033000000000000000e+05 5.318062497620999813e+08 5.696916492780208500e+04 1.024024333655688679e-01 6.000000000000000000e+00 6.615600000000000647e-02 2.700807390393000079e-02 1.132478254800000087e-12
1.034000000000000000e+05 5.318063497620999813e+08 5.696916608520949376e+04 1.031996831734431908e-01 3.000000000000000000e+00 3.307800000000000323e-02 1.909759220424999890e-02 5.662391274000000433e-13
1.035000000000000000e+05 5.318064497620999813e+08 5.696916724261689524e+04 1.039969329765426664e-01 1.400000000000000000e+01 1.543640000000000012e-01 4.125551434657000194e-02 2.642449261199999933e-12
1.036000000000000000e+05 5.318065497620999813e+08 5.696916840002430399e+04 1.047941827844169893e-01 8.000000000000000000e+00 8.820799999999999474e-02 3.118623747744999827e-02 1.509971006399999846e-12
1.037000000000000000e+05 5.318066497620999813e+08 5.696916955743171275e+04 1.055914325925186859e-01 1.000000000000000000e+01 1.102599999999999969e-01 3.486727348101999885e-02 1.887463758000000010e-12
1.038000000000000000e+05 5.318067497620999813e+08 5.696917071483912150e+04 1.063886824003930087e-01 9.000000000000000000e+00 9.923400000000000276e-02 3.307800000000000323e-02 1.698717382199999928e-12
1.039000000000000000e+05 5.318068497620999813e+08 5.696917187224653026e+04 1.071859322084947053e-01 6.000000000000000000e+00 6.615600000000000647e-02 2.700807390393000079e-02 1.132478254800000087e-12
1.040000000000000000e+05 5.318069497620999813e+08 5.696917302965393174e+04 1.079831820113668073e-01 3.000000000000000000e+00 3.307800000000000323e-02 1.909759220424999890e-02 5.662391274000000433e-13
1.041000000000000000e+05 5.318070497620999813e+08 5.696917418706134049e+04 1.087804318194685038e-01 4.000000000000000000e+00 4.410399999999999737e-02 2.205199999999999869e-02 7.549855031999999231e-13
1.042000000000000000e+05 5.318071497620999813e+08 5.696917534446874924e+04 1.095776816273428267e-01 3.000000000000000000e+00 3.307800000000000323e-02 1.909759220424999890e-02 5.662391274000000433e-13
1.043000000000000000e+05 5.318072497620999813e+08 5.696917650187615800e+04 1.103749314354445232e-01 4.000000000000000000e+00 4.410399999999999737e-02 2.205199999999999869e-02 7.549855031999999231e-13
1.044000000000000000e+05 5.318073497620999813e+08 5.696917765928356675e+04 1.111721812433188461e-01 7.000000000000000000e+00 7.718200000000000061e-02 2.917205395580000152e-02 1.321224630599999966e-12
1.045000000000000000e+05 5.318074497620999813e+08 5.696917881669096823e+04 1.119694310464183218e-01 4.000000000000000000e+00 4.410399999999999737e-02 2.205199999999999869e-02 7.549855031999999231e-13
1.046000000000000000e+05 5.318075497620999813e+08 5.696917997409837699e+04 1.127666808542926447e-01 8.000000000000000000e+00 8.820799999999999474e-02 3.118623747744999827e-02 1.509971006399999846e-12
1.047000000000000000e+05 5.318076497620999813e+08 5.696918113150578574e+04 1.135639306623943412e-01 7.000000000000000000e+00 7.718200000000000061e-02 2.917205395580000152e-02 1.321224630599999966e-12
1.048000000000000000e+05 5.318077497620999813e+08 5.696918228891319450e+04 1.143611804702686641e-01 4.000000000000000000e+00 4.410399999999999737e-02 2.205199999999999869e-02 7.549855031999999231e-13
1.049000000000000000e+05 5.318078497620999813e+08 5.696918344632060325e+04 1.151584302783703606e-01 9.000000000000000000e+00 9.923400000000000276e-02 3.307800000000000323e-02 1.698717382199999928e-12
1.050000000000000000e+05 5.318079497620999813e+08 5.696918460372801201e+04 1.159556800862446835e-01 1.200000000000000000e+01 1.323120000000000129e-01 3.819518440850999674e-02 2.264956509600000173e-12
1.051000000000000000e+05 5.318080497620999813e+08 5.696918576113541349e+04 1.167529298893441592e-01 1.300000000000000000e+01 1.433379999999999932e-01 3.975480836327000000e-02 2.453702885399999649e-12
1.052000000000000000e+05 5.318081497620999813e+08 5.696918691854282224e+04 1.175501796972184820e-01 1.000000000000000000e+01 1.102599999999999969e-01 3.486727348101999885e-02 1.887463758000000010e-12
1.053000000000000000e+05 5.318082497620999813e+08 5.696918807595023100e+04 1.183474295053201786e-01 7.000000000000000000e+00 7.718200000000000061e-02 2.917205395580000152e-02 1.321224630599999966e-12
1.054000000000000000e+05 5.318083497620999813e+08 5.696918923335763975e+04 1.191446793131945014e-01 1.100000000000000000e+01 1.212860000000000049e-01 3.656910493846000226e-02 2.076210133799999889e-12
1.055000000000000000e+05 5.318084497620999813e+08 5.696919039076504851e+04 1.199419291212961980e-01 4.000000000000000000e+00 4.410399999999999737e-02 2.205199999999999869e-02 7.549855031999999231e-13
1.056000000000000000e+05 5.318085497620999813e+08 5.696919154817245726e+04 1.207391789291705209e-01 7.000000000000000000e+00 7.718200000000000061e-02 2.917205395580000152e-02 1.321224630599999966e-12
1.057000000000000000e+05 5.318086497620999813e+08 5.696919270557985874e+04 1.215364287322699965e-01 5.000000000000000000e+00 5.512999999999999845e-02 2.465488551990999838e-02 9.437318790000000048e-13
1.058000000000000000e+05 5.318087497620999813e+08 5.696919386298726749e+04 1.223336785401443194e-01 6.000000000000000000e+00 6.615600000000000647e-02 2.700807390393000079e-02 1.132478254800000087e-12
1.059000000000000000e+05 5.318088497620999813e+08 5.696919502039467625e+04 1.231309283482460160e-01 3.000000000000000000e+00 3.307800000000000323e-02 1.909759220424999890e-02 5.662391274000000433e-13
1.060000000000000000e+05 5.318089497620999813e+08 5.696919617780208500e+04 1.239281781563477125e-01 3.000000000000000000e+00 3.307800000000000323e-02 1.909759220424999890e-02 5.662391274000000433e-13
1.061000000000000000e+05 5.318090497620999813e+08 5.696919733520949376e+04 1.247254279642220354e-01 7.000000000000000000e+00 7.718200000000000061e-02 2.917205395580000152e-02 1.321224630599999966e-12
1.062000000000000000e+05 5.318091497620999813e+08 5.696919849261689524e+04 1.255226777673215111e-01 6.000000000000000000e+00 6.615600000000000647e-02 2.700807390393000079e-02 1.132478254800000087e-12
1.063000000000000000e+05 5.318092497620999813e+08 5.696919965002430399e+04 1.263199275751958339e-01 2.000000000000000000e+00 2.205199999999999869e-02 1.559311873873000034e-02 3.774927515999999615e-13
1.064000000000000000e+05 5.318093497620999813e+08 5.696920080743171275e+04 1.271171773832975305e-01 9.000000000000000000e+00 9.923400000000000276e-02 3.307800000000000323e-02 1.698717382199999928e-12
1.065000000000000000e+05 5.318094497620999813e+08 5.696920196483912150e+04 1.279144271911718533e-01 6.000000000000000000e+00 6.615600000000000647e-02 2.700807390393000079e-02 1.132478254800000087e-12
1.066000000000000000e+05 5.318095497620999813e+08 5.696920312224653026e+04 1.287116769992735499e-01 4.000000000000000000e+00 4.410399999999999737e-02 2.205199999999999869e-02 7.549855031999999231e-13
1.067000000000000000e+05 5.318096497620999813e+08 5.696920427965393174e+04 1.295089268021456519e-01 3.000000000000000000e+00 3.307800000000000323e-02 1.909759220424999890e-02 5.662391274000000433e-13
1.068000000000000000e+05 5.318097497620999813e+08 5.696920543706134049e+04 1.303061766102473484e-01 5.000000000000000000e+00 5.512999999999999845e-02 2.465488551990999838e-02 9.437318790000000048e-13
1.069000000000000000e+05 5.318098497620999813e+08 5.696920659446874924e+04 1.311034264181216713e-01 6.000000000000000000e+00 6.615600000000000647e-02 2.700807390393000079e-02 1.132478254800000087e-12
1.070000000000000000e+05 5.318099497620999813e+08 5.696920775187615800e+04 1.319006762262233678e-01 5.000000000000000000e+00 5.512999999999999845e-02 2.465488551990999838e-02 9.437318790000000048e-13
1.071000000000000000e+05 5.318100497620999813e+08 5.696920890928356675e+04 1.326979260340976907e-01 2.000000000000000000e+00 2.205199999999999869e-02 1.559311873873000034e-02 3.774927515999999615e-13
1.072000000000000000e+05 5.318101497620999813e+08 5.696921006669096823e+04 1.334951758371971664e-01 6.000000000000000000e+00 6.615600000000000647e-02 2.700807390393000079e-02 1.132478254800000087e-12
1.073000000000000000e+05 5.318102497620999813e+08 5.696921122409837699e+04 1.342924256450714893e-01 9.000000000000000000e+00 9.923400000000000276e-02 3.307800000000000323e-02 1.698717382199999928e-12
1.074000000000000000e+05 5.318103497620999813e+08 5.696921238150578574e+04 1.350896754531731858e-01 8.000000000000000000e+00 8.820799999999999474e-02 3.118623747744999827e-02 1.509971006399999846e-12
1.075000000000000000e+05 5.318104497620999813e+08 5.696921353891319450e+04 1.358869252610475087e-01 3.000000000000000000e+00 3.307800000000000323e-02 1.909759220424999890e-02 5.662391274000000433e-13
1.076000000000000000e+05 5.318105497620999813e+08 5.696921469632060325e+04 1.366841750691492052e-01 7.000000000000000000e+00 7.718200000000000061e-02 2.917205395580000152e-02 1.321224630599999966e-12
1.077000000000000000e+05 5.318106497620999813e+08 5.696921585372801201e+04 1.374814248770235281e-01 1.000000000000000000e+01 1.102599999999999969e-01 3.486727348101999885e-02 1.887463758000000010e-12
1.078000000000000000e+05 5.318107497620999813e+08 5.696921701113541349e+04 1.382786746801230038e-01 5.000000000000000000e+00 5.512999999999999845e-02 2.465488551990999838e-02 9.437318790000000048e-13
1.079000000000000000e+05 5.318108497620999813e+08 5.696921816854282224e+04 1.390759244879973267e-01 8.000000000000000000e+00 8.820799999999999474e-02 3.118623747744999827e-02 1.509971006399999846e-12
1.080000000000000000e+05 5.318109497620999813e+08 5.696921932595023100e+04 1.398731742960990232e-01 7.000000000000000000e+00 7.718200000000000061e-02 2.917205395580000152e-02 1.321224630599999966e-12
1.081000000000000000e+05 5.318110497620999813e+08 5.696922048335763975e+04 1.406704241039733461e-01 4.000000000000000000e+00 4.410399999999999737e-02 2.205199999999999869e-02 7.549855031999999231e-13
1.082000000000000000e+05 5.318111497620999813e+08 5.696922164076504851e+04 1.414676739120750426e-01 5.000000000000000000e+00 5.512999999999999845e-02 2.465488551990999838e-02 9.437318790000000048e-13
1.083000000000000000e+05 5.318112497620999813e+08 5.696922279817245726e+04 1.422649237199493655e-01 9.000000000000000000e+00 9.923400000000000276e-02 3.307800000000000323e-02 1.698717382199999928e-12
1.084000000000000000e+05 5.318113497620999813e+08 5.696922395557985874e+04 1.430621735230488412e-01 3.000000000000000000e+00 3.307800000000000323e-02 1.909759220424999890e-02 5.662391274000000433e-13
1.085000000000000000e+05 5.318114497620999813e+08 5.696922511298726749e+04 1.438594233309231640e-01 5.000000000000000000e+00 5.512999999999999845e-02 2.465488551990999838e-02 9.437318790000000048e-13
1.086000000000000000e+05 5.318115497620999813e+08 5.696922627039467625e+04 1.446566731390248606e-01 8.000000000000000000e+00 8.820799999999999474e-02 3.118623747744999827e-02 1.509971006399999846e-12
1.087000000000000000e+05 5.318116497620999813e+08 5.696922742780208500e+04 1.454539229468991834e-01 9.000000000000000000e+00 9.923400000000000276e-02 3.307800000000000323e-02 1.698717382199999928e-12
1.088000000000000000e+05 5.318117497620999813e+08 5.696922858520949376e+04 1.462511727550008800e-01 1.100000000000000000e+01 1.212860000000000049e-01 3.656910493846000226e-02 2.076210133799999889e-12
1.089000000000000000e+05 5.318118497620999813e+08 5.696922974261689524e+04 1.470484225581003557e-01 1.300000000000000000e+01 1.433379999999999932e-01 3.975480836327000000e-02 2.453702885399999649e-12
1.090000000000000000e+05 5.318119497620999813e+08 5.696923090002430399e+04 1.478456723659746785e-01 1.400000000000000000e+01 1.543640000000000012e-01 4.125551434657000194e-02 2.642449261199999933e-12
1.091000000000000000e+05 5.318120497620999813e+08 5.696923205743171275e+04 1.486429221740763751e-01 4.000000000000000000e+00 4.410399999999999737e-02 2.205199999999999869e-02 7.549855031999999231e-13
1.092000000000000000e+05 5.318121497620999813e+08 5.696923321483912150e+04 1.494401719819506980e-01 3.000000000000000000e+00 3.307800000000000323e-02 1.909759220424999890e-02 5.662391274000000433e-13
1.093000000000000000e+05 5.318122497620999813e+08 5.696923437224653026e+04 1.502374217900523945e-01 5.000000000000000000e+00 5.512999999999999845e-02 2.465488551990999838e-02 9.437318790000000048e-13
1.094000000000000000e+05 5.318123497620999813e+08 5.696923552965393174e+04 1.510346715929244965e-01 8.000000000000000000e+00 8.820799999999999474e-02 3.118623747744999827e-02 1.509971006399999846e-12
1.095000000000000000e+05 5.318124497620999813e+08 5.696923668706134049e+04 1.518319214010261931e-01 5.000000000000000000e+00 5.512999999999999845e-02 2.465488551990999838e-02 9.437318790000000048e-13
1.096000000000000000e+05 5.318125497620999813e+08 5.696923784446874924e+04 1.526291712089005159e-01 4.000000000000000000e+00 4.410399999999999737e-02 2.205199999999999869e-02 7.549855031999999231e-13
1.097000000000000000e+05 5.318126497620999813e+08 5.696923900187615800e+04 1.534264210170022125e-01 7.000000000000000000e+00 7.718200000000000061e-02 2.917205395580000152e-02 1.321224630599999966e-12
1.098000000000000000e+05 5.318127497620999813e+08 5.696924015928356675e+04 1.542236708248765353e-01 5.000000000000000000e+00 5.512999999999999845e-02 2.465488551990999838e-02 9.437318790000000048e-13
1.099000000000000000e+05 5.318128497620999813e+08 5.696924131669096823e+04 1.550209206279760110e-01 9.000000000000000000e+00 9.923400000000000276e-02 3.307800000000000323e-02 1.698717382199999928e-12
1.100000000000000000e+05 5.318129497620999813e+08 5.696924247409837699e+04 1.558181704358503339e-01 7.000000000000000000e+00 7.718200000000000061e-02 2.917205395580000152e-02 1.321224630599999966e-12
1.101000000000000000e+05 5.318130497620999813e+08 5.696924363150578574e+04 1.566154202439520304e-01 8.000000000000000000e+00 8.820799999999999474e-02 3.118623747744999827e-02 1.509971006399999846e-12
1.102000000000000000e+05 5.318131497620999813e+08 5.696924478891319450e+04 1.574126700518263533e-01 2.000000000000000000e+00 2.205199999999999869e-02 1.559311873873000034e-02 3.774927515999999615e-13
1.103000000000000000e+05 5.318132497620999813e+08 5.696924594632060325e+04 1.582099198599280498e-01 1.400000000000000000e+01 1.543640000000000012e-01 4.125551434657000194e-02 2.642449261199999933e-12
1.104000000000000000e+05 5.318133497620999813e+08 5.696924710372801201e+04 1.590071696678023727e-01 7.000000000000000000e+00 7.718200000000000061e-02 2.917205395580000152e-02 1.321224630599999966e-12
1.105000000000000000e+05 5.318134497620999813e+08 5.696924826113541349e+04 1.598044194709018484e-01 8.000000000000000000e+00 8.820799999999999474e-02 3.118623747744999827e-02 1.509971006399999846e-12
1.106000000000000000e+05 5.318135497620999813e+08 5.696924941854282224e+04 1.606016692787761713e-01 1.000000000000000000e+01 1.102599999999999969e-01 3.486727348101999885e-02 1.887463758000000010e-12
1.107000000000000000e+05 5.318136497620999813e+08 5.696925057595023100e+04 1.613989190868778678e-01 4.000000000000000000e+00 4.410399999999999737e-02 2.205199999999999869e-02 7.549855031999999231e-13
1.108000000000000000e+05 5.318137497620999813e+08 5.696925173335763975e+04 1.621961688947521907e-01 1.300000000000000000e+01 1.433379999999999932e-01 3.975480836327000000e-02 2.453702885399999649e-12
1.109000000000000000e+05 5.318138497620999813e+08 5.696925289076504851e+04 1.629934187028538872e-01 8.000000000000000000e+00 8.820799999999999474e-02 3.118623747744999827e-02 1.509971006399999846e-12
1.110000000000000000e+05 5.318139497620999813e+08 5.696925404817245726e+04 1.637906685107282101e-01 9.000000000000000000e+00 9.923400000000000276e-02 3.307800000000000323e-02 1.698717382199999928e-12
1.111000000000000000e+05 5.318140497620999813e+08 5.696925520557985874e+04 1.645879183138276858e-01 4.000000000000000000e+00 4.410399999999999737e-02 2.205199999999999869e-02 7.549855031999999231e-13
1.112000000000000000e+05 5.318141497620999813e+08 5.696925636298726749e+04 1.653851681217020086e-01 1.100000000000000000e+01 1.212860000000000049e-01 3.656910493846000226e-02 2.076210133799999889e-12
1.113000000000000000e+05 5.318142497620999813e+08 5.696925752039467625e+04 1.661824179298037052e-01 2.000000000000000000e+00 2.205199999999999869e-02 1.559311873873000034e-02 3.774927515999999615e-13
1.114000000000000000e+05 5.318143497620999813e+08 5.696925867780208500e+04 1.669796677376780281e-01 9.000000000000000000e+00 9.923400000000000276e-02 3.307800000000000323e-02 1.698717382199999928e-12
1.115000000000000000e+05 5.318144497620999813e+08 5.696925983520949376e+04 1.677769175457797246e-01 9.000000000000000000e+00 9.923400000000000276e-02 3.307800000000000323e-02 1.698717382199999928e-12
1.116000000000000000e+05 5.318145497620999813e+08 5.696926099261689524e+04 1.685741673486518266e-01 9.000000000000000000e+00 9.923400000000000276e-02 3.307800000000000323e-02 1.698717382199999928e-12
1.117000000000000000e+05 5.318146497620999813e+08 5.696926215002430399e+04 1.693714171567535232e-01 9.000000000000000000e+00 9.923400000000000276e-02 3.307800000000000323e-02 1.698717382199999928e-12
1.118000000000000000e+05 5.318147497620999813e+08 5.696926330743171275e+04 1.701686669648552197e-01 9.000000000000000000e+00 9.923400000000000276e-02 3.307800000000000323e-02 1.698717382199999928e-12
1.119000000000000000e+05 5.318148497620999813e+08 5.696926446483912150e+04 1.709659167727295426e-01 1.300000000000000000e+01 1.433379999999999932e-01 3.975480836327000000e-02 2.453702885399999649e-12
1.120000000000000000e+05 5.318149497620999813e+08 5.696926562224653026e+04 1.717631665808312391e-01 4.000000000000000000e+00 4.410399999999999737e-02 2.205199999999999869e-02 7.549855031999999231e-13
1.121000000000000000e+05 5.318150497620999813e+08 5.696926677965393174e+04 1.725604163837033411e-01 8.000000000000000000e+00 8.820799999999999474e-02 3.118623747744999827e-02 1.509971006399999846e-12
1.122000000000000000e+05 5.318151497620999813e+08 5.696926793706134049e+04 1.733576661918050377e-01 1.400000000000000000e+01 1.543640000000000012e-01 4.125551434657000194e-02 2.642449261199999933e-12
1.123000000000000000e+05 5.318152497620999813e+08 5.696926909446874924e+04 1.741549159996793605e-01 1.000000000000000000e+01 1.102599999999999969e-01 3.486727348101999885e-02 1.887463758000000010e-12
1.124000000000000000e+05 5.318153497620999813e+08 5.696927025187615800e+04 1.749521658077810571e-01 9.000000000000000000e+00 9.923400000000000276e-02 3.307800000000000323e-02 1.698717382199999928e-12
1.125000000000000000e+05 5.318154497620999813e+08 5.696927140928356675e+04 1.757494156156553800e-01 7.000000000000000000e+00 7.718200000000000061e-02 2.917205395580000152e-02 1.321224630599999966e-12
1.126000000000000000e+05 5.318155497620999813e+08 5.696927256669096823e+04 1.765466654187548556e-01 7.000000000000000000e+00 7.718200000000000061e-02 2.917205395580000152e-02 1.321224630599999966e-12
1.127000000000000000e+05 5.318156497620999813e+08 5.696927372409837699e+04 1.773439152266291785e-01 4.000000000000000000e+00 4.410399999999999737e-02 2.205199999999999869e-02 7.549855031999999231e-13
1.128000000000000000e+05 5.318157497620999813e+08 5.696927488150578574e+04 1.781411650347308750e-01 6.000000000000000000e+00 6.615600000000000647e-02 2.700807390393000079e-02 1.132478254800000087e-12
1.129000000000000000e+05 5.318158497620999813e+08 5.696927603891319450e+04 1.789384148426051979e-01 5.000000000000000000e+00 5.512999999999999845e-02 2.465488551990999838e-02 9.437318790000000048e-13
1.130000000000000000e+05 5.318159497620999813e+08 5.696927719632060325e+04 1.797356646507068945e-01 3.000000000000000000e+00 3.307800000000000323e-02 1.909759220424999890e-02 5.662391274000000433e-13
1.131000000000000000e+05 5.318160497620999813e+08 5.696927835372801201e+04 1.805329144585812173e-01 1.000000000000000000e+01 1.102599999999999969e-01 3.486727348101999885e-02 1.887463758000000010e-12
1.132000000000000000e+05 5.318161497620999813e+08 5.696927951113541349e+04 1.813301642616806930e-01 5.000000000000000000e+00 5.512999999999999845e-02 2.465488551990999838e-02 9.437318790000000048e-13
1.133000000000000000e+05 5.318162497620999813e+08 5.696928066854282224e+04 1.821274140695550159e-01 4.000000000000000000e+00 4.410399999999999737e-02 2.205199999999999869e-02 7.549855031999999231e-13
1.134000000000000000e+05 5.318163497620999813e+08 5.696928182595023100e+04 1.829246638776567124e-01 4.000000000000000000e+00 4.410399999999999737e-02 2.205199999999999869e-02 7.549855031999999231e-13
1.135000000000000000e+05 5.318164497620999813e+08 5.696928298335763975e+04 1.837219136855310353e-01 1.000000000000000000e+01 1.102599999999999969e-01 3.486727348101999885e-02 1.887463758000000010e-12
1.136000000000000000e+05 5.318165497620999813e+08 5.696928414076504851e+04 1.845191634936327318e-01 9.000000000000000000e+00 9.923400000000000276e-02 3.307800000000000323e-02 1.698717382199999928e-12
1.137000000000000000e+05 5.318166497620999813e+08 5.696928529817245726e+04 1.853164133015070547e-01 7.000000000000000000e+00 7.718200000000000061e-02 2.917205395580000152e-02 1.321224630599999966e-12
1.138000000000000000e+05 5.318167497620999813e+08 5.696928645557985874e+04 1.861136631046065304e-01 9.000000000000000000e+00 9.923400000000000276e-02 3.307800000000000323e-02 1.698717382199999928e-12
1.139000000000000000e+05 5.318168497620999813e+08 5.696928761298726749e+04 1.869109129124808533e-01 5.000000000000000000e+00 5.512999999999999845e-02 2.465488551990999838e-02 9.437318790000000048e-13
1.140000000000000000e+05 5.318169497620999813e+08 5.696928877039467625e+04 1.877081627205825498e-01 5.000000000000000000e+00 5.512999999999999845e-02 2.465488551990999838e-02 9.437318790000000048e-13
1.141000000000000000e+05 5.318170497620999813e+08 5.696928992780208500e+04 1.885054125284568727e-01 1.200000000000000000e+01 1.323120000000000129e-01 3.819518440850999674e-02 2.264956509600000173e-12
1.142000000000000000e+05 5.318171497620999813e+08 5.696929108520949376e+04 1.893026623365585692e-01 8.000000000000000000e+00 8.820799999999999474e-02 3.118623747744999827e-02 1.509971006399999846e-12
1.143000000000000000e+05 5.318172497620999813e+08 5.696929224261689524e+04 1.900999121394306712e-01 1.000000000000000000e+01 1.102599999999999969e-01 3.486727348101999885e-02 1.887463758000000010e-12
1.144000000000000000e+05 5.318173497620999813e+08 5.696929340002430399e+04 1.908971619475323678e-01 5.000000000000000000e+00 5.512999999999999845e-02 2.465488551990999838e-02 9.437318790000000048e-13
1.145000000000000000e+05 5.318174497620999813e+08 5.696929455743171275e+04 1.916944117554066906e-01 5.000000000000000000e+00 5.512999999999999845e-02 2.465488551990999838e-02 9.437318790000000048e-13
1.146000000000000000e+05 5.318175497620999813e+08 5.696929571483912150e+04 1.924916615635083872e-01 7.000000000000000000e+00 7.718200000000000061e-02 2.917205395580000152e-02 1.321224630599999966e-12
1.147000000000000000e+05 5.318176497620999813e+08 5.696929687224653026e+04 1.932889113716100837e-01 8.000000000000000000e+00 8.820799999999999474e-02 3.118623747744999827e-02 1.509971006399999846e-12
1.148000000000000000e+05 5.318177497620999813e+08 5.696929802965393174e+04 1.940861611744821857e-01 7.000000000000000000e+00 7.718200000000000061e-02 2.917205395580000152e-02 1.321224630599999966e-12
1.149000000000000000e+05 5.318178497620999813e+08 5.696929918706134049e+04 1.948834109825838823e-01 6.000000000000000000e+00 6.615600000000000647e-02 2.700807390393000079e-02 1.132478254800000087e-12
1.150000000000000000e+05 5.318179497620999813e+08 5.696930034446874924e+04 1.956806607904582052e-01 6.000000000000000000e+00 6.615600000000000647e-02 2.700807390393000079e-02 1.132478254800000087e-12
1.151000000000000000e+05 5.318180497620999813e+08 5.696930150187615800e+04 1.964779105985599017e-01 8.000000000000000000e+00 8.820799999999999474e-02 3.118623747744999827e-02 1.509971006399999846e-12
1.152000000000000000e+05 5.318181497620999813e+08 5.696930265928356675e+04 1.972751604064342246e-01 4.000000000000000000e+00 4.410399999999999737e-02 2.205199999999999869e-02 7.549855031999999231e-13
1.153000000000000000e+05 5.318182497620999813e+08 5.696930381669096823e+04 1.980724102095337003e-01 4.000000000000000000e+00 4.410399999999999737e-02 2.205199999999999869e-02 7.549855031999999231e-13
1.154000000000000000e+05 5.318183497620999813e+08 5.696930497409837699e+04 1.988696600174080231e-01 8.000000000000000000e+00 8.820799999999999474e-02 3.118623747744999827e-02 1.509971006399999846e-12
1.155000000000000000e+05 5.318184497620999813e+08 5.696930613150578574e+04 1.996669098255097197e-01 7.000000000000000000e+00 7.718200000000000061e-02 2.917205395580000152e-02 1.321224630599999966e-12
1.156000000000000000e+05 5.318185497620999813e+08 5.696930728891319450e+04 2.004641596333840425e-01 2.000000000000000000e+00 2.205199999999999869e-02 1.559311873873000034e-02 3.774927515999999615e-13
1.157000000000000000e+05 5.318186497620999813e+08 5.696930844632060325e+04 2.012614094414857391e-01 1.200000000000000000e+01 1.323120000000000129e-01 3.819518440850999674e-02 2.264956509600000173e-12
1.158000000000000000e+05 5.318187497620999813e+08 5.696930960372801201e+04 2.020586592493600619e-01 8.000000000000000000e+00 8.820799999999999474e-02 3.118623747744999827e-02 1.509971006399999846e-12
1.159000000000000000e+05 5.318188497620999813e+08 5.696931076113541349e+04 2.028559090524595376e-01 7.000000000000000000e+00 7.718200000000000061e-02 2.917205395580000152e-02 1.321224630599999966e-12
1.160000000000000000e+05 5.318189497620999813e+08 5.696931191854282224e+04 2.036531588603338605e-01 7.000000000000000000e+00 7.718200000000000061e-02 2.917205395580000152e-02 1.321224630599999966e-12
1.161000000000000000e+05 5.318190497620999813e+08 5.696931307595023100e+04 2.044504086684355570e-01 7.000000000000000000e+00 7.718200000000000061e-02 2.917205395580000152e-02 1.321224630599999966e-12
1.162000000000000000e+05 5.318191497620999813e+08 5.696931423335763975e+04 2.052476584763098799e-01 8.000000000000000000e+00 8.820799999999999474e-02 3.118623747744999827e-02 1.509971006399999846e-12
1.163000000000000000e+05 5.318192497620999813e+08 5.696931539076504851e+04 2.060449082844115765e-01 3.000000000000000000e+00 3.307800000000000323e-02 1.909759220424999890e-02 5.662391274000000433e-13
1.164000000000000000e+05 5.318193497620999813e+08 5.696931654817245726e+04 2.068421580922858993e-01 6.000000000000000000e+00 6.615600000000000647e-02 2.700807390393000079e-02 1.132478254800000087e-12
1.165000000000000000e+05 5.318194497620999813e+08 5.696931770557985874e+04 2.076394078953853750e-01 1.100000000000000000e+01 1.212860000000000049e-01 3.656910493846000226e-02 2.076210133799999889e-12
1.166000000000000000e+05 5.318195497620999813e+08 5.696931886298726749e+04 2.084366577032596979e-01 1.200000000000000000e+01 1.323120000000000129e-01 3.819518440850999674e-02 2.264956509600000173e-12
1.167000000000000000e+05 5.318196497620999813e+08 5.696932002039467625e+04 2.092339075113613944e-01 5.000000000000000000e+00 5.512999999999999845e-02 2.465488551990999838e-02 9.437318790000000048e-13
1.168000000000000000e+05 5.318197497620999813e+08 5.696932117780208500e+04 2.100311573192357173e-01 1.000000000000000000e+01 1.102599999999999969e-01 3.486727348101999885e-02 1.887463758000000010e-12
1.169000000000000000e+05 5.318198497620999813e+08 5.696932233520949376e+04 2.108284071273374138e-01 1.000000000000000000e+01 1.102599999999999969e-01 3.486727348101999885e-02 1.887463758000000010e-12
1.170000000000000000e+05 5.318199497620999813e+08 5.696932349261689524e+04 2.116256569302095158e-01 3.000000000000000000e+00 3.307800000000000323e-02 1.909759220424999890e-02 5.662391274000000433e-13
1.171000000000000000e+05 5.318200497620999813e+08 5.696932465002430399e+04 2.124229067383112124e-01 8.000000000000000000e+00 8.820799999999999474e-02 3.118623747744999827e-02 1.509971006399999846e-12
1.172000000000000000e+05 5.318201497620999813e+08 5.696932580743171275e+04 2.132201565461855353e-01 6.000000000000000000e+00 6.615600000000000647e-02 2.700807390393000079e-02 1.132478254800000087e-12
1.173000000000000000e+05 5.318202497620999813e+08 5.696932696483912150e+04 2.140174063542872318e-01 5.000000000000000000e+00 5.512999999999999845e-02 2.465488551990999838e-02 9.437318790000000048e-13
1.174000000000000000e+05 5.318203497620999813e+08 5.696932812224653026e+04 2.148146561621615547e-01 8.000000000000000000e+00 8.820799999999999474e-02 3.118623747744999827e-02 1.509971006399999846e-12
1.175000000000000000e+05 5.318204497620999813e+08 5.696932927965393174e+04 2.156119059652610304e-01 5.000000000000000000e+00 5.512999999999999845e-02 2.465488551990999838e-02 9.437318790000000048e-13
1.176000000000000000e+05 5.318205497620999813e+08 5.696933043706134049e+04 2.164091557731353532e-01 5.000000000000000000e+00 5.512999999999999845e-02 2.465488551990999838e-02 9.437318790000000048e-13
1.177000000000000000e+05 5.318206497620999813e+08 5.696933159446874924e+04 2.172064055812370498e-01 4.000000000000000000e+00 4.410399999999999737e-02 2.205199999999999869e-02 7.549855031999999231e-13
1.178000000000000000e+05 5.318207497620999813e+08 5.696933275187615800e+04 2.180036553893387463e-01 5.000000000000000000e+00 5.512999999999999845e-02 2.465488551990999838e-02 9.437318790000000048e-13
1.179000000000000000e+05 5.318208497620999813e+08 5.696933390928356675e+04 2.188009051972130692e-01 3.000000000000000000e+00 3.307800000000000323e-02 1.909759220424999890e-02 5.662391274000000433e-13
1.180000000000000000e+05 5.318209497620999813e+08 5.696933506669096823e+04 2.195981550003125449e-01 3.000000000000000000e+00 3.307800000000000323e-02 1.909759220424999890e-02 5.662391274000000433e-13
1.181000000000000000e+05 5.318210497620999813e+08 5.696933622409837699e+04 2.203954048081868677e-01 7.000000000000000000e+00 7.718200000000000061e-02 2.917205395580000152e-02 1.321224630599999966e-12
1.182000000000000000e+05 5.318211497620999813e+08 5.696933738150578574e+04 2.211926546162885643e-01 7.000000000000000000e+00 7.718200000000000061e-02 2.917205395580000152e-02 1.321224630599999966e-12
1.183000000000000000e+05 5.318212497620999813e+08 5.696933853891319450e+04 2.219899044241628872e-01 6.000000000000000000e+00 6.615600000000000647e-02 2.700807390393000079e-02 1.132478254800000087e-12
1.184000000000000000e+05 5.318213497620999813e+08 5.696933969632060325e+04 2.227871542322645837e-01 8.000000000000000000e+00 8.820799999999999474e-02 3.118623747744999827e-02 1.509971006399999846e-12
1.185000000000000000e+05 5.318214497620999813e+08 5.696934085372801201e+04 2.235844040401389066e-01 6.000000000000000000e+00 6.615600000000000647e-02 2.700807390393000079e-02 1.132478254800000087e-12
1.186000000000000000e+05 5.318215497620999813e+08 5.696934201113541349e+04 2.243816538432383823e-01 9.000000000000000000e+00 9.923400000000000276e-02 3.307800000000000323e-02 1.698717382199999928e-12
1.187000000000000000e+05 5.318216497620999813e+08 5.696934316854282224e+04 2.251789036511127051e-01 0.000000000000000000e+00 0.000000000000000000e+00 0.000000000000000000e+00 0.000000000000000000e+00
1.188000000000000000e+05 5.318217497620999813e+08 5.696934432595023100e+04 2.259761534592144017e-01 5.000000000000000000e+00 5.512999999999999845e-02 2.465488551990999838e-02 9.437318790000000048e-13
1.189000000000000000e+05 5.318218497620999813e+08 5.696934548335763975e+04 2.267734032670887245e-01 5.000000000000000000e+00 5.512999999999999845e-02 2.465488551990999838e-02 9.437318790000000048e-13
1.190000000000000000e+05 5.318219497620999813e+08 5.696934664076504851e+04 2.275706530751904211e-01 5.000000000000000000e+00 5.512999999999999845e-02 2.465488551990999838e-02 9.437318790000000048e-13
1.191000000000000000e+05 5.318220497620999813e+08 5.696934779817245726e+04 2.283679028830647439e-01 8.000000000000000000e+00 8.820799999999999474e-02 3.118623747744999827e-02 1.509971006399999846e-12
1.192000000000000000e+05 5.318221497620999813e+08 5.696934895557985874e+04 2.291651526861642196e-01 4.000000000000000000e+00 4.410399999999999737e-02 2.205199999999999869e-02 7.549855031999999231e-13
1.193000000000000000e+05 5.318222497620999813e+08 5.696935011298726749e+04 2.299624024940385425e-01 5.000000000000000000e+00 5.512999999999999845e-02 2.465488551990999838e-02 9.437318790000000048e-13
1.194000000000000000e+05 5.318223497620999813e+08 5.696935127039467625e+04 2.307596523021402390e-01 9.000000000000000000e+00 9.923400000000000276e-02 3.307800000000000323e-02 1.698717382199999928e-12
1.195000000000000000e+05 5.318224497620999813e+08 5.696935242780208500e+04 2.315569021100145619e-01 6.000000000000000000e+00 6.615600000000000647e-02 2.700807390393000079e-02 1.132478254800000087e-12
1.196000000000000000e+05 5.318225497620999813e+08 5.696935358520949376e+04 2.323541519181162585e-01 1.100000000000000000e+01 1.212860000000000049e-01 3.656910493846000226e-02 2.076210133799999889e-12
1.197000000000000000e+05 5.318226497620999813e+08 5.696935474261689524e+04 2.331514017209883605e-01 6.000000000000000000e+00 6.615600000000000647e-02 2.700807390393000079e-02 1.132478254800000087e-12
1.198000000000000000e+05 5.318227497620999813e+08 5.696935590002430399e+04 2.339486515290900570e-01 1.300000000000000000e+01 1.433379999999999932e-01 3.975480836327000000e-02 2.453702885399999649e-12
1.199000000000000000e+05 5.318228497620999813e+08 5.696935705743171275e+04 2.347459013369643799e-01 7.000000000000000000e+00 7.718200000000000061e-02 2.917205395580000152e-02 1.321224630599999966e-12
1.200000000000000000e+05 5.318229497620999813e+08 5.696935821483912150e+04 2.355431511450660764e-01 6.000000000000000000e+00 6.615600000000000647e-02 2.700807390393000079e-02 1.132478254800000087e-12
1.201000000000000000e+05 5.318230497620999813e+08 5.696935937224653026e+04 2.363404009529403993e-01 1.000000000000000000e+01 1.102599999999999969e-01 3.486727348101999885e-02 1.887463758000000010e-12
1.202000000000000000e+05 5.318231497620999813e+08 5.696936052965393174e+04 2.371376507560398750e-01 6.000000000000000000e+00 6.615600000000000647e-02 2.700807390393000079e-02 1.132478254800000087e-12
1.203000000000000000e+05 5.318232497620999813e+08 5.696936168706134049e+04 2.379349005639141978e-01 4.000000000000000000e+00 4.410399999999999737e-02 2.205199999999999869e-02 7.549855031999999231e-13
1.204000000000000000e+05 5.318233497620999813e+08 5.696936284446874924e+04 2.387321503720158944e-01 2.000000000000000000e+00 2.205199999999999869e-02 1.559311873873000034e-02 3.774927515999999615e-13
1.205000000000000000e+05 5.318234497620999813e+08 5.696936400187615800e+04 2.395294001801175909e-01 9.000000000000000000e+00 9.923400000000000276e-02 3.307800000000000323e-02 1.698717382199999928e-12
1.206000000000000000e+05 5.318235497620999813e+08 5.696936515928356675e+04 2.403266499879919138e-01 3.000000000000000000e+00 3.307800000000000323e-02 1.909759220424999890e-02 5.662391274000000433e-13
1.207000000000000000e+05 5.318236497620999813e+08 5.696936631669096823e+04 2.411238997910913895e-01 1.000000000000000000e+01 1.102599999999999969e-01 3.486727348101999885e-02 1.887463758000000010e-12
1.208000000000000000e+05 5.318237497620999813e+08 5.696936747409837699e+04 2.419211495989657124e-01 8.000000000000000000e+00 8.820799999999999474e-02 3.118623747744999827e-02 1.509971006399999846e-12
1.209000000000000000e+05 5.318238497620999813e+08 5.696936863150578574e+04 2.427183994070674089e-01 6.000000000000000000e+00 6.615600000000000647e-02 2.700807390393000079e-02 1.132478254800000087e-12
1.210000000000000000e+05 5.318239497620999813e+08 5.696936978891319450e+04 2.435156492149417318e-01 4.000000000000000000e+00 4.410399999999999737e-02 2.205199999999999869e-02 7.549855031999999231e-13
1.211000000000000000e+05 5.318240497620999813e+08 5.696937094632060325e+04 2.443128990230434283e-01 6.000000000000000000e+00 6.615600000000000647e-02 2.700807390393000079e-02 1.132478254800000087e-12
1.212000000000000000e+05 5.318241497620999813e+08 5.696937210372801201e+04 2.451101488309177512e-01 3.000000000000000000e+00 3.307800000000000323e-02 1.909759220424999890e-02 5.662391274000000433e-13
1.213000000000000000e+05 5.318242497620999813e+08 5.696937326113541349e+04 2.459073986340172269e-01 1.000000000000000000e+00 1.102599999999999934e-02 1.102599999999999934e-02 1.887463757999999808e-13
1.214000000000000000e+05 5.318243497620999813e+08 5.696937441854282224e+04 2.467046484418915497e-01 4.000000000000000000e+00 4.410399999999999737e-02 2.205199999999999869e-02 7.549855031999999231e-13
1.215000000000000000e+05 5.318244497620999813e+08 5.696937557595023100e+04 2.475018982499932463e-01 0.000000000000000000e+00 0.000000000000000000e+00 0.000000000000000000e+00 0.000000000000000000e+00
1.216000000000000000e+05 5.318245497620999813e+08 5.696937673335763975e+04 2.482991480578675692e-01 4.000000000000000000e+00 4.410399999999999737e-02 2.205199999999999869e-02 7.549855031999999231e-13
1.217000000000000000e+05 5.318246497620999813e+08 5.696937789076504851e+04 2.490963978659692657e-01 1.000000000000000000e+00 1.102599999999999934e-02 1.102599999999999934e-02 1.887463757999999808e-13
1.218000000000000000e+05 5.318247497620999813e+08 5.696937904817245726e+04 2.498936476738435886e-01 5.000000000000000000e+00 5.512999999999999845e-02 2.465488551990999838e-02 9.437318790000000048e-13
1.219000000000000000e+05 5.318248497620999813e+08 5.696938020557985874e+04 2.506908974769430642e-01 2.000000000000000000e+00 2.205199999999999869e-02 1.559311873873000034e-02 3.774927515999999615e-13
1.220000000000000000e+05 5.318249497620999813e+08 5.696938136298726749e+04 2.514881472848173871e-01 9.000000000000000000e+00 9.923400000000000276e-02 3.307800000000000323e-02 1.698717382199999928e-12
1.221000000000000000e+05 5.318250497620999813e+08 5.696938252039467625e+04 2.522853970929190837e-01 6.000000000000000000e+00 6.615600000000000647e-02 2.700807390393000079e-02 1.132478254800000087e-12
1.222000000000000000e+05 5.318251497620999813e+08 5.696938367780208500e+04 2.530826469007934065e-01 5.000000000000000000e+00 5.512999999999999845e-02 2.465488551990999838e-02 9.437318790000000048e-13
1.223000000000000000e+05 5.318252497620999813e+08 5.696938483520949376e+04 2.538798967088951031e-01 6.000000000000000000e+00 6.615600000000000647e-02 2.700807390393000079e-02 1.132478254800000087e-12
1.224000000000000000e+05 5.318253497620999813e+08 5.696938599261689524e+04 2.546771465117672051e-01 9.000000000000000000e+00 9.923400000000000276e-02 3.307800000000000323e-02 1.698717382199999928e-12
1.225000000000000000e+05 5.318254497620999813e+08 5.696938715002430399e+04 2.554743963198689016e-01 2.000000000000000000e+00 2.205199999999999869e-02 1.559311873873000034e-02 3.774927515999999615e-13
1.226000000000000000e+05 5.318255497620999813e+08 5.696938830743171275e+04 2.562716461277432245e-01 6.000000000000000000e+00 6.615600000000000647e-02 2.700807390393000079e-02 1.132478254800000087e-12
1.227000000000000000e+05 5.318256497620999813e+08 5.696938946483912150e+04 2.570688959358449210e-01 6.000000000000000000e+00 6.615600000000000647e-02 2.700807390393000079e-02 1.132478254800000087e-12
1.228000000000000000e+05 5.318257497620999813e+08 5.696939062224653026e+04 2.578661457437192439e-01 7.000000000000000000e+00 7.718200000000000061e-02 2.917205395580000152e-02 1.321224630599999966e-12
1.229000000000000000e+05 5.318258497620999813e+08 5.696939177965393174e+04 2.586633955468187196e-01 1.000000000000000000e+01 1.102599999999999969e-01 3.486727348101999885e-02 1.887463758000000010e-12
1.230000000000000000e+05 5.318259497620999813e+08 5.696939293706134049e+04 2.594606453546930425e-01 7.000000000000000000e+00 7.718200000000000061e-02 2.917205395580000152e-02 1.321224630599999966e-12
1.231000000000000000e+05 5.318260497620999813e+08 5.696939409446874924e+04 2.602578951627947390e-01 4.000000000000000000e+00 4.410399999999999737e-02 2.205199999999999869e-02 7.549855031999999231e-13
1.232000000000000000e+05 5.318261497620999813e+08 5.696939525187615800e+04 2.610551449706690619e-01 7.000000000000000000e+00 7.718200000000000061e-02 2.917205395580000152e-02 1.321224630599999966e-12
1.233000000000000000e+05 5.318262497620999813e+08 5.696939640928356675e+04 2.618523947787707584e-01 3.000000000000000000e+00 3.307800000000000323e-02 1.909759220424999890e-02 5.662391274000000433e-13
1.234000000000000000e+05 5.318263497620999813e+08 5.696939756669096823e+04 2.626496445816428604e-01 1.000000000000000000e+01 1.102599999999999969e-01 3.486727348101999885e-02 1.887463758000000010e-12
1.235000000000000000e+05 5.318264497620999813e+08 5.696939872409837699e+04 2.634468943897445570e-01 1.000000000000000000e+01 1.102599999999999969e-01 3.486727348101999885e-02 1.887463758000000010e-12
1.236000000000000000e+05 5.318265497620999813e+08 5.696939988150578574e+04 2.642441441978462535e-01 7.000000000000000000e+00 7.718200000000000061e-02 2.917205395580000152e-02 1.321224630599999966e-12
1.237000000000000000e+05 5.318266497620999813e+08 5.696940103891319450e+04 2.650413940057205764e-01 1.200000000000000000e+01 1.323120000000000129e-01 3.819518440850999674e-02 2.264956509600000173e-12
1.238000000000000000e+05 5.318267497620999813e+08 5.696940219632060325e+04 2.658386438138222729e-01 6.000000000000000000e+00 6.615600000000000647e-02 2.700807390393000079e-02 1.132478254800000087e-12
1.239000000000000000e+05 5.318268497620999813e+08 5.696940335372801201e+04 2.666358936216965958e-01 7.000000000000000000e+00 7.718200000000000061e-02 2.917205395580000152e-02 1.321224630599999966e-12
1.240000000000000000e+05 5.318269497620999813e+08 5.696940451113541349e+04 2.674331434247960715e-01 1.100000000000000000e+01 1.212860000000000049e-01 3.656910493846000226e-02 2.076210133799999889e-12
1.241000000000000000e+05 5.318270497620999813e+08 5.696940566854282224e+04 2.682303932326703944e-01 1.000000000000000000e+01 1.102599999999999969e-01 3.486727348101999885e-02 1.887463758000000010e-12
1.242000000000000000e+05 5.318271497620999813e+08 5.696940682595023100e+04 2.690276430407720909e-01 9.000000000000000000e+00 9.923400000000000276e-02 3.307800000000000323e-02 1.698717382199999928e-12
1.243000000000000000e+05 5.318272497620999813e+08 5.696940798335763975e+04 2.698248928486464138e-01 7.000000000000000000e+00 7.718200000000000061e-02 2.917205395580000152e-02 1.321224630599999966e-12
1.244000000000000000e+05 5.318273497620999813e+08 5.696940914076504851e+04 2.706221426567481103e-01 1.000000000000000000e+01 1.102599999999999969e-01 3.486727348101999885e-02 1.887463758000000010e-12
1.245000000000000000e+05 5.318274497620999813e+08 5.696941029817245726e+04 2.714193924646224332e-01 1.000000000000000000e+01 1.102599999999999969e-01 3.486727348101999885e-02 1.887463758000000010e-12
1.246000000000000000e+05 5.318275497620999813e+08 5.696941145557985874e+04 2.722166422677219089e-01 8.000000000000000000e+00 8.820799999999999474e-02 3.118623747744999827e-02 1.509971006399999846e-12
1.247000000000000000e+05 5.318276497620999813e+08 5.696941261298726749e+04 2.730138920755962317e-01 7.000000000000000000e+00 7.718200000000000061e-02 2.917205395580000152e-02 1.321224630599999966e-12
1.248000000000000000e+05 5.318277497620999813e+08 5.696941377039467625e+04 2.738111418836979283e-01 8.000000000000000000e+00 8.820799999999999474e-02 3.118623747744999827e-02 1.509971006399999846e-12
1.249000000000000000e+05 5.318278497620999813e+08 5.696941492780208500e+04 2.746083916915722511e-01 6.000000000000000000e+00 6.615600000000000647e-02 2.700807390393000079e-02 1.132478254800000087e-12
1.250000000000000000e+05 5.318279497620999813e+08 5.696941608520949376e+04 2.754056414996739477e-01 7.000000000000000000e+00 7.718200000000000061e-02 2.917205395580000152e-02 1.321224630599999966e-12
1.251000000000000000e+05 5.318280497620999813e+08 5.696941724261689524e+04 2.762028913025460497e-01 1.100000000000000000e+01 1.212860000000000049e-01 3.656910493846000226e-02 2.076210133799999889e-12
1.252000000000000000e+05 5.318281497620999813e+08 5.696941840002430399e+04 2.770001411106477462e-01 1.000000000000000000e+01 1.102599999999999969e-01 3.486727348101999885e-02 1.887463758000000010e-12
1.253000000000000000e+05 5.318282497620999813e+08 5.696941955743171275e+04 2.777973909185220691e-01 9.000000000000000000e+00 9.923400000000000276e-02 3.307800000000000323e-02 1.698717382199999928e-12
1.254000000000000000e+05 5.318283497620999813e+08 5.696942071483912150e+04 2.785946407266237657e-01 7.000000000000000000e+00 7.718200000000000061e-02 2.917205395580000152e-02 1.321224630599999966e-12
1.255000000000000000e+05 5.318284497620999813e+08 5.696942187224653026e+04 2.793918905344980885e-01 8.000000000000000000e+00 8.820799999999999474e-02 3.118623747744999827e-02 1.509971006399999846e-12
1.256000000000000000e+05 5.318285497620999813e+08 5.696942302965393174e+04 2.801891403375975642e-01 9.000000000000000000e+00 9.923400000000000276e-02 3.307800000000000323e-02 1.698717382199999928e-12
1.257000000000000000e+05 5.318286497620999813e+08 5.696942418706134049e+04 2.809863901454718871e-01 1.500000000000000000e+01 1.653900000000000092e-01 4.270351437527999949e-02 2.831195636999999812e-12
1.258000000000000000e+05 5.318287497620999813e+08 5.696942534446874924e+04 2.817836399535735836e-01 6.000000000000000000e+00 6.615600000000000647e-02 2.700807390393000079e-02 1.132478254800000087e-12
1.259000000000000000e+05 5.318288497620999813e+08 5.696942650187615800e+04 2.825808897614479065e-01 2.000000000000000000e+00 2.205199999999999869e-02 1.559311873873000034e-02 3.774927515999999615e-13
1.260000000000000000e+05 5.318289497620999813e+08 5.696942765928356675e+04 2.833781395695496030e-01 1.000000000000000000e+01 1.102599999999999969e-01 3.486727348101999885e-02 1.887463758000000010e-12
1.261000000000000000e+05 5.318290497620999813e+08 5.696942881669096823e+04 2.841753893724217050e-01 2.000000000000000000e+00 2.205199999999999869e-02 1.559311873873000034e-02 3.774927515999999615e-13
1.262000000000000000e+05 5.318291497620999813e+08 5.696942997409837699e+04 2.849726391805234016e-01 1.100000000000000000e+01 1.212860000000000049e-01 3.656910493846000226e-02 2.076210133799999889e-12
1.263000000000000000e+05 5.318292497620999813e+08 5.696943113150578574e+04 2.857698889883977245e-01 7.000000000000000000e+00 7.718200000000000061e-02 2.917205395580000152e-02 1.321224630599999966e-12
1.264000000000000000e+05 5.318293497620999813e+08 5.696943228891319450e+04 2.865671387964994210e-01 1.000000000000000000e+01 1.102599999999999969e-01 3.486727348101999885e-02 1.887463758000000010e-12
1.265000000000000000e+05 5.318294497620999813e+08 5.696943344632060325e+04 2.873643886046011175e-01 1.200000000000000000e+01 1.323120000000000129e-01 3.819518440850999674e-02 2.264956509600000173e-12
1.266000000000000000e+05 5.318295497620999813e+08 5.696943460372801201e+04 2.881616384124754404e-01 8.000000000000000000e+00 8.820799999999999474e-02 3.118623747744999827e-02 1.509971006399999846e-12
1.267000000000000000e+05 5.318296497620999813e+08 5.696943576113541349e+04 2.889588882155749161e-01 5.000000000000000000e+00 5.512999999999999845e-02 2.465488551990999838e-02 9.437318790000000048e-13
1.268000000000000000e+05 5.318297497620999813e+08 5.696943691854282224e+04 2.897561380234492390e-01 1.000000000000000000e+01 1.102599999999999969e-01 3.486727348101999885e-02 1.887463758000000010e-12
1.269000000000000000e+05 5.318298497620999813e+08 5.696943807595023100e+04 2.905533878315509355e-01 6.000000000000000000e+00 6.615600000000000647e-02 2.700807390393000079e-02 1.132478254800000087e-12
1.270000000000000000e+05 5.318299497620999813e+08 5.696943923335763975e+04 2.913506376394252584e-01 6.000000000000000000e+00 6.615600000000000647e-02 2.700807390393000079e-02 1.132478254800000087e-12
1.271000000000000000e+05 5.318300497620999813e+08 5.696944039076504851e+04 2.921478874475269549e-01 9.000000000000000000e+00 9.923400000000000276e-02 3.307800000000000323e-02 1.698717382199999928e-12
1.272000000000000000e+05 5.318301497620999813e+08 5.696944154817245726e+04 2.929451372554012778e-01 6.000000000000000000e+00 6.615600000000000647e-02 2.700807390393000079e-02 1.132478254800000087e-12
1.273000000000000000e+05 5.318302497620999813e+08 5.696944270557985874e+04 2.937423870585007535e-01 5.000000000000000000e+00 5.512999999999999845e-02 2.465488551990999838e-02 9.437318790000000048e-13
1.274000000000000000e+05 5.318303497620999813e+08 5.696944386298726749e+04 2.945396368663750764e-01 1.100000000000000000e+01 1.212860000000000049e-01 3.656910493846000226e-02 2.076210133799999889e-12
1.275000000000000000e+05 5.318304497620999813e+08 5.696944502039467625e+04 2.953368866744767729e-01 1.200000000000000000e+01 1.323120000000000129e-01 3.819518440850999674e-02 2.264956509600000173e-12
1.276000000000000000e+05 5.318305497620999813e+08 5.696944617780208500e+04 2.961341364823510958e-01 9.000000000000000000e+00 9.923400000000000276e-02 3.307800000000000323e-02 1.698717382199999928e-12
1.277000000000000000e+05 5.318306497620999813e+08 5.696944733520949376e+04 2.969313862904527923e-01 1.000000000000000000e+01 1.102599999999999969e-01 3.486727348101999885e-02 1.887463758000000010e-12
1.278000000000000000e+05 5.318307497620999813e+08 5.696944849261689524e+04 2.977286360933248943e-01 1.200000000000000000e+01 1.323120000000000129e-01 3.819518440850999674e-02 2.264956509600000173e-12
1.279000000000000000e+05 5.318308497620999813e+08 5.696944965002430399e+04 2.985258859014265909e-01 1.000000000000000000e+01 1.102599999999999969e-01 3.486727348101999885e-02 1.887463758000000010e-12
1.280000000000000000e+05 5.318309497620999813e+08 5.696945080743171275e+04 2.993231357093009137e-01 7.000000000000000000e+00 7.718200000000000061e-02 2.917205395580000152e-02 1.321224630599999966e-12
1.281000000000000000e+05 5.318310497620999813e+08 5.696945196483912150e+04 3.001203855174026103e-01 7.000000000000000000e+00 7.718200000000000061e-02 2.917205395580000152e-02 1.321224630599999966e-12
1.282000000000000000e+05 5.318311497620999813e+08 5.696945312224653026e+04 3.009176353252769331e-01 2.000000000000000000e+00 2.205199999999999869e-02 1.559311873873000034e-02 3.774927515999999615e-13
1.283000000000000000e+05 5.318312497620999813e+08 5.696945427965393174e+04 3.017148851283764088e-01 7.000000000000000000e+00 7.718200000000000061e-02 2.917205395580000152e-02 1.321224630599999966e-12
1.284000000000000000e+05 5.318313497620999813e+08 5.696945543706134049e+04 3.025121349362507317e-01 1.300000000000000000e+01 1.433379999999999932e-01 3.975480836327000000e-02 2.453702885399999649e-12
1.285000000000000000e+05 5.318314497620999813e+08 5.696945659446874924e+04 3.033093847443524282e-01 4.000000000000000000e+00 4.410399999999999737e-02 2.205199999999999869e-02 7.549855031999999231e-13
1.286000000000000000e+05 5.318315497620999813e+08 5.696945775187615800e+04 3.041066345522267511e-01 5.000000000000000000e+00 5.512999999999999845e-02 2.465488551990999838e-02 9.437318790000000048e-13
1.287000000000000000e+05 5.318316497620999813e+08 5.696945890928356675e+04 3.049038843603284477e-01 9.000000000000000000e+00 9.923400000000000276e-02 3.307800000000000323e-02 1.698717382199999928e-12
1.288000000000000000e+05 5.318317497620999813e+08 5.696946006669096823e+04 3.057011341632005497e-01 7.000000000000000000e+00 7.718200000000000061e-02 2.917205395580000152e-02 1.321224630599999966e-12
1.289000000000000000e+05 5.318318497620999813e+08 5.696946122409837699e+04 3.064983839713022462e-01 6.000000000000000000e+00 6.615600000000000647e-02 2.700807390393000079e-02 1.132478254800000087e-12
1.290000000000000000e+05 5.318319497620999813e+08 5.696946238150578574e+04 3.072956337791765691e-01 5.000000000000000000e+00 5.512999999999999845e-02 2.465488551990999838e-02 9.437318790000000048e-13
1.291000000000000000e+05 5.318320497620999813e+08 5.696946353891319450e+04 3.080928835872782656e-01 3.000000000000000000e+00 3.307800000000000323e-02 1.909759220424999890e-02 5.662391274000000433e-13
1.292000000000000000e+05 5.318321497620999813e+08 5.696946469632060325e+04 3.088901333951525885e-01 6.000000000000000000e+00 6.615600000000000647e-02 2.700807390393000079e-02 1.132478254800000087e-12
1.293000000000000000e+05 5.318322497620999813e+08 5.696946585372801201e+04 3.096873832032542850e-01 2.000000000000000000e+00 2.205199999999999869e-02 1.559311873873000034e-02 3.774927515999999615e-13
1.294000000000000000e+05 5.318323497620999813e+08 5.696946701113541349e+04 3.104846330061263870e-01 6.000000000000000000e+00 6.615600000000000647e-02 2.700807390393000079e-02 1.132478254800000087e-12
1.295000000000000000e+05 5.318324497620999813e+08 5.696946816854282224e+04 3.112818828142280836e-01 1.000000000000000000e+00 1.102599999999999934e-02 1.102599999999999934e-02 1.887463757999999808e-13
1.296000000000000000e+05 5.318325497620999813e+08 5.696946932595023100e+04 3.120791326223297801e-01 9.000000000000000000e+00 9.923400000000000276e-02 3.307800000000000323e-02 1.698717382199999928e-12
1.297000000000000000e+05 5.318326497620999813e+08 5.696947048335763975e+04 3.128763824302041030e-01 8.000000000000000000e+00 8.820799999999999474e-02 3.118623747744999827e-02 1.509971006399999846e-12
1.298000000000000000e+05 5.318327497620999813e+08 5.696947164076504851e+04 3.136736322383057995e-01 7.000000000000000000e+00 7.718200000000000061e-02 2.917205395580000152e-02 1.321224630599999966e-12
1.299000000000000000e+05 5.318328497620999813e+08 5.696947279817245726e+04 3.144708820461801224e-01 6.000000000000000000e+00 6.615600000000000647e-02 2.700807390393000079e-02 1.132478254800000087e-12
1.300000000000000000e+05 5.318329497620999813e+08 5.696947395557985874e+04 3.152681318492795981e-01 1.600000000000000000e+01 1.764159999999999895e-01 4.410399999999999737e-02 3.019942012799999692e-12
1.301000000000000000e+05 5.318330497620999813e+08 5.696947511298726749e+04 3.160653816571539210e-01 1.100000000000000000e+01 1.212860000000000049e-01 3.656910493846000226e-02 2.076210133799999889e-12
1.302000000000000000e+05 5.318331497620999813e+08 5.696947627039467625e+04 3.168626314652556175e-01 3.000000000000000000e+00 3.307800000000000323e-02 1.909759220424999890e-02 5.662391274000000433e-13
1.303000000000000000e+05 5.318332497620999813e+08 5.696947742780208500e+04 3.176598812731299404e-01 6.000000000000000000e+00 6.615600000000000647e-02 2.700807390393000079e-02 1.132478254800000087e-12
1.304000000000000000e+05 5.318333497620999813e+08 5.696947858520949376e+04 3.184571310812316369e-01 4.000000000000000000e+00 4.410399999999999737e-02 2.205199999999999869e-02 7.549855031999999231e-13
1.305000000000000000e+05 5.318334497620999813e+08 5.696947974261689524e+04 3.192543808841037389e-01 3.000000000000000000e+00 3.307800000000000323e-02 1.909759220424999890e-02 5.662391274000000433e-13
1.306000000000000000e+05 5.318335497620999813e+08 5.696948090002430399e+04 3.200516306922054355e-01 8.000000000000000000e+00 8.820799999999999474e-02 3.118623747744999827e-02 1.509971006399999846e-12
1.307000000000000000e+05 5.318336497620999813e+08 5.696948205743171275e+04 3.208488805000797583e-01 8.000000000000000000e+00 8.820799999999999474e-02 3.118623747744999827e-02 1.509971006399999846e-12
1.308000000000000000e+05 5.318337497620999813e+08 5.696948321483912150e+04 3.216461303081814549e-01 2.000000000000000000e+00 2.205199999999999869e-02 1.559311873873000034e-02 3.774927515999999615e-13
1.309000000000000000e+05 5.318338497620999813e+08 5.696948437224653026e+04 3.224433801160557778e-01 4.000000000000000000e+00 4.410399999999999737e-02 2.205199999999999869e-02 7.549855031999999231e-13
1.310000000000000000e+05 5.318339497620999813e+08 5.696948552965393174e+04 3.232406299191552534e-01 4.000000000000000000e+00 4.410399999999999737e-02 2.205199999999999869e-02 7.549855031999999231e-13
1.311000000000000000e+05 5.318340497620999813e+08 5.696948668706134049e+04 3.240378797270295763e-01 4.000000000000000000e+00 4.410399999999999737e-02 2.205199999999999869e-02 7.549855031999999231e-13
1.312000000000000000e+05 5.318341497620999813e+08 5.696948784446874924e+04 3.248351295351312729e-01 6.000000000000000000e+00 6.615600000000000647e-02 2.700807390393000079e-02 1.132478254800000087e-12
1.313000000000000000e+05 5.318342497620999813e+08 5.696948900187615800e+04 3.256323793430055957e-01 6.000000000000000000e+00 6.615600000000000647e-02 2.700807390393000079e-02 1.132478254800000087e-12
1.314000000000000000e+05 5.318343497620999813e+08 5.696949015928356675e+04 3.264296291511072923e-01 5.000000000000000000e+00 5.512999999999999845e-02 2.465488551990999838e-02 9.437318790000000048e-13
1.315000000000000000e+05 5.318344497620999813e+08 5.696949131669096823e+04 3.272268789539793943e-01 2.000000000000000000e+00 2.205199999999999869e-02 1.559311873873000034e-02 3.774927515999999615e-13
1.316000000000000000e+05 5.318345497620999813e+08 5.696949247409837699e+04 3.280241287620810908e-01 2.000000000000000000e+00 2.205199999999999869e-02 1.559311873873000034e-02 3.774927515999999615e-13
1.317000000000000000e+05 5.318346497620999813e+08 5.696949363150578574e+04 3.288213785699554137e-01 5.000000000000000000e+00 5.512999999999999845e-02 2.465488551990999838e-02 9.437318790000000048e-13
1.318000000000000000e+05 5.318347497620999813e+08 5.696949478891319450e+04 3.296186283780571102e-01 4.000000000000000000e+00 4.410399999999999737e-02 2.205199999999999869e-02 7.549855031999999231e-13
1.319000000000000000e+05 5.318348497620999813e+08 5.696949594632060325e+04 3.304158781859314331e-01 1.100000000000000000e+01 1.212860000000000049e-01 3.656910493846000226e-02 2.076210133799999889e-12
1.320000000000000000e+05 5.318349497620999813e+08 5.696949710372801201e+04 3.312131279940331297e-01 9.000000000000000000e+00 9.923400000000000276e-02 3.307800000000000323e-02 1.698717382199999928e-12
1.321000000000000000e+05 5.318350497620999813e+08 5.696949826113541349e+04 3.320103777969052317e-01 3.000000000000000000e+00 3.307800000000000323e-02 1.909759220424999890e-02 5.662391274000000433e-13
1.322000000000000000e+05 5.318351497620999813e+08 5.696949941854282224e+04 3.328076276050069282e-01 7.000000000000000000e+00 7.718200000000000061e-02 2.917205395580000152e-02 1.321224630599999966e-12
1.323000000000000000e+05 5.318352497620999813e+08 5.696950057595023100e+04 3.336048774131086248e-01 5.000000000000000000e+00 5.512999999999999845e-02 2.465488551990999838e-02 9.437318790000000048e-13
1.324000000000000000e+05 5.318353497620999813e+08 5.696950173335763975e+04 3.344021272209829476e-01 9.000000000000000000e+00 9.923400000000000276e-02 3.307800000000000323e-02 1.698717382199999928e-12
1.325000000000000000e+05 5.318354497620999813e+08 5.696950289076504851e+04 3.351993770290846442e-01 7.000000000000000000e+00 7.718200000000000061e-02 2.917205395580000152e-02 1.321224630599999966e-12
1.326000000000000000e+05 5.318355497620999813e+08 5.696950404817245726e+04 3.359966268369589670e-01 6.000000000000000000e+00 6.615600000000000647e-02 2.700807390393000079e-02 1.132478254800000087e-12
1.327000000000000000e+05 5.318356497620999813e+08 5.696950520557985874e+04 3.367938766400584427e-01 8.000000000000000000e+00 8.820799999999999474e-02 3.118623747744999827e-02 1.509971006399999846e-12
1.328000000000000000e+05 5.318357497620999813e+08 5.696950636298726749e+04 3.375911264479327656e-01 8.000000000000000000e+00 8.820799999999999474e-02 3.118623747744999827e-02 1.509971006399999846e-12
1.329000000000000000e+05 5.318358497620999813e+08 5.696950752039467625e+04 3.383883762560344621e-01 6.000000000000000000e+00 6.615600000000000647e-02 2.700807390393000079e-02 1.132478254800000087e-12
1.330000000000000000e+05 5.318359497620999813e+08 5.696950867780208500e+04 3.391856260639087850e-01 4.000000000000000000e+00 4.410399999999999737e-02 2.205199999999999869e-02 7.549855031999999231e-13
1.331000000000000000e+05 5.318360497620999813e+08 5.696950983520949376e+04 3.399828758720104815e-01 7.000000000000000000e+00 7.718200000000000061e-02 2.917205395580000152e-02 1.321224630599999966e-12
1.332000000000000000e+05 5.318361497620999813e+08 5.696951099261689524e+04 3.407801256748825836e-01 1.000000000000000000e+01 1.102599999999999969e-01 3.486727348101999885e-02 1.887463758000000010e-12
1.333000000000000000e+05 5.318362497620999813e+08 5.696951215002430399e+04 3.415773754829842801e-01 1.000000000000000000e+01 1.102599999999999969e-01 3.486727348101999885e-02 1.887463758000000010e-12
1.334000000000000000e+05 5.318363497620999813e+08 5.696951330743171275e+04 3.423746252908586030e-01 7.000000000000000000e+00 7.718200000000000061e-02 2.917205395580000152e-02 1.321224630599999966e-12
1.335000000000000000e+05 5.318364497620999813e+08 5.696951446483912150e+04 3.431718750989602995e-01 1.300000000000000000e+01 1.433379999999999932e-01 3.975480836327000000e-02 2.453702885399999649e-12
1.336000000000000000e+05 5.318365497620999813e+08 5.696951562224653026e+04 3.439691249068346224e-01 3.000000000000000000e+00 3.307800000000000323e-02 1.909759220424999890e-02 5.662391274000000433e-13
1.337000000000000000e+05 5.318366497620999813e+08 5.696951677965393174e+04 3.447663747099340981e-01 8.000000000000000000e+00 8.820799999999999474e-02 3.118623747744999827e-02 1.509971006399999846e-12
1.338000000000000000e+05 5.318367497620999813e+08 5.696951793706134049e+04 3.455636245178084209e-01 1.100000000000000000e+01 1.212860000000000049e-01 3.656910493846000226e-02 2.076210133799999889e-12
1.339000000000000000e+05 5.318368497620999813e+08 5.696951909446874924e+04 3.463608743259101175e-01 9.000000000000000000e+00 9.923400000000000276e-02 3.307800000000000323e-02 1.698717382199999928e-12
1.340000000000000000e+05 5.318369497620999813e+08 5.696952025187615800e+04 3.471581241337844403e-01 1.600000000000000000e+01 1.764159999999999895e-01 4.410399999999999737e-02 3.019942012799999692e-12
1.341000000000000000e+05 5.318370497620999813e+08 5.696952140928356675e+04 3.479553739418861369e-01 6.000000000000000000e+00 6.615600000000000647e-02 2.700807390393000079e-02 1.132478254800000087e-12
1.342000000000000000e+05 5.318371497620999813e+08 5.696952256669096823e+04 3.487526237447582389e-01 8.000000000000000000e+00 8.820799999999999474e-02 3.118623747744999827e-02 1.509971006399999846e-12
1.343000000000000000e+05 5.318372497620999813e+08 5.696952372409837699e+04 3.495498735528599354e-01 7.000000000000000000e+00 7.718200000000000061e-02 2.917205395580000152e-02 1.321224630599999966e-12
1.344000000000000000e+05 5.318373497620999813e+08 5.696952488150578574e+04 3.503471233607342583e-01 1.000000000000000000e+01 1.102599999999999969e-01 3.486727348101999885e-02 1.887463758000000010e-12
1.345000000000000000e+05 5.318374497620999813e+08 5.696952603891319450e+04 3.511443731688359549e-01 1.000000000000000000e+01 1.102599999999999969e-01 3.486727348101999885e-02 1.887463758000000010e-12
1.346000000000000000e+05 5.318375497620999813e+08 5.696952719632060325e+04 3.519416229767102777e-01 2.000000000000000000e+00 2.205199999999999869e-02 1.559311873873000034e-02 3.774927515999999615e-13
1.347000000000000000e+05 5.318376497620999813e+08 5.696952835372801201e+04 3.527388727848119743e-01 6.000000000000000000e+00 6.615600000000000647e-02 2.700807390393000079e-02 1.132478254800000087e-12
1.348000000000000000e+05 5.318377497620999813e+08 5.696952951113541349e+04 3.535361225876840763e-01 4.000000000000000000e+00 4.410399999999999737e-02 2.205199999999999869e-02 7.549855031999999231e-13
1.349000000000000000e+05 5.318378497620999813e+08 5.696953066854282224e+04 3.543333723957857728e-01 8.000000000000000000e+00 8.820799999999999474e-02 3.118623747744999827e-02 1.509971006399999846e-12
1.350000000000000000e+05 5.318379497620999813e+08 5.696953182595023100e+04 3.551306222036600957e-01 6.000000000000000000e+00 6.615600000000000647e-02 2.700807390393000079e-02 1.132478254800000087e-12
1.351000000000000000e+05 5.318380497620999813e+08 5.696953298335763975e+04 3.559278720117617922e-01 8.000000000000000000e+00 8.820799999999999474e-02 3.118623747744999827e-02 1.509971006399999846e-12
1.352000000000000000e+05 5.318381497620999813e+08 5.696953414076504851e+04 3.567251218198634888e-01 3.000000000000000000e+00 3.307800000000000323e-02 1.909759220424999890e-02 5.662391274000000433e-13
1.353000000000000000e+05 5.318382497620999813e+08 5.696953529817245726e+04 3.575223716277378117e-01 6.000000000000000000e+00 6.615600000000000647e-02 2.700807390393000079e-02 1.132478254800000087e-12
1.354000000000000000e+05 5.318383497620999813e+08 5.696953645557985874e+04 3.583196214308372873e-01 7.000000000000000000e+00 7.718200000000000061e-02 2.917205395580000152e-02 1.321224630599999966e-12
1.355000000000000000e+05 5.318384497620999813e+08 5.696953761298726749e+04 3.591168712387116102e-01 5.000000000000000000e+00 5.512999999999999845e-02 2.465488551990999838e-02 9.437318790000000048e-13
1.356000000000000000e+05 5.318385497620999813e+08 5.696953877039467625e+04 3.599141210468133067e-01 6.000000000000000000e+00 6.615600000000000647e-02 2.700807390393000079e-02 1.132478254800000087e-12
1.357000000000000000e+05 5.318386497620999813e+08 5.696953992780208500e+04 3.607113708546876296e-01 6.000000000000000000e+00 6.615600000000000647e-02 2.700807390393000079e-02 1.132478254800000087e-12
1.358000000000000000e+05 5.318387497620999813e+08 5.696954108520949376e+04 3.615086206627893262e-01 1.000000000000000000e+00 1.102599999999999934e-02 1.102599999999999934e-02 1.887463757999999808e-13
1.359000000000000000e+05 5.318388497620999813e+08 5.696954224261689524e+04 3.623058704656614282e-01 6.000000000000000000e+00 6.615600000000000647e-02 2.700807390393000079e-02 1.132478254800000087e-12
1.360000000000000000e+05 5.318389497620999813e+08 5.696954340002430399e+04 3.631031202737631247e-01 7.000000000000000000e+00 7.718200000000000061e-02 2.917205395580000152e-02 1.321224630599999966e-12
1.361000000000000000e+05 5.318390497620999813e+08 5.696954455743171275e+04 3.639003700816374476e-01 3.000000000000000000e+00 3.307800000000000323e-02 1.909759220424999890e-02 5.662391274000000433e-13
1.362000000000000000e+05 5.318391497620999813e+08 5.696954571483912150e+04 3.646976198897391441e-01 0.000000000000000000e+00 0.000000000000000000e+00 0.000000000000000000e+00 0.000000000000000000e+00
1.363000000000000000e+05 5.318392497620999813e+08 5.696954687224653026e+04 3.654948696976134670e-01 7.000000000000000000e+00 7.718200000000000061e-02 2.917205395580000152e-02 1.321224630599999966e-12
1.364000000000000000e+05 5.318393497620999813e+08 5.696954802965393174e+04 3.662921195007129427e-01 4.000000000000000000e+00 4.410399999999999737e-02 2.205199999999999869e-02 7.549855031999999231e-13
1.365000000000000000e+05 5.318394497620999813e+08 5.696954918706134049e+04 3.670893693085872656e-01 7.000000000000000000e+00 7.718200000000000061e-02 2.917205395580000152e-02 1.321224630599999966e-12
1.366000000000000000e+05 5.318395497620999813e+08 5.696955034446874924e+04 3.678866191166889621e-01 7.000000000000000000e+00 7.718200000000000061e-02 2.917205395580000152e-02 1.321224630599999966e-12
1.367000000000000000e+05 5.318396497620999813e+08 5.696955150187615800e+04 3.686838689245632850e-01 3.000000000000000000e+00 3.307800000000000323e-02 1.909759220424999890e-02 5.662391274000000433e-13
1.368000000000000000e+05 5.318397497620999813e+08 5.696955265928356675e+04 3.694811187326649815e-01 9.000000000000000000e+00 9.923400000000000276e-02 3.307800000000000323e-02 1.698717382199999928e-12
1.369000000000000000e+05 5.318398497620999813e+08 5.696955381669096823e+04 3.702783685355370835e-01 1.200000000000000000e+01 1.323120000000000129e-01 3.819518440850999674e-02 2.264956509600000173e-12
1.370000000000000000e+05 5.318399497620999813e+08 5.696955497409837699e+04 3.710756183436387801e-01 4.000000000000000000e+00 4.410399999999999737e-02 2.205199999999999869e-02 7.549855031999999231e-13
1.371000000000000000e+05 5.318400497620999813e+08 5.696955613150578574e+04 3.718728681515131029e-01 5.000000000000000000e+00 5.512999999999999845e-02 2.465488551990999838e-02 9.437318790000000048e-13
1.372000000000000000e+05 5.318401497620999813e+08 5.696955728891319450e+04 3.726701179596147995e-01 6.000000000000000000e+00 6.615600000000000647e-02 2.700807390393000079e-02 1.132478254800000087e-12
1.373000000000000000e+05 5.318402497620999813e+08 5.696955844632060325e+04 3.734673677674891223e-01 7.000000000000000000e+00 7.718200000000000061e-02 2.917205395580000152e-02 1.321224630599999966e-12
1.374000000000000000e+05 5.318403497620999813e+08 5.696955960372801201e+04 3.742646175755908189e-01 4.000000000000000000e+00 4.410399999999999737e-02 2.205199999999999869e-02 7.549855031999999231e-13
1.375000000000000000e+05 5.318404497620999813e+08 5.696956076113541349e+04 3.750618673784629209e-01 3.000000000000000000e+00 3.307800000000000323e-02 1.909759220424999890e-02 5.662391274000000433e-13
1.376000000000000000e+05 5.318405497620999813e+08 5.696956191854282224e+04 3.758591171865646174e-01 3.000000000000000000e+00 3.307800000000000323e-02 1.909759220424999890e-02 5.662391274000000433e-13
1.377000000000000000e+05 5.318406497620999813e+08 5.696956307595023100e+04 3.766563669944389403e-01 5.000000000000000000e+00 5.512999999999999845e-02 2.465488551990999838e-02 9.437318790000000048e-13
1.378000000000000000e+05 5.318407497620999813e+08 5.696956423335763975e+04 3.774536168025406369e-01 7.000000000000000000e+00 7.718200000000000061e-02 2.917205395580000152e-02 1.321224630599999966e-12
1.379000000000000000e+05 5.318408497620999813e+08 5.696956539076504851e+04 3.782508666104149597e-01 5.000000000000000000e+00 5.512999999999999845e-02 2.465488551990999838e-02 9.437318790000000048e-13
1.380000000000000000e+05 5.318409497620999813e+08 5.696956654817245726e+04 3.790481164185166563e-01 3.000000000000000000e+00 3.307800000000000323e-02 1.909759220424999890e-02 5.662391274000000433e-13
1.381000000000000000e+05 5.318410497620999813e+08 5.696956770557985874e+04 3.798453662213887583e-01 5.000000000000000000e+00 5.512999999999999845e-02 2.465488551990999838e-02 9.437318790000000048e-13
1.382000000000000000e+05 5.318411497620999813e+08 5.696956886298726749e+04 3.806426160294904548e-01 3.000000000000000000e+00 3.307800000000000323e-02 1.909759220424999890e-02 5.662391274000000433e-13
1.383000000000000000e+05 5.318412497620999813e+08 5.696957002039467625e+04 3.814398658375921514e-01 9.000000000000000000e+00 9.923400000000000276e-02 3.307800000000000323e-02 1.698717382199999928e-12
1.384000000000000000e+05 5.318413497620999813e+08 5.696957117780208500e+04 3.822371156454664742e-01 2.000000000000000000e+00 2.205199999999999869e-02 1.559311873873000034e-02 3.774927515999999615e-13
1.385000000000000000e+05 5.318414497620999813e+08 5.696957233520949376e+04 3.830343654535681708e-01 9.000000000000000000e+00 9.923400000000000276e-02 3.307800000000000323e-02 1.698717382199999928e-12
1.386000000000000000e+05 5.318415497620999813e+08 5.696957349261689524e+04 3.838316152564402728e-01 3.000000000000000000e+00 3.307800000000000323e-02 1.909759220424999890e-02 5.662391274000000433e-13
1.387000000000000000e+05 5.318416497620999813e+08 5.696957465002430399e+04 3.846288650645419693e-01 5.000000000000000000e+00 5.512999999999999845e-02 2.465488551990999838e-02 9.437318790000000048e-13
1.388000000000000000e+05 5.318417497620999813e+08 5.696957580743171275e+04 3.854261148724162922e-01 8.000000000000000000e+00 8.820799999999999474e-02 3.118623747744999827e-02 1.509971006399999846e-12
1.389000000000000000e+05 5.318418497620999813e+08 5.696957696483912150e+04 3.862233646805179887e-01 6.000000000000000000e+00 6.615600000000000647e-02 2.700807390393000079e-02 1.132478254800000087e-12
1.390000000000000000e+05 5.318419497620999813e+08 5.696957812224653026e+04 3.870206144883923116e-01 7.000000000000000000e+00 7.718200000000000061e-02 2.917205395580000152e-02 1.321224630599999966e-12
1.391000000000000000e+05 5.318420497620999813e+08 5.696957927965393174e+04 3.878178642914917873e-01 5.000000000000000000e+00 5.512999999999999845e-02 2.465488551990999838e-02 9.437318790000000048e-13
1.392000000000000000e+05 5.318421497620999813e+08 5.696958043706134049e+04 3.886151140993661102e-01 4.000000000000000000e+00 4.410399999999999737e-02 2.205199999999999869e-02 7.549855031999999231e-13
1.393000000000000000e+05 5.318422497620999813e+08 5.696958159446874924e+04 3.894123639074678067e-01 4.000000000000000000e+00 4.410399999999999737e-02 2.205199999999999869e-02 7.549855031999999231e-13
1.394000000000000000e+05 5.318423497620999813e+08 5.696958275187615800e+04 3.902096137153421296e-01 4.000000000000000000e+00 4.410399999999999737e-02 2.205199999999999869e-02 7.549855031999999231e-13
1.395000000000000000e+05 5.318424497620999813e+08 5.696958390928356675e+04 3.910068635234438261e-01 4.000000000000000000e+00 4.410399999999999737e-02 2.205199999999999869e-02 7.549855031999999231e-13
1.396000000000000000e+05 5.318425497620999813e+08 5.696958506669096823e+04 3.918041133263159281e-01 6.000000000000000000e+00 6.615600000000000647e-02 2.700807390393000079e-02 1.132478254800000087e-12
1.397000000000000000e+05 5.318426497620999813e+08 5.696958622409837699e+04 3.926013631344176247e-01 6.000000000000000000e+00 6.615600000000000647e-02 2.700807390393000079e-02 1.132478254800000087e-12
1.398000000000000000e+05 5.318427497620999813e+08 5.696958738150578574e+04 3.933986129422919475e-01 1.300000000000000000e+01 1.433379999999999932e-01 3.975480836327000000e-02 2.453702885399999649e-12
1.399000000000000000e+05 5.318428497620999813e+08 5.696958853891319450e+04 3.941958627503936441e-01 5.000000000000000000e+00 5.512999999999999845e-02 2.465488551990999838e-02 9.437318790000000048e-13
1.400000000000000000e+05 5.318429497620999813e+08 5.696958969632060325e+04 3.949931125582679670e-01 9.000000000000000000e+00 9.923400000000000276e-02 3.307800000000000323e-02 1.698717382199999928e-12
1.401000000000000000e+05 5.318430497620999813e+08 5.696959085372801201e+04 3.957903623663696635e-01 1.000000000000000000e+00 1.102599999999999934e-02 1.102599999999999934e-02 1.887463757999999808e-13
1.402000000000000000e+05 5.318431497620999813e+08 5.696959201113541349e+04 3.965876121692417655e-01 1.000000000000000000e+01 1.102599999999999969e-01 3.486727348101999885e-02 1.887463758000000010e-12
1.403000000000000000e+05 5.318432497620999813e+08 5.696959316854282224e+04 3.973848619773434621e-01 0.000000000000000000e+00 0.000000000000000000e+00 0.000000000000000000e+00 0.000000000000000000e+00
1.404000000000000000e+05 5.318433497620999813e+08 5.696959432595023100e+04 3.981821117852177849e-01 1.000000000000000000e+00 1.102599999999999934e-02 1.102599999999999934e-02 1.887463757999999808e-13
1.405000000000000000e+05 5.318434497620999813e+08 5.696959548335763975e+04 3.989793615933194815e-01 6.000000000000000000e+00 6.615600000000000647e-02 2.700807390393000079e-02 1.132478254800000087e-12
1.406000000000000000e+05 5.318435497620999813e+08 5.696959664076504851e+04 3.997766114011938043e-01 5.000000000000000000e+00 5.512999999999999845e-02 2.465488551990999838e-02 9.437318790000000048e-13
1.407000000000000000e+05 5.318436497620999813e+08 5.696959779817245726e+04 4.005738612092955009e-01 6.000000000000000000e+00 6.615600000000000647e-02 2.700807390393000079e-02 1.132478254800000087e-12
1.408000000000000000e+05 5.318437497620999813e+08 5.696959895557985874e+04 4.013711110121676029e-01 7.000000000000000000e+00 7.718200000000000061e-02 2.917205395580000152e-02 1.321224630599999966e-12
1.409000000000000000e+05 5.318438497620999813e+08 5.696960011298726749e+04 4.021683608202692994e-01 3.000000000000000000e+00 3.307800000000000323e-02 1.909759220424999890e-02 5.662391274000000433e-13
1.410000000000000000e+05 5.318439497620999813e+08 5.696960127039467625e+04 4.029656106281436223e-01 1.000000000000000000e+01 1.102599999999999969e-01 3.486727348101999885e-02 1.887463758000000010e-12
1.411000000000000000e+05 5.318440497620999813e+08 5.696960242780208500e+04 4.037628604362453189e-01 5.000000000000000000e+00 5.512999999999999845e-02 2.465488551990999838e-02 9.437318790000000048e-13
1.412000000000000000e+05 5.318441497620999813e+08 5.696960358520949376e+04 4.045601102443470154e-01 4.000000000000000000e+00 4.410399999999999737e-02 2.205199999999999869e-02 7.549855031999999231e-13
1.413000000000000000e+05 5.318442497620999813e+08 5.696960474261689524e+04 4.053573600472191174e-01 2.000000000000000000e+00 2.205199999999999869e-02 1.559311873873000034e-02 3.774927515999999615e-13
1.414000000000000000e+05 5.318443497620999813e+08 5.696960590002430399e+04 4.061546098553208139e-01 9.000000000000000000e+00 9.923400000000000276e-02 3.307800000000000323e-02 1.698717382199999928e-12
1.415000000000000000e+05 5.318444497620999813e+08 5.696960705743171275e+04 4.069518596631951368e-01 8.000000000000000000e+00 8.820799999999999474e-02 3.118623747744999827e-02 1.509971006399999846e-12
1.416000000000000000e+05 5.318445497620999813e+08 5.696960821483912150e+04 4.077491094712968334e-01 2.000000000000000000e+00 2.205199999999999869e-02 1.559311873873000034e-02 3.774927515999999615e-13
1.417000000000000000e+05 5.318446497620999813e+08 5.696960937224653026e+04 4.085463592791711562e-01 2.000000000000000000e+00 2.205199999999999869e-02 1.559311873873000034e-02 3.774927515999999615e-13
1.418000000000000000e+05 5.318447497620999813e+08 5.696961052965393174e+04 4.093436090822706319e-01 4.000000000000000000e+00 4.410399999999999737e-02 2.205199999999999869e-02 7.549855031999999231e-13
1.419000000000000000e+05 5.318448497620999813e+08 5.696961168706134049e+04 4.101408588901449548e-01 2.000000000000000000e+00 2.205199999999999869e-02 1.559311873873000034e-02 3.774927515999999615e-13
1.420000000000000000e+05 5.318449497620999813e+08 5.696961284446874924e+04 4.109381086982466513e-01 4.000000000000000000e+00 4.410399999999999737e-02 2.205199999999999869e-02 7.549855031999999231e-13
1.421000000000000000e+05 5.318450497620999813e+08 5.696961400187615800e+04 4.117353585061209742e-01 3.000000000000000000e+00 3.307800000000000323e-02 1.909759220424999890e-02 5.662391274000000433e-13
1.422000000000000000e+05 5.318451497620999813e+08 5.696961515928356675e+04 4.125326083142226707e-01 1.000000000000000000e+00 1.102599999999999934e-02 1.102599999999999934e-02 1.887463757999999808e-13
1.423000000000000000e+05 5.318452497620999813e+08 5.696961631669096823e+04 4.133298581170947728e-01 0.000000000000000000e+00 0.000000000000000000e+00 0.000000000000000000e+00 0.000000000000000000e+00
1.424000000000000000e+05 5.318453497620999813e+08 5.696961747409837699e+04 4.141271079251964693e-01 5.000000000000000000e+00 5.512999999999999845e-02 2.465488551990999838e-02 9.437318790000000048e-13
1.425000000000000000e+05 5.318454497620999813e+08 5.696961863150578574e+04 4.149243577330707922e-01 2.000000000000000000e+00 2.205199999999999869e-02 1.559311873873000034e-02 3.774927515999999615e-13
1.426000000000000000e+05 5.318455497620999813e+08 5.696961978891319450e+04 4.157216075411724887e-01 2.000000000000000000e+00 2.205199999999999869e-02 1.559311873873000034e-02 3.774927515999999615e-13
1.427000000000000000e+05 5.318456497620999813e+08 5.696962094632060325e+04 4.165188573490468116e-01 4.000000000000000000e+00 4.410399999999999737e-02 2.205199999999999869e-02 7.549855031999999231e-13
1.428000000000000000e+05 5.318457497620999813e+08 5.696962210372801201e+04 4.173161071571485081e-01 5.000000000000000000e+00 5.512999999999999845e-02 2.465488551990999838e-02 9.437318790000000048e-13
1.429000000000000000e+05 5.318458497620999813e+08 5.696962326113541349e+04 4.181133569600206101e-01 4.000000000000000000e+00 4.410399999999999737e-02 2.205199999999999869e-02 7.549855031999999231e-13
1.430000000000000000e+05 5.318459497620999813e+08 5.696962441854282224e+04 4.189106067681223067e-01 6.000000000000000000e+00 6.615600000000000647e-02 2.700807390393000079e-02 1.132478254800000087e-12
1.431000000000000000e+05 5.318460497620999813e+08 5.696962557595023100e+04 4.197078565759966295e-01 1.000000000000000000e+00 1.102599999999999934e-02 1.102599999999999934e-02 1.887463757999999808e-13
1.432000000000000000e+05 5.318461497620999813e+08 5.696962673335763975e+04 4.205051063840983261e-01 6.000000000000000000e+00 6.615600000000000647e-02 2.700807390393000079e-02 1.132478254800000087e-12
1.433000000000000000e+05 5.318462497620999813e+08 5.696962789076504851e+04 4.213023561919726490e-01 4.000000000000000000e+00 4.410399999999999737e-02 2.205199999999999869e-02 7.549855031999999231e-13
1.434000000000000000e+05 5.318463497620999813e+08 5.696962904817245726e+04 4.220996060000743455e-01 2.000000000000000000e+00 2.205199999999999869e-02 1.559311873873000034e-02 3.774927515999999615e-13
1.435000000000000000e+05 5.318464497620999813e+08 5.696963020557985874e+04 4.228968558029464475e-01 1.000000000000000000e+00 1.102599999999999934e-02 1.102599999999999934e-02 1.887463757999999808e-13
1.436000000000000000e+05 5.318465497620999813e+08 5.696963136298726749e+04 4.236941056110481441e-01 2.000000000000000000e+00 2.205199999999999869e-02 1.559311873873000034e-02 3.774927515999999615e-13
1.437000000000000000e+05 5.318466497620999813e+08 5.696963252039467625e+04 4.244913554189224669e-01 0.000000000000000000e+00 0.000000000000000000e+00 0.000000000000000000e+00 0.000000000000000000e+00
1.438000000000000000e+05 5.318467497620999813e+08 5.696963367780208500e+04 4.252886052270241635e-01 2.000000000000000000e+00 2.205199999999999869e-02 1.559311873873000034e-02 3.774927515999999615e-13
1.439000000000000000e+05 5.318468497620999813e+08 5.696963483520949376e+04 4.260858550351258600e-01 4.000000000000000000e+00 4.410399999999999737e-02 2.205199999999999869e-02 7.549855031999999231e-13
1.440000000000000000e+05 5.318469497620999813e+08 5.696963599261689524e+04 4.268831048379979620e-01 3.000000000000000000e+00 3.307800000000000323e-02 1.909759220424999890e-02 5.662391274000000433e-13
1.441000000000000000e+05 5.318470497620999813e+08 5.696963715002430399e+04 4.276803546460996586e-01 3.000000000000000000e+00 3.307800000000000323e-02 1.909759220424999890e-02 5.662391274000000433e-13
1.442000000000000000e+05 5.318471497620999813e+08 5.696963830743171275e+04 4.284776044539739814e-01 0.000000000000000000e+00 0.000000000000000000e+00 0.000000000000000000e+00 0.000000000000000000e+00
1.443000000000000000e+05 5.318472497620999813e+08 5.696963946483912150e+04 4.292748542620756780e-01 2.000000000000000000e+00 2.205199999999999869e-02 1.559311873873000034e-02 3.774927515999999615e-13
1.444000000000000000e+05 5.318473497620999813e+08 5.696964062224653026e+04 4.300721040699500008e-01 1.000000000000000000e+00 1.102599999999999934e-02 1.102599999999999934e-02 1.887463757999999808e-13
1.445000000000000000e+05 5.318474497620999813e+08 5.696964177965393174e+04 4.308693538730494765e-01 2.000000000000000000e+00 2.205199999999999869e-02 1.559311873873000034e-02 3.774927515999999615e-13
1.446000000000000000e+05 5.318475497620999813e+08 5.696964293706134049e+04 4.316666036809237994e-01 5.000000000000000000e+00 5.512999999999999845e-02 2.465488551990999838e-02 9.437318790000000048e-13
1.447000000000000000e+05 5.318476497620999813e+08 5.696964409446874924e+04 4.324638534890254959e-01 3.000000000000000000e+00 3.307800000000000323e-02 1.909759220424999890e-02 5.662391274000000433e-13
1.448000000000000000e+05 5.318477497620999813e+08 5.696964525187615800e+04 4.332611032968998188e-01 0.000000000000000000e+00 0.000000000000000000e+00 0.000000000000000000e+00 0.000000000000000000e+00
1.449000000000000000e+05 5.318478497620999813e+08 5.696964640928356675e+04 4.340583531050015154e-01 2.000000000000000000e+00 2.205199999999999869e-02 1.559311873873000034e-02 3.774927515999999615e-13
1.450000000000000000e+05 5.318479497620999813e+08 5.696964756669096823e+04 4.348556029078736174e-01 3.000000000000000000e+00 3.307800000000000323e-02 1.909759220424999890e-02 5.662391274000000433e-13
1.451000000000000000e+05 5.318480497620999813e+08 5.696964872409837699e+04 4.356528527159753139e-01 3.000000000000000000e+00 3.307800000000000323e-02 1.909759220424999890e-02 5.662391274000000433e-13
1.452000000000000000e+05 5.318481497620999813e+08 5.696964988150578574e+04 4.364501025238496368e-01 0.000000000000000000e+00 0.000000000000000000e+00 0.000000000000000000e+00 0.000000000000000000e+00
1.453000000000000000e+05 5.318482497620999813e+08 5.696965103891319450e+04 4.372473523319513333e-01 3.000000000000000000e+00 3.307800000000000323e-02 1.909759220424999890e-02 5.662391274000000433e-13
1.454000000000000000e+05 5.318483497620999813e+08 5.696965219632060325e+04 4.380446021398256562e-01 4.000000000000000000e+00 4.410399999999999737e-02 2.205199999999999869e-02 7.549855031999999231e-13
1.455000000000000000e+05 5.318484497620999813e+08 5.696965335372801201e+04 4.388418519479273527e-01 4.000000000000000000e+00 4.410399999999999737e-02 2.205199999999999869e-02 7.549855031999999231e-13
1.456000000000000000e+05 5.318485497620999813e+08 5.696965451113541349e+04 4.396391017507994547e-01 5.000000000000000000e+00 5.512999999999999845e-02 2.465488551990999838e-02 9.437318790000000048e-13
1.457000000000000000e+05 5.318486497620999813e+08 5.696965566854282224e+04 4.404363515589011513e-01 2.000000000000000000e+00 2.205199999999999869e-02 1.559311873873000034e-02 3.774927515999999615e-13
1.458000000000000000e+05 5.318487497620999813e+08 5.696965682595023100e+04 4.412336013667754742e-01 3.000000000000000000e+00 3.307800000000000323e-02 1.909759220424999890e-02 5.662391274000000433e-13
1.459000000000000000e+05 5.318488497620999813e+08 5.696965798335763975e+04 4.420308511748771707e-01 1.000000000000000000e+00 1.102599999999999934e-02 1.102599999999999934e-02 1.887463757999999808e-13
1.460000000000000000e+05 5.318489497620999813e+08 5.696965914076504851e+04 4.428281009827514936e-01 1.000000000000000000e+00 1.102599999999999934e-02 1.102599999999999934e-02 1.887463757999999808e-13
1.461000000000000000e+05 5.318490497620999813e+08 5.696966029817245726e+04 4.436253507908531901e-01 5.000000000000000000e+00 5.512999999999999845e-02 2.465488551990999838e-02 9.437318790000000048e-13
1.462000000000000000e+05 5.318491497620999813e+08 5.696966145557985874e+04 4.444226005937252921e-01 1.000000000000000000e+00 1.102599999999999934e-02 1.102599999999999934e-02 1.887463757999999808e-13
1.463000000000000000e+05 5.318492497620999813e+08 5.696966261298726749e+04 4.452198504018269887e-01 3.000000000000000000e+00 3.307800000000000323e-02 1.909759220424999890e-02 5.662391274000000433e-13
1.464000000000000000e+05 5.318493497620999813e+08 5.696966377039467625e+04 4.460171002097013115e-01 1.000000000000000000e+00 1.102599999999999934e-02 1.102599999999999934e-02 1.887463757999999808e-13
1.465000000000000000e+05 5.318494497620999813e+08 5.696966492780208500e+04 4.468143500178030081e-01 2.000000000000000000e+00 2.205199999999999869e-02 1.559311873873000034e-02 3.774927515999999615e-13
1.466000000000000000e+05 5.318495497620999813e+08 5.696966608520949376e+04 4.476115998256773310e-01 0.000000000000000000e+00 0.000000000000000000e+00 0.000000000000000000e+00 0.000000000000000000e+00
1.467000000000000000e+05 5.318496497620999813e+08 5.696966724261689524e+04 4.484088496287768066e-01 0.000000000000000000e+00 0.000000000000000000e+00 0.000000000000000000e+00 0.000000000000000000e+00
1.468000000000000000e+05 5.318497497620999813e+08 5.696966840002430399e+04 4.492060994366511295e-01 0.000000000000000000e+00 0.000000000000000000e+00 0.000000000000000000e+00 0.000000000000000000e+00
1.469000000000000000e+05 5.318498497620999813e+08 5.696966955743171275e+04 4.500033492447528261e-01 1.000000000000000000e+00 1.102599999999999934e-02 1.102599999999999934e-02 1.887463757999999808e-13
1.470000000000000000e+05 5.318499497620999813e+08 5.696967071483912150e+04 4.508005990528545226e-01 2.000000000000000000e+00 2.205199999999999869e-02 1.559311873873000034e-02 3.774927515999999615e-13
1.471000000000000000e+05 5.318500497620999813e+08 5.696967187224653026e+04 4.515978488607288455e-01 0.000000000000000000e+00 0.000000000000000000e+00 0.000000000000000000e+00 0.000000000000000000e+00
1.472000000000000000e+05 5.318501497620999813e+08 5.696967302965393174e+04 4.523950986638283212e-01 0.000000000000000000e+00 0.000000000000000000e+00 0.000000000000000000e+00 0.000000000000000000e+00
1.473000000000000000e+05 5.318502497620999813e+08 5.696967418706134049e+04 4.531923484717026440e-01 0.000000000000000000e+00 0.000000000000000000e+00 0.000000000000000000e+00 0.000000000000000000e+00
1.474000000000000000e+05 5.318503497620999813e+08 5.696967534446874924e+04 4.539895982798043406e-01 0.000000000000000000e+00 0.000000000000000000e+00 0.000000000000000000e+00 0.000000000000000000e+00
1.475000000000000000e+05 5.318504497620999813e+08 5.696967650187615800e+04 4.547868480876786634e-01 1.000000000000000000e+00 1.102599999999999934e-02 1.102599999999999934e-02 1.887463757999999808e-13
1.476000000000000000e+05 5.318505497620999813e+08 5.696967765928356675e+04 4.555840978957803600e-01 0.000000000000000000e+00 0.000000000000000000e+00 0.000000000000000000e+00 0.000000000000000000e+00
1.477000000000000000e+05 5.318506497620999813e+08 5.696967881669096823e+04 4.563813476986524620e-01 0.000000000000000000e+00 0.000000000000000000e+00 0.000000000000000000e+00 0.000000000000000000e+00
1.478000000000000000e+05 5.318507497620999813e+08 5.696967997409837699e+04 4.571785975067541585e-01 0.000000000000000000e+00 0.000000000000000000e+00 0.000000000000000000e+00 0.000000000000000000e+00
1.479000000000000000e+05 5.318508497620999813e+08 5.696968113150578574e+04 4.579758473146284814e-01 0.000000000000000000e+00 0.000000000000000000e+00 0.000000000000000000e+00 0.000000000000000000e+00
1.480000000000000000e+05 5.318509497620999813e+08 5.696968228891319450e+04 4.587730971227301779e-01 3.000000000000000000e+00 3.307800000000000323e-02 1.909759220424999890e-02 5.662391274000000433e-13
1.481000000000000000e+05 5.318510497620999813e+08 5.696968344632060325e+04 4.595703469306045008e-01 1.000000000000000000e+00 1.102599999999999934e-02 1.102599999999999934e-02 1.887463757999999808e-13
1.482000000000000000e+05 5.318511497620999813e+08 5.696968460372801201e+04 4.603675967387061974e-01 0.000000000000000000e+00 0.000000000000000000e+00 0.000000000000000000e+00 0.000000000000000000e+00
1.483000000000000000e+05 5.318512497620999813e+08 5.696968576113541349e+04 4.611648465415782994e-01 3.000000000000000000e+00 3.307800000000000323e-02 1.909759220424999890e-02 5.662391274000000433e-13
1.484000000000000000e+05 5.318513497620999813e+08 5.696968691854282224e+04 4.619620963496799959e-01 0.000000000000000000e+00 0.000000000000000000e+00 0.000000000000000000e+00 0.000000000000000000e+00
1.485000000000000000e+05 5.318514497620999813e+08 5.696968807595023100e+04 4.627593461575543188e-01 1.000000000000000000e+00 1.102599999999999934e-02 1.102599999999999934e-02 1.887463757999999808e-13
1.486000000000000000e+05 5.318515497620999813e+08 5.696968923335763975e+04 4.635565959656560153e-01 1.000000000000000000e+00 1.102599999999999934e-02 1.102599999999999934e-02 1.887463757999999808e-13
1.487000000000000000e+05 5.318516497620999813e+08 5.696969039076504851e+04 4.643538457735303382e-01 0.000000000000000000e+00 0.000000000000000000e+00 0.000000000000000000e+00 0.000000000000000000e+00
1.488000000000000000e+05 5.318517497620999813e+08 5.696969154817245726e+04 4.651510955816320347e-01 0.000000000000000000e+00 0.000000000000000000e+00 0.000000000000000000e+00 0.000000000000000000e+00
1.489000000000000000e+05 5.318518497620999813e+08 5.696969270557985874e+04 4.659483453845041367e-01 0.000000000000000000e+00 0.000000000000000000e+00 0.000000000000000000e+00 0.000000000000000000e+00
1.490000000000000000e+05 5.318519497620999813e+08 5.696969386298726749e+04 4.667455951926058333e-01 0.000000000000000000e+00 0.000000000000000000e+00 0.000000000000000000e+00 0.000000000000000000e+00
1.491000000000000000e+05 5.318520497620999813e+08 5.696969502039467625e+04 4.675428450004801562e-01 0.000000000000000000e+00 0.000000000000000000e+00 0.000000000000000000e+00 0.000000000000000000e+00
1.492000000000000000e+05 5.318521497620999813e+08 5.696969617780208500e+04 4.683400948085818527e-01 0.000000000000000000e+00 0.000000000000000000e+00 0.000000000000000000e+00 0.000000000000000000e+00
1.493000000000000000e+05 5.318522497620999813e+08 5.696969733520949376e+04 4.691373446164561756e-01 0.000000000000000000e+00 0.000000000000000000e+00 0.000000000000000000e+00 0.000000000000000000e+00
1.494000000000000000e+05 5.318523497620999813e+08 5.696969849261689524e+04 4.699345944195556513e-01 0.000000000000000000e+00 0.000000000000000000e+00 0.000000000000000000e+00 0.000000000000000000e+00
1.495000000000000000e+05 5.318524497620999813e+08 5.696969965002430399e+04 4.707318442274299741e-01 0.000000000000000000e+00 0.000000000000000000e+00 0.000000000000000000e+00 0.000000000000000000e+00
1.496000000000000000e+05 5.318525497620999813e+08 5.696970080743171275e+04 4.715290940355316707e-01 0.000000000000000000e+00 0.000000000000000000e+00 0.000000000000000000e+00 0.000000000000000000e+00
1.497000000000000000e+05 5.318526497620999813e+08 5.696970196483912150e+04 4.723263438434059935e-01 0.000000000000000000e+00 0.000000000000000000e+00 0.000000000000000000e+00 0.000000000000000000e+00
