# Synthetic light curve from cloak.kernel (cloak/synthetic/lightcurve.py)
# band medium; wind_model beta_law; phase_shift 0.0; scatter 2.12413e-14; intrinsic_scatter 0; flux_per_rate 9.30818e-13; orbital_period 777600; seed 22
# Columns: dt, t_raw, mjd, phase, counts, rate, rate_err, flux_t, exposure
# 
0.000000000000000000e+00 2.788013480000000000e+08 5.404086745370370045e+04 0.000000000000000000e+00 8.900000000000000000e+01 8.900000000000000133e-01 9.433981132056602770e-02 8.284276640000000521e-13 1.000000000000000000e+02
1.000000000000000000e+02 2.788014480000000000e+08 5.404086861111110920e+04 1.286008230452675006e-04 5.900000000000000000e+01 5.899999999999999689e-01 7.681145747868607654e-02 5.491823840000000640e-13 1.000000000000000000e+02
2.000000000000000000e+02 2.788015480000000000e+08 5.404086976851851796e+04 2.572016460905350013e-04 8.100000000000000000e+01 8.100000000000000533e-01 8.999999999999999667e-02 7.539622560000001495e-13 1.000000000000000000e+02
3.000000000000000000e+02 2.788016480000000000e+08 5.404087092592592671e+04 3.858024691358024477e-04 7.800000000000000000e+01 7.800000000000000266e-01 8.831760866327847959e-02 7.260377280000001103e-13 1.000000000000000000e+02
4.000000000000000000e+02 2.788017480000000000e+08 5.404087208333333547e+04 5.144032921810700026e-04 7.000000000000000000e+01 6.999999999999999556e-01 8.366600265340755349e-02 6.515723200000000058e-13 1.000000000000000000e+02
5.000000000000000000e+02 2.788018480000000000e+08 5.404087324074073695e+04 6.430041152263374490e-04 7.600000000000000000e+01 7.600000000000000089e-01 8.717797887081348007e-02 7.074213760000000842e-13 1.000000000000000000e+02
6.000000000000000000e+02 2.788019480000000000e+08 5.404087439814814570e+04 7.716049382716048954e-04 7.500000000000000000e+01 7.500000000000000000e-01 8.660254037844387909e-02 6.981132000000000711e-13 1.000000000000000000e+02
7.000000000000000000e+02 2.788020480000000000e+08 5.404087555555555446e+04 9.002057613168724503e-04 7.500000000000000000e+01 7.500000000000000000e-01 8.660254037844387909e-02 6.981132000000000711e-13 1.000000000000000000e+02
8.000000000000000000e+02 2.788021480000000000e+08 5.404087671296296321e+04 1.028806584362140005e-03 6.100000000000000000e+01 6.099999999999999867e-01 7.810249675906653921e-02 5.677987360000000902e-13 1.000000000000000000e+02
9.000000000000000000e+02 2.788022480000000000e+08 5.404087787037037197e+04 1.157407407407407343e-03 8.300000000000000000e+01 8.299999999999999600e-01 9.110433579144298910e-02 7.725786080000000747e-13 1.000000000000000000e+02
1.000000000000000000e+03 2.788023480000000000e+08 5.404087902777778072e+04 1.286008230452674898e-03 8.900000000000000000e+01 8.900000000000000133e-01 9.433981132056602770e-02 8.284276640000000521e-13 1.000000000000000000e+02
1.100000000000000000e+03 2.788024480000000000e+08 5.404088018518518220e+04 1.414609053497942453e-03 8.700000000000000000e+01 8.699999999999999956e-01 9.327379053088816208e-02 8.098113120000001270e-13 1.000000000000000000e+02
1.200000000000000000e+03 2.788025480000000000e+08 5.404088134259259095e+04 1.543209876543209791e-03 8.100000000000000000e+01 8.100000000000000533e-01 8.999999999999999667e-02 7.539622560000001495e-13 1.000000000000000000e+02
1.300000000000000000e+03 2.788026480000000000e+08 5.404088249999999971e+04 1.671810699588477346e-03 6.500000000000000000e+01 6.500000000000000222e-01 8.062257748298548576e-02 6.050314400000000415e-13 1.000000000000000000e+02
1.400000000000000000e+03 2.788027480000000000e+08 5.404088365740740846e+04 1.800411522633744901e-03 8.900000000000000000e+01 8.900000000000000133e-01 9.433981132056602770e-02 8.284276640000000521e-13 1.000000000000000000e+02
1.500000000000000000e+03 2.788028480000000000e+08 5.404088481481481722e+04 1.929012345679012239e-03 7.600000000000000000e+01 7.600000000000000089e-01 8.717797887081348007e-02 7.074213760000000842e-13 1.000000000000000000e+02
1.600000000000000000e+03 2.788029480000000000e+08 5.404088597222222597e+04 2.057613168724280010e-03 6.900000000000000000e+01 6.899999999999999467e-01 8.306623862918074974e-02 6.422641439999999928e-13 1.000000000000000000e+02
1.700000000000000000e+03 2.788030480000000000e+08 5.404088712962962745e+04 2.186213991769547348e-03 8.200000000000000000e+01 8.199999999999999512e-01 9.055385138137417300e-02 7.632704320000000616e-13 1.000000000000000000e+02
1.800000000000000000e+03 2.788031480000000000e+08 5.404088828703703621e+04 2.314814814814814686e-03 9.700000000000000000e+01 9.699999999999999734e-01 9.848857801796104261e-02 9.028930720000000557e-13 1.000000000000000000e+02
1.900000000000000000e+03 2.788032480000000000e+08 5.404088944444444496e+04 2.443415637860082458e-03 8.100000000000000000e+01 8.100000000000000533e-01 8.999999999999999667e-02 7.539622560000001495e-13 1.000000000000000000e+02
2.000000000000000000e+03 2.788033480000000000e+08 5.404089060185185372e+04 2.572016460905349796e-03 7.100000000000000000e+01 7.099999999999999645e-01 8.426149773176358493e-02 6.608804960000000189e-13 1.000000000000000000e+02
2.100000000000000000e+03 2.788034480000000000e+08 5.404089175925926247e+04 2.700617283950617134e-03 9.500000000000000000e+01 9.499999999999999556e-01 9.746794344808963617e-02 8.842767200000000295e-13 1.000000000000000000e+02
2.200000000000000000e+03 2.788035480000000000e+08 5.404089291666666395e+04 2.829218106995884906e-03 7.600000000000000000e+01 7.600000000000000089e-01 8.717797887081348007e-02 7.074213760000000842e-13 1.000000000000000000e+02
2.300000000000000000e+03 2.788036480000000000e+08 5.404089407407407271e+04 2.957818930041152244e-03 8.100000000000000000e+01 8.100000000000000533e-01 8.999999999999999667e-02 7.539622560000001495e-13 1.000000000000000000e+02
2.400000000000000000e+03 2.788037480000000000e+08 5.404089523148148146e+04 3.086419753086419582e-03 7.700000000000000000e+01 7.700000000000000178e-01 8.774964387392122922e-02 7.167295520000000973e-13 1.000000000000000000e+02
2.500000000000000000e+03 2.788038480000000000e+08 5.404089638888889021e+04 3.215020576131687353e-03 6.900000000000000000e+01 6.899999999999999467e-01 8.306623862918074974e-02 6.422641439999999928e-13 1.000000000000000000e+02
2.600000000000000000e+03 2.788039480000000000e+08 5.404089754629629897e+04 3.343621399176954691e-03 8.100000000000000000e+01 8.100000000000000533e-01 8.999999999999999667e-02 7.539622560000001495e-13 1.000000000000000000e+02
2.700000000000000000e+03 2.788040480000000000e+08 5.404089870370370045e+04 3.472222222222222029e-03 8.800000000000000000e+01 8.800000000000000044e-01 9.380831519646859462e-02 8.191194880000000390e-13 1.000000000000000000e+02
2.800000000000000000e+03 2.788041480000000000e+08 5.404089986111110920e+04 3.600823045267489801e-03 7.900000000000000000e+01 7.900000000000000355e-01 8.888194417315588292e-02 7.353459040000001234e-13 1.000000000000000000e+02
2.900000000000000000e+03 2.788042480000000000e+08 5.404090101851851796e+04 3.729423868312757139e-03 7.400000000000000000e+01 7.399999999999999911e-01 8.602325267042626455e-02 6.888050240000000581e-13 1.000000000000000000e+02
3.000000000000000000e+03 2.788043480000000000e+08 5.404090217592592671e+04 3.858024691358024477e-03 8.300000000000000000e+01 8.299999999999999600e-01 9.110433579144298910e-02 7.725786080000000747e-13 1.000000000000000000e+02
3.100000000000000000e+03 2.788044480000000000e+08 5.404090333333333547e+04 3.986625514403292249e-03 7.400000000000000000e+01 7.399999999999999911e-01 8.602325267042626455e-02 6.888050240000000581e-13 1.000000000000000000e+02
3.200000000000000000e+03 2.788045480000000000e+08 5.404090449074073695e+04 4.115226337448560021e-03 7.300000000000000000e+01 7.299999999999999822e-01 8.544003745317529930e-02 6.794968480000000450e-13 1.000000000000000000e+02
3.300000000000000000e+03 2.788046480000000000e+08 5.404090564814814570e+04 4.243827160493826925e-03 8.700000000000000000e+01 8.699999999999999956e-01 9.327379053088816208e-02 8.098113120000001270e-13 1.000000000000000000e+02
3.400000000000000000e+03 2.788047480000000000e+08 5.404090680555555446e+04 4.372427983539094697e-03 8.500000000000000000e+01 8.499999999999999778e-01 9.219544457292887241e-02 7.911949600000001008e-13 1.000000000000000000e+02
3.500000000000000000e+03 2.788048480000000000e+08 5.404090796296296321e+04 4.501028806584362468e-03 7.700000000000000000e+01 7.700000000000000178e-01 8.774964387392122922e-02 7.167295520000000973e-13 1.000000000000000000e+02
3.600000000000000000e+03 2.788049480000000000e+08 5.404090912037037197e+04 4.629629629629629373e-03 6.600000000000000000e+01 6.600000000000000311e-01 8.124038404635960942e-02 6.143396160000000545e-13 1.000000000000000000e+02
3.700000000000000000e+03 2.788050480000000000e+08 5.404091027777778072e+04 4.758230452674897144e-03 6.700000000000000000e+01 6.700000000000000400e-01 8.185352771872450584e-02 6.236477920000000676e-13 1.000000000000000000e+02
3.800000000000000000e+03 2.788051480000000000e+08 5.404091143518518220e+04 4.886831275720164916e-03 8.600000000000000000e+01 8.599999999999999867e-01 9.273618495495704328e-02 8.005031360000001139e-13 1.000000000000000000e+02
3.900000000000000000e+03 2.788052480000000000e+08 5.404091259259259095e+04 5.015432098765431820e-03 8.600000000000000000e+01 8.599999999999999867e-01 9.273618495495704328e-02 8.005031360000001139e-13 1.000000000000000000e+02
4.000000000000000000e+03 2.788053480000000000e+08 5.404091374999999971e+04 5.144032921810699592e-03 7.400000000000000000e+01 7.399999999999999911e-01 8.602325267042626455e-02 6.888050240000000581e-13 1.000000000000000000e+02
4.100000000000000000e+03 2.788054480000000000e+08 5.404091490740740846e+04 5.272633744855967364e-03 5.600000000000000000e+01 5.600000000000000533e-01 7.483314773547883325e-02 5.212578560000001258e-13 1.000000000000000000e+02
4.200000000000000000e+03 2.788055480000000000e+08 5.404091606481481722e+04 5.401234567901234268e-03 7.800000000000000000e+01 7.800000000000000266e-01 8.831760866327847959e-02 7.260377280000001103e-13 1.000000000000000000e+02
4.300000000000000000e+03 2.788056480000000000e+08 5.404091722222222597e+04 5.529835390946502040e-03 8.000000000000000000e+01 8.000000000000000444e-01 8.944271909999158832e-02 7.446540800000001365e-13 1.000000000000000000e+02
4.400000000000000000e+03 2.788057480000000000e+08 5.404091837962962745e+04 5.658436213991769811e-03 7.700000000000000000e+01 7.700000000000000178e-01 8.774964387392122922e-02 7.167295520000000973e-13 1.000000000000000000e+02
4.500000000000000000e+03 2.788058480000000000e+08 5.404091953703703621e+04 5.787037037037036716e-03 6.500000000000000000e+01 6.500000000000000222e-01 8.062257748298548576e-02 6.050314400000000415e-13 1.000000000000000000e+02
4.600000000000000000e+03 2.788059480000000000e+08 5.404092069444444496e+04 5.915637860082304487e-03 7.100000000000000000e+01 7.099999999999999645e-01 8.426149773176358493e-02 6.608804960000000189e-13 1.000000000000000000e+02
4.700000000000000000e+03 2.788060480000000000e+08 5.404092185185185372e+04 6.044238683127572259e-03 7.500000000000000000e+01 7.500000000000000000e-01 8.660254037844387909e-02 6.981132000000000711e-13 1.000000000000000000e+02
4.800000000000000000e+03 2.788061480000000000e+08 5.404092300925926247e+04 6.172839506172839164e-03 8.500000000000000000e+01 8.499999999999999778e-01 9.219544457292887241e-02 7.911949600000001008e-13 1.000000000000000000e+02
4.900000000000000000e+03 2.788062480000000000e+08 5.404092416666666395e+04 6.301440329218106935e-03 8.400000000000000000e+01 8.399999999999999689e-01 9.165151389911679880e-02 7.818867840000000878e-13 1.000000000000000000e+02
5.000000000000000000e+03 2.788063480000000000e+08 5.404092532407407271e+04 6.430041152263374707e-03 7.700000000000000000e+01 7.700000000000000178e-01 8.774964387392122922e-02 7.167295520000000973e-13 1.000000000000000000e+02
5.100000000000000000e+03 2.788064480000000000e+08 5.404092648148148146e+04 6.558641975308641611e-03 8.300000000000000000e+01 8.299999999999999600e-01 9.110433579144298910e-02 7.725786080000000747e-13 1.000000000000000000e+02
5.200000000000000000e+03 2.788065480000000000e+08 5.404092763888889021e+04 6.687242798353909383e-03 8.500000000000000000e+01 8.499999999999999778e-01 9.219544457292887241e-02 7.911949600000001008e-13 1.000000000000000000e+02
5.300000000000000000e+03 2.788066480000000000e+08 5.404092879629629897e+04 6.815843621399177155e-03 7.700000000000000000e+01 7.700000000000000178e-01 8.774964387392122922e-02 7.167295520000000973e-13 1.000000000000000000e+02
5.400000000000000000e+03 2.788067480000000000e+08 5.404092995370370045e+04 6.944444444444444059e-03 6.900000000000000000e+01 6.899999999999999467e-01 8.306623862918074974e-02 6.422641439999999928e-13 1.000000000000000000e+02
5.500000000000000000e+03 2.788068480000000000e+08 5.404093111111110920e+04 7.073045267489711831e-03 7.600000000000000000e+01 7.600000000000000089e-01 8.717797887081348007e-02 7.074213760000000842e-13 1.000000000000000000e+02
5.600000000000000000e+03 2.788069480000000000e+08 5.404093226851851796e+04 7.201646090534979602e-03 8.600000000000000000e+01 8.599999999999999867e-01 9.273618495495704328e-02 8.005031360000001139e-13 1.000000000000000000e+02
5.700000000000000000e+03 2.788070480000000000e+08 5.404093342592592671e+04 7.330246913580246507e-03 8.800000000000000000e+01 8.800000000000000044e-01 9.380831519646859462e-02 8.191194880000000390e-13 1.000000000000000000e+02
5.800000000000000000e+03 2.788071480000000000e+08 5.404093458333333547e+04 7.458847736625514278e-03 7.500000000000000000e+01 7.500000000000000000e-01 8.660254037844387909e-02 6.981132000000000711e-13 1.000000000000000000e+02
5.900000000000000000e+03 2.788072480000000000e+08 5.404093574074073695e+04 7.587448559670782050e-03 6.900000000000000000e+01 6.899999999999999467e-01 8.306623862918074974e-02 6.422641439999999928e-13 1.000000000000000000e+02
6.000000000000000000e+03 2.788073480000000000e+08 5.404093689814814570e+04 7.716049382716048954e-03 5.700000000000000000e+01 5.699999999999999512e-01 7.549834435270749711e-02 5.305660320000000379e-13 1.000000000000000000e+02
6.100000000000000000e+03 2.788074480000000000e+08 5.404093805555555446e+04 7.844650205761317593e-03 7.000000000000000000e+01 6.999999999999999556e-01 8.366600265340755349e-02 6.515723200000000058e-13 1.000000000000000000e+02
6.200000000000000000e+03 2.788075480000000000e+08 5.404093921296296321e+04 7.973251028806584498e-03 7.000000000000000000e+01 6.999999999999999556e-01 8.366600265340755349e-02 6.515723200000000058e-13 1.000000000000000000e+02
6.300000000000000000e+03 2.788076480000000000e+08 5.404094037037037197e+04 8.101851851851851402e-03 1.010000000000000000e+02 1.010000000000000009e+00 1.004987562112089061e-01 9.401257760000001079e-13 1.000000000000000000e+02
6.400000000000000000e+03 2.788077480000000000e+08 5.404094152777778072e+04 8.230452674897120041e-03 6.700000000000000000e+01 6.700000000000000400e-01 8.185352771872450584e-02 6.236477920000000676e-13 1.000000000000000000e+02
6.500000000000000000e+03 2.788078480000000000e+08 5.404094268518518220e+04 8.359053497942386945e-03 9.100000000000000000e+01 9.100000000000000311e-01 9.539392014169456591e-02 8.470440160000000782e-13 1.000000000000000000e+02
6.600000000000000000e+03 2.788079480000000000e+08 5.404094384259259095e+04 8.487654320987653850e-03 6.800000000000000000e+01 6.800000000000000488e-01 8.246211251235320561e-02 6.329559680000000807e-13 1.000000000000000000e+02
6.700000000000000000e+03 2.788080480000000000e+08 5.404094499999999971e+04 8.616255144032922489e-03 8.300000000000000000e+01 8.299999999999999600e-01 9.110433579144298910e-02 7.725786080000000747e-13 1.000000000000000000e+02
6.800000000000000000e+03 2.788081480000000000e+08 5.404094615740740846e+04 8.744855967078189393e-03 6.900000000000000000e+01 6.899999999999999467e-01 8.306623862918074974e-02 6.422641439999999928e-13 1.000000000000000000e+02
6.900000000000000000e+03 2.788082480000000000e+08 5.404094731481481722e+04 8.873456790123456298e-03 6.100000000000000000e+01 6.099999999999999867e-01 7.810249675906653921e-02 5.677987360000000902e-13 1.000000000000000000e+02
7.000000000000000000e+03 2.788083480000000000e+08 5.404094847222222597e+04 9.002057613168724937e-03 5.400000000000000000e+01 5.400000000000000355e-01 7.348469228349534255e-02 5.026415040000000997e-13 1.000000000000000000e+02
7.100000000000000000e+03 2.788084480000000000e+08 5.404094962962962745e+04 9.130658436213991841e-03 7.000000000000000000e+01 6.999999999999999556e-01 8.366600265340755349e-02 6.515723200000000058e-13 1.000000000000000000e+02
7.200000000000000000e+03 2.788085480000000000e+08 5.404095078703703621e+04 9.259259259259258745e-03 6.300000000000000000e+01 6.300000000000000044e-01 7.937253933193771926e-02 5.864150880000000153e-13 1.000000000000000000e+02
7.300000000000000000e+03 2.788086480000000000e+08 5.404095194444444496e+04 9.387860082304527384e-03 7.900000000000000000e+01 7.900000000000000355e-01 8.888194417315588292e-02 7.353459040000001234e-13 1.000000000000000000e+02
7.400000000000000000e+03 2.788087480000000000e+08 5.404095310185185372e+04 9.516460905349794289e-03 7.900000000000000000e+01 7.900000000000000355e-01 8.888194417315588292e-02 7.353459040000001234e-13 1.000000000000000000e+02
7.500000000000000000e+03 2.788088480000000000e+08 5.404095425925926247e+04 9.645061728395061193e-03 6.900000000000000000e+01 6.899999999999999467e-01 8.306623862918074974e-02 6.422641439999999928e-13 1.000000000000000000e+02
7.600000000000000000e+03 2.788089480000000000e+08 5.404095541666666395e+04 9.773662551440329832e-03 8.400000000000000000e+01 8.399999999999999689e-01 9.165151389911679880e-02 7.818867840000000878e-13 1.000000000000000000e+02
7.700000000000000000e+03 2.788090480000000000e+08 5.404095657407407271e+04 9.902263374485596736e-03 6.900000000000000000e+01 6.899999999999999467e-01 8.306623862918074974e-02 6.422641439999999928e-13 1.000000000000000000e+02
7.800000000000000000e+03 2.788091480000000000e+08 5.404095773148148146e+04 1.003086419753086364e-02 8.900000000000000000e+01 8.900000000000000133e-01 9.433981132056602770e-02 8.284276640000000521e-13 1.000000000000000000e+02
7.900000000000000000e+03 2.788092480000000000e+08 5.404095888888889021e+04 1.015946502057613228e-02 7.400000000000000000e+01 7.399999999999999911e-01 8.602325267042626455e-02 6.888050240000000581e-13 1.000000000000000000e+02
8.000000000000000000e+03 2.788093480000000000e+08 5.404096004629629897e+04 1.028806584362139918e-02 7.900000000000000000e+01 7.900000000000000355e-01 8.888194417315588292e-02 7.353459040000001234e-13 1.000000000000000000e+02
8.100000000000000000e+03 2.788094480000000000e+08 5.404096120370370045e+04 1.041666666666666609e-02 8.400000000000000000e+01 8.399999999999999689e-01 9.165151389911679880e-02 7.818867840000000878e-13 1.000000000000000000e+02
8.200000000000000000e+03 2.788095480000000000e+08 5.404096236111110920e+04 1.054526748971193473e-02 5.900000000000000000e+01 5.899999999999999689e-01 7.681145747868607654e-02 5.491823840000000640e-13 1.000000000000000000e+02
8.300000000000000000e+03 2.788096480000000000e+08 5.404096351851851796e+04 1.067386831275720163e-02 6.300000000000000000e+01 6.300000000000000044e-01 7.937253933193771926e-02 5.864150880000000153e-13 1.000000000000000000e+02
8.400000000000000000e+03 2.788097480000000000e+08 5.404096467592592671e+04 1.080246913580246854e-02 8.000000000000000000e+01 8.000000000000000444e-01 8.944271909999158832e-02 7.446540800000001365e-13 1.000000000000000000e+02
8.500000000000000000e+03 2.788098480000000000e+08 5.404096583333333547e+04 1.093106995884773718e-02 7.400000000000000000e+01 7.399999999999999911e-01 8.602325267042626455e-02 6.888050240000000581e-13 1.000000000000000000e+02
8.600000000000000000e+03 2.788099480000000000e+08 5.404096699074073695e+04 1.105967078189300408e-02 8.400000000000000000e+01 8.399999999999999689e-01 9.165151389911679880e-02 7.818867840000000878e-13 1.000000000000000000e+02
8.700000000000000000e+03 2.788100480000000000e+08 5.404096814814814570e+04 1.118827160493827098e-02 6.800000000000000000e+01 6.800000000000000488e-01 8.246211251235320561e-02 6.329559680000000807e-13 1.000000000000000000e+02
8.800000000000000000e+03 2.788101480000000000e+08 5.404096930555555446e+04 1.131687242798353962e-02 6.100000000000000000e+01 6.099999999999999867e-01 7.810249675906653921e-02 5.677987360000000902e-13 1.000000000000000000e+02
8.900000000000000000e+03 2.788102480000000000e+08 5.404097046296296321e+04 1.144547325102880653e-02 7.100000000000000000e+01 7.099999999999999645e-01 8.426149773176358493e-02 6.608804960000000189e-13 1.000000000000000000e+02
9.000000000000000000e+03 2.788103480000000000e+08 5.404097162037037197e+04 1.157407407407407343e-02 7.800000000000000000e+01 7.800000000000000266e-01 8.831760866327847959e-02 7.260377280000001103e-13 1.000000000000000000e+02
9.100000000000000000e+03 2.788104480000000000e+08 5.404097277777778072e+04 1.170267489711934207e-02 7.100000000000000000e+01 7.099999999999999645e-01 8.426149773176358493e-02 6.608804960000000189e-13 1.000000000000000000e+02
9.200000000000000000e+03 2.788105480000000000e+08 5.404097393518518220e+04 1.183127572016460897e-02 7.600000000000000000e+01 7.600000000000000089e-01 8.717797887081348007e-02 7.074213760000000842e-13 1.000000000000000000e+02
9.300000000000000000e+03 2.788106480000000000e+08 5.404097509259259095e+04 1.195987654320987588e-02 7.300000000000000000e+01 7.299999999999999822e-01 8.544003745317529930e-02 6.794968480000000450e-13 1.000000000000000000e+02
9.400000000000000000e+03 2.788107480000000000e+08 5.404097624999999971e+04 1.208847736625514452e-02 7.400000000000000000e+01 7.399999999999999911e-01 8.602325267042626455e-02 6.888050240000000581e-13 1.000000000000000000e+02
9.500000000000000000e+03 2.788108480000000000e+08 5.404097740740740846e+04 1.221707818930041142e-02 7.300000000000000000e+01 7.299999999999999822e-01 8.544003745317529930e-02 6.794968480000000450e-13 1.000000000000000000e+02
9.600000000000000000e+03 2.788109480000000000e+08 5.404097856481481722e+04 1.234567901234567833e-02 7.400000000000000000e+01 7.399999999999999911e-01 8.602325267042626455e-02 6.888050240000000581e-13 1.000000000000000000e+02
9.700000000000000000e+03 2.788110480000000000e+08 5.404097972222222597e+04 1.247427983539094697e-02 8.000000000000000000e+01 8.000000000000000444e-01 8.944271909999158832e-02 7.446540800000001365e-13 1.000000000000000000e+02
9.800000000000000000e+03 2.788111480000000000e+08 5.404098087962962745e+04 1.260288065843621387e-02 8.000000000000000000e+01 8.000000000000000444e-01 8.944271909999158832e-02 7.446540800000001365e-13 1.000000000000000000e+02
9.900000000000000000e+03 2.788112480000000000e+08 5.404098203703703621e+04 1.273148148148148077e-02 7.900000000000000000e+01 7.900000000000000355e-01 8.888194417315588292e-02 7.353459040000001234e-13 1.000000000000000000e+02
1.000000000000000000e+04 2.788113480000000000e+08 5.404098319444444496e+04 1.286008230452674941e-02 6.800000000000000000e+01 6.800000000000000488e-01 8.246211251235320561e-02 6.329559680000000807e-13 1.000000000000000000e+02
1.010000000000000000e+04 2.788114480000000000e+08 5.404098435185185372e+04 1.298868312757201632e-02 7.800000000000000000e+01 7.800000000000000266e-01 8.831760866327847959e-02 7.260377280000001103e-13 1.000000000000000000e+02
1.020000000000000000e+04 2.788115480000000000e+08 5.404098550925926247e+04 1.311728395061728322e-02 7.400000000000000000e+01 7.399999999999999911e-01 8.602325267042626455e-02 6.888050240000000581e-13 1.000000000000000000e+02
1.030000000000000000e+04 2.788116480000000000e+08 5.404098666666666395e+04 1.324588477366255186e-02 8.000000000000000000e+01 8.000000000000000444e-01 8.944271909999158832e-02 7.446540800000001365e-13 1.000000000000000000e+02
1.040000000000000000e+04 2.788117480000000000e+08 5.404098782407407271e+04 1.337448559670781877e-02 6.300000000000000000e+01 6.300000000000000044e-01 7.937253933193771926e-02 5.864150880000000153e-13 1.000000000000000000e+02
1.050000000000000000e+04 2.788118480000000000e+08 5.404098898148148146e+04 1.350308641975308567e-02 8.600000000000000000e+01 8.599999999999999867e-01 9.273618495495704328e-02 8.005031360000001139e-13 1.000000000000000000e+02
1.060000000000000000e+04 2.788119480000000000e+08 5.404099013888889021e+04 1.363168724279835431e-02 7.100000000000000000e+01 7.099999999999999645e-01 8.426149773176358493e-02 6.608804960000000189e-13 1.000000000000000000e+02
1.070000000000000000e+04 2.788120480000000000e+08 5.404099129629629897e+04 1.376028806584362121e-02 8.200000000000000000e+01 8.199999999999999512e-01 9.055385138137417300e-02 7.632704320000000616e-13 1.000000000000000000e+02
1.080000000000000000e+04 2.788121480000000000e+08 5.404099245370370045e+04 1.388888888888888812e-02 8.400000000000000000e+01 8.399999999999999689e-01 9.165151389911679880e-02 7.818867840000000878e-13 1.000000000000000000e+02
1.090000000000000000e+04 2.788122480000000000e+08 5.404099361111110920e+04 1.401748971193415676e-02 8.800000000000000000e+01 8.800000000000000044e-01 9.380831519646859462e-02 8.191194880000000390e-13 1.000000000000000000e+02
1.100000000000000000e+04 2.788123480000000000e+08 5.404099476851851796e+04 1.414609053497942366e-02 8.100000000000000000e+01 8.100000000000000533e-01 8.999999999999999667e-02 7.539622560000001495e-13 1.000000000000000000e+02
1.110000000000000000e+04 2.788124480000000000e+08 5.404099592592592671e+04 1.427469135802469057e-02 7.600000000000000000e+01 7.600000000000000089e-01 8.717797887081348007e-02 7.074213760000000842e-13 1.000000000000000000e+02
1.120000000000000000e+04 2.788125480000000000e+08 5.404099708333333547e+04 1.440329218106995920e-02 7.400000000000000000e+01 7.399999999999999911e-01 8.602325267042626455e-02 6.888050240000000581e-13 1.000000000000000000e+02
1.130000000000000000e+04 2.788126480000000000e+08 5.404099824074073695e+04 1.453189300411522611e-02 8.000000000000000000e+01 8.000000000000000444e-01 8.944271909999158832e-02 7.446540800000001365e-13 1.000000000000000000e+02
1.140000000000000000e+04 2.788127480000000000e+08 5.404099939814814570e+04 1.466049382716049301e-02 8.600000000000000000e+01 8.599999999999999867e-01 9.273618495495704328e-02 8.005031360000001139e-13 1.000000000000000000e+02
1.150000000000000000e+04 2.788128480000000000e+08 5.404100055555555446e+04 1.478909465020576165e-02 9.000000000000000000e+01 9.000000000000000222e-01 9.486832980505138790e-02 8.377358400000000652e-13 1.000000000000000000e+02
1.160000000000000000e+04 2.788129480000000000e+08 5.404100171296296321e+04 1.491769547325102856e-02 6.500000000000000000e+01 6.500000000000000222e-01 8.062257748298548576e-02 6.050314400000000415e-13 1.000000000000000000e+02
1.170000000000000000e+04 2.788130480000000000e+08 5.404100287037037197e+04 1.504629629629629546e-02 7.300000000000000000e+01 7.299999999999999822e-01 8.544003745317529930e-02 6.794968480000000450e-13 1.000000000000000000e+02
1.180000000000000000e+04 2.788131480000000000e+08 5.404100402777778072e+04 1.517489711934156410e-02 7.400000000000000000e+01 7.399999999999999911e-01 8.602325267042626455e-02 6.888050240000000581e-13 1.000000000000000000e+02
1.190000000000000000e+04 2.788132480000000000e+08 5.404100518518518220e+04 1.530349794238683100e-02 8.900000000000000000e+01 8.900000000000000133e-01 9.433981132056602770e-02 8.284276640000000521e-13 1.000000000000000000e+02
1.200000000000000000e+04 2.788133480000000000e+08 5.404100634259259095e+04 1.543209876543209791e-02 8.400000000000000000e+01 8.399999999999999689e-01 9.165151389911679880e-02 7.818867840000000878e-13 1.000000000000000000e+02
1.210000000000000000e+04 2.788134480000000000e+08 5.404100749999999971e+04 1.556069958847736655e-02 8.300000000000000000e+01 8.299999999999999600e-01 9.110433579144298910e-02 7.725786080000000747e-13 1.000000000000000000e+02
1.220000000000000000e+04 2.788135480000000000e+08 5.404100865740740846e+04 1.568930041152263519e-02 7.500000000000000000e+01 7.500000000000000000e-01 8.660254037844387909e-02 6.981132000000000711e-13 1.000000000000000000e+02
1.230000000000000000e+04 2.788136480000000000e+08 5.404100981481481722e+04 1.581790123456790209e-02 8.200000000000000000e+01 8.199999999999999512e-01 9.055385138137417300e-02 7.632704320000000616e-13 1.000000000000000000e+02
1.240000000000000000e+04 2.788137480000000000e+08 5.404101097222222597e+04 1.594650205761316900e-02 8.100000000000000000e+01 8.100000000000000533e-01 8.999999999999999667e-02 7.539622560000001495e-13 1.000000000000000000e+02
1.250000000000000000e+04 2.788138480000000000e+08 5.404101212962962745e+04 1.607510288065843590e-02 6.900000000000000000e+01 6.899999999999999467e-01 8.306623862918074974e-02 6.422641439999999928e-13 1.000000000000000000e+02
1.260000000000000000e+04 2.788139480000000000e+08 5.404101328703703621e+04 1.620370370370370280e-02 9.200000000000000000e+01 9.200000000000000400e-01 9.591663046625438505e-02 8.563521920000000913e-13 1.000000000000000000e+02
1.270000000000000000e+04 2.788140480000000000e+08 5.404101444444444496e+04 1.633230452674896971e-02 8.000000000000000000e+01 8.000000000000000444e-01 8.944271909999158832e-02 7.446540800000001365e-13 1.000000000000000000e+02
1.280000000000000000e+04 2.788141480000000000e+08 5.404101560185185372e+04 1.646090534979424008e-02 8.300000000000000000e+01 8.299999999999999600e-01 9.110433579144298910e-02 7.725786080000000747e-13 1.000000000000000000e+02
1.290000000000000000e+04 2.788142480000000000e+08 5.404101675925926247e+04 1.658950617283950699e-02 8.900000000000000000e+01 8.900000000000000133e-01 9.433981132056602770e-02 8.284276640000000521e-13 1.000000000000000000e+02
1.300000000000000000e+04 2.788143480000000000e+08 5.404101791666666395e+04 1.671810699588477389e-02 7.900000000000000000e+01 7.900000000000000355e-01 8.888194417315588292e-02 7.353459040000001234e-13 1.000000000000000000e+02
1.310000000000000000e+04 2.788144480000000000e+08 5.404101907407407271e+04 1.684670781893004080e-02 6.100000000000000000e+01 6.099999999999999867e-01 7.810249675906653921e-02 5.677987360000000902e-13 1.000000000000000000e+02
1.320000000000000000e+04 2.788145480000000000e+08 5.404102023148148146e+04 1.697530864197530770e-02 8.500000000000000000e+01 8.499999999999999778e-01 9.219544457292887241e-02 7.911949600000001008e-13 1.000000000000000000e+02
1.330000000000000000e+04 2.788146480000000000e+08 5.404102138888889021e+04 1.710390946502057460e-02 7.900000000000000000e+01 7.900000000000000355e-01 8.888194417315588292e-02 7.353459040000001234e-13 1.000000000000000000e+02
1.340000000000000000e+04 2.788147480000000000e+08 5.404102254629629897e+04 1.723251028806584498e-02 9.500000000000000000e+01 9.499999999999999556e-01 9.746794344808963617e-02 8.842767200000000295e-13 1.000000000000000000e+02
1.350000000000000000e+04 2.788148480000000000e+08 5.404102370370370045e+04 1.736111111111111188e-02 8.300000000000000000e+01 8.299999999999999600e-01 9.110433579144298910e-02 7.725786080000000747e-13 1.000000000000000000e+02
1.360000000000000000e+04 2.788149480000000000e+08 5.404102486111110920e+04 1.748971193415637879e-02 7.000000000000000000e+01 6.999999999999999556e-01 8.366600265340755349e-02 6.515723200000000058e-13 1.000000000000000000e+02
1.370000000000000000e+04 2.788150480000000000e+08 5.404102601851851796e+04 1.761831275720164569e-02 8.300000000000000000e+01 8.299999999999999600e-01 9.110433579144298910e-02 7.725786080000000747e-13 1.000000000000000000e+02
1.380000000000000000e+04 2.788151480000000000e+08 5.404102717592592671e+04 1.774691358024691260e-02 8.400000000000000000e+01 8.399999999999999689e-01 9.165151389911679880e-02 7.818867840000000878e-13 1.000000000000000000e+02
1.390000000000000000e+04 2.788152480000000000e+08 5.404102833333333547e+04 1.787551440329217950e-02 8.200000000000000000e+01 8.199999999999999512e-01 9.055385138137417300e-02 7.632704320000000616e-13 1.000000000000000000e+02
1.400000000000000000e+04 2.788153480000000000e+08 5.404102949074073695e+04 1.800411522633744987e-02 7.800000000000000000e+01 7.800000000000000266e-01 8.831760866327847959e-02 7.260377280000001103e-13 1.000000000000000000e+02
1.410000000000000000e+04 2.788154480000000000e+08 5.404103064814814570e+04 1.813271604938271678e-02 8.000000000000000000e+01 8.000000000000000444e-01 8.944271909999158832e-02 7.446540800000001365e-13 1.000000000000000000e+02
1.420000000000000000e+04 2.788155480000000000e+08 5.404103180555555446e+04 1.826131687242798368e-02 9.700000000000000000e+01 9.699999999999999734e-01 9.848857801796104261e-02 9.028930720000000557e-13 1.000000000000000000e+02
1.430000000000000000e+04 2.788156480000000000e+08 5.404103296296296321e+04 1.838991769547325059e-02 7.300000000000000000e+01 7.299999999999999822e-01 8.544003745317529930e-02 6.794968480000000450e-13 1.000000000000000000e+02
1.440000000000000000e+04 2.788157480000000000e+08 5.404103412037037197e+04 1.851851851851851749e-02 8.300000000000000000e+01 8.299999999999999600e-01 9.110433579144298910e-02 7.725786080000000747e-13 1.000000000000000000e+02
1.450000000000000000e+04 2.788158480000000000e+08 5.404103527777778072e+04 1.864711934156378439e-02 8.500000000000000000e+01 8.499999999999999778e-01 9.219544457292887241e-02 7.911949600000001008e-13 1.000000000000000000e+02
1.460000000000000000e+04 2.788159480000000000e+08 5.404103643518518220e+04 1.877572016460905477e-02 8.100000000000000000e+01 8.100000000000000533e-01 8.999999999999999667e-02 7.539622560000001495e-13 1.000000000000000000e+02
1.470000000000000000e+04 2.788160480000000000e+08 5.404103759259259095e+04 1.890432098765432167e-02 7.800000000000000000e+01 7.800000000000000266e-01 8.831760866327847959e-02 7.260377280000001103e-13 1.000000000000000000e+02
1.480000000000000000e+04 2.788161480000000000e+08 5.404103874999999971e+04 1.903292181069958858e-02 6.300000000000000000e+01 6.300000000000000044e-01 7.937253933193771926e-02 5.864150880000000153e-13 1.000000000000000000e+02
1.490000000000000000e+04 2.788162480000000000e+08 5.404103990740740846e+04 1.916152263374485548e-02 7.200000000000000000e+01 7.199999999999999734e-01 8.485281374238569374e-02 6.701886720000000319e-13 1.000000000000000000e+02
1.500000000000000000e+04 2.788163480000000000e+08 5.404104106481481722e+04 1.929012345679012239e-02 7.000000000000000000e+01 6.999999999999999556e-01 8.366600265340755349e-02 6.515723200000000058e-13 1.000000000000000000e+02
1.510000000000000000e+04 2.788164480000000000e+08 5.404104222222222597e+04 1.941872427983538929e-02 6.500000000000000000e+01 6.500000000000000222e-01 8.062257748298548576e-02 6.050314400000000415e-13 1.000000000000000000e+02
1.520000000000000000e+04 2.788165480000000000e+08 5.404104337962962745e+04 1.954732510288065966e-02 6.600000000000000000e+01 6.600000000000000311e-01 8.124038404635960942e-02 6.143396160000000545e-13 1.000000000000000000e+02
1.530000000000000000e+04 2.788166480000000000e+08 5.404104453703703621e+04 1.967592592592592657e-02 8.900000000000000000e+01 8.900000000000000133e-01 9.433981132056602770e-02 8.284276640000000521e-13 1.000000000000000000e+02
1.540000000000000000e+04 2.788167480000000000e+08 5.404104569444444496e+04 1.980452674897119347e-02 7.500000000000000000e+01 7.500000000000000000e-01 8.660254037844387909e-02 6.981132000000000711e-13 1.000000000000000000e+02
1.550000000000000000e+04 2.788168480000000000e+08 5.404104685185185372e+04 1.993312757201646038e-02 7.500000000000000000e+01 7.500000000000000000e-01 8.660254037844387909e-02 6.981132000000000711e-13 1.000000000000000000e+02
1.560000000000000000e+04 2.788169480000000000e+08 5.404104800925926247e+04 2.006172839506172728e-02 7.500000000000000000e+01 7.500000000000000000e-01 8.660254037844387909e-02 6.981132000000000711e-13 1.000000000000000000e+02
1.570000000000000000e+04 2.788170480000000000e+08 5.404104916666666395e+04 2.019032921810699419e-02 8.500000000000000000e+01 8.499999999999999778e-01 9.219544457292887241e-02 7.911949600000001008e-13 1.000000000000000000e+02
1.580000000000000000e+04 2.788171480000000000e+08 5.404105032407407271e+04 2.031893004115226456e-02 7.000000000000000000e+01 6.999999999999999556e-01 8.366600265340755349e-02 6.515723200000000058e-13 1.000000000000000000e+02
1.590000000000000000e+04 2.788172480000000000e+08 5.404105148148148146e+04 2.044753086419753146e-02 8.900000000000000000e+01 8.900000000000000133e-01 9.433981132056602770e-02 8.284276640000000521e-13 1.000000000000000000e+02
1.600000000000000000e+04 2.788173480000000000e+08 5.404105263888889021e+04 2.057613168724279837e-02 6.600000000000000000e+01 6.600000000000000311e-01 8.124038404635960942e-02 6.143396160000000545e-13 1.000000000000000000e+02
1.610000000000000000e+04 2.788174480000000000e+08 5.404105379629629897e+04 2.070473251028806527e-02 6.900000000000000000e+01 6.899999999999999467e-01 8.306623862918074974e-02 6.422641439999999928e-13 1.000000000000000000e+02
1.620000000000000000e+04 2.788175480000000000e+08 5.404105495370370045e+04 2.083333333333333218e-02 9.400000000000000000e+01 9.399999999999999467e-01 9.695359714832658959e-02 8.749685440000000165e-13 1.000000000000000000e+02
1.630000000000000000e+04 2.788176480000000000e+08 5.404105611111110920e+04 2.096193415637860255e-02 7.000000000000000000e+01 6.999999999999999556e-01 8.366600265340755349e-02 6.515723200000000058e-13 1.000000000000000000e+02
1.640000000000000000e+04 2.788177480000000000e+08 5.404105726851851796e+04 2.109053497942386945e-02 7.800000000000000000e+01 7.800000000000000266e-01 8.831760866327847959e-02 7.260377280000001103e-13 1.000000000000000000e+02
1.650000000000000000e+04 2.788178480000000000e+08 5.404105842592592671e+04 2.121913580246913636e-02 8.300000000000000000e+01 8.299999999999999600e-01 9.110433579144298910e-02 7.725786080000000747e-13 1.000000000000000000e+02
1.660000000000000000e+04 2.788179480000000000e+08 5.404105958333333547e+04 2.134773662551440326e-02 1.040000000000000000e+02 1.040000000000000036e+00 1.019803902718556948e-01 9.680503040000001471e-13 1.000000000000000000e+02
1.670000000000000000e+04 2.788180480000000000e+08 5.404106074074073695e+04 2.147633744855967017e-02 8.500000000000000000e+01 8.499999999999999778e-01 9.219544457292887241e-02 7.911949600000001008e-13 1.000000000000000000e+02
1.680000000000000000e+04 2.788181480000000000e+08 5.404106189814814570e+04 2.160493827160493707e-02 6.700000000000000000e+01 6.700000000000000400e-01 8.185352771872450584e-02 6.236477920000000676e-13 1.000000000000000000e+02
1.690000000000000000e+04 2.788182480000000000e+08 5.404106305555555446e+04 2.173353909465020745e-02 7.200000000000000000e+01 7.199999999999999734e-01 8.485281374238569374e-02 6.701886720000000319e-13 1.000000000000000000e+02
1.700000000000000000e+04 2.788183480000000000e+08 5.404106421296296321e+04 2.186213991769547435e-02 7.400000000000000000e+01 7.399999999999999911e-01 8.602325267042626455e-02 6.888050240000000581e-13 1.000000000000000000e+02
1.710000000000000000e+04 2.788184480000000000e+08 5.404106537037037197e+04 2.199074074074074125e-02 7.400000000000000000e+01 7.399999999999999911e-01 8.602325267042626455e-02 6.888050240000000581e-13 1.000000000000000000e+02
1.720000000000000000e+04 2.788185480000000000e+08 5.404106652777778072e+04 2.211934156378600816e-02 9.300000000000000000e+01 9.300000000000000488e-01 9.643650760992955595e-02 8.656603680000001044e-13 1.000000000000000000e+02
1.730000000000000000e+04 2.788186480000000000e+08 5.404106768518518220e+04 2.224794238683127506e-02 7.300000000000000000e+01 7.299999999999999822e-01 8.544003745317529930e-02 6.794968480000000450e-13 1.000000000000000000e+02
1.740000000000000000e+04 2.788187480000000000e+08 5.404106884259259095e+04 2.237654320987654197e-02 7.200000000000000000e+01 7.199999999999999734e-01 8.485281374238569374e-02 6.701886720000000319e-13 1.000000000000000000e+02
1.750000000000000000e+04 2.788188480000000000e+08 5.404106999999999971e+04 2.250514403292181234e-02 7.300000000000000000e+01 7.299999999999999822e-01 8.544003745317529930e-02 6.794968480000000450e-13 1.000000000000000000e+02
1.760000000000000000e+04 2.788189480000000000e+08 5.404107115740740846e+04 2.263374485596707925e-02 6.200000000000000000e+01 6.199999999999999956e-01 7.874007874011811070e-02 5.771069120000001032e-13 1.000000000000000000e+02
1.770000000000000000e+04 2.788190480000000000e+08 5.404107231481481722e+04 2.276234567901234615e-02 6.800000000000000000e+01 6.800000000000000488e-01 8.246211251235320561e-02 6.329559680000000807e-13 1.000000000000000000e+02
1.780000000000000000e+04 2.788191480000000000e+08 5.404107347222222597e+04 2.289094650205761305e-02 7.100000000000000000e+01 7.099999999999999645e-01 8.426149773176358493e-02 6.608804960000000189e-13 1.000000000000000000e+02
1.790000000000000000e+04 2.788192480000000000e+08 5.404107462962962745e+04 2.301954732510287996e-02 7.100000000000000000e+01 7.099999999999999645e-01 8.426149773176358493e-02 6.608804960000000189e-13 1.000000000000000000e+02
1.800000000000000000e+04 2.788193480000000000e+08 5.404107578703703621e+04 2.314814814814814686e-02 7.900000000000000000e+01 7.900000000000000355e-01 8.888194417315588292e-02 7.353459040000001234e-13 1.000000000000000000e+02
1.810000000000000000e+04 2.788194480000000000e+08 5.404107694444444496e+04 2.327674897119341724e-02 9.000000000000000000e+01 9.000000000000000222e-01 9.486832980505138790e-02 8.377358400000000652e-13 1.000000000000000000e+02
1.820000000000000000e+04 2.788195480000000000e+08 5.404107810185185372e+04 2.340534979423868414e-02 7.300000000000000000e+01 7.299999999999999822e-01 8.544003745317529930e-02 6.794968480000000450e-13 1.000000000000000000e+02
1.830000000000000000e+04 2.788196480000000000e+08 5.404107925925926247e+04 2.353395061728395105e-02 7.300000000000000000e+01 7.299999999999999822e-01 8.544003745317529930e-02 6.794968480000000450e-13 1.000000000000000000e+02
1.840000000000000000e+04 2.788197480000000000e+08 5.404108041666666395e+04 2.366255144032921795e-02 7.100000000000000000e+01 7.099999999999999645e-01 8.426149773176358493e-02 6.608804960000000189e-13 1.000000000000000000e+02
1.850000000000000000e+04 2.788198480000000000e+08 5.404108157407407271e+04 2.379115226337448485e-02 8.500000000000000000e+01 8.499999999999999778e-01 9.219544457292887241e-02 7.911949600000001008e-13 1.000000000000000000e+02
1.860000000000000000e+04 2.788199480000000000e+08 5.404108273148148146e+04 2.391975308641975176e-02 8.400000000000000000e+01 8.399999999999999689e-01 9.165151389911679880e-02 7.818867840000000878e-13 1.000000000000000000e+02
1.870000000000000000e+04 2.788200480000000000e+08 5.404108388888889021e+04 2.404835390946502213e-02 7.200000000000000000e+01 7.199999999999999734e-01 8.485281374238569374e-02 6.701886720000000319e-13 1.000000000000000000e+02
1.880000000000000000e+04 2.788201480000000000e+08 5.404108504629629897e+04 2.417695473251028904e-02 8.000000000000000000e+01 8.000000000000000444e-01 8.944271909999158832e-02 7.446540800000001365e-13 1.000000000000000000e+02
1.890000000000000000e+04 2.788202480000000000e+08 5.404108620370370045e+04 2.430555555555555594e-02 8.400000000000000000e+01 8.399999999999999689e-01 9.165151389911679880e-02 7.818867840000000878e-13 1.000000000000000000e+02
1.900000000000000000e+04 2.788203480000000000e+08 5.404108736111110920e+04 2.443415637860082285e-02 6.700000000000000000e+01 6.700000000000000400e-01 8.185352771872450584e-02 6.236477920000000676e-13 1.000000000000000000e+02
1.910000000000000000e+04 2.788204480000000000e+08 5.404108851851851796e+04 2.456275720164608975e-02 6.400000000000000000e+01 6.400000000000000133e-01 8.000000000000000167e-02 5.957232640000000284e-13 1.000000000000000000e+02
1.920000000000000000e+04 2.788205480000000000e+08 5.404108967592592671e+04 2.469135802469135665e-02 7.400000000000000000e+01 7.399999999999999911e-01 8.602325267042626455e-02 6.888050240000000581e-13 1.000000000000000000e+02
1.930000000000000000e+04 2.788206480000000000e+08 5.404109083333333547e+04 2.481995884773662703e-02 8.800000000000000000e+01 8.800000000000000044e-01 9.380831519646859462e-02 8.191194880000000390e-13 1.000000000000000000e+02
1.940000000000000000e+04 2.788207480000000000e+08 5.404109199074073695e+04 2.494855967078189393e-02 8.300000000000000000e+01 8.299999999999999600e-01 9.110433579144298910e-02 7.725786080000000747e-13 1.000000000000000000e+02
1.950000000000000000e+04 2.788208480000000000e+08 5.404109314814814570e+04 2.507716049382716084e-02 8.400000000000000000e+01 8.399999999999999689e-01 9.165151389911679880e-02 7.818867840000000878e-13 1.000000000000000000e+02
1.960000000000000000e+04 2.788209480000000000e+08 5.404109430555555446e+04 2.520576131687242774e-02 7.200000000000000000e+01 7.199999999999999734e-01 8.485281374238569374e-02 6.701886720000000319e-13 1.000000000000000000e+02
1.970000000000000000e+04 2.788210480000000000e+08 5.404109546296296321e+04 2.533436213991769465e-02 7.700000000000000000e+01 7.700000000000000178e-01 8.774964387392122922e-02 7.167295520000000973e-13 1.000000000000000000e+02
1.980000000000000000e+04 2.788211480000000000e+08 5.404109662037037197e+04 2.546296296296296155e-02 6.600000000000000000e+01 6.600000000000000311e-01 8.124038404635960942e-02 6.143396160000000545e-13 1.000000000000000000e+02
1.990000000000000000e+04 2.788212480000000000e+08 5.404109777777778072e+04 2.559156378600823192e-02 8.000000000000000000e+01 8.000000000000000444e-01 8.944271909999158832e-02 7.446540800000001365e-13 1.000000000000000000e+02
2.000000000000000000e+04 2.788213480000000000e+08 5.404109893518518220e+04 2.572016460905349883e-02 5.800000000000000000e+01 5.799999999999999600e-01 7.615773105863908599e-02 5.398742080000000510e-13 1.000000000000000000e+02
2.010000000000000000e+04 2.788214480000000000e+08 5.404110009259259095e+04 2.584876543209876573e-02 7.900000000000000000e+01 7.900000000000000355e-01 8.888194417315588292e-02 7.353459040000001234e-13 1.000000000000000000e+02
2.020000000000000000e+04 2.788215480000000000e+08 5.404110124999999971e+04 2.597736625514403264e-02 8.100000000000000000e+01 8.100000000000000533e-01 8.999999999999999667e-02 7.539622560000001495e-13 1.000000000000000000e+02
2.030000000000000000e+04 2.788216480000000000e+08 5.404110240740740846e+04 2.610596707818929954e-02 9.300000000000000000e+01 9.300000000000000488e-01 9.643650760992955595e-02 8.656603680000001044e-13 1.000000000000000000e+02
2.040000000000000000e+04 2.788217480000000000e+08 5.404110356481481722e+04 2.623456790123456644e-02 7.500000000000000000e+01 7.500000000000000000e-01 8.660254037844387909e-02 6.981132000000000711e-13 1.000000000000000000e+02
2.050000000000000000e+04 2.788218480000000000e+08 5.404110472222222597e+04 2.636316872427983682e-02 7.600000000000000000e+01 7.600000000000000089e-01 8.717797887081348007e-02 7.074213760000000842e-13 1.000000000000000000e+02
2.060000000000000000e+04 2.788219480000000000e+08 5.404110587962962745e+04 2.649176954732510372e-02 8.300000000000000000e+01 8.299999999999999600e-01 9.110433579144298910e-02 7.725786080000000747e-13 1.000000000000000000e+02
2.070000000000000000e+04 2.788220480000000000e+08 5.404110703703703621e+04 2.662037037037037063e-02 7.700000000000000000e+01 7.700000000000000178e-01 8.774964387392122922e-02 7.167295520000000973e-13 1.000000000000000000e+02
2.080000000000000000e+04 2.788221480000000000e+08 5.404110819444444496e+04 2.674897119341563753e-02 8.100000000000000000e+01 8.100000000000000533e-01 8.999999999999999667e-02 7.539622560000001495e-13 1.000000000000000000e+02
2.390000000000000000e+04 2.788252480000000000e+08 5.404114407407407271e+04 3.073559670781892891e-02 6.400000000000000000e+01 6.400000000000000133e-01 8.000000000000000167e-02 5.957232640000000284e-13 1.000000000000000000e+02
2.400000000000000000e+04 2.788253480000000000e+08 5.404114523148148146e+04 3.086419753086419582e-02 9.300000000000000000e+01 9.300000000000000488e-01 9.643650760992955595e-02 8.656603680000001044e-13 1.000000000000000000e+02
2.410000000000000000e+04 2.788254480000000000e+08 5.404114638888889021e+04 3.099279835390946619e-02 8.500000000000000000e+01 8.499999999999999778e-01 9.219544457292887241e-02 7.911949600000001008e-13 1.000000000000000000e+02
2.420000000000000000e+04 2.788255480000000000e+08 5.404114754629629897e+04 3.112139917695473310e-02 8.400000000000000000e+01 8.399999999999999689e-01 9.165151389911679880e-02 7.818867840000000878e-13 1.000000000000000000e+02
2.430000000000000000e+04 2.788256480000000000e+08 5.404114870370370045e+04 3.125000000000000000e-02 6.800000000000000000e+01 6.800000000000000488e-01 8.246211251235320561e-02 6.329559680000000807e-13 1.000000000000000000e+02
2.440000000000000000e+04 2.788257480000000000e+08 5.404114986111110920e+04 3.137860082304527037e-02 6.900000000000000000e+01 6.899999999999999467e-01 8.306623862918074974e-02 6.422641439999999928e-13 1.000000000000000000e+02
2.450000000000000000e+04 2.788258480000000000e+08 5.404115101851851796e+04 3.150720164609053381e-02 7.100000000000000000e+01 7.099999999999999645e-01 8.426149773176358493e-02 6.608804960000000189e-13 1.000000000000000000e+02
2.460000000000000000e+04 2.788259480000000000e+08 5.404115217592592671e+04 3.163580246913580418e-02 8.500000000000000000e+01 8.499999999999999778e-01 9.219544457292887241e-02 7.911949600000001008e-13 1.000000000000000000e+02
2.470000000000000000e+04 2.788260480000000000e+08 5.404115333333333547e+04 3.176440329218106762e-02 8.800000000000000000e+01 8.800000000000000044e-01 9.380831519646859462e-02 8.191194880000000390e-13 1.000000000000000000e+02
2.480000000000000000e+04 2.788261480000000000e+08 5.404115449074073695e+04 3.189300411522633799e-02 6.500000000000000000e+01 6.500000000000000222e-01 8.062257748298548576e-02 6.050314400000000415e-13 1.000000000000000000e+02
2.490000000000000000e+04 2.788262480000000000e+08 5.404115564814814570e+04 3.202160493827160836e-02 7.300000000000000000e+01 7.299999999999999822e-01 8.544003745317529930e-02 6.794968480000000450e-13 1.000000000000000000e+02
2.500000000000000000e+04 2.788263480000000000e+08 5.404115680555555446e+04 3.215020576131687180e-02 6.700000000000000000e+01 6.700000000000000400e-01 8.185352771872450584e-02 6.236477920000000676e-13 1.000000000000000000e+02
2.510000000000000000e+04 2.788264480000000000e+08 5.404115796296296321e+04 3.227880658436214217e-02 8.400000000000000000e+01 8.399999999999999689e-01 9.165151389911679880e-02 7.818867840000000878e-13 1.000000000000000000e+02
2.520000000000000000e+04 2.788265480000000000e+08 5.404115912037037197e+04 3.240740740740740561e-02 8.700000000000000000e+01 8.699999999999999956e-01 9.327379053088816208e-02 8.098113120000001270e-13 1.000000000000000000e+02
2.530000000000000000e+04 2.788266480000000000e+08 5.404116027777778072e+04 3.253600823045267598e-02 7.200000000000000000e+01 7.199999999999999734e-01 8.485281374238569374e-02 6.701886720000000319e-13 1.000000000000000000e+02
2.540000000000000000e+04 2.788267480000000000e+08 5.404116143518518220e+04 3.266460905349793942e-02 9.400000000000000000e+01 9.399999999999999467e-01 9.695359714832658959e-02 8.749685440000000165e-13 1.000000000000000000e+02
2.550000000000000000e+04 2.788268480000000000e+08 5.404116259259259095e+04 3.279320987654320979e-02 9.800000000000000000e+01 9.799999999999999822e-01 9.899494936611664964e-02 9.122012480000000687e-13 1.000000000000000000e+02
2.560000000000000000e+04 2.788269480000000000e+08 5.404116374999999971e+04 3.292181069958848016e-02 8.500000000000000000e+01 8.499999999999999778e-01 9.219544457292887241e-02 7.911949600000001008e-13 1.000000000000000000e+02
2.570000000000000000e+04 2.788270480000000000e+08 5.404116490740740846e+04 3.305041152263374360e-02 7.400000000000000000e+01 7.399999999999999911e-01 8.602325267042626455e-02 6.888050240000000581e-13 1.000000000000000000e+02
2.580000000000000000e+04 2.788271480000000000e+08 5.404116606481481722e+04 3.317901234567901397e-02 7.500000000000000000e+01 7.500000000000000000e-01 8.660254037844387909e-02 6.981132000000000711e-13 1.000000000000000000e+02
2.590000000000000000e+04 2.788272480000000000e+08 5.404116722222222597e+04 3.330761316872427741e-02 8.800000000000000000e+01 8.800000000000000044e-01 9.380831519646859462e-02 8.191194880000000390e-13 1.000000000000000000e+02
2.600000000000000000e+04 2.788273480000000000e+08 5.404116837962962745e+04 3.343621399176954778e-02 8.000000000000000000e+01 8.000000000000000444e-01 8.944271909999158832e-02 7.446540800000001365e-13 1.000000000000000000e+02
2.610000000000000000e+04 2.788274480000000000e+08 5.404116953703703621e+04 3.356481481481481816e-02 7.500000000000000000e+01 7.500000000000000000e-01 8.660254037844387909e-02 6.981132000000000711e-13 1.000000000000000000e+02
2.620000000000000000e+04 2.788275480000000000e+08 5.404117069444444496e+04 3.369341563786008159e-02 8.200000000000000000e+01 8.199999999999999512e-01 9.055385138137417300e-02 7.632704320000000616e-13 1.000000000000000000e+02
2.630000000000000000e+04 2.788276480000000000e+08 5.404117185185185372e+04 3.382201646090535196e-02 7.000000000000000000e+01 6.999999999999999556e-01 8.366600265340755349e-02 6.515723200000000058e-13 1.000000000000000000e+02
2.640000000000000000e+04 2.788277480000000000e+08 5.404117300925926247e+04 3.395061728395061540e-02 7.800000000000000000e+01 7.800000000000000266e-01 8.831760866327847959e-02 7.260377280000001103e-13 1.000000000000000000e+02
2.650000000000000000e+04 2.788278480000000000e+08 5.404117416666666395e+04 3.407921810699588577e-02 6.100000000000000000e+01 6.099999999999999867e-01 7.810249675906653921e-02 5.677987360000000902e-13 1.000000000000000000e+02
2.660000000000000000e+04 2.788279480000000000e+08 5.404117532407407271e+04 3.420781893004114921e-02 8.600000000000000000e+01 8.599999999999999867e-01 9.273618495495704328e-02 8.005031360000001139e-13 1.000000000000000000e+02
2.670000000000000000e+04 2.788280480000000000e+08 5.404117648148148146e+04 3.433641975308641958e-02 9.000000000000000000e+01 9.000000000000000222e-01 9.486832980505138790e-02 8.377358400000000652e-13 1.000000000000000000e+02
2.680000000000000000e+04 2.788281480000000000e+08 5.404117763888889021e+04 3.446502057613168996e-02 7.100000000000000000e+01 7.099999999999999645e-01 8.426149773176358493e-02 6.608804960000000189e-13 1.000000000000000000e+02
2.690000000000000000e+04 2.788282480000000000e+08 5.404117879629629897e+04 3.459362139917695339e-02 5.800000000000000000e+01 5.799999999999999600e-01 7.615773105863908599e-02 5.398742080000000510e-13 1.000000000000000000e+02
2.700000000000000000e+04 2.788283480000000000e+08 5.404117995370370045e+04 3.472222222222222376e-02 9.200000000000000000e+01 9.200000000000000400e-01 9.591663046625438505e-02 8.563521920000000913e-13 1.000000000000000000e+02
2.710000000000000000e+04 2.788284480000000000e+08 5.404118111111110920e+04 3.485082304526748720e-02 7.600000000000000000e+01 7.600000000000000089e-01 8.717797887081348007e-02 7.074213760000000842e-13 1.000000000000000000e+02
2.720000000000000000e+04 2.788285480000000000e+08 5.404118226851851796e+04 3.497942386831275757e-02 7.400000000000000000e+01 7.399999999999999911e-01 8.602325267042626455e-02 6.888050240000000581e-13 1.000000000000000000e+02
2.730000000000000000e+04 2.788286480000000000e+08 5.404118342592592671e+04 3.510802469135802795e-02 7.000000000000000000e+01 6.999999999999999556e-01 8.366600265340755349e-02 6.515723200000000058e-13 1.000000000000000000e+02
2.740000000000000000e+04 2.788287480000000000e+08 5.404118458333333547e+04 3.523662551440329138e-02 8.000000000000000000e+01 8.000000000000000444e-01 8.944271909999158832e-02 7.446540800000001365e-13 1.000000000000000000e+02
2.750000000000000000e+04 2.788288480000000000e+08 5.404118574074073695e+04 3.536522633744856176e-02 7.600000000000000000e+01 7.600000000000000089e-01 8.717797887081348007e-02 7.074213760000000842e-13 1.000000000000000000e+02
2.760000000000000000e+04 2.788289480000000000e+08 5.404118689814814570e+04 3.549382716049382519e-02 7.400000000000000000e+01 7.399999999999999911e-01 8.602325267042626455e-02 6.888050240000000581e-13 1.000000000000000000e+02
2.770000000000000000e+04 2.788290480000000000e+08 5.404118805555555446e+04 3.562242798353909556e-02 9.200000000000000000e+01 9.200000000000000400e-01 9.591663046625438505e-02 8.563521920000000913e-13 1.000000000000000000e+02
2.780000000000000000e+04 2.788291480000000000e+08 5.404118921296296321e+04 3.575102880658435900e-02 9.000000000000000000e+01 9.000000000000000222e-01 9.486832980505138790e-02 8.377358400000000652e-13 1.000000000000000000e+02
2.790000000000000000e+04 2.788292480000000000e+08 5.404119037037037197e+04 3.587962962962962937e-02 8.400000000000000000e+01 8.399999999999999689e-01 9.165151389911679880e-02 7.818867840000000878e-13 1.000000000000000000e+02
2.800000000000000000e+04 2.788293480000000000e+08 5.404119152777778072e+04 3.600823045267489975e-02 9.800000000000000000e+01 9.799999999999999822e-01 9.899494936611664964e-02 9.122012480000000687e-13 1.000000000000000000e+02
2.810000000000000000e+04 2.788294480000000000e+08 5.404119268518518220e+04 3.613683127572016318e-02 6.400000000000000000e+01 6.400000000000000133e-01 8.000000000000000167e-02 5.957232640000000284e-13 1.000000000000000000e+02
2.820000000000000000e+04 2.788295480000000000e+08 5.404119384259259095e+04 3.626543209876543356e-02 7.300000000000000000e+01 7.299999999999999822e-01 8.544003745317529930e-02 6.794968480000000450e-13 1.000000000000000000e+02
2.830000000000000000e+04 2.788296480000000000e+08 5.404119499999999971e+04 3.639403292181069699e-02 7.600000000000000000e+01 7.600000000000000089e-01 8.717797887081348007e-02 7.074213760000000842e-13 1.000000000000000000e+02
2.840000000000000000e+04 2.788297480000000000e+08 5.404119615740740846e+04 3.652263374485596736e-02 8.300000000000000000e+01 8.299999999999999600e-01 9.110433579144298910e-02 7.725786080000000747e-13 1.000000000000000000e+02
2.850000000000000000e+04 2.788298480000000000e+08 5.404119731481481722e+04 3.665123456790123774e-02 9.500000000000000000e+01 9.499999999999999556e-01 9.746794344808963617e-02 8.842767200000000295e-13 1.000000000000000000e+02
2.860000000000000000e+04 2.788299480000000000e+08 5.404119847222222597e+04 3.677983539094650117e-02 9.400000000000000000e+01 9.399999999999999467e-01 9.695359714832658959e-02 8.749685440000000165e-13 1.000000000000000000e+02
2.870000000000000000e+04 2.788300480000000000e+08 5.404119962962962745e+04 3.690843621399177155e-02 6.600000000000000000e+01 6.600000000000000311e-01 8.124038404635960942e-02 6.143396160000000545e-13 1.000000000000000000e+02
2.880000000000000000e+04 2.788301480000000000e+08 5.404120078703703621e+04 3.703703703703703498e-02 5.600000000000000000e+01 5.600000000000000533e-01 7.483314773547883325e-02 5.212578560000001258e-13 1.000000000000000000e+02
2.890000000000000000e+04 2.788302480000000000e+08 5.404120194444444496e+04 3.716563786008230535e-02 7.500000000000000000e+01 7.500000000000000000e-01 8.660254037844387909e-02 6.981132000000000711e-13 1.000000000000000000e+02
2.900000000000000000e+04 2.788303480000000000e+08 5.404120310185185372e+04 3.729423868312756879e-02 6.100000000000000000e+01 6.099999999999999867e-01 7.810249675906653921e-02 5.677987360000000902e-13 1.000000000000000000e+02
2.910000000000000000e+04 2.788304480000000000e+08 5.404120425925926247e+04 3.742283950617283916e-02 6.600000000000000000e+01 6.600000000000000311e-01 8.124038404635960942e-02 6.143396160000000545e-13 1.000000000000000000e+02
2.920000000000000000e+04 2.788305480000000000e+08 5.404120541666666395e+04 3.755144032921810954e-02 6.500000000000000000e+01 6.500000000000000222e-01 8.062257748298548576e-02 6.050314400000000415e-13 1.000000000000000000e+02
2.930000000000000000e+04 2.788306480000000000e+08 5.404120657407407271e+04 3.768004115226337297e-02 9.300000000000000000e+01 9.300000000000000488e-01 9.643650760992955595e-02 8.656603680000001044e-13 1.000000000000000000e+02
2.940000000000000000e+04 2.788307480000000000e+08 5.404120773148148146e+04 3.780864197530864335e-02 7.600000000000000000e+01 7.600000000000000089e-01 8.717797887081348007e-02 7.074213760000000842e-13 1.000000000000000000e+02
2.950000000000000000e+04 2.788308480000000000e+08 5.404120888888889021e+04 3.793724279835390678e-02 6.500000000000000000e+01 6.500000000000000222e-01 8.062257748298548576e-02 6.050314400000000415e-13 1.000000000000000000e+02
2.960000000000000000e+04 2.788309480000000000e+08 5.404121004629629897e+04 3.806584362139917715e-02 8.500000000000000000e+01 8.499999999999999778e-01 9.219544457292887241e-02 7.911949600000001008e-13 1.000000000000000000e+02
2.970000000000000000e+04 2.788310480000000000e+08 5.404121120370370045e+04 3.819444444444444753e-02 8.500000000000000000e+01 8.499999999999999778e-01 9.219544457292887241e-02 7.911949600000001008e-13 1.000000000000000000e+02
2.980000000000000000e+04 2.788311480000000000e+08 5.404121236111110920e+04 3.832304526748971096e-02 9.400000000000000000e+01 9.399999999999999467e-01 9.695359714832658959e-02 8.749685440000000165e-13 1.000000000000000000e+02
2.990000000000000000e+04 2.788312480000000000e+08 5.404121351851851796e+04 3.845164609053498134e-02 7.600000000000000000e+01 7.600000000000000089e-01 8.717797887081348007e-02 7.074213760000000842e-13 1.000000000000000000e+02
3.000000000000000000e+04 2.788313480000000000e+08 5.404121467592592671e+04 3.858024691358024477e-02 7.200000000000000000e+01 7.199999999999999734e-01 8.485281374238569374e-02 6.701886720000000319e-13 1.000000000000000000e+02
3.010000000000000000e+04 2.788314480000000000e+08 5.404121583333333547e+04 3.870884773662551515e-02 7.200000000000000000e+01 7.199999999999999734e-01 8.485281374238569374e-02 6.701886720000000319e-13 1.000000000000000000e+02
3.020000000000000000e+04 2.788315480000000000e+08 5.404121699074073695e+04 3.883744855967077858e-02 8.300000000000000000e+01 8.299999999999999600e-01 9.110433579144298910e-02 7.725786080000000747e-13 1.000000000000000000e+02
3.030000000000000000e+04 2.788316480000000000e+08 5.404121814814814570e+04 3.896604938271604895e-02 6.900000000000000000e+01 6.899999999999999467e-01 8.306623862918074974e-02 6.422641439999999928e-13 1.000000000000000000e+02
3.040000000000000000e+04 2.788317480000000000e+08 5.404121930555555446e+04 3.909465020576131933e-02 8.500000000000000000e+01 8.499999999999999778e-01 9.219544457292887241e-02 7.911949600000001008e-13 1.000000000000000000e+02
3.050000000000000000e+04 2.788318480000000000e+08 5.404122046296296321e+04 3.922325102880658276e-02 7.200000000000000000e+01 7.199999999999999734e-01 8.485281374238569374e-02 6.701886720000000319e-13 1.000000000000000000e+02
3.060000000000000000e+04 2.788319480000000000e+08 5.404122162037037197e+04 3.935185185185185314e-02 7.000000000000000000e+01 6.999999999999999556e-01 8.366600265340755349e-02 6.515723200000000058e-13 1.000000000000000000e+02
3.070000000000000000e+04 2.788320480000000000e+08 5.404122277777778072e+04 3.948045267489711657e-02 8.500000000000000000e+01 8.499999999999999778e-01 9.219544457292887241e-02 7.911949600000001008e-13 1.000000000000000000e+02
3.080000000000000000e+04 2.788321480000000000e+08 5.404122393518518220e+04 3.960905349794238695e-02 7.700000000000000000e+01 7.700000000000000178e-01 8.774964387392122922e-02 7.167295520000000973e-13 1.000000000000000000e+02
3.090000000000000000e+04 2.788322480000000000e+08 5.404122509259259095e+04 3.973765432098765732e-02 9.000000000000000000e+01 9.000000000000000222e-01 9.486832980505138790e-02 8.377358400000000652e-13 1.000000000000000000e+02
3.100000000000000000e+04 2.788323480000000000e+08 5.404122624999999971e+04 3.986625514403292075e-02 7.900000000000000000e+01 7.900000000000000355e-01 8.888194417315588292e-02 7.353459040000001234e-13 1.000000000000000000e+02
3.110000000000000000e+04 2.788324480000000000e+08 5.404122740740740846e+04 3.999485596707819113e-02 7.700000000000000000e+01 7.700000000000000178e-01 8.774964387392122922e-02 7.167295520000000973e-13 1.000000000000000000e+02
3.120000000000000000e+04 2.788325480000000000e+08 5.404122856481481722e+04 4.012345679012345456e-02 8.000000000000000000e+01 8.000000000000000444e-01 8.944271909999158832e-02 7.446540800000001365e-13 1.000000000000000000e+02
3.130000000000000000e+04 2.788326480000000000e+08 5.404122972222222597e+04 4.025205761316872494e-02 5.200000000000000000e+01 5.200000000000000178e-01 7.211102550927978028e-02 4.840251520000000736e-13 1.000000000000000000e+02
3.140000000000000000e+04 2.788327480000000000e+08 5.404123087962962745e+04 4.038065843621398837e-02 7.300000000000000000e+01 7.299999999999999822e-01 8.544003745317529930e-02 6.794968480000000450e-13 1.000000000000000000e+02
3.150000000000000000e+04 2.788328480000000000e+08 5.404123203703703621e+04 4.050925925925925875e-02 6.400000000000000000e+01 6.400000000000000133e-01 8.000000000000000167e-02 5.957232640000000284e-13 1.000000000000000000e+02
3.160000000000000000e+04 2.788329480000000000e+08 5.404123319444444496e+04 4.063786008230452912e-02 8.200000000000000000e+01 8.199999999999999512e-01 9.055385138137417300e-02 7.632704320000000616e-13 1.000000000000000000e+02
3.170000000000000000e+04 2.788330480000000000e+08 5.404123435185185372e+04 4.076646090534979255e-02 6.900000000000000000e+01 6.899999999999999467e-01 8.306623862918074974e-02 6.422641439999999928e-13 1.000000000000000000e+02
3.180000000000000000e+04 2.788331480000000000e+08 5.404123550925926247e+04 4.089506172839506293e-02 8.500000000000000000e+01 8.499999999999999778e-01 9.219544457292887241e-02 7.911949600000001008e-13 1.000000000000000000e+02
3.190000000000000000e+04 2.788332480000000000e+08 5.404123666666666395e+04 4.102366255144032636e-02 6.600000000000000000e+01 6.600000000000000311e-01 8.124038404635960942e-02 6.143396160000000545e-13 1.000000000000000000e+02
3.200000000000000000e+04 2.788333480000000000e+08 5.404123782407407271e+04 4.115226337448559674e-02 8.300000000000000000e+01 8.299999999999999600e-01 9.110433579144298910e-02 7.725786080000000747e-13 1.000000000000000000e+02
3.210000000000000000e+04 2.788334480000000000e+08 5.404123898148148146e+04 4.128086419753086711e-02 9.800000000000000000e+01 9.799999999999999822e-01 9.899494936611664964e-02 9.122012480000000687e-13 1.000000000000000000e+02
3.220000000000000000e+04 2.788335480000000000e+08 5.404124013888889021e+04 4.140946502057613055e-02 8.400000000000000000e+01 8.399999999999999689e-01 9.165151389911679880e-02 7.818867840000000878e-13 1.000000000000000000e+02
3.230000000000000000e+04 2.788336480000000000e+08 5.404124129629629897e+04 4.153806584362140092e-02 8.300000000000000000e+01 8.299999999999999600e-01 9.110433579144298910e-02 7.725786080000000747e-13 1.000000000000000000e+02
3.240000000000000000e+04 2.788337480000000000e+08 5.404124245370370045e+04 4.166666666666666435e-02 1.000000000000000000e+02 1.000000000000000000e+00 1.000000000000000056e-01 9.308176000000000949e-13 1.000000000000000000e+02
3.250000000000000000e+04 2.788338480000000000e+08 5.404124361111110920e+04 4.179526748971193473e-02 8.100000000000000000e+01 8.100000000000000533e-01 8.999999999999999667e-02 7.539622560000001495e-13 1.000000000000000000e+02
3.260000000000000000e+04 2.788339480000000000e+08 5.404124476851851796e+04 4.192386831275720510e-02 9.100000000000000000e+01 9.100000000000000311e-01 9.539392014169456591e-02 8.470440160000000782e-13 1.000000000000000000e+02
3.270000000000000000e+04 2.788340480000000000e+08 5.404124592592592671e+04 4.205246913580246854e-02 7.500000000000000000e+01 7.500000000000000000e-01 8.660254037844387909e-02 6.981132000000000711e-13 1.000000000000000000e+02
3.280000000000000000e+04 2.788341480000000000e+08 5.404124708333333547e+04 4.218106995884773891e-02 6.000000000000000000e+01 5.999999999999999778e-01 7.745966692414833765e-02 5.584905600000000771e-13 1.000000000000000000e+02
3.290000000000000000e+04 2.788342480000000000e+08 5.404124824074073695e+04 4.230967078189300234e-02 7.700000000000000000e+01 7.700000000000000178e-01 8.774964387392122922e-02 7.167295520000000973e-13 1.000000000000000000e+02
3.300000000000000000e+04 2.788343480000000000e+08 5.404124939814814570e+04 4.243827160493827272e-02 8.000000000000000000e+01 8.000000000000000444e-01 8.944271909999158832e-02 7.446540800000001365e-13 1.000000000000000000e+02
3.310000000000000000e+04 2.788344480000000000e+08 5.404125055555555446e+04 4.256687242798353615e-02 8.600000000000000000e+01 8.599999999999999867e-01 9.273618495495704328e-02 8.005031360000001139e-13 1.000000000000000000e+02
3.320000000000000000e+04 2.788345480000000000e+08 5.404125171296296321e+04 4.269547325102880653e-02 8.100000000000000000e+01 8.100000000000000533e-01 8.999999999999999667e-02 7.539622560000001495e-13 1.000000000000000000e+02
3.330000000000000000e+04 2.788346480000000000e+08 5.404125287037037197e+04 4.282407407407407690e-02 6.500000000000000000e+01 6.500000000000000222e-01 8.062257748298548576e-02 6.050314400000000415e-13 1.000000000000000000e+02
3.340000000000000000e+04 2.788347480000000000e+08 5.404125402777778072e+04 4.295267489711934034e-02 7.600000000000000000e+01 7.600000000000000089e-01 8.717797887081348007e-02 7.074213760000000842e-13 1.000000000000000000e+02
3.350000000000000000e+04 2.788348480000000000e+08 5.404125518518518220e+04 4.308127572016461071e-02 7.500000000000000000e+01 7.500000000000000000e-01 8.660254037844387909e-02 6.981132000000000711e-13 1.000000000000000000e+02
3.360000000000000000e+04 2.788349480000000000e+08 5.404125634259259095e+04 4.320987654320987414e-02 8.500000000000000000e+01 8.499999999999999778e-01 9.219544457292887241e-02 7.911949600000001008e-13 1.000000000000000000e+02
3.370000000000000000e+04 2.788350480000000000e+08 5.404125749999999971e+04 4.333847736625514452e-02 7.500000000000000000e+01 7.500000000000000000e-01 8.660254037844387909e-02 6.981132000000000711e-13 1.000000000000000000e+02
3.380000000000000000e+04 2.788351480000000000e+08 5.404125865740740846e+04 4.346707818930041489e-02 9.000000000000000000e+01 9.000000000000000222e-01 9.486832980505138790e-02 8.377358400000000652e-13 1.000000000000000000e+02
3.390000000000000000e+04 2.788352480000000000e+08 5.404125981481481722e+04 4.359567901234567833e-02 7.100000000000000000e+01 7.099999999999999645e-01 8.426149773176358493e-02 6.608804960000000189e-13 1.000000000000000000e+02
3.400000000000000000e+04 2.788353480000000000e+08 5.404126097222222597e+04 4.372427983539094870e-02 9.000000000000000000e+01 9.000000000000000222e-01 9.486832980505138790e-02 8.377358400000000652e-13 1.000000000000000000e+02
3.410000000000000000e+04 2.788354480000000000e+08 5.404126212962962745e+04 4.385288065843621214e-02 8.500000000000000000e+01 8.499999999999999778e-01 9.219544457292887241e-02 7.911949600000001008e-13 1.000000000000000000e+02
3.420000000000000000e+04 2.788355480000000000e+08 5.404126328703703621e+04 4.398148148148148251e-02 6.200000000000000000e+01 6.199999999999999956e-01 7.874007874011811070e-02 5.771069120000001032e-13 1.000000000000000000e+02
3.430000000000000000e+04 2.788356480000000000e+08 5.404126444444444496e+04 4.411008230452674594e-02 9.700000000000000000e+01 9.699999999999999734e-01 9.848857801796104261e-02 9.028930720000000557e-13 1.000000000000000000e+02
3.440000000000000000e+04 2.788357480000000000e+08 5.404126560185185372e+04 4.423868312757201632e-02 9.000000000000000000e+01 9.000000000000000222e-01 9.486832980505138790e-02 8.377358400000000652e-13 1.000000000000000000e+02
3.450000000000000000e+04 2.788358480000000000e+08 5.404126675925926247e+04 4.436728395061728669e-02 8.200000000000000000e+01 8.199999999999999512e-01 9.055385138137417300e-02 7.632704320000000616e-13 1.000000000000000000e+02
3.460000000000000000e+04 2.788359480000000000e+08 5.404126791666666395e+04 4.449588477366255013e-02 7.400000000000000000e+01 7.399999999999999911e-01 8.602325267042626455e-02 6.888050240000000581e-13 1.000000000000000000e+02
3.470000000000000000e+04 2.788360480000000000e+08 5.404126907407407271e+04 4.462448559670782050e-02 7.700000000000000000e+01 7.700000000000000178e-01 8.774964387392122922e-02 7.167295520000000973e-13 1.000000000000000000e+02
3.480000000000000000e+04 2.788361480000000000e+08 5.404127023148148146e+04 4.475308641975308394e-02 7.900000000000000000e+01 7.900000000000000355e-01 8.888194417315588292e-02 7.353459040000001234e-13 1.000000000000000000e+02
3.490000000000000000e+04 2.788362480000000000e+08 5.404127138888889021e+04 4.488168724279835431e-02 8.500000000000000000e+01 8.499999999999999778e-01 9.219544457292887241e-02 7.911949600000001008e-13 1.000000000000000000e+02
3.500000000000000000e+04 2.788363480000000000e+08 5.404127254629629897e+04 4.501028806584362468e-02 7.100000000000000000e+01 7.099999999999999645e-01 8.426149773176358493e-02 6.608804960000000189e-13 1.000000000000000000e+02
3.510000000000000000e+04 2.788364480000000000e+08 5.404127370370370045e+04 4.513888888888888812e-02 7.500000000000000000e+01 7.500000000000000000e-01 8.660254037844387909e-02 6.981132000000000711e-13 1.000000000000000000e+02
3.520000000000000000e+04 2.788365480000000000e+08 5.404127486111110920e+04 4.526748971193415849e-02 7.100000000000000000e+01 7.099999999999999645e-01 8.426149773176358493e-02 6.608804960000000189e-13 1.000000000000000000e+02
3.530000000000000000e+04 2.788366480000000000e+08 5.404127601851851796e+04 4.539609053497942193e-02 7.900000000000000000e+01 7.900000000000000355e-01 8.888194417315588292e-02 7.353459040000001234e-13 1.000000000000000000e+02
3.540000000000000000e+04 2.788367480000000000e+08 5.404127717592592671e+04 4.552469135802469230e-02 8.200000000000000000e+01 8.199999999999999512e-01 9.055385138137417300e-02 7.632704320000000616e-13 1.000000000000000000e+02
3.550000000000000000e+04 2.788368480000000000e+08 5.404127833333333547e+04 4.565329218106995574e-02 8.000000000000000000e+01 8.000000000000000444e-01 8.944271909999158832e-02 7.446540800000001365e-13 1.000000000000000000e+02
3.560000000000000000e+04 2.788369480000000000e+08 5.404127949074073695e+04 4.578189300411522611e-02 8.600000000000000000e+01 8.599999999999999867e-01 9.273618495495704328e-02 8.005031360000001139e-13 1.000000000000000000e+02
3.570000000000000000e+04 2.788370480000000000e+08 5.404128064814814570e+04 4.591049382716049648e-02 9.400000000000000000e+01 9.399999999999999467e-01 9.695359714832658959e-02 8.749685440000000165e-13 1.000000000000000000e+02
3.580000000000000000e+04 2.788371480000000000e+08 5.404128180555555446e+04 4.603909465020575992e-02 8.200000000000000000e+01 8.199999999999999512e-01 9.055385138137417300e-02 7.632704320000000616e-13 1.000000000000000000e+02
3.590000000000000000e+04 2.788372480000000000e+08 5.404128296296296321e+04 4.616769547325103029e-02 7.000000000000000000e+01 6.999999999999999556e-01 8.366600265340755349e-02 6.515723200000000058e-13 1.000000000000000000e+02
3.600000000000000000e+04 2.788373480000000000e+08 5.404128412037037197e+04 4.629629629629629373e-02 7.900000000000000000e+01 7.900000000000000355e-01 8.888194417315588292e-02 7.353459040000001234e-13 1.000000000000000000e+02
3.610000000000000000e+04 2.788374480000000000e+08 5.404128527777778072e+04 4.642489711934156410e-02 8.200000000000000000e+01 8.199999999999999512e-01 9.055385138137417300e-02 7.632704320000000616e-13 1.000000000000000000e+02
3.620000000000000000e+04 2.788375480000000000e+08 5.404128643518518220e+04 4.655349794238683447e-02 7.300000000000000000e+01 7.299999999999999822e-01 8.544003745317529930e-02 6.794968480000000450e-13 1.000000000000000000e+02
3.630000000000000000e+04 2.788376480000000000e+08 5.404128759259259095e+04 4.668209876543209791e-02 8.500000000000000000e+01 8.499999999999999778e-01 9.219544457292887241e-02 7.911949600000001008e-13 1.000000000000000000e+02
3.640000000000000000e+04 2.788377480000000000e+08 5.404128874999999971e+04 4.681069958847736828e-02 8.000000000000000000e+01 8.000000000000000444e-01 8.944271909999158832e-02 7.446540800000001365e-13 1.000000000000000000e+02
3.650000000000000000e+04 2.788378480000000000e+08 5.404128990740740846e+04 4.693930041152263172e-02 8.000000000000000000e+01 8.000000000000000444e-01 8.944271909999158832e-02 7.446540800000001365e-13 1.000000000000000000e+02
3.660000000000000000e+04 2.788379480000000000e+08 5.404129106481481722e+04 4.706790123456790209e-02 7.900000000000000000e+01 7.900000000000000355e-01 8.888194417315588292e-02 7.353459040000001234e-13 1.000000000000000000e+02
3.670000000000000000e+04 2.788380480000000000e+08 5.404129222222222597e+04 4.719650205761316553e-02 7.300000000000000000e+01 7.299999999999999822e-01 8.544003745317529930e-02 6.794968480000000450e-13 1.000000000000000000e+02
3.680000000000000000e+04 2.788381480000000000e+08 5.404129337962962745e+04 4.732510288065843590e-02 8.900000000000000000e+01 8.900000000000000133e-01 9.433981132056602770e-02 8.284276640000000521e-13 1.000000000000000000e+02
3.690000000000000000e+04 2.788382480000000000e+08 5.404129453703703621e+04 4.745370370370370627e-02 7.000000000000000000e+01 6.999999999999999556e-01 8.366600265340755349e-02 6.515723200000000058e-13 1.000000000000000000e+02
3.700000000000000000e+04 2.788383480000000000e+08 5.404129569444444496e+04 4.758230452674896971e-02 7.000000000000000000e+01 6.999999999999999556e-01 8.366600265340755349e-02 6.515723200000000058e-13 1.000000000000000000e+02
3.710000000000000000e+04 2.788384480000000000e+08 5.404129685185185372e+04 4.771090534979424008e-02 5.300000000000000000e+01 5.300000000000000266e-01 7.280109889280518554e-02 4.933333280000000866e-13 1.000000000000000000e+02
3.720000000000000000e+04 2.788385480000000000e+08 5.404129800925926247e+04 4.783950617283950352e-02 9.600000000000000000e+01 9.599999999999999645e-01 9.797958971132711414e-02 8.935848960000000426e-13 1.000000000000000000e+02
3.730000000000000000e+04 2.788386480000000000e+08 5.404129916666666395e+04 4.796810699588477389e-02 6.800000000000000000e+01 6.800000000000000488e-01 8.246211251235320561e-02 6.329559680000000807e-13 1.000000000000000000e+02
3.740000000000000000e+04 2.788387480000000000e+08 5.404130032407407271e+04 4.809670781893004426e-02 8.700000000000000000e+01 8.699999999999999956e-01 9.327379053088816208e-02 8.098113120000001270e-13 1.000000000000000000e+02
3.750000000000000000e+04 2.788388480000000000e+08 5.404130148148148146e+04 4.822530864197530770e-02 6.000000000000000000e+01 5.999999999999999778e-01 7.745966692414833765e-02 5.584905600000000771e-13 1.000000000000000000e+02
3.760000000000000000e+04 2.788389480000000000e+08 5.404130263888889021e+04 4.835390946502057807e-02 6.900000000000000000e+01 6.899999999999999467e-01 8.306623862918074974e-02 6.422641439999999928e-13 1.000000000000000000e+02
3.770000000000000000e+04 2.788390480000000000e+08 5.404130379629629897e+04 4.848251028806584151e-02 8.200000000000000000e+01 8.199999999999999512e-01 9.055385138137417300e-02 7.632704320000000616e-13 1.000000000000000000e+02
3.780000000000000000e+04 2.788391480000000000e+08 5.404130495370370045e+04 4.861111111111111188e-02 7.800000000000000000e+01 7.800000000000000266e-01 8.831760866327847959e-02 7.260377280000001103e-13 1.000000000000000000e+02
3.790000000000000000e+04 2.788392480000000000e+08 5.404130611111110920e+04 4.873971193415637532e-02 9.400000000000000000e+01 9.399999999999999467e-01 9.695359714832658959e-02 8.749685440000000165e-13 1.000000000000000000e+02
3.800000000000000000e+04 2.788393480000000000e+08 5.404130726851851796e+04 4.886831275720164569e-02 9.200000000000000000e+01 9.200000000000000400e-01 9.591663046625438505e-02 8.563521920000000913e-13 1.000000000000000000e+02
3.810000000000000000e+04 2.788394480000000000e+08 5.404130842592592671e+04 4.899691358024691606e-02 7.900000000000000000e+01 7.900000000000000355e-01 8.888194417315588292e-02 7.353459040000001234e-13 1.000000000000000000e+02
3.820000000000000000e+04 2.788395480000000000e+08 5.404130958333333547e+04 4.912551440329217950e-02 8.300000000000000000e+01 8.299999999999999600e-01 9.110433579144298910e-02 7.725786080000000747e-13 1.000000000000000000e+02
3.830000000000000000e+04 2.788396480000000000e+08 5.404131074074073695e+04 4.925411522633744987e-02 7.900000000000000000e+01 7.900000000000000355e-01 8.888194417315588292e-02 7.353459040000001234e-13 1.000000000000000000e+02
3.840000000000000000e+04 2.788397480000000000e+08 5.404131189814814570e+04 4.938271604938271331e-02 7.200000000000000000e+01 7.199999999999999734e-01 8.485281374238569374e-02 6.701886720000000319e-13 1.000000000000000000e+02
3.850000000000000000e+04 2.788398480000000000e+08 5.404131305555555446e+04 4.951131687242798368e-02 6.400000000000000000e+01 6.400000000000000133e-01 8.000000000000000167e-02 5.957232640000000284e-13 1.000000000000000000e+02
3.860000000000000000e+04 2.788399480000000000e+08 5.404131421296296321e+04 4.963991769547325406e-02 8.500000000000000000e+01 8.499999999999999778e-01 9.219544457292887241e-02 7.911949600000001008e-13 1.000000000000000000e+02
3.870000000000000000e+04 2.788400480000000000e+08 5.404131537037037197e+04 4.976851851851851749e-02 6.400000000000000000e+01 6.400000000000000133e-01 8.000000000000000167e-02 5.957232640000000284e-13 1.000000000000000000e+02
3.880000000000000000e+04 2.788401480000000000e+08 5.404131652777778072e+04 4.989711934156378786e-02 9.200000000000000000e+01 9.200000000000000400e-01 9.591663046625438505e-02 8.563521920000000913e-13 1.000000000000000000e+02
3.890000000000000000e+04 2.788402480000000000e+08 5.404131768518518220e+04 5.002572016460905130e-02 7.900000000000000000e+01 7.900000000000000355e-01 8.888194417315588292e-02 7.353459040000001234e-13 1.000000000000000000e+02
3.900000000000000000e+04 2.788403480000000000e+08 5.404131884259259095e+04 5.015432098765432167e-02 6.800000000000000000e+01 6.800000000000000488e-01 8.246211251235320561e-02 6.329559680000000807e-13 1.000000000000000000e+02
3.910000000000000000e+04 2.788404480000000000e+08 5.404131999999999971e+04 5.028292181069958511e-02 7.600000000000000000e+01 7.600000000000000089e-01 8.717797887081348007e-02 7.074213760000000842e-13 1.000000000000000000e+02
3.920000000000000000e+04 2.788405480000000000e+08 5.404132115740740846e+04 5.041152263374485548e-02 7.200000000000000000e+01 7.199999999999999734e-01 8.485281374238569374e-02 6.701886720000000319e-13 1.000000000000000000e+02
3.930000000000000000e+04 2.788406480000000000e+08 5.404132231481481722e+04 5.054012345679012586e-02 8.300000000000000000e+01 8.299999999999999600e-01 9.110433579144298910e-02 7.725786080000000747e-13 1.000000000000000000e+02
3.940000000000000000e+04 2.788407480000000000e+08 5.404132347222222597e+04 5.066872427983538929e-02 7.500000000000000000e+01 7.500000000000000000e-01 8.660254037844387909e-02 6.981132000000000711e-13 1.000000000000000000e+02
3.950000000000000000e+04 2.788408480000000000e+08 5.404132462962962745e+04 5.079732510288065966e-02 8.700000000000000000e+01 8.699999999999999956e-01 9.327379053088816208e-02 8.098113120000001270e-13 1.000000000000000000e+02
3.960000000000000000e+04 2.788409480000000000e+08 5.404132578703703621e+04 5.092592592592592310e-02 8.500000000000000000e+01 8.499999999999999778e-01 9.219544457292887241e-02 7.911949600000001008e-13 1.000000000000000000e+02
3.970000000000000000e+04 2.788410480000000000e+08 5.404132694444444496e+04 5.105452674897119347e-02 7.500000000000000000e+01 7.500000000000000000e-01 8.660254037844387909e-02 6.981132000000000711e-13 1.000000000000000000e+02
3.980000000000000000e+04 2.788411480000000000e+08 5.404132810185185372e+04 5.118312757201646385e-02 7.300000000000000000e+01 7.299999999999999822e-01 8.544003745317529930e-02 6.794968480000000450e-13 1.000000000000000000e+02
3.990000000000000000e+04 2.788412480000000000e+08 5.404132925925926247e+04 5.131172839506172728e-02 7.700000000000000000e+01 7.700000000000000178e-01 8.774964387392122922e-02 7.167295520000000973e-13 1.000000000000000000e+02
4.000000000000000000e+04 2.788413480000000000e+08 5.404133041666666395e+04 5.144032921810699766e-02 7.300000000000000000e+01 7.299999999999999822e-01 8.544003745317529930e-02 6.794968480000000450e-13 1.000000000000000000e+02
4.010000000000000000e+04 2.788414480000000000e+08 5.404133157407407271e+04 5.156893004115226109e-02 8.800000000000000000e+01 8.800000000000000044e-01 9.380831519646859462e-02 8.191194880000000390e-13 1.000000000000000000e+02
4.020000000000000000e+04 2.788415480000000000e+08 5.404133273148148146e+04 5.169753086419753146e-02 7.500000000000000000e+01 7.500000000000000000e-01 8.660254037844387909e-02 6.981132000000000711e-13 1.000000000000000000e+02
4.030000000000000000e+04 2.788416480000000000e+08 5.404133388888889021e+04 5.182613168724279490e-02 8.200000000000000000e+01 8.199999999999999512e-01 9.055385138137417300e-02 7.632704320000000616e-13 1.000000000000000000e+02
4.040000000000000000e+04 2.788417480000000000e+08 5.404133504629629897e+04 5.195473251028806527e-02 7.900000000000000000e+01 7.900000000000000355e-01 8.888194417315588292e-02 7.353459040000001234e-13 1.000000000000000000e+02
4.050000000000000000e+04 2.788418480000000000e+08 5.404133620370370045e+04 5.208333333333333565e-02 7.000000000000000000e+01 6.999999999999999556e-01 8.366600265340755349e-02 6.515723200000000058e-13 1.000000000000000000e+02
4.060000000000000000e+04 2.788419480000000000e+08 5.404133736111110920e+04 5.221193415637859908e-02 8.900000000000000000e+01 8.900000000000000133e-01 9.433981132056602770e-02 8.284276640000000521e-13 1.000000000000000000e+02
4.070000000000000000e+04 2.788420480000000000e+08 5.404133851851851796e+04 5.234053497942386945e-02 7.900000000000000000e+01 7.900000000000000355e-01 8.888194417315588292e-02 7.353459040000001234e-13 1.000000000000000000e+02
4.080000000000000000e+04 2.788421480000000000e+08 5.404133967592592671e+04 5.246913580246913289e-02 7.100000000000000000e+01 7.099999999999999645e-01 8.426149773176358493e-02 6.608804960000000189e-13 1.000000000000000000e+02
4.090000000000000000e+04 2.788422480000000000e+08 5.404134083333333547e+04 5.259773662551440326e-02 7.900000000000000000e+01 7.900000000000000355e-01 8.888194417315588292e-02 7.353459040000001234e-13 1.000000000000000000e+02
4.100000000000000000e+04 2.788423480000000000e+08 5.404134199074073695e+04 5.272633744855967364e-02 7.600000000000000000e+01 7.600000000000000089e-01 8.717797887081348007e-02 7.074213760000000842e-13 1.000000000000000000e+02
4.110000000000000000e+04 2.788424480000000000e+08 5.404134314814814570e+04 5.285493827160493707e-02 7.600000000000000000e+01 7.600000000000000089e-01 8.717797887081348007e-02 7.074213760000000842e-13 1.000000000000000000e+02
4.120000000000000000e+04 2.788425480000000000e+08 5.404134430555555446e+04 5.298353909465020745e-02 6.600000000000000000e+01 6.600000000000000311e-01 8.124038404635960942e-02 6.143396160000000545e-13 1.000000000000000000e+02
4.130000000000000000e+04 2.788426480000000000e+08 5.404134546296296321e+04 5.311213991769547088e-02 8.900000000000000000e+01 8.900000000000000133e-01 9.433981132056602770e-02 8.284276640000000521e-13 1.000000000000000000e+02
4.140000000000000000e+04 2.788427480000000000e+08 5.404134662037037197e+04 5.324074074074074125e-02 7.900000000000000000e+01 7.900000000000000355e-01 8.888194417315588292e-02 7.353459040000001234e-13 1.000000000000000000e+02
4.150000000000000000e+04 2.788428480000000000e+08 5.404134777777778072e+04 5.336934156378601163e-02 8.600000000000000000e+01 8.599999999999999867e-01 9.273618495495704328e-02 8.005031360000001139e-13 1.000000000000000000e+02
4.160000000000000000e+04 2.788429480000000000e+08 5.404134893518518220e+04 5.349794238683127506e-02 6.100000000000000000e+01 6.099999999999999867e-01 7.810249675906653921e-02 5.677987360000000902e-13 1.000000000000000000e+02
4.170000000000000000e+04 2.788430480000000000e+08 5.404135009259259095e+04 5.362654320987654544e-02 9.300000000000000000e+01 9.300000000000000488e-01 9.643650760992955595e-02 8.656603680000001044e-13 1.000000000000000000e+02
4.180000000000000000e+04 2.788431480000000000e+08 5.404135124999999971e+04 5.375514403292180887e-02 7.800000000000000000e+01 7.800000000000000266e-01 8.831760866327847959e-02 7.260377280000001103e-13 1.000000000000000000e+02
4.190000000000000000e+04 2.788432480000000000e+08 5.404135240740740846e+04 5.388374485596707925e-02 7.300000000000000000e+01 7.299999999999999822e-01 8.544003745317529930e-02 6.794968480000000450e-13 1.000000000000000000e+02
4.200000000000000000e+04 2.788433480000000000e+08 5.404135356481481722e+04 5.401234567901234268e-02 8.500000000000000000e+01 8.499999999999999778e-01 9.219544457292887241e-02 7.911949600000001008e-13 1.000000000000000000e+02
4.210000000000000000e+04 2.788434480000000000e+08 5.404135472222222597e+04 5.414094650205761305e-02 8.300000000000000000e+01 8.299999999999999600e-01 9.110433579144298910e-02 7.725786080000000747e-13 1.000000000000000000e+02
4.220000000000000000e+04 2.788435480000000000e+08 5.404135587962962745e+04 5.426954732510288343e-02 6.600000000000000000e+01 6.600000000000000311e-01 8.124038404635960942e-02 6.143396160000000545e-13 1.000000000000000000e+02
4.230000000000000000e+04 2.788436480000000000e+08 5.404135703703703621e+04 5.439814814814814686e-02 1.010000000000000000e+02 1.010000000000000009e+00 1.004987562112089061e-01 9.401257760000001079e-13 1.000000000000000000e+02
4.240000000000000000e+04 2.788437480000000000e+08 5.404135819444444496e+04 5.452674897119341724e-02 7.300000000000000000e+01 7.299999999999999822e-01 8.544003745317529930e-02 6.794968480000000450e-13 1.000000000000000000e+02
4.250000000000000000e+04 2.788438480000000000e+08 5.404135935185185372e+04 5.465534979423868067e-02 9.600000000000000000e+01 9.599999999999999645e-01 9.797958971132711414e-02 8.935848960000000426e-13 1.000000000000000000e+02
4.260000000000000000e+04 2.788439480000000000e+08 5.404136050925926247e+04 5.478395061728395105e-02 6.600000000000000000e+01 6.600000000000000311e-01 8.124038404635960942e-02 6.143396160000000545e-13 1.000000000000000000e+02
4.270000000000000000e+04 2.788440480000000000e+08 5.404136166666666395e+04 5.491255144032922142e-02 7.000000000000000000e+01 6.999999999999999556e-01 8.366600265340755349e-02 6.515723200000000058e-13 1.000000000000000000e+02
4.280000000000000000e+04 2.788441480000000000e+08 5.404136282407407271e+04 5.504115226337448485e-02 7.800000000000000000e+01 7.800000000000000266e-01 8.831760866327847959e-02 7.260377280000001103e-13 1.000000000000000000e+02
4.290000000000000000e+04 2.788442480000000000e+08 5.404136398148148146e+04 5.516975308641975523e-02 7.800000000000000000e+01 7.800000000000000266e-01 8.831760866327847959e-02 7.260377280000001103e-13 1.000000000000000000e+02
4.300000000000000000e+04 2.788443480000000000e+08 5.404136513888889021e+04 5.529835390946501866e-02 8.300000000000000000e+01 8.299999999999999600e-01 9.110433579144298910e-02 7.725786080000000747e-13 1.000000000000000000e+02
4.310000000000000000e+04 2.788444480000000000e+08 5.404136629629629897e+04 5.542695473251028904e-02 7.600000000000000000e+01 7.600000000000000089e-01 8.717797887081348007e-02 7.074213760000000842e-13 1.000000000000000000e+02
4.320000000000000000e+04 2.788445480000000000e+08 5.404136745370370045e+04 5.555555555555555247e-02 6.700000000000000000e+01 6.700000000000000400e-01 8.185352771872450584e-02 6.236477920000000676e-13 1.000000000000000000e+02
4.330000000000000000e+04 2.788446480000000000e+08 5.404136861111110920e+04 5.568415637860082285e-02 6.900000000000000000e+01 6.899999999999999467e-01 8.306623862918074974e-02 6.422641439999999928e-13 1.000000000000000000e+02
4.340000000000000000e+04 2.788447480000000000e+08 5.404136976851851796e+04 5.581275720164609322e-02 6.100000000000000000e+01 6.099999999999999867e-01 7.810249675906653921e-02 5.677987360000000902e-13 1.000000000000000000e+02
4.350000000000000000e+04 2.788448480000000000e+08 5.404137092592592671e+04 5.594135802469135665e-02 1.010000000000000000e+02 1.010000000000000009e+00 1.004987562112089061e-01 9.401257760000001079e-13 1.000000000000000000e+02
4.360000000000000000e+04 2.788449480000000000e+08 5.404137208333333547e+04 5.606995884773662703e-02 8.200000000000000000e+01 8.199999999999999512e-01 9.055385138137417300e-02 7.632704320000000616e-13 1.000000000000000000e+02
4.370000000000000000e+04 2.788450480000000000e+08 5.404137324074073695e+04 5.619855967078189046e-02 7.400000000000000000e+01 7.399999999999999911e-01 8.602325267042626455e-02 6.888050240000000581e-13 1.000000000000000000e+02
4.380000000000000000e+04 2.788451480000000000e+08 5.404137439814814570e+04 5.632716049382716084e-02 8.700000000000000000e+01 8.699999999999999956e-01 9.327379053088816208e-02 8.098113120000001270e-13 1.000000000000000000e+02
4.390000000000000000e+04 2.788452480000000000e+08 5.404137555555555446e+04 5.645576131687243121e-02 8.300000000000000000e+01 8.299999999999999600e-01 9.110433579144298910e-02 7.725786080000000747e-13 1.000000000000000000e+02
4.700000000000000000e+04 2.788483480000000000e+08 5.404141143518518220e+04 6.044238683127572259e-02 8.100000000000000000e+01 8.100000000000000533e-01 8.999999999999999667e-02 7.539622560000001495e-13 1.000000000000000000e+02
4.710000000000000000e+04 2.788484480000000000e+08 5.404141259259259095e+04 6.057098765432098603e-02 8.300000000000000000e+01 8.299999999999999600e-01 9.110433579144298910e-02 7.725786080000000747e-13 1.000000000000000000e+02
4.720000000000000000e+04 2.788485480000000000e+08 5.404141374999999971e+04 6.069958847736625640e-02 8.600000000000000000e+01 8.599999999999999867e-01 9.273618495495704328e-02 8.005031360000001139e-13 1.000000000000000000e+02
4.730000000000000000e+04 2.788486480000000000e+08 5.404141490740740846e+04 6.082818930041151984e-02 7.400000000000000000e+01 7.399999999999999911e-01 8.602325267042626455e-02 6.888050240000000581e-13 1.000000000000000000e+02
4.740000000000000000e+04 2.788487480000000000e+08 5.404141606481481722e+04 6.095679012345679021e-02 7.900000000000000000e+01 7.900000000000000355e-01 8.888194417315588292e-02 7.353459040000001234e-13 1.000000000000000000e+02
4.750000000000000000e+04 2.788488480000000000e+08 5.404141722222222597e+04 6.108539094650206058e-02 8.100000000000000000e+01 8.100000000000000533e-01 8.999999999999999667e-02 7.539622560000001495e-13 1.000000000000000000e+02
4.760000000000000000e+04 2.788489480000000000e+08 5.404141837962962745e+04 6.121399176954732402e-02 8.300000000000000000e+01 8.299999999999999600e-01 9.110433579144298910e-02 7.725786080000000747e-13 1.000000000000000000e+02
4.770000000000000000e+04 2.788490480000000000e+08 5.404141953703703621e+04 6.134259259259259439e-02 8.500000000000000000e+01 8.499999999999999778e-01 9.219544457292887241e-02 7.911949600000001008e-13 1.000000000000000000e+02
4.780000000000000000e+04 2.788491480000000000e+08 5.404142069444444496e+04 6.147119341563785783e-02 8.400000000000000000e+01 8.399999999999999689e-01 9.165151389911679880e-02 7.818867840000000878e-13 1.000000000000000000e+02
4.790000000000000000e+04 2.788492480000000000e+08 5.404142185185185372e+04 6.159979423868312820e-02 9.300000000000000000e+01 9.300000000000000488e-01 9.643650760992955595e-02 8.656603680000001044e-13 1.000000000000000000e+02
4.800000000000000000e+04 2.788493480000000000e+08 5.404142300925926247e+04 6.172839506172839164e-02 6.900000000000000000e+01 6.899999999999999467e-01 8.306623862918074974e-02 6.422641439999999928e-13 1.000000000000000000e+02
4.810000000000000000e+04 2.788494480000000000e+08 5.404142416666666395e+04 6.185699588477366201e-02 7.100000000000000000e+01 7.099999999999999645e-01 8.426149773176358493e-02 6.608804960000000189e-13 1.000000000000000000e+02
4.820000000000000000e+04 2.788495480000000000e+08 5.404142532407407271e+04 6.198559670781893238e-02 6.900000000000000000e+01 6.899999999999999467e-01 8.306623862918074974e-02 6.422641439999999928e-13 1.000000000000000000e+02
4.830000000000000000e+04 2.788496480000000000e+08 5.404142648148148146e+04 6.211419753086419582e-02 7.900000000000000000e+01 7.900000000000000355e-01 8.888194417315588292e-02 7.353459040000001234e-13 1.000000000000000000e+02
4.840000000000000000e+04 2.788497480000000000e+08 5.404142763888889021e+04 6.224279835390946619e-02 7.700000000000000000e+01 7.700000000000000178e-01 8.774964387392122922e-02 7.167295520000000973e-13 1.000000000000000000e+02
4.850000000000000000e+04 2.788498480000000000e+08 5.404142879629629897e+04 6.237139917695472963e-02 7.100000000000000000e+01 7.099999999999999645e-01 8.426149773176358493e-02 6.608804960000000189e-13 1.000000000000000000e+02
4.860000000000000000e+04 2.788499480000000000e+08 5.404142995370370045e+04 6.250000000000000000e-02 7.000000000000000000e+01 6.999999999999999556e-01 8.366600265340755349e-02 6.515723200000000058e-13 1.000000000000000000e+02
4.870000000000000000e+04 2.788500480000000000e+08 5.404143111111110920e+04 6.262860082304526343e-02 6.800000000000000000e+01 6.800000000000000488e-01 8.246211251235320561e-02 6.329559680000000807e-13 1.000000000000000000e+02
4.880000000000000000e+04 2.788501480000000000e+08 5.404143226851851796e+04 6.275720164609054075e-02 7.000000000000000000e+01 6.999999999999999556e-01 8.366600265340755349e-02 6.515723200000000058e-13 1.000000000000000000e+02
4.890000000000000000e+04 2.788502480000000000e+08 5.404143342592592671e+04 6.288580246913580418e-02 7.900000000000000000e+01 7.900000000000000355e-01 8.888194417315588292e-02 7.353459040000001234e-13 1.000000000000000000e+02
4.900000000000000000e+04 2.788503480000000000e+08 5.404143458333333547e+04 6.301440329218106762e-02 8.800000000000000000e+01 8.800000000000000044e-01 9.380831519646859462e-02 8.191194880000000390e-13 1.000000000000000000e+02
4.910000000000000000e+04 2.788504480000000000e+08 5.404143574074073695e+04 6.314300411522633105e-02 8.600000000000000000e+01 8.599999999999999867e-01 9.273618495495704328e-02 8.005031360000001139e-13 1.000000000000000000e+02
4.920000000000000000e+04 2.788505480000000000e+08 5.404143689814814570e+04 6.327160493827160836e-02 6.800000000000000000e+01 6.800000000000000488e-01 8.246211251235320561e-02 6.329559680000000807e-13 1.000000000000000000e+02
4.930000000000000000e+04 2.788506480000000000e+08 5.404143805555555446e+04 6.340020576131687180e-02 7.800000000000000000e+01 7.800000000000000266e-01 8.831760866327847959e-02 7.260377280000001103e-13 1.000000000000000000e+02
4.940000000000000000e+04 2.788507480000000000e+08 5.404143921296296321e+04 6.352880658436213523e-02 8.800000000000000000e+01 8.800000000000000044e-01 9.380831519646859462e-02 8.191194880000000390e-13 1.000000000000000000e+02
4.950000000000000000e+04 2.788508480000000000e+08 5.404144037037037197e+04 6.365740740740741255e-02 6.400000000000000000e+01 6.400000000000000133e-01 8.000000000000000167e-02 5.957232640000000284e-13 1.000000000000000000e+02
4.960000000000000000e+04 2.788509480000000000e+08 5.404144152777778072e+04 6.378600823045267598e-02 8.100000000000000000e+01 8.100000000000000533e-01 8.999999999999999667e-02 7.539622560000001495e-13 1.000000000000000000e+02
4.970000000000000000e+04 2.788510480000000000e+08 5.404144268518518220e+04 6.391460905349793942e-02 5.700000000000000000e+01 5.699999999999999512e-01 7.549834435270749711e-02 5.305660320000000379e-13 1.000000000000000000e+02
4.980000000000000000e+04 2.788511480000000000e+08 5.404144384259259095e+04 6.404320987654321673e-02 8.500000000000000000e+01 8.499999999999999778e-01 9.219544457292887241e-02 7.911949600000001008e-13 1.000000000000000000e+02
4.990000000000000000e+04 2.788512480000000000e+08 5.404144499999999971e+04 6.417181069958848016e-02 8.500000000000000000e+01 8.499999999999999778e-01 9.219544457292887241e-02 7.911949600000001008e-13 1.000000000000000000e+02
5.000000000000000000e+04 2.788513480000000000e+08 5.404144615740740846e+04 6.430041152263374360e-02 7.400000000000000000e+01 7.399999999999999911e-01 8.602325267042626455e-02 6.888050240000000581e-13 1.000000000000000000e+02
5.010000000000000000e+04 2.788514480000000000e+08 5.404144731481481722e+04 6.442901234567900703e-02 7.800000000000000000e+01 7.800000000000000266e-01 8.831760866327847959e-02 7.260377280000001103e-13 1.000000000000000000e+02
5.020000000000000000e+04 2.788515480000000000e+08 5.404144847222222597e+04 6.455761316872428435e-02 7.600000000000000000e+01 7.600000000000000089e-01 8.717797887081348007e-02 7.074213760000000842e-13 1.000000000000000000e+02
5.030000000000000000e+04 2.788516480000000000e+08 5.404144962962962745e+04 6.468621399176954778e-02 8.100000000000000000e+01 8.100000000000000533e-01 8.999999999999999667e-02 7.539622560000001495e-13 1.000000000000000000e+02
5.040000000000000000e+04 2.788517480000000000e+08 5.404145078703703621e+04 6.481481481481481122e-02 7.100000000000000000e+01 7.099999999999999645e-01 8.426149773176358493e-02 6.608804960000000189e-13 1.000000000000000000e+02
5.050000000000000000e+04 2.788518480000000000e+08 5.404145194444444496e+04 6.494341563786008853e-02 6.800000000000000000e+01 6.800000000000000488e-01 8.246211251235320561e-02 6.329559680000000807e-13 1.000000000000000000e+02
5.060000000000000000e+04 2.788519480000000000e+08 5.404145310185185372e+04 6.507201646090535196e-02 7.800000000000000000e+01 7.800000000000000266e-01 8.831760866327847959e-02 7.260377280000001103e-13 1.000000000000000000e+02
5.070000000000000000e+04 2.788520480000000000e+08 5.404145425925926247e+04 6.520061728395061540e-02 6.700000000000000000e+01 6.700000000000000400e-01 8.185352771872450584e-02 6.236477920000000676e-13 1.000000000000000000e+02
5.080000000000000000e+04 2.788521480000000000e+08 5.404145541666666395e+04 6.532921810699587883e-02 8.100000000000000000e+01 8.100000000000000533e-01 8.999999999999999667e-02 7.539622560000001495e-13 1.000000000000000000e+02
5.090000000000000000e+04 2.788522480000000000e+08 5.404145657407407271e+04 6.545781893004115615e-02 7.200000000000000000e+01 7.199999999999999734e-01 8.485281374238569374e-02 6.701886720000000319e-13 1.000000000000000000e+02
5.100000000000000000e+04 2.788523480000000000e+08 5.404145773148148146e+04 6.558641975308641958e-02 9.200000000000000000e+01 9.200000000000000400e-01 9.591663046625438505e-02 8.563521920000000913e-13 1.000000000000000000e+02
5.110000000000000000e+04 2.788524480000000000e+08 5.404145888888889021e+04 6.571502057613168302e-02 7.900000000000000000e+01 7.900000000000000355e-01 8.888194417315588292e-02 7.353459040000001234e-13 1.000000000000000000e+02
5.120000000000000000e+04 2.788525480000000000e+08 5.404146004629629897e+04 6.584362139917696033e-02 8.500000000000000000e+01 8.499999999999999778e-01 9.219544457292887241e-02 7.911949600000001008e-13 1.000000000000000000e+02
5.130000000000000000e+04 2.788526480000000000e+08 5.404146120370370045e+04 6.597222222222222376e-02 8.400000000000000000e+01 8.399999999999999689e-01 9.165151389911679880e-02 7.818867840000000878e-13 1.000000000000000000e+02
5.140000000000000000e+04 2.788527480000000000e+08 5.404146236111110920e+04 6.610082304526748720e-02 8.400000000000000000e+01 8.399999999999999689e-01 9.165151389911679880e-02 7.818867840000000878e-13 1.000000000000000000e+02
5.150000000000000000e+04 2.788528480000000000e+08 5.404146351851851796e+04 6.622942386831275063e-02 9.300000000000000000e+01 9.300000000000000488e-01 9.643650760992955595e-02 8.656603680000001044e-13 1.000000000000000000e+02
5.160000000000000000e+04 2.788529480000000000e+08 5.404146467592592671e+04 6.635802469135802795e-02 8.000000000000000000e+01 8.000000000000000444e-01 8.944271909999158832e-02 7.446540800000001365e-13 1.000000000000000000e+02
5.170000000000000000e+04 2.788530480000000000e+08 5.404146583333333547e+04 6.648662551440329138e-02 8.700000000000000000e+01 8.699999999999999956e-01 9.327379053088816208e-02 8.098113120000001270e-13 1.000000000000000000e+02
5.180000000000000000e+04 2.788531480000000000e+08 5.404146699074073695e+04 6.661522633744855482e-02 8.600000000000000000e+01 8.599999999999999867e-01 9.273618495495704328e-02 8.005031360000001139e-13 1.000000000000000000e+02
5.190000000000000000e+04 2.788532480000000000e+08 5.404146814814814570e+04 6.674382716049383213e-02 8.800000000000000000e+01 8.800000000000000044e-01 9.380831519646859462e-02 8.191194880000000390e-13 1.000000000000000000e+02
5.200000000000000000e+04 2.788533480000000000e+08 5.404146930555555446e+04 6.687242798353909556e-02 8.100000000000000000e+01 8.100000000000000533e-01 8.999999999999999667e-02 7.539622560000001495e-13 1.000000000000000000e+02
5.210000000000000000e+04 2.788534480000000000e+08 5.404147046296296321e+04 6.700102880658435900e-02 7.700000000000000000e+01 7.700000000000000178e-01 8.774964387392122922e-02 7.167295520000000973e-13 1.000000000000000000e+02
5.220000000000000000e+04 2.788535480000000000e+08 5.404147162037037197e+04 6.712962962962963631e-02 7.900000000000000000e+01 7.900000000000000355e-01 8.888194417315588292e-02 7.353459040000001234e-13 1.000000000000000000e+02
5.230000000000000000e+04 2.788536480000000000e+08 5.404147277777778072e+04 6.725823045267489975e-02 7.300000000000000000e+01 7.299999999999999822e-01 8.544003745317529930e-02 6.794968480000000450e-13 1.000000000000000000e+02
5.240000000000000000e+04 2.788537480000000000e+08 5.404147393518518220e+04 6.738683127572016318e-02 6.200000000000000000e+01 6.199999999999999956e-01 7.874007874011811070e-02 5.771069120000001032e-13 1.000000000000000000e+02
5.250000000000000000e+04 2.788538480000000000e+08 5.404147509259259095e+04 6.751543209876542662e-02 8.300000000000000000e+01 8.299999999999999600e-01 9.110433579144298910e-02 7.725786080000000747e-13 1.000000000000000000e+02
5.260000000000000000e+04 2.788539480000000000e+08 5.404147624999999971e+04 6.764403292181070393e-02 7.400000000000000000e+01 7.399999999999999911e-01 8.602325267042626455e-02 6.888050240000000581e-13 1.000000000000000000e+02
5.270000000000000000e+04 2.788540480000000000e+08 5.404147740740740846e+04 6.777263374485596736e-02 8.400000000000000000e+01 8.399999999999999689e-01 9.165151389911679880e-02 7.818867840000000878e-13 1.000000000000000000e+02
5.280000000000000000e+04 2.788541480000000000e+08 5.404147856481481722e+04 6.790123456790123080e-02 8.700000000000000000e+01 8.699999999999999956e-01 9.327379053088816208e-02 8.098113120000001270e-13 1.000000000000000000e+02
5.290000000000000000e+04 2.788542480000000000e+08 5.404147972222222597e+04 6.802983539094650811e-02 6.300000000000000000e+01 6.300000000000000044e-01 7.937253933193771926e-02 5.864150880000000153e-13 1.000000000000000000e+02
5.300000000000000000e+04 2.788543480000000000e+08 5.404148087962962745e+04 6.815843621399177155e-02 8.900000000000000000e+01 8.900000000000000133e-01 9.433981132056602770e-02 8.284276640000000521e-13 1.000000000000000000e+02
5.310000000000000000e+04 2.788544480000000000e+08 5.404148203703703621e+04 6.828703703703703498e-02 7.800000000000000000e+01 7.800000000000000266e-01 8.831760866327847959e-02 7.260377280000001103e-13 1.000000000000000000e+02
5.320000000000000000e+04 2.788545480000000000e+08 5.404148319444444496e+04 6.841563786008229842e-02 6.800000000000000000e+01 6.800000000000000488e-01 8.246211251235320561e-02 6.329559680000000807e-13 1.000000000000000000e+02
5.330000000000000000e+04 2.788546480000000000e+08 5.404148435185185372e+04 6.854423868312757573e-02 7.400000000000000000e+01 7.399999999999999911e-01 8.602325267042626455e-02 6.888050240000000581e-13 1.000000000000000000e+02
5.340000000000000000e+04 2.788547480000000000e+08 5.404148550925926247e+04 6.867283950617283916e-02 8.700000000000000000e+01 8.699999999999999956e-01 9.327379053088816208e-02 8.098113120000001270e-13 1.000000000000000000e+02
5.350000000000000000e+04 2.788548480000000000e+08 5.404148666666666395e+04 6.880144032921810260e-02 7.000000000000000000e+01 6.999999999999999556e-01 8.366600265340755349e-02 6.515723200000000058e-13 1.000000000000000000e+02
5.360000000000000000e+04 2.788549480000000000e+08 5.404148782407407271e+04 6.893004115226337991e-02 7.700000000000000000e+01 7.700000000000000178e-01 8.774964387392122922e-02 7.167295520000000973e-13 1.000000000000000000e+02
5.370000000000000000e+04 2.788550480000000000e+08 5.404148898148148146e+04 6.905864197530864335e-02 8.400000000000000000e+01 8.399999999999999689e-01 9.165151389911679880e-02 7.818867840000000878e-13 1.000000000000000000e+02
5.380000000000000000e+04 2.788551480000000000e+08 5.404149013888889021e+04 6.918724279835390678e-02 8.700000000000000000e+01 8.699999999999999956e-01 9.327379053088816208e-02 8.098113120000001270e-13 1.000000000000000000e+02
5.390000000000000000e+04 2.788552480000000000e+08 5.404149129629629897e+04 6.931584362139917022e-02 8.000000000000000000e+01 8.000000000000000444e-01 8.944271909999158832e-02 7.446540800000001365e-13 1.000000000000000000e+02
5.400000000000000000e+04 2.788553480000000000e+08 5.404149245370370045e+04 6.944444444444444753e-02 7.200000000000000000e+01 7.199999999999999734e-01 8.485281374238569374e-02 6.701886720000000319e-13 1.000000000000000000e+02
5.410000000000000000e+04 2.788554480000000000e+08 5.404149361111110920e+04 6.957304526748971096e-02 8.000000000000000000e+01 8.000000000000000444e-01 8.944271909999158832e-02 7.446540800000001365e-13 1.000000000000000000e+02
5.420000000000000000e+04 2.788555480000000000e+08 5.404149476851851796e+04 6.970164609053497440e-02 7.900000000000000000e+01 7.900000000000000355e-01 8.888194417315588292e-02 7.353459040000001234e-13 1.000000000000000000e+02
5.430000000000000000e+04 2.788556480000000000e+08 5.404149592592592671e+04 6.983024691358025171e-02 6.400000000000000000e+01 6.400000000000000133e-01 8.000000000000000167e-02 5.957232640000000284e-13 1.000000000000000000e+02
5.440000000000000000e+04 2.788557480000000000e+08 5.404149708333333547e+04 6.995884773662551515e-02 7.900000000000000000e+01 7.900000000000000355e-01 8.888194417315588292e-02 7.353459040000001234e-13 1.000000000000000000e+02
5.450000000000000000e+04 2.788558480000000000e+08 5.404149824074073695e+04 7.008744855967077858e-02 7.800000000000000000e+01 7.800000000000000266e-01 8.831760866327847959e-02 7.260377280000001103e-13 1.000000000000000000e+02
5.460000000000000000e+04 2.788559480000000000e+08 5.404149939814814570e+04 7.021604938271605589e-02 8.200000000000000000e+01 8.199999999999999512e-01 9.055385138137417300e-02 7.632704320000000616e-13 1.000000000000000000e+02
5.470000000000000000e+04 2.788560480000000000e+08 5.404150055555555446e+04 7.034465020576131933e-02 9.400000000000000000e+01 9.399999999999999467e-01 9.695359714832658959e-02 8.749685440000000165e-13 1.000000000000000000e+02
5.480000000000000000e+04 2.788561480000000000e+08 5.404150171296296321e+04 7.047325102880658276e-02 8.100000000000000000e+01 8.100000000000000533e-01 8.999999999999999667e-02 7.539622560000001495e-13 1.000000000000000000e+02
5.490000000000000000e+04 2.788562480000000000e+08 5.404150287037037197e+04 7.060185185185184620e-02 6.800000000000000000e+01 6.800000000000000488e-01 8.246211251235320561e-02 6.329559680000000807e-13 1.000000000000000000e+02
5.500000000000000000e+04 2.788563480000000000e+08 5.404150402777778072e+04 7.073045267489712351e-02 7.900000000000000000e+01 7.900000000000000355e-01 8.888194417315588292e-02 7.353459040000001234e-13 1.000000000000000000e+02
5.510000000000000000e+04 2.788564480000000000e+08 5.404150518518518220e+04 7.085905349794238695e-02 8.100000000000000000e+01 8.100000000000000533e-01 8.999999999999999667e-02 7.539622560000001495e-13 1.000000000000000000e+02
5.520000000000000000e+04 2.788565480000000000e+08 5.404150634259259095e+04 7.098765432098765038e-02 6.500000000000000000e+01 6.500000000000000222e-01 8.062257748298548576e-02 6.050314400000000415e-13 1.000000000000000000e+02
5.530000000000000000e+04 2.788566480000000000e+08 5.404150749999999971e+04 7.111625514403292769e-02 8.400000000000000000e+01 8.399999999999999689e-01 9.165151389911679880e-02 7.818867840000000878e-13 1.000000000000000000e+02
5.540000000000000000e+04 2.788567480000000000e+08 5.404150865740740846e+04 7.124485596707819113e-02 6.500000000000000000e+01 6.500000000000000222e-01 8.062257748298548576e-02 6.050314400000000415e-13 1.000000000000000000e+02
5.550000000000000000e+04 2.788568480000000000e+08 5.404150981481481722e+04 7.137345679012345456e-02 8.800000000000000000e+01 8.800000000000000044e-01 9.380831519646859462e-02 8.191194880000000390e-13 1.000000000000000000e+02
5.560000000000000000e+04 2.788569480000000000e+08 5.404151097222222597e+04 7.150205761316871800e-02 8.900000000000000000e+01 8.900000000000000133e-01 9.433981132056602770e-02 8.284276640000000521e-13 1.000000000000000000e+02
5.570000000000000000e+04 2.788570480000000000e+08 5.404151212962962745e+04 7.163065843621399531e-02 7.700000000000000000e+01 7.700000000000000178e-01 8.774964387392122922e-02 7.167295520000000973e-13 1.000000000000000000e+02
5.580000000000000000e+04 2.788571480000000000e+08 5.404151328703703621e+04 7.175925925925925875e-02 7.300000000000000000e+01 7.299999999999999822e-01 8.544003745317529930e-02 6.794968480000000450e-13 1.000000000000000000e+02
5.590000000000000000e+04 2.788572480000000000e+08 5.404151444444444496e+04 7.188786008230452218e-02 8.100000000000000000e+01 8.100000000000000533e-01 8.999999999999999667e-02 7.539622560000001495e-13 1.000000000000000000e+02
5.600000000000000000e+04 2.788573480000000000e+08 5.404151560185185372e+04 7.201646090534979949e-02 8.100000000000000000e+01 8.100000000000000533e-01 8.999999999999999667e-02 7.539622560000001495e-13 1.000000000000000000e+02
5.610000000000000000e+04 2.788574480000000000e+08 5.404151675925926247e+04 7.214506172839506293e-02 7.600000000000000000e+01 7.600000000000000089e-01 8.717797887081348007e-02 7.074213760000000842e-13 1.000000000000000000e+02
5.620000000000000000e+04 2.788575480000000000e+08 5.404151791666666395e+04 7.227366255144032636e-02 9.100000000000000000e+01 9.100000000000000311e-01 9.539392014169456591e-02 8.470440160000000782e-13 1.000000000000000000e+02
5.630000000000000000e+04 2.788576480000000000e+08 5.404151907407407271e+04 7.240226337448558980e-02 7.600000000000000000e+01 7.600000000000000089e-01 8.717797887081348007e-02 7.074213760000000842e-13 1.000000000000000000e+02
5.640000000000000000e+04 2.788577480000000000e+08 5.404152023148148146e+04 7.253086419753086711e-02 6.300000000000000000e+01 6.300000000000000044e-01 7.937253933193771926e-02 5.864150880000000153e-13 1.000000000000000000e+02
5.650000000000000000e+04 2.788578480000000000e+08 5.404152138888889021e+04 7.265946502057613055e-02 7.200000000000000000e+01 7.199999999999999734e-01 8.485281374238569374e-02 6.701886720000000319e-13 1.000000000000000000e+02
5.660000000000000000e+04 2.788579480000000000e+08 5.404152254629629897e+04 7.278806584362139398e-02 7.900000000000000000e+01 7.900000000000000355e-01 8.888194417315588292e-02 7.353459040000001234e-13 1.000000000000000000e+02
5.670000000000000000e+04 2.788580480000000000e+08 5.404152370370370045e+04 7.291666666666667129e-02 8.600000000000000000e+01 8.599999999999999867e-01 9.273618495495704328e-02 8.005031360000001139e-13 1.000000000000000000e+02
5.680000000000000000e+04 2.788581480000000000e+08 5.404152486111110920e+04 7.304526748971193473e-02 7.800000000000000000e+01 7.800000000000000266e-01 8.831760866327847959e-02 7.260377280000001103e-13 1.000000000000000000e+02
5.690000000000000000e+04 2.788582480000000000e+08 5.404152601851851796e+04 7.317386831275719816e-02 8.500000000000000000e+01 8.499999999999999778e-01 9.219544457292887241e-02 7.911949600000001008e-13 1.000000000000000000e+02
5.700000000000000000e+04 2.788583480000000000e+08 5.404152717592592671e+04 7.330246913580247548e-02 8.200000000000000000e+01 8.199999999999999512e-01 9.055385138137417300e-02 7.632704320000000616e-13 1.000000000000000000e+02
5.710000000000000000e+04 2.788584480000000000e+08 5.404152833333333547e+04 7.343106995884773891e-02 8.800000000000000000e+01 8.800000000000000044e-01 9.380831519646859462e-02 8.191194880000000390e-13 1.000000000000000000e+02
5.720000000000000000e+04 2.788585480000000000e+08 5.404152949074073695e+04 7.355967078189300234e-02 8.500000000000000000e+01 8.499999999999999778e-01 9.219544457292887241e-02 7.911949600000001008e-13 1.000000000000000000e+02
5.730000000000000000e+04 2.788586480000000000e+08 5.404153064814814570e+04 7.368827160493826578e-02 8.800000000000000000e+01 8.800000000000000044e-01 9.380831519646859462e-02 8.191194880000000390e-13 1.000000000000000000e+02
5.740000000000000000e+04 2.788587480000000000e+08 5.404153180555555446e+04 7.381687242798354309e-02 6.900000000000000000e+01 6.899999999999999467e-01 8.306623862918074974e-02 6.422641439999999928e-13 1.000000000000000000e+02
5.750000000000000000e+04 2.788588480000000000e+08 5.404153296296296321e+04 7.394547325102880653e-02 7.900000000000000000e+01 7.900000000000000355e-01 8.888194417315588292e-02 7.353459040000001234e-13 1.000000000000000000e+02
5.760000000000000000e+04 2.788589480000000000e+08 5.404153412037037197e+04 7.407407407407406996e-02 6.900000000000000000e+01 6.899999999999999467e-01 8.306623862918074974e-02 6.422641439999999928e-13 1.000000000000000000e+02
5.770000000000000000e+04 2.788590480000000000e+08 5.404153527777778072e+04 7.420267489711934727e-02 8.600000000000000000e+01 8.599999999999999867e-01 9.273618495495704328e-02 8.005031360000001139e-13 1.000000000000000000e+02
5.780000000000000000e+04 2.788591480000000000e+08 5.404153643518518220e+04 7.433127572016461071e-02 7.000000000000000000e+01 6.999999999999999556e-01 8.366600265340755349e-02 6.515723200000000058e-13 1.000000000000000000e+02
5.790000000000000000e+04 2.788592480000000000e+08 5.404153759259259095e+04 7.445987654320987414e-02 8.700000000000000000e+01 8.699999999999999956e-01 9.327379053088816208e-02 8.098113120000001270e-13 1.000000000000000000e+02
5.800000000000000000e+04 2.788593480000000000e+08 5.404153874999999971e+04 7.458847736625513758e-02 7.800000000000000000e+01 7.800000000000000266e-01 8.831760866327847959e-02 7.260377280000001103e-13 1.000000000000000000e+02
5.810000000000000000e+04 2.788594480000000000e+08 5.404153990740740846e+04 7.471707818930041489e-02 6.600000000000000000e+01 6.600000000000000311e-01 8.124038404635960942e-02 6.143396160000000545e-13 1.000000000000000000e+02
5.820000000000000000e+04 2.788595480000000000e+08 5.404154106481481722e+04 7.484567901234567833e-02 8.100000000000000000e+01 8.100000000000000533e-01 8.999999999999999667e-02 7.539622560000001495e-13 1.000000000000000000e+02
5.830000000000000000e+04 2.788596480000000000e+08 5.404154222222222597e+04 7.497427983539094176e-02 7.000000000000000000e+01 6.999999999999999556e-01 8.366600265340755349e-02 6.515723200000000058e-13 1.000000000000000000e+02
5.840000000000000000e+04 2.788597480000000000e+08 5.404154337962962745e+04 7.510288065843621907e-02 8.500000000000000000e+01 8.499999999999999778e-01 9.219544457292887241e-02 7.911949600000001008e-13 1.000000000000000000e+02
5.850000000000000000e+04 2.788598480000000000e+08 5.404154453703703621e+04 7.523148148148148251e-02 7.800000000000000000e+01 7.800000000000000266e-01 8.831760866327847959e-02 7.260377280000001103e-13 1.000000000000000000e+02
5.860000000000000000e+04 2.788599480000000000e+08 5.404154569444444496e+04 7.536008230452674594e-02 7.300000000000000000e+01 7.299999999999999822e-01 8.544003745317529930e-02 6.794968480000000450e-13 1.000000000000000000e+02
5.870000000000000000e+04 2.788600480000000000e+08 5.404154685185185372e+04 7.548868312757202326e-02 7.500000000000000000e+01 7.500000000000000000e-01 8.660254037844387909e-02 6.981132000000000711e-13 1.000000000000000000e+02
5.880000000000000000e+04 2.788601480000000000e+08 5.404154800925926247e+04 7.561728395061728669e-02 8.200000000000000000e+01 8.199999999999999512e-01 9.055385138137417300e-02 7.632704320000000616e-13 1.000000000000000000e+02
5.890000000000000000e+04 2.788602480000000000e+08 5.404154916666666395e+04 7.574588477366255013e-02 7.300000000000000000e+01 7.299999999999999822e-01 8.544003745317529930e-02 6.794968480000000450e-13 1.000000000000000000e+02
5.900000000000000000e+04 2.788603480000000000e+08 5.404155032407407271e+04 7.587448559670781356e-02 7.600000000000000000e+01 7.600000000000000089e-01 8.717797887081348007e-02 7.074213760000000842e-13 1.000000000000000000e+02
5.910000000000000000e+04 2.788604480000000000e+08 5.404155148148148146e+04 7.600308641975309087e-02 9.100000000000000000e+01 9.100000000000000311e-01 9.539392014169456591e-02 8.470440160000000782e-13 1.000000000000000000e+02
5.920000000000000000e+04 2.788605480000000000e+08 5.404155263888889021e+04 7.613168724279835431e-02 7.600000000000000000e+01 7.600000000000000089e-01 8.717797887081348007e-02 7.074213760000000842e-13 1.000000000000000000e+02
5.930000000000000000e+04 2.788606480000000000e+08 5.404155379629629897e+04 7.626028806584361774e-02 6.800000000000000000e+01 6.800000000000000488e-01 8.246211251235320561e-02 6.329559680000000807e-13 1.000000000000000000e+02
5.940000000000000000e+04 2.788607480000000000e+08 5.404155495370370045e+04 7.638888888888889506e-02 7.100000000000000000e+01 7.099999999999999645e-01 8.426149773176358493e-02 6.608804960000000189e-13 1.000000000000000000e+02
5.950000000000000000e+04 2.788608480000000000e+08 5.404155611111110920e+04 7.651748971193415849e-02 8.200000000000000000e+01 8.199999999999999512e-01 9.055385138137417300e-02 7.632704320000000616e-13 1.000000000000000000e+02
5.960000000000000000e+04 2.788609480000000000e+08 5.404155726851851796e+04 7.664609053497942193e-02 7.100000000000000000e+01 7.099999999999999645e-01 8.426149773176358493e-02 6.608804960000000189e-13 1.000000000000000000e+02
5.970000000000000000e+04 2.788610480000000000e+08 5.404155842592592671e+04 7.677469135802468536e-02 7.900000000000000000e+01 7.900000000000000355e-01 8.888194417315588292e-02 7.353459040000001234e-13 1.000000000000000000e+02
5.980000000000000000e+04 2.788611480000000000e+08 5.404155958333333547e+04 7.690329218106996267e-02 8.800000000000000000e+01 8.800000000000000044e-01 9.380831519646859462e-02 8.191194880000000390e-13 1.000000000000000000e+02
5.990000000000000000e+04 2.788612480000000000e+08 5.404156074074073695e+04 7.703189300411522611e-02 7.300000000000000000e+01 7.299999999999999822e-01 8.544003745317529930e-02 6.794968480000000450e-13 1.000000000000000000e+02
1.866240000000000000e+06 2.806675880000000000e+08 5.406246745370370627e+04 3.999999999999999112e-01 3.800000000000000000e+01 3.800000000000000044e-01 6.164414002968975764e-02 3.537106880000000421e-13 1.000000000000000000e+02
1.866340000000000000e+06 2.806676880000000000e+08 5.406246861111110775e+04 4.001286008230451330e-01 3.300000000000000000e+01 3.300000000000000155e-01 5.744562646538028949e-02 3.071698080000000273e-13 1.000000000000000000e+02
1.866440000000000000e+06 2.806677880000000000e+08 5.406246976851851650e+04 4.002572016460903548e-01 3.400000000000000000e+01 3.400000000000000244e-01 5.830951894845300826e-02 3.164779840000000403e-13 1.000000000000000000e+02
1.866540000000000000e+06 2.806678880000000000e+08 5.406247092592592526e+04 4.003858024691360207e-01 2.800000000000000000e+01 2.800000000000000266e-01 5.291502622129181516e-02 2.606289280000000629e-13 1.000000000000000000e+02
1.866640000000000000e+06 2.806679880000000000e+08 5.406247208333333401e+04 4.005144032921812425e-01 3.300000000000000000e+01 3.300000000000000155e-01 5.744562646538028949e-02 3.071698080000000273e-13 1.000000000000000000e+02
1.866740000000000000e+06 2.806680880000000000e+08 5.406247324074074277e+04 4.006430041152264643e-01 3.700000000000000000e+01 3.699999999999999956e-01 6.082762530298219117e-02 3.444025120000000290e-13 1.000000000000000000e+02
1.866840000000000000e+06 2.806681880000000000e+08 5.406247439814815152e+04 4.007716049382716861e-01 4.000000000000000000e+01 4.000000000000000222e-01 6.324555320336759656e-02 3.723270400000000682e-13 1.000000000000000000e+02
1.866940000000000000e+06 2.806682880000000000e+08 5.406247555555555300e+04 4.009002057613169079e-01 3.200000000000000000e+01 3.200000000000000067e-01 5.656854249492380277e-02 2.978616320000000142e-13 1.000000000000000000e+02
1.867040000000000000e+06 2.806683880000000000e+08 5.406247671296296176e+04 4.010288065843621297e-01 3.500000000000000000e+01 3.499999999999999778e-01 5.916079783099616185e-02 3.257861600000000029e-13 1.000000000000000000e+02
1.867140000000000000e+06 2.806684880000000000e+08 5.406247787037037051e+04 4.011574074074073515e-01 2.900000000000000000e+01 2.899999999999999800e-01 5.385164807134503601e-02 2.699371040000000255e-13 1.000000000000000000e+02
1.867240000000000000e+06 2.806685880000000000e+08 5.406247902777777927e+04 4.012860082304525733e-01 3.800000000000000000e+01 3.800000000000000044e-01 6.164414002968975764e-02 3.537106880000000421e-13 1.000000000000000000e+02
1.867340000000000000e+06 2.806686880000000000e+08 5.406248018518518802e+04 4.014146090534977951e-01 3.800000000000000000e+01 3.800000000000000044e-01 6.164414002968975764e-02 3.537106880000000421e-13 1.000000000000000000e+02
1.867440000000000000e+06 2.806687880000000000e+08 5.406248134259258950e+04 4.015432098765430169e-01 2.600000000000000000e+01 2.600000000000000089e-01 5.099019513592784741e-02 2.420125760000000368e-13 1.000000000000000000e+02
1.867540000000000000e+06 2.806688880000000000e+08 5.406248249999999825e+04 4.016718106995886828e-01 3.700000000000000000e+01 3.699999999999999956e-01 6.082762530298219117e-02 3.444025120000000290e-13 1.000000000000000000e+02
1.867640000000000000e+06 2.806689880000000000e+08 5.406248365740740701e+04 4.018004115226339046e-01 4.200000000000000000e+01 4.199999999999999845e-01 6.480740698407860823e-02 3.909433920000000439e-13 1.000000000000000000e+02
1.867740000000000000e+06 2.806690880000000000e+08 5.406248481481481576e+04 4.019290123456791264e-01 3.000000000000000000e+01 2.999999999999999889e-01 5.477225575051661299e-02 2.792452800000000386e-13 1.000000000000000000e+02
1.867840000000000000e+06 2.806691880000000000e+08 5.406248597222222452e+04 4.020576131687243482e-01 4.700000000000000000e+01 4.699999999999999734e-01 6.855654600401044074e-02 4.374842720000000082e-13 1.000000000000000000e+02
1.867940000000000000e+06 2.806692880000000000e+08 5.406248712962963327e+04 4.021862139917695700e-01 3.600000000000000000e+01 3.599999999999999867e-01 5.999999999999999778e-02 3.350943360000000160e-13 1.000000000000000000e+02
1.868040000000000000e+06 2.806693880000000000e+08 5.406248828703703475e+04 4.023148148148147918e-01 3.700000000000000000e+01 3.699999999999999956e-01 6.082762530298219117e-02 3.444025120000000290e-13 1.000000000000000000e+02
1.868140000000000000e+06 2.806694880000000000e+08 5.406248944444444351e+04 4.024434156378600136e-01 4.200000000000000000e+01 4.199999999999999845e-01 6.480740698407860823e-02 3.909433920000000439e-13 1.000000000000000000e+02
1.868240000000000000e+06 2.806695880000000000e+08 5.406249060185185226e+04 4.025720164609052354e-01 3.000000000000000000e+01 2.999999999999999889e-01 5.477225575051661299e-02 2.792452800000000386e-13 1.000000000000000000e+02
1.868340000000000000e+06 2.806696880000000000e+08 5.406249175925926102e+04 4.027006172839504572e-01 3.500000000000000000e+01 3.499999999999999778e-01 5.916079783099616185e-02 3.257861600000000029e-13 1.000000000000000000e+02
1.868440000000000000e+06 2.806697880000000000e+08 5.406249291666666977e+04 4.028292181069956790e-01 3.900000000000000000e+01 3.900000000000000133e-01 6.244997998398398031e-02 3.630188640000000552e-13 1.000000000000000000e+02
1.868540000000000000e+06 2.806698880000000000e+08 5.406249407407407125e+04 4.029578189300413449e-01 3.700000000000000000e+01 3.699999999999999956e-01 6.082762530298219117e-02 3.444025120000000290e-13 1.000000000000000000e+02
1.868640000000000000e+06 2.806699880000000000e+08 5.406249523148148000e+04 4.030864197530865667e-01 2.600000000000000000e+01 2.600000000000000089e-01 5.099019513592784741e-02 2.420125760000000368e-13 1.000000000000000000e+02
1.868740000000000000e+06 2.806700880000000000e+08 5.406249638888888876e+04 4.032150205761317885e-01 4.500000000000000000e+01 4.500000000000000111e-01 6.708203932499369471e-02 4.188679200000000326e-13 1.000000000000000000e+02
1.868840000000000000e+06 2.806701880000000000e+08 5.406249754629629751e+04 4.033436213991770103e-01 2.400000000000000000e+01 2.399999999999999911e-01 4.898979485566355707e-02 2.233962240000000106e-13 1.000000000000000000e+02
1.868940000000000000e+06 2.806702880000000000e+08 5.406249870370370627e+04 4.034722222222222321e-01 3.600000000000000000e+01 3.599999999999999867e-01 5.999999999999999778e-02 3.350943360000000160e-13 1.000000000000000000e+02
1.869040000000000000e+06 2.806703880000000000e+08 5.406249986111110775e+04 4.036008230452674539e-01 2.900000000000000000e+01 2.899999999999999800e-01 5.385164807134503601e-02 2.699371040000000255e-13 1.000000000000000000e+02
1.869140000000000000e+06 2.806704880000000000e+08 5.406250101851851650e+04 4.037294238683126757e-01 3.400000000000000000e+01 3.400000000000000244e-01 5.830951894845300826e-02 3.164779840000000403e-13 1.000000000000000000e+02
1.869240000000000000e+06 2.806705880000000000e+08 5.406250217592592526e+04 4.038580246913578975e-01 2.100000000000000000e+01 2.099999999999999922e-01 4.582575694955839940e-02 1.954716960000000219e-13 1.000000000000000000e+02
1.869340000000000000e+06 2.806706880000000000e+08 5.406250333333333401e+04 4.039866255144031193e-01 3.500000000000000000e+01 3.499999999999999778e-01 5.916079783099616185e-02 3.257861600000000029e-13 1.000000000000000000e+02
1.869440000000000000e+06 2.806707880000000000e+08 5.406250449074074277e+04 4.041152263374483411e-01 3.000000000000000000e+01 2.999999999999999889e-01 5.477225575051661299e-02 2.792452800000000386e-13 1.000000000000000000e+02
1.869540000000000000e+06 2.806708880000000000e+08 5.406250564814815152e+04 4.042438271604940070e-01 3.500000000000000000e+01 3.499999999999999778e-01 5.916079783099616185e-02 3.257861600000000029e-13 1.000000000000000000e+02
1.869640000000000000e+06 2.806709880000000000e+08 5.406250680555555300e+04 4.043724279835392288e-01 3.200000000000000000e+01 3.200000000000000067e-01 5.656854249492380277e-02 2.978616320000000142e-13 1.000000000000000000e+02
1.869740000000000000e+06 2.806710880000000000e+08 5.406250796296296176e+04 4.045010288065844506e-01 4.600000000000000000e+01 4.600000000000000200e-01 6.782329983125268136e-02 4.281760960000000457e-13 1.000000000000000000e+02
1.869840000000000000e+06 2.806711880000000000e+08 5.406250912037037051e+04 4.046296296296296724e-01 3.400000000000000000e+01 3.400000000000000244e-01 5.830951894845300826e-02 3.164779840000000403e-13 1.000000000000000000e+02
1.869940000000000000e+06 2.806712880000000000e+08 5.406251027777777927e+04 4.047582304526748942e-01 2.900000000000000000e+01 2.899999999999999800e-01 5.385164807134503601e-02 2.699371040000000255e-13 1.000000000000000000e+02
1.870040000000000000e+06 2.806713880000000000e+08 5.406251143518518802e+04 4.048868312757201160e-01 3.800000000000000000e+01 3.800000000000000044e-01 6.164414002968975764e-02 3.537106880000000421e-13 1.000000000000000000e+02
1.870140000000000000e+06 2.806714880000000000e+08 5.406251259259258950e+04 4.050154320987653378e-01 3.100000000000000000e+01 3.099999999999999978e-01 5.567764362830021629e-02 2.885534560000000516e-13 1.000000000000000000e+02
1.870240000000000000e+06 2.806715880000000000e+08 5.406251374999999825e+04 4.051440329218105596e-01 3.100000000000000000e+01 3.099999999999999978e-01 5.567764362830021629e-02 2.885534560000000516e-13 1.000000000000000000e+02
1.870340000000000000e+06 2.806716880000000000e+08 5.406251490740740701e+04 4.052726337448557814e-01 3.400000000000000000e+01 3.400000000000000244e-01 5.830951894845300826e-02 3.164779840000000403e-13 1.000000000000000000e+02
1.870440000000000000e+06 2.806717880000000000e+08 5.406251606481481576e+04 4.054012345679014473e-01 3.000000000000000000e+01 2.999999999999999889e-01 5.477225575051661299e-02 2.792452800000000386e-13 1.000000000000000000e+02
1.870540000000000000e+06 2.806718880000000000e+08 5.406251722222222452e+04 4.055298353909466691e-01 3.100000000000000000e+01 3.099999999999999978e-01 5.567764362830021629e-02 2.885534560000000516e-13 1.000000000000000000e+02
1.870640000000000000e+06 2.806719880000000000e+08 5.406251837962963327e+04 4.056584362139918909e-01 2.900000000000000000e+01 2.899999999999999800e-01 5.385164807134503601e-02 2.699371040000000255e-13 1.000000000000000000e+02
1.870740000000000000e+06 2.806720880000000000e+08 5.406251953703703475e+04 4.057870370370371127e-01 3.400000000000000000e+01 3.400000000000000244e-01 5.830951894845300826e-02 3.164779840000000403e-13 1.000000000000000000e+02
1.870840000000000000e+06 2.806721880000000000e+08 5.406252069444444351e+04 4.059156378600823345e-01 3.600000000000000000e+01 3.599999999999999867e-01 5.999999999999999778e-02 3.350943360000000160e-13 1.000000000000000000e+02
1.870940000000000000e+06 2.806722880000000000e+08 5.406252185185185226e+04 4.060442386831275563e-01 2.400000000000000000e+01 2.399999999999999911e-01 4.898979485566355707e-02 2.233962240000000106e-13 1.000000000000000000e+02
1.871040000000000000e+06 2.806723880000000000e+08 5.406252300925926102e+04 4.061728395061727781e-01 3.700000000000000000e+01 3.699999999999999956e-01 6.082762530298219117e-02 3.444025120000000290e-13 1.000000000000000000e+02
1.871140000000000000e+06 2.806724880000000000e+08 5.406252416666666977e+04 4.063014403292179999e-01 3.600000000000000000e+01 3.599999999999999867e-01 5.999999999999999778e-02 3.350943360000000160e-13 1.000000000000000000e+02
1.871240000000000000e+06 2.806725880000000000e+08 5.406252532407407125e+04 4.064300411522632217e-01 3.700000000000000000e+01 3.699999999999999956e-01 6.082762530298219117e-02 3.444025120000000290e-13 1.000000000000000000e+02
1.871340000000000000e+06 2.806726880000000000e+08 5.406252648148148000e+04 4.065586419753084435e-01 2.400000000000000000e+01 2.399999999999999911e-01 4.898979485566355707e-02 2.233962240000000106e-13 1.000000000000000000e+02
1.871440000000000000e+06 2.806727880000000000e+08 5.406252763888888876e+04 4.066872427983541094e-01 4.200000000000000000e+01 4.199999999999999845e-01 6.480740698407860823e-02 3.909433920000000439e-13 1.000000000000000000e+02
1.871540000000000000e+06 2.806728880000000000e+08 5.406252879629629751e+04 4.068158436213993312e-01 3.400000000000000000e+01 3.400000000000000244e-01 5.830951894845300826e-02 3.164779840000000403e-13 1.000000000000000000e+02
1.871640000000000000e+06 2.806729880000000000e+08 5.406252995370370627e+04 4.069444444444445530e-01 3.800000000000000000e+01 3.800000000000000044e-01 6.164414002968975764e-02 3.537106880000000421e-13 1.000000000000000000e+02
1.871740000000000000e+06 2.806730880000000000e+08 5.406253111111110775e+04 4.070730452674897748e-01 2.400000000000000000e+01 2.399999999999999911e-01 4.898979485566355707e-02 2.233962240000000106e-13 1.000000000000000000e+02
1.871840000000000000e+06 2.806731880000000000e+08 5.406253226851851650e+04 4.072016460905349966e-01 3.700000000000000000e+01 3.699999999999999956e-01 6.082762530298219117e-02 3.444025120000000290e-13 1.000000000000000000e+02
1.871940000000000000e+06 2.806732880000000000e+08 5.406253342592592526e+04 4.073302469135802184e-01 3.300000000000000000e+01 3.300000000000000155e-01 5.744562646538028949e-02 3.071698080000000273e-13 1.000000000000000000e+02
1.872040000000000000e+06 2.806733880000000000e+08 5.406253458333333401e+04 4.074588477366254402e-01 3.100000000000000000e+01 3.099999999999999978e-01 5.567764362830021629e-02 2.885534560000000516e-13 1.000000000000000000e+02
1.872140000000000000e+06 2.806734880000000000e+08 5.406253574074074277e+04 4.075874485596706620e-01 2.800000000000000000e+01 2.800000000000000266e-01 5.291502622129181516e-02 2.606289280000000629e-13 1.000000000000000000e+02
1.872240000000000000e+06 2.806735880000000000e+08 5.406253689814815152e+04 4.077160493827158838e-01 3.100000000000000000e+01 3.099999999999999978e-01 5.567764362830021629e-02 2.885534560000000516e-13 1.000000000000000000e+02
1.872340000000000000e+06 2.806736880000000000e+08 5.406253805555555300e+04 4.078446502057611056e-01 2.400000000000000000e+01 2.399999999999999911e-01 4.898979485566355707e-02 2.233962240000000106e-13 1.000000000000000000e+02
1.872440000000000000e+06 2.806737880000000000e+08 5.406253921296296176e+04 4.079732510288067715e-01 2.000000000000000000e+01 2.000000000000000111e-01 4.472135954999579416e-02 1.861635200000000341e-13 1.000000000000000000e+02
1.872540000000000000e+06 2.806738880000000000e+08 5.406254037037037051e+04 4.081018518518519933e-01 2.300000000000000000e+01 2.300000000000000100e-01 4.795831523312719252e-02 2.140880480000000228e-13 1.000000000000000000e+02
1.872640000000000000e+06 2.806739880000000000e+08 5.406254152777777927e+04 4.082304526748972151e-01 2.300000000000000000e+01 2.300000000000000100e-01 4.795831523312719252e-02 2.140880480000000228e-13 1.000000000000000000e+02
1.872740000000000000e+06 2.806740880000000000e+08 5.406254268518518802e+04 4.083590534979424369e-01 3.600000000000000000e+01 3.599999999999999867e-01 5.999999999999999778e-02 3.350943360000000160e-13 1.000000000000000000e+02
1.872840000000000000e+06 2.806741880000000000e+08 5.406254384259258950e+04 4.084876543209876587e-01 3.000000000000000000e+01 2.999999999999999889e-01 5.477225575051661299e-02 2.792452800000000386e-13 1.000000000000000000e+02
1.872940000000000000e+06 2.806742880000000000e+08 5.406254499999999825e+04 4.086162551440328805e-01 4.000000000000000000e+01 4.000000000000000222e-01 6.324555320336759656e-02 3.723270400000000682e-13 1.000000000000000000e+02
1.873040000000000000e+06 2.806743880000000000e+08 5.406254615740740701e+04 4.087448559670781023e-01 3.300000000000000000e+01 3.300000000000000155e-01 5.744562646538028949e-02 3.071698080000000273e-13 1.000000000000000000e+02
1.873140000000000000e+06 2.806744880000000000e+08 5.406254731481481576e+04 4.088734567901233241e-01 2.700000000000000000e+01 2.700000000000000178e-01 5.196152422706631913e-02 2.513207520000000498e-13 1.000000000000000000e+02
1.873240000000000000e+06 2.806745880000000000e+08 5.406254847222222452e+04 4.090020576131685459e-01 3.600000000000000000e+01 3.599999999999999867e-01 5.999999999999999778e-02 3.350943360000000160e-13 1.000000000000000000e+02
1.873340000000000000e+06 2.806746880000000000e+08 5.406254962962963327e+04 4.091306584362142118e-01 2.800000000000000000e+01 2.800000000000000266e-01 5.291502622129181516e-02 2.606289280000000629e-13 1.000000000000000000e+02
1.873440000000000000e+06 2.806747880000000000e+08 5.406255078703703475e+04 4.092592592592594336e-01 3.300000000000000000e+01 3.300000000000000155e-01 5.744562646538028949e-02 3.071698080000000273e-13 1.000000000000000000e+02
1.873540000000000000e+06 2.806748880000000000e+08 5.406255194444444351e+04 4.093878600823046554e-01 3.300000000000000000e+01 3.300000000000000155e-01 5.744562646538028949e-02 3.071698080000000273e-13 1.000000000000000000e+02
1.873640000000000000e+06 2.806749880000000000e+08 5.406255310185185226e+04 4.095164609053498772e-01 2.900000000000000000e+01 2.899999999999999800e-01 5.385164807134503601e-02 2.699371040000000255e-13 1.000000000000000000e+02
1.873740000000000000e+06 2.806750880000000000e+08 5.406255425925926102e+04 4.096450617283950990e-01 2.600000000000000000e+01 2.600000000000000089e-01 5.099019513592784741e-02 2.420125760000000368e-13 1.000000000000000000e+02
1.873840000000000000e+06 2.806751880000000000e+08 5.406255541666666977e+04 4.097736625514403208e-01 3.100000000000000000e+01 3.099999999999999978e-01 5.567764362830021629e-02 2.885534560000000516e-13 1.000000000000000000e+02
1.873940000000000000e+06 2.806752880000000000e+08 5.406255657407407125e+04 4.099022633744855426e-01 2.100000000000000000e+01 2.099999999999999922e-01 4.582575694955839940e-02 1.954716960000000219e-13 1.000000000000000000e+02
1.874040000000000000e+06 2.806753880000000000e+08 5.406255773148148000e+04 4.100308641975307644e-01 2.900000000000000000e+01 2.899999999999999800e-01 5.385164807134503601e-02 2.699371040000000255e-13 1.000000000000000000e+02
1.874140000000000000e+06 2.806754880000000000e+08 5.406255888888888876e+04 4.101594650205759862e-01 3.400000000000000000e+01 3.400000000000000244e-01 5.830951894845300826e-02 3.164779840000000403e-13 1.000000000000000000e+02
1.874240000000000000e+06 2.806755880000000000e+08 5.406256004629629751e+04 4.102880658436212080e-01 1.900000000000000000e+01 1.900000000000000022e-01 4.358898943540674004e-02 1.768553440000000211e-13 1.000000000000000000e+02
1.874340000000000000e+06 2.806756880000000000e+08 5.406256120370370627e+04 4.104166666666668739e-01 2.800000000000000000e+01 2.800000000000000266e-01 5.291502622129181516e-02 2.606289280000000629e-13 1.000000000000000000e+02
1.874440000000000000e+06 2.806757880000000000e+08 5.406256236111110775e+04 4.105452674897120957e-01 2.700000000000000000e+01 2.700000000000000178e-01 5.196152422706631913e-02 2.513207520000000498e-13 1.000000000000000000e+02
1.874540000000000000e+06 2.806758880000000000e+08 5.406256351851851650e+04 4.106738683127573175e-01 3.800000000000000000e+01 3.800000000000000044e-01 6.164414002968975764e-02 3.537106880000000421e-13 1.000000000000000000e+02
1.874640000000000000e+06 2.806759880000000000e+08 5.406256467592592526e+04 4.108024691358025393e-01 3.000000000000000000e+01 2.999999999999999889e-01 5.477225575051661299e-02 2.792452800000000386e-13 1.000000000000000000e+02
1.874740000000000000e+06 2.806760880000000000e+08 5.406256583333333401e+04 4.109310699588477611e-01 2.600000000000000000e+01 2.600000000000000089e-01 5.099019513592784741e-02 2.420125760000000368e-13 1.000000000000000000e+02
1.874840000000000000e+06 2.806761880000000000e+08 5.406256699074074277e+04 4.110596707818929829e-01 3.200000000000000000e+01 3.200000000000000067e-01 5.656854249492380277e-02 2.978616320000000142e-13 1.000000000000000000e+02
1.874940000000000000e+06 2.806762880000000000e+08 5.406256814814815152e+04 4.111882716049382047e-01 3.400000000000000000e+01 3.400000000000000244e-01 5.830951894845300826e-02 3.164779840000000403e-13 1.000000000000000000e+02
1.875040000000000000e+06 2.806763880000000000e+08 5.406256930555555300e+04 4.113168724279834265e-01 2.500000000000000000e+01 2.500000000000000000e-01 5.000000000000000278e-02 2.327044000000000237e-13 1.000000000000000000e+02
1.875140000000000000e+06 2.806764880000000000e+08 5.406257046296296176e+04 4.114454732510286483e-01 2.700000000000000000e+01 2.700000000000000178e-01 5.196152422706631913e-02 2.513207520000000498e-13 1.000000000000000000e+02
1.875240000000000000e+06 2.806765880000000000e+08 5.406257162037037051e+04 4.115740740740738701e-01 2.700000000000000000e+01 2.700000000000000178e-01 5.196152422706631913e-02 2.513207520000000498e-13 1.000000000000000000e+02
1.875340000000000000e+06 2.806766880000000000e+08 5.406257277777777927e+04 4.117026748971195360e-01 2.200000000000000000e+01 2.200000000000000011e-01 4.690415759823429731e-02 2.047798720000000098e-13 1.000000000000000000e+02
1.875440000000000000e+06 2.806767880000000000e+08 5.406257393518518802e+04 4.118312757201647578e-01 2.700000000000000000e+01 2.700000000000000178e-01 5.196152422706631913e-02 2.513207520000000498e-13 1.000000000000000000e+02
1.875540000000000000e+06 2.806768880000000000e+08 5.406257509259258950e+04 4.119598765432099796e-01 2.500000000000000000e+01 2.500000000000000000e-01 5.000000000000000278e-02 2.327044000000000237e-13 1.000000000000000000e+02
1.875640000000000000e+06 2.806769880000000000e+08 5.406257624999999825e+04 4.120884773662552014e-01 2.500000000000000000e+01 2.500000000000000000e-01 5.000000000000000278e-02 2.327044000000000237e-13 1.000000000000000000e+02
1.875740000000000000e+06 2.806770880000000000e+08 5.406257740740740701e+04 4.122170781893004232e-01 4.100000000000000000e+01 4.099999999999999756e-01 6.403124237432848698e-02 3.816352160000000308e-13 1.000000000000000000e+02
1.875840000000000000e+06 2.806771880000000000e+08 5.406257856481481576e+04 4.123456790123456450e-01 2.900000000000000000e+01 2.899999999999999800e-01 5.385164807134503601e-02 2.699371040000000255e-13 1.000000000000000000e+02
1.875940000000000000e+06 2.806772880000000000e+08 5.406257972222222452e+04 4.124742798353908668e-01 2.700000000000000000e+01 2.700000000000000178e-01 5.196152422706631913e-02 2.513207520000000498e-13 1.000000000000000000e+02
1.876040000000000000e+06 2.806773880000000000e+08 5.406258087962963327e+04 4.126028806584360886e-01 3.400000000000000000e+01 3.400000000000000244e-01 5.830951894845300826e-02 3.164779840000000403e-13 1.000000000000000000e+02
1.876140000000000000e+06 2.806774880000000000e+08 5.406258203703703475e+04 4.127314814814813104e-01 2.900000000000000000e+01 2.899999999999999800e-01 5.385164807134503601e-02 2.699371040000000255e-13 1.000000000000000000e+02
1.876240000000000000e+06 2.806775880000000000e+08 5.406258319444444351e+04 4.128600823045265322e-01 3.100000000000000000e+01 3.099999999999999978e-01 5.567764362830021629e-02 2.885534560000000516e-13 1.000000000000000000e+02
1.876340000000000000e+06 2.806776880000000000e+08 5.406258435185185226e+04 4.129886831275721981e-01 2.400000000000000000e+01 2.399999999999999911e-01 4.898979485566355707e-02 2.233962240000000106e-13 1.000000000000000000e+02
1.876440000000000000e+06 2.806777880000000000e+08 5.406258550925926102e+04 4.131172839506174199e-01 2.900000000000000000e+01 2.899999999999999800e-01 5.385164807134503601e-02 2.699371040000000255e-13 1.000000000000000000e+02
1.876540000000000000e+06 2.806778880000000000e+08 5.406258666666666977e+04 4.132458847736626417e-01 3.100000000000000000e+01 3.099999999999999978e-01 5.567764362830021629e-02 2.885534560000000516e-13 1.000000000000000000e+02
1.876640000000000000e+06 2.806779880000000000e+08 5.406258782407407125e+04 4.133744855967078635e-01 3.000000000000000000e+01 2.999999999999999889e-01 5.477225575051661299e-02 2.792452800000000386e-13 1.000000000000000000e+02
1.876740000000000000e+06 2.806780880000000000e+08 5.406258898148148000e+04 4.135030864197530853e-01 2.700000000000000000e+01 2.700000000000000178e-01 5.196152422706631913e-02 2.513207520000000498e-13 1.000000000000000000e+02
1.876840000000000000e+06 2.806781880000000000e+08 5.406259013888888876e+04 4.136316872427983071e-01 3.000000000000000000e+01 2.999999999999999889e-01 5.477225575051661299e-02 2.792452800000000386e-13 1.000000000000000000e+02
1.876940000000000000e+06 2.806782880000000000e+08 5.406259129629629751e+04 4.137602880658435289e-01 3.400000000000000000e+01 3.400000000000000244e-01 5.830951894845300826e-02 3.164779840000000403e-13 1.000000000000000000e+02
1.877040000000000000e+06 2.806783880000000000e+08 5.406259245370370627e+04 4.138888888888887507e-01 3.700000000000000000e+01 3.699999999999999956e-01 6.082762530298219117e-02 3.444025120000000290e-13 1.000000000000000000e+02
1.877140000000000000e+06 2.806784880000000000e+08 5.406259361111110775e+04 4.140174897119339725e-01 2.100000000000000000e+01 2.099999999999999922e-01 4.582575694955839940e-02 1.954716960000000219e-13 1.000000000000000000e+02
1.877240000000000000e+06 2.806785880000000000e+08 5.406259476851851650e+04 4.141460905349796384e-01 2.900000000000000000e+01 2.899999999999999800e-01 5.385164807134503601e-02 2.699371040000000255e-13 1.000000000000000000e+02
1.877340000000000000e+06 2.806786880000000000e+08 5.406259592592592526e+04 4.142746913580248602e-01 2.900000000000000000e+01 2.899999999999999800e-01 5.385164807134503601e-02 2.699371040000000255e-13 1.000000000000000000e+02
1.877440000000000000e+06 2.806787880000000000e+08 5.406259708333333401e+04 4.144032921810700820e-01 2.500000000000000000e+01 2.500000000000000000e-01 5.000000000000000278e-02 2.327044000000000237e-13 1.000000000000000000e+02
1.880540000000000000e+06 2.806818880000000000e+08 5.406263296296296176e+04 4.183899176954732901e-01 2.900000000000000000e+01 2.899999999999999800e-01 5.385164807134503601e-02 2.699371040000000255e-13 1.000000000000000000e+02
1.880640000000000000e+06 2.806819880000000000e+08 5.406263412037037051e+04 4.185185185185185119e-01 1.900000000000000000e+01 1.900000000000000022e-01 4.358898943540674004e-02 1.768553440000000211e-13 1.000000000000000000e+02
1.880740000000000000e+06 2.806820880000000000e+08 5.406263527777777927e+04 4.186471193415637337e-01 2.200000000000000000e+01 2.200000000000000011e-01 4.690415759823429731e-02 2.047798720000000098e-13 1.000000000000000000e+02
1.880840000000000000e+06 2.806821880000000000e+08 5.406263643518518802e+04 4.187757201646089555e-01 3.300000000000000000e+01 3.300000000000000155e-01 5.744562646538028949e-02 3.071698080000000273e-13 1.000000000000000000e+02
1.880940000000000000e+06 2.806822880000000000e+08 5.406263759259258950e+04 4.189043209876541773e-01 2.900000000000000000e+01 2.899999999999999800e-01 5.385164807134503601e-02 2.699371040000000255e-13 1.000000000000000000e+02
1.881040000000000000e+06 2.806823880000000000e+08 5.406263874999999825e+04 4.190329218106993991e-01 2.800000000000000000e+01 2.800000000000000266e-01 5.291502622129181516e-02 2.606289280000000629e-13 1.000000000000000000e+02
1.881140000000000000e+06 2.806824880000000000e+08 5.406263990740740701e+04 4.191615226337450650e-01 1.800000000000000000e+01 1.799999999999999933e-01 4.242640687119284687e-02 1.675471680000000080e-13 1.000000000000000000e+02
1.881240000000000000e+06 2.806825880000000000e+08 5.406264106481481576e+04 4.192901234567902868e-01 3.000000000000000000e+01 2.999999999999999889e-01 5.477225575051661299e-02 2.792452800000000386e-13 1.000000000000000000e+02
1.881340000000000000e+06 2.806826880000000000e+08 5.406264222222222452e+04 4.194187242798355086e-01 2.000000000000000000e+01 2.000000000000000111e-01 4.472135954999579416e-02 1.861635200000000341e-13 1.000000000000000000e+02
1.881440000000000000e+06 2.806827880000000000e+08 5.406264337962963327e+04 4.195473251028807304e-01 2.100000000000000000e+01 2.099999999999999922e-01 4.582575694955839940e-02 1.954716960000000219e-13 1.000000000000000000e+02
1.881540000000000000e+06 2.806828880000000000e+08 5.406264453703703475e+04 4.196759259259259522e-01 3.100000000000000000e+01 3.099999999999999978e-01 5.567764362830021629e-02 2.885534560000000516e-13 1.000000000000000000e+02
1.881640000000000000e+06 2.806829880000000000e+08 5.406264569444444351e+04 4.198045267489711740e-01 2.800000000000000000e+01 2.800000000000000266e-01 5.291502622129181516e-02 2.606289280000000629e-13 1.000000000000000000e+02
1.881740000000000000e+06 2.806830880000000000e+08 5.406264685185185226e+04 4.199331275720163958e-01 2.600000000000000000e+01 2.600000000000000089e-01 5.099019513592784741e-02 2.420125760000000368e-13 1.000000000000000000e+02
1.881840000000000000e+06 2.806831880000000000e+08 5.406264800925926102e+04 4.200617283950616176e-01 1.700000000000000000e+01 1.700000000000000122e-01 4.123105625617660280e-02 1.582389920000000202e-13 1.000000000000000000e+02
1.881940000000000000e+06 2.806832880000000000e+08 5.406264916666666977e+04 4.201903292181068394e-01 2.700000000000000000e+01 2.700000000000000178e-01 5.196152422706631913e-02 2.513207520000000498e-13 1.000000000000000000e+02
1.882040000000000000e+06 2.806833880000000000e+08 5.406265032407407125e+04 4.203189300411520612e-01 2.000000000000000000e+01 2.000000000000000111e-01 4.472135954999579416e-02 1.861635200000000341e-13 1.000000000000000000e+02
1.882140000000000000e+06 2.806834880000000000e+08 5.406265148148148000e+04 4.204475308641977271e-01 2.500000000000000000e+01 2.500000000000000000e-01 5.000000000000000278e-02 2.327044000000000237e-13 1.000000000000000000e+02
1.882240000000000000e+06 2.806835880000000000e+08 5.406265263888888876e+04 4.205761316872429489e-01 2.000000000000000000e+01 2.000000000000000111e-01 4.472135954999579416e-02 1.861635200000000341e-13 1.000000000000000000e+02
1.882340000000000000e+06 2.806836880000000000e+08 5.406265379629629751e+04 4.207047325102881707e-01 1.900000000000000000e+01 1.900000000000000022e-01 4.358898943540674004e-02 1.768553440000000211e-13 1.000000000000000000e+02
1.882440000000000000e+06 2.806837880000000000e+08 5.406265495370370627e+04 4.208333333333333925e-01 1.600000000000000000e+01 1.600000000000000033e-01 4.000000000000000083e-02 1.489308160000000071e-13 1.000000000000000000e+02
1.882540000000000000e+06 2.806838880000000000e+08 5.406265611111110775e+04 4.209619341563786143e-01 3.000000000000000000e+01 2.999999999999999889e-01 5.477225575051661299e-02 2.792452800000000386e-13 1.000000000000000000e+02
1.882640000000000000e+06 2.806839880000000000e+08 5.406265726851851650e+04 4.210905349794238361e-01 2.700000000000000000e+01 2.700000000000000178e-01 5.196152422706631913e-02 2.513207520000000498e-13 1.000000000000000000e+02
1.882740000000000000e+06 2.806840880000000000e+08 5.406265842592592526e+04 4.212191358024690579e-01 1.500000000000000000e+01 1.499999999999999944e-01 3.872983346207416883e-02 1.396226400000000193e-13 1.000000000000000000e+02
1.882840000000000000e+06 2.806841880000000000e+08 5.406265958333333401e+04 4.213477366255142798e-01 3.000000000000000000e+01 2.999999999999999889e-01 5.477225575051661299e-02 2.792452800000000386e-13 1.000000000000000000e+02
1.882940000000000000e+06 2.806842880000000000e+08 5.406266074074074277e+04 4.214763374485595016e-01 2.300000000000000000e+01 2.300000000000000100e-01 4.795831523312719252e-02 2.140880480000000228e-13 1.000000000000000000e+02
1.883040000000000000e+06 2.806843880000000000e+08 5.406266189814815152e+04 4.216049382716047234e-01 1.500000000000000000e+01 1.499999999999999944e-01 3.872983346207416883e-02 1.396226400000000193e-13 1.000000000000000000e+02
1.883140000000000000e+06 2.806844880000000000e+08 5.406266305555555300e+04 4.217335390946503892e-01 2.700000000000000000e+01 2.700000000000000178e-01 5.196152422706631913e-02 2.513207520000000498e-13 1.000000000000000000e+02
1.883240000000000000e+06 2.806845880000000000e+08 5.406266421296296176e+04 4.218621399176956110e-01 2.700000000000000000e+01 2.700000000000000178e-01 5.196152422706631913e-02 2.513207520000000498e-13 1.000000000000000000e+02
1.883340000000000000e+06 2.806846880000000000e+08 5.406266537037037051e+04 4.219907407407408328e-01 2.200000000000000000e+01 2.200000000000000011e-01 4.690415759823429731e-02 2.047798720000000098e-13 1.000000000000000000e+02
1.883440000000000000e+06 2.806847880000000000e+08 5.406266652777777927e+04 4.221193415637860546e-01 1.600000000000000000e+01 1.600000000000000033e-01 4.000000000000000083e-02 1.489308160000000071e-13 1.000000000000000000e+02
1.883540000000000000e+06 2.806848880000000000e+08 5.406266768518518802e+04 4.222479423868312765e-01 2.700000000000000000e+01 2.700000000000000178e-01 5.196152422706631913e-02 2.513207520000000498e-13 1.000000000000000000e+02
1.883640000000000000e+06 2.806849880000000000e+08 5.406266884259258950e+04 4.223765432098764983e-01 2.000000000000000000e+01 2.000000000000000111e-01 4.472135954999579416e-02 1.861635200000000341e-13 1.000000000000000000e+02
1.883740000000000000e+06 2.806850880000000000e+08 5.406266999999999825e+04 4.225051440329217201e-01 2.400000000000000000e+01 2.399999999999999911e-01 4.898979485566355707e-02 2.233962240000000106e-13 1.000000000000000000e+02
1.883840000000000000e+06 2.806851880000000000e+08 5.406267115740740701e+04 4.226337448559669419e-01 2.600000000000000000e+01 2.600000000000000089e-01 5.099019513592784741e-02 2.420125760000000368e-13 1.000000000000000000e+02
1.883940000000000000e+06 2.806852880000000000e+08 5.406267231481481576e+04 4.227623456790121637e-01 1.800000000000000000e+01 1.799999999999999933e-01 4.242640687119284687e-02 1.675471680000000080e-13 1.000000000000000000e+02
1.884040000000000000e+06 2.806853880000000000e+08 5.406267347222222452e+04 4.228909465020578295e-01 2.200000000000000000e+01 2.200000000000000011e-01 4.690415759823429731e-02 2.047798720000000098e-13 1.000000000000000000e+02
1.884140000000000000e+06 2.806854880000000000e+08 5.406267462962963327e+04 4.230195473251030513e-01 1.700000000000000000e+01 1.700000000000000122e-01 4.123105625617660280e-02 1.582389920000000202e-13 1.000000000000000000e+02
1.884240000000000000e+06 2.806855880000000000e+08 5.406267578703703475e+04 4.231481481481482732e-01 2.300000000000000000e+01 2.300000000000000100e-01 4.795831523312719252e-02 2.140880480000000228e-13 1.000000000000000000e+02
1.884340000000000000e+06 2.806856880000000000e+08 5.406267694444444351e+04 4.232767489711934950e-01 1.500000000000000000e+01 1.499999999999999944e-01 3.872983346207416883e-02 1.396226400000000193e-13 1.000000000000000000e+02
1.884440000000000000e+06 2.806857880000000000e+08 5.406267810185185226e+04 4.234053497942387168e-01 2.600000000000000000e+01 2.600000000000000089e-01 5.099019513592784741e-02 2.420125760000000368e-13 1.000000000000000000e+02
1.884540000000000000e+06 2.806858880000000000e+08 5.406267925925926102e+04 4.235339506172839386e-01 2.700000000000000000e+01 2.700000000000000178e-01 5.196152422706631913e-02 2.513207520000000498e-13 1.000000000000000000e+02
1.884640000000000000e+06 2.806859880000000000e+08 5.406268041666666977e+04 4.236625514403291604e-01 1.700000000000000000e+01 1.700000000000000122e-01 4.123105625617660280e-02 1.582389920000000202e-13 1.000000000000000000e+02
1.884740000000000000e+06 2.806860880000000000e+08 5.406268157407407125e+04 4.237911522633743822e-01 1.400000000000000000e+01 1.400000000000000133e-01 3.741657386773941663e-02 1.303144640000000315e-13 1.000000000000000000e+02
1.884840000000000000e+06 2.806861880000000000e+08 5.406268273148148000e+04 4.239197530864196040e-01 3.000000000000000000e+01 2.999999999999999889e-01 5.477225575051661299e-02 2.792452800000000386e-13 1.000000000000000000e+02
1.884940000000000000e+06 2.806862880000000000e+08 5.406268388888888876e+04 4.240483539094648258e-01 2.200000000000000000e+01 2.200000000000000011e-01 4.690415759823429731e-02 2.047798720000000098e-13 1.000000000000000000e+02
1.885040000000000000e+06 2.806863880000000000e+08 5.406268504629629751e+04 4.241769547325104917e-01 1.900000000000000000e+01 1.900000000000000022e-01 4.358898943540674004e-02 1.768553440000000211e-13 1.000000000000000000e+02
1.885140000000000000e+06 2.806864880000000000e+08 5.406268620370370627e+04 4.243055555555557135e-01 2.100000000000000000e+01 2.099999999999999922e-01 4.582575694955839940e-02 1.954716960000000219e-13 1.000000000000000000e+02
1.885240000000000000e+06 2.806865880000000000e+08 5.406268736111110775e+04 4.244341563786009353e-01 2.600000000000000000e+01 2.600000000000000089e-01 5.099019513592784741e-02 2.420125760000000368e-13 1.000000000000000000e+02
1.885340000000000000e+06 2.806866880000000000e+08 5.406268851851851650e+04 4.245627572016461571e-01 1.800000000000000000e+01 1.799999999999999933e-01 4.242640687119284687e-02 1.675471680000000080e-13 1.000000000000000000e+02
1.885440000000000000e+06 2.806867880000000000e+08 5.406268967592592526e+04 4.246913580246913789e-01 2.100000000000000000e+01 2.099999999999999922e-01 4.582575694955839940e-02 1.954716960000000219e-13 1.000000000000000000e+02
1.885540000000000000e+06 2.806868880000000000e+08 5.406269083333333401e+04 4.248199588477366007e-01 2.700000000000000000e+01 2.700000000000000178e-01 5.196152422706631913e-02 2.513207520000000498e-13 1.000000000000000000e+02
1.885640000000000000e+06 2.806869880000000000e+08 5.406269199074074277e+04 4.249485596707818225e-01 2.300000000000000000e+01 2.300000000000000100e-01 4.795831523312719252e-02 2.140880480000000228e-13 1.000000000000000000e+02
1.885740000000000000e+06 2.806870880000000000e+08 5.406269314814815152e+04 4.250771604938270443e-01 2.200000000000000000e+01 2.200000000000000011e-01 4.690415759823429731e-02 2.047798720000000098e-13 1.000000000000000000e+02
1.885840000000000000e+06 2.806871880000000000e+08 5.406269430555555300e+04 4.252057613168722661e-01 2.200000000000000000e+01 2.200000000000000011e-01 4.690415759823429731e-02 2.047798720000000098e-13 1.000000000000000000e+02
1.885940000000000000e+06 2.806872880000000000e+08 5.406269546296296176e+04 4.253343621399174879e-01 2.100000000000000000e+01 2.099999999999999922e-01 4.582575694955839940e-02 1.954716960000000219e-13 1.000000000000000000e+02
1.886040000000000000e+06 2.806873880000000000e+08 5.406269662037037051e+04 4.254629629629631538e-01 1.400000000000000000e+01 1.400000000000000133e-01 3.741657386773941663e-02 1.303144640000000315e-13 1.000000000000000000e+02
1.886140000000000000e+06 2.806874880000000000e+08 5.406269777777777927e+04 4.255915637860083756e-01 1.700000000000000000e+01 1.700000000000000122e-01 4.123105625617660280e-02 1.582389920000000202e-13 1.000000000000000000e+02
1.886240000000000000e+06 2.806875880000000000e+08 5.406269893518518802e+04 4.257201646090535974e-01 2.600000000000000000e+01 2.600000000000000089e-01 5.099019513592784741e-02 2.420125760000000368e-13 1.000000000000000000e+02
1.886340000000000000e+06 2.806876880000000000e+08 5.406270009259258950e+04 4.258487654320988192e-01 2.700000000000000000e+01 2.700000000000000178e-01 5.196152422706631913e-02 2.513207520000000498e-13 1.000000000000000000e+02
1.886440000000000000e+06 2.806877880000000000e+08 5.406270124999999825e+04 4.259773662551440410e-01 2.300000000000000000e+01 2.300000000000000100e-01 4.795831523312719252e-02 2.140880480000000228e-13 1.000000000000000000e+02
1.886540000000000000e+06 2.806878880000000000e+08 5.406270240740740701e+04 4.261059670781892628e-01 2.400000000000000000e+01 2.399999999999999911e-01 4.898979485566355707e-02 2.233962240000000106e-13 1.000000000000000000e+02
1.886640000000000000e+06 2.806879880000000000e+08 5.406270356481481576e+04 4.262345679012344846e-01 2.900000000000000000e+01 2.899999999999999800e-01 5.385164807134503601e-02 2.699371040000000255e-13 1.000000000000000000e+02
1.886740000000000000e+06 2.806880880000000000e+08 5.406270472222222452e+04 4.263631687242797064e-01 1.900000000000000000e+01 1.900000000000000022e-01 4.358898943540674004e-02 1.768553440000000211e-13 1.000000000000000000e+02
1.886840000000000000e+06 2.806881880000000000e+08 5.406270587962963327e+04 4.264917695473249282e-01 2.200000000000000000e+01 2.200000000000000011e-01 4.690415759823429731e-02 2.047798720000000098e-13 1.000000000000000000e+02
1.886940000000000000e+06 2.806882880000000000e+08 5.406270703703703475e+04 4.266203703703701500e-01 3.400000000000000000e+01 3.400000000000000244e-01 5.830951894845300826e-02 3.164779840000000403e-13 1.000000000000000000e+02
1.887040000000000000e+06 2.806883880000000000e+08 5.406270819444444351e+04 4.267489711934158159e-01 2.400000000000000000e+01 2.399999999999999911e-01 4.898979485566355707e-02 2.233962240000000106e-13 1.000000000000000000e+02
1.887140000000000000e+06 2.806884880000000000e+08 5.406270935185185226e+04 4.268775720164610377e-01 1.900000000000000000e+01 1.900000000000000022e-01 4.358898943540674004e-02 1.768553440000000211e-13 1.000000000000000000e+02
1.887240000000000000e+06 2.806885880000000000e+08 5.406271050925926102e+04 4.270061728395062595e-01 2.700000000000000000e+01 2.700000000000000178e-01 5.196152422706631913e-02 2.513207520000000498e-13 1.000000000000000000e+02
1.887340000000000000e+06 2.806886880000000000e+08 5.406271166666666977e+04 4.271347736625514813e-01 2.000000000000000000e+01 2.000000000000000111e-01 4.472135954999579416e-02 1.861635200000000341e-13 1.000000000000000000e+02
1.887440000000000000e+06 2.806887880000000000e+08 5.406271282407407125e+04 4.272633744855967031e-01 2.100000000000000000e+01 2.099999999999999922e-01 4.582575694955839940e-02 1.954716960000000219e-13 1.000000000000000000e+02
1.887540000000000000e+06 2.806888880000000000e+08 5.406271398148148000e+04 4.273919753086419249e-01 2.000000000000000000e+01 2.000000000000000111e-01 4.472135954999579416e-02 1.861635200000000341e-13 1.000000000000000000e+02
1.887640000000000000e+06 2.806889880000000000e+08 5.406271513888888876e+04 4.275205761316871467e-01 2.700000000000000000e+01 2.700000000000000178e-01 5.196152422706631913e-02 2.513207520000000498e-13 1.000000000000000000e+02
1.887740000000000000e+06 2.806890880000000000e+08 5.406271629629629751e+04 4.276491769547323685e-01 2.200000000000000000e+01 2.200000000000000011e-01 4.690415759823429731e-02 2.047798720000000098e-13 1.000000000000000000e+02
1.887840000000000000e+06 2.806891880000000000e+08 5.406271745370370627e+04 4.277777777777775903e-01 2.300000000000000000e+01 2.300000000000000100e-01 4.795831523312719252e-02 2.140880480000000228e-13 1.000000000000000000e+02
1.887940000000000000e+06 2.806892880000000000e+08 5.406271861111110775e+04 4.279063786008232562e-01 2.100000000000000000e+01 2.099999999999999922e-01 4.582575694955839940e-02 1.954716960000000219e-13 1.000000000000000000e+02
1.888040000000000000e+06 2.806893880000000000e+08 5.406271976851851650e+04 4.280349794238684780e-01 1.500000000000000000e+01 1.499999999999999944e-01 3.872983346207416883e-02 1.396226400000000193e-13 1.000000000000000000e+02
1.888140000000000000e+06 2.806894880000000000e+08 5.406272092592592526e+04 4.281635802469136998e-01 2.200000000000000000e+01 2.200000000000000011e-01 4.690415759823429731e-02 2.047798720000000098e-13 1.000000000000000000e+02
1.888240000000000000e+06 2.806895880000000000e+08 5.406272208333333401e+04 4.282921810699589216e-01 1.600000000000000000e+01 1.600000000000000033e-01 4.000000000000000083e-02 1.489308160000000071e-13 1.000000000000000000e+02
1.888340000000000000e+06 2.806896880000000000e+08 5.406272324074074277e+04 4.284207818930041434e-01 2.800000000000000000e+01 2.800000000000000266e-01 5.291502622129181516e-02 2.606289280000000629e-13 1.000000000000000000e+02
1.888440000000000000e+06 2.806897880000000000e+08 5.406272439814815152e+04 4.285493827160493652e-01 2.400000000000000000e+01 2.399999999999999911e-01 4.898979485566355707e-02 2.233962240000000106e-13 1.000000000000000000e+02
1.888540000000000000e+06 2.806898880000000000e+08 5.406272555555555300e+04 4.286779835390945870e-01 2.000000000000000000e+01 2.000000000000000111e-01 4.472135954999579416e-02 1.861635200000000341e-13 1.000000000000000000e+02
1.888640000000000000e+06 2.806899880000000000e+08 5.406272671296296176e+04 4.288065843621398088e-01 2.000000000000000000e+01 2.000000000000000111e-01 4.472135954999579416e-02 1.861635200000000341e-13 1.000000000000000000e+02
1.888740000000000000e+06 2.806900880000000000e+08 5.406272787037037051e+04 4.289351851851850306e-01 1.800000000000000000e+01 1.799999999999999933e-01 4.242640687119284687e-02 1.675471680000000080e-13 1.000000000000000000e+02
1.888840000000000000e+06 2.806901880000000000e+08 5.406272902777777927e+04 4.290637860082302524e-01 2.300000000000000000e+01 2.300000000000000100e-01 4.795831523312719252e-02 2.140880480000000228e-13 1.000000000000000000e+02
1.888940000000000000e+06 2.806902880000000000e+08 5.406273018518518802e+04 4.291923868312759183e-01 2.100000000000000000e+01 2.099999999999999922e-01 4.582575694955839940e-02 1.954716960000000219e-13 1.000000000000000000e+02
1.889040000000000000e+06 2.806903880000000000e+08 5.406273134259258950e+04 4.293209876543211401e-01 1.700000000000000000e+01 1.700000000000000122e-01 4.123105625617660280e-02 1.582389920000000202e-13 1.000000000000000000e+02
1.889140000000000000e+06 2.806904880000000000e+08 5.406273249999999825e+04 4.294495884773663619e-01 1.600000000000000000e+01 1.600000000000000033e-01 4.000000000000000083e-02 1.489308160000000071e-13 1.000000000000000000e+02
1.889240000000000000e+06 2.806905880000000000e+08 5.406273365740740701e+04 4.295781893004115837e-01 1.700000000000000000e+01 1.700000000000000122e-01 4.123105625617660280e-02 1.582389920000000202e-13 1.000000000000000000e+02
1.889340000000000000e+06 2.806906880000000000e+08 5.406273481481481576e+04 4.297067901234568055e-01 2.500000000000000000e+01 2.500000000000000000e-01 5.000000000000000278e-02 2.327044000000000237e-13 1.000000000000000000e+02
1.889440000000000000e+06 2.806907880000000000e+08 5.406273597222222452e+04 4.298353909465020273e-01 2.300000000000000000e+01 2.300000000000000100e-01 4.795831523312719252e-02 2.140880480000000228e-13 1.000000000000000000e+02
1.889540000000000000e+06 2.806908880000000000e+08 5.406273712962963327e+04 4.299639917695472491e-01 1.800000000000000000e+01 1.799999999999999933e-01 4.242640687119284687e-02 1.675471680000000080e-13 1.000000000000000000e+02
1.889640000000000000e+06 2.806909880000000000e+08 5.406273828703703475e+04 4.300925925925924709e-01 1.800000000000000000e+01 1.799999999999999933e-01 4.242640687119284687e-02 1.675471680000000080e-13 1.000000000000000000e+02
1.889740000000000000e+06 2.806910880000000000e+08 5.406273944444444351e+04 4.302211934156376927e-01 1.800000000000000000e+01 1.799999999999999933e-01 4.242640687119284687e-02 1.675471680000000080e-13 1.000000000000000000e+02
1.889840000000000000e+06 2.806911880000000000e+08 5.406274060185185226e+04 4.303497942386829145e-01 1.400000000000000000e+01 1.400000000000000133e-01 3.741657386773941663e-02 1.303144640000000315e-13 1.000000000000000000e+02
1.889940000000000000e+06 2.806912880000000000e+08 5.406274175925926102e+04 4.304783950617285804e-01 1.900000000000000000e+01 1.900000000000000022e-01 4.358898943540674004e-02 1.768553440000000211e-13 1.000000000000000000e+02
1.890040000000000000e+06 2.806913880000000000e+08 5.406274291666666977e+04 4.306069958847738022e-01 1.900000000000000000e+01 1.900000000000000022e-01 4.358898943540674004e-02 1.768553440000000211e-13 1.000000000000000000e+02
1.890140000000000000e+06 2.806914880000000000e+08 5.406274407407407125e+04 4.307355967078190240e-01 2.000000000000000000e+01 2.000000000000000111e-01 4.472135954999579416e-02 1.861635200000000341e-13 1.000000000000000000e+02
1.890240000000000000e+06 2.806915880000000000e+08 5.406274523148148000e+04 4.308641975308642458e-01 1.300000000000000000e+01 1.300000000000000044e-01 3.605551275463989014e-02 1.210062880000000184e-13 1.000000000000000000e+02
1.890340000000000000e+06 2.806916880000000000e+08 5.406274638888888876e+04 4.309927983539094676e-01 1.300000000000000000e+01 1.300000000000000044e-01 3.605551275463989014e-02 1.210062880000000184e-13 1.000000000000000000e+02
1.890440000000000000e+06 2.806917880000000000e+08 5.406274754629629751e+04 4.311213991769546894e-01 2.500000000000000000e+01 2.500000000000000000e-01 5.000000000000000278e-02 2.327044000000000237e-13 1.000000000000000000e+02
1.890540000000000000e+06 2.806918880000000000e+08 5.406274870370370627e+04 4.312499999999999112e-01 2.000000000000000000e+01 2.000000000000000111e-01 4.472135954999579416e-02 1.861635200000000341e-13 1.000000000000000000e+02
1.890640000000000000e+06 2.806919880000000000e+08 5.406274986111110775e+04 4.313786008230451330e-01 1.900000000000000000e+01 1.900000000000000022e-01 4.358898943540674004e-02 1.768553440000000211e-13 1.000000000000000000e+02
1.890740000000000000e+06 2.806920880000000000e+08 5.406275101851851650e+04 4.315072016460903548e-01 1.700000000000000000e+01 1.700000000000000122e-01 4.123105625617660280e-02 1.582389920000000202e-13 1.000000000000000000e+02
1.890840000000000000e+06 2.806921880000000000e+08 5.406275217592592526e+04 4.316358024691360207e-01 2.600000000000000000e+01 2.600000000000000089e-01 5.099019513592784741e-02 2.420125760000000368e-13 1.000000000000000000e+02
1.890940000000000000e+06 2.806922880000000000e+08 5.406275333333333401e+04 4.317644032921812425e-01 2.200000000000000000e+01 2.200000000000000011e-01 4.690415759823429731e-02 2.047798720000000098e-13 1.000000000000000000e+02
1.891040000000000000e+06 2.806923880000000000e+08 5.406275449074074277e+04 4.318930041152264643e-01 1.600000000000000000e+01 1.600000000000000033e-01 4.000000000000000083e-02 1.489308160000000071e-13 1.000000000000000000e+02
1.891140000000000000e+06 2.806924880000000000e+08 5.406275564814815152e+04 4.320216049382716861e-01 1.900000000000000000e+01 1.900000000000000022e-01 4.358898943540674004e-02 1.768553440000000211e-13 1.000000000000000000e+02
1.891240000000000000e+06 2.806925880000000000e+08 5.406275680555555300e+04 4.321502057613169079e-01 2.600000000000000000e+01 2.600000000000000089e-01 5.099019513592784741e-02 2.420125760000000368e-13 1.000000000000000000e+02
1.891340000000000000e+06 2.806926880000000000e+08 5.406275796296296176e+04 4.322788065843621297e-01 1.700000000000000000e+01 1.700000000000000122e-01 4.123105625617660280e-02 1.582389920000000202e-13 1.000000000000000000e+02
1.891440000000000000e+06 2.806927880000000000e+08 5.406275912037037051e+04 4.324074074074073515e-01 1.900000000000000000e+01 1.900000000000000022e-01 4.358898943540674004e-02 1.768553440000000211e-13 1.000000000000000000e+02
1.891540000000000000e+06 2.806928880000000000e+08 5.406276027777777927e+04 4.325360082304525733e-01 1.500000000000000000e+01 1.499999999999999944e-01 3.872983346207416883e-02 1.396226400000000193e-13 1.000000000000000000e+02
1.891640000000000000e+06 2.806929880000000000e+08 5.406276143518518802e+04 4.326646090534977951e-01 2.000000000000000000e+01 2.000000000000000111e-01 4.472135954999579416e-02 1.861635200000000341e-13 1.000000000000000000e+02
1.891740000000000000e+06 2.806930880000000000e+08 5.406276259259258950e+04 4.327932098765430169e-01 1.500000000000000000e+01 1.499999999999999944e-01 3.872983346207416883e-02 1.396226400000000193e-13 1.000000000000000000e+02
1.891840000000000000e+06 2.806931880000000000e+08 5.406276374999999825e+04 4.329218106995886828e-01 1.000000000000000000e+01 1.000000000000000056e-01 3.162277660168379828e-02 9.308176000000001706e-14 1.000000000000000000e+02
1.891940000000000000e+06 2.806932880000000000e+08 5.406276490740740701e+04 4.330504115226339046e-01 2.400000000000000000e+01 2.399999999999999911e-01 4.898979485566355707e-02 2.233962240000000106e-13 1.000000000000000000e+02
1.892040000000000000e+06 2.806933880000000000e+08 5.406276606481481576e+04 4.331790123456791264e-01 1.200000000000000000e+01 1.199999999999999956e-01 3.464101615137754608e-02 1.116981120000000053e-13 1.000000000000000000e+02
1.892140000000000000e+06 2.806934880000000000e+08 5.406276722222222452e+04 4.333076131687243482e-01 1.400000000000000000e+01 1.400000000000000133e-01 3.741657386773941663e-02 1.303144640000000315e-13 1.000000000000000000e+02
1.892240000000000000e+06 2.806935880000000000e+08 5.406276837962963327e+04 4.334362139917695700e-01 1.300000000000000000e+01 1.300000000000000044e-01 3.605551275463989014e-02 1.210062880000000184e-13 1.000000000000000000e+02
1.892340000000000000e+06 2.806936880000000000e+08 5.406276953703703475e+04 4.335648148148147918e-01 1.900000000000000000e+01 1.900000000000000022e-01 4.358898943540674004e-02 1.768553440000000211e-13 1.000000000000000000e+02
1.892440000000000000e+06 2.806937880000000000e+08 5.406277069444444351e+04 4.336934156378600136e-01 1.300000000000000000e+01 1.300000000000000044e-01 3.605551275463989014e-02 1.210062880000000184e-13 1.000000000000000000e+02
1.892540000000000000e+06 2.806938880000000000e+08 5.406277185185185226e+04 4.338220164609052354e-01 1.900000000000000000e+01 1.900000000000000022e-01 4.358898943540674004e-02 1.768553440000000211e-13 1.000000000000000000e+02
1.892640000000000000e+06 2.806939880000000000e+08 5.406277300925926102e+04 4.339506172839504572e-01 1.400000000000000000e+01 1.400000000000000133e-01 3.741657386773941663e-02 1.303144640000000315e-13 1.000000000000000000e+02
1.892740000000000000e+06 2.806940880000000000e+08 5.406277416666666977e+04 4.340792181069956790e-01 1.000000000000000000e+01 1.000000000000000056e-01 3.162277660168379828e-02 9.308176000000001706e-14 1.000000000000000000e+02
1.892840000000000000e+06 2.806941880000000000e+08 5.406277532407407125e+04 4.342078189300413449e-01 1.200000000000000000e+01 1.199999999999999956e-01 3.464101615137754608e-02 1.116981120000000053e-13 1.000000000000000000e+02
1.892940000000000000e+06 2.806942880000000000e+08 5.406277648148148000e+04 4.343364197530865667e-01 1.200000000000000000e+01 1.199999999999999956e-01 3.464101615137754608e-02 1.116981120000000053e-13 1.000000000000000000e+02
1.893040000000000000e+06 2.806943880000000000e+08 5.406277763888888876e+04 4.344650205761317885e-01 1.300000000000000000e+01 1.300000000000000044e-01 3.605551275463989014e-02 1.210062880000000184e-13 1.000000000000000000e+02
1.893140000000000000e+06 2.806944880000000000e+08 5.406277879629629751e+04 4.345936213991770103e-01 2.000000000000000000e+01 2.000000000000000111e-01 4.472135954999579416e-02 1.861635200000000341e-13 1.000000000000000000e+02
1.893240000000000000e+06 2.806945880000000000e+08 5.406277995370370627e+04 4.347222222222222321e-01 1.200000000000000000e+01 1.199999999999999956e-01 3.464101615137754608e-02 1.116981120000000053e-13 1.000000000000000000e+02
1.893340000000000000e+06 2.806946880000000000e+08 5.406278111111110775e+04 4.348508230452674539e-01 1.900000000000000000e+01 1.900000000000000022e-01 4.358898943540674004e-02 1.768553440000000211e-13 1.000000000000000000e+02
1.893440000000000000e+06 2.806947880000000000e+08 5.406278226851851650e+04 4.349794238683126757e-01 2.100000000000000000e+01 2.099999999999999922e-01 4.582575694955839940e-02 1.954716960000000219e-13 1.000000000000000000e+02
1.893540000000000000e+06 2.806948880000000000e+08 5.406278342592592526e+04 4.351080246913578975e-01 7.000000000000000000e+00 7.000000000000000666e-02 2.645751311064590758e-02 6.515723200000001573e-14 1.000000000000000000e+02
1.893640000000000000e+06 2.806949880000000000e+08 5.406278458333333401e+04 4.352366255144031193e-01 1.200000000000000000e+01 1.199999999999999956e-01 3.464101615137754608e-02 1.116981120000000053e-13 1.000000000000000000e+02
1.893740000000000000e+06 2.806950880000000000e+08 5.406278574074074277e+04 4.353652263374483411e-01 2.300000000000000000e+01 2.300000000000000100e-01 4.795831523312719252e-02 2.140880480000000228e-13 1.000000000000000000e+02
1.893840000000000000e+06 2.806951880000000000e+08 5.406278689814815152e+04 4.354938271604940070e-01 1.900000000000000000e+01 1.900000000000000022e-01 4.358898943540674004e-02 1.768553440000000211e-13 1.000000000000000000e+02
1.893940000000000000e+06 2.806952880000000000e+08 5.406278805555555300e+04 4.356224279835392288e-01 8.000000000000000000e+00 8.000000000000000167e-02 2.828427124746190138e-02 7.446540800000000355e-14 1.000000000000000000e+02
1.894040000000000000e+06 2.806953880000000000e+08 5.406278921296296176e+04 4.357510288065844506e-01 1.200000000000000000e+01 1.199999999999999956e-01 3.464101615137754608e-02 1.116981120000000053e-13 1.000000000000000000e+02
1.894140000000000000e+06 2.806954880000000000e+08 5.406279037037037051e+04 4.358796296296296724e-01 1.600000000000000000e+01 1.600000000000000033e-01 4.000000000000000083e-02 1.489308160000000071e-13 1.000000000000000000e+02
1.894240000000000000e+06 2.806955880000000000e+08 5.406279152777777927e+04 4.360082304526748942e-01 1.300000000000000000e+01 1.300000000000000044e-01 3.605551275463989014e-02 1.210062880000000184e-13 1.000000000000000000e+02
1.894340000000000000e+06 2.806956880000000000e+08 5.406279268518518802e+04 4.361368312757201160e-01 1.600000000000000000e+01 1.600000000000000033e-01 4.000000000000000083e-02 1.489308160000000071e-13 1.000000000000000000e+02
1.894440000000000000e+06 2.806957880000000000e+08 5.406279384259258950e+04 4.362654320987653378e-01 1.600000000000000000e+01 1.600000000000000033e-01 4.000000000000000083e-02 1.489308160000000071e-13 1.000000000000000000e+02
1.894540000000000000e+06 2.806958880000000000e+08 5.406279499999999825e+04 4.363940329218105596e-01 1.300000000000000000e+01 1.300000000000000044e-01 3.605551275463989014e-02 1.210062880000000184e-13 1.000000000000000000e+02
1.894640000000000000e+06 2.806959880000000000e+08 5.406279615740740701e+04 4.365226337448557814e-01 6.000000000000000000e+00 5.999999999999999778e-02 2.449489742783177854e-02 5.584905600000000266e-14 1.000000000000000000e+02
1.894740000000000000e+06 2.806960880000000000e+08 5.406279731481481576e+04 4.366512345679014473e-01 8.000000000000000000e+00 8.000000000000000167e-02 2.828427124746190138e-02 7.446540800000000355e-14 1.000000000000000000e+02
1.894840000000000000e+06 2.806961880000000000e+08 5.406279847222222452e+04 4.367798353909466691e-01 1.100000000000000000e+01 1.100000000000000006e-01 3.316624790355399838e-02 1.023899360000000049e-13 1.000000000000000000e+02
1.894940000000000000e+06 2.806962880000000000e+08 5.406279962962963327e+04 4.369084362139918909e-01 1.600000000000000000e+01 1.600000000000000033e-01 4.000000000000000083e-02 1.489308160000000071e-13 1.000000000000000000e+02
1.895040000000000000e+06 2.806963880000000000e+08 5.406280078703703475e+04 4.370370370370371127e-01 1.600000000000000000e+01 1.600000000000000033e-01 4.000000000000000083e-02 1.489308160000000071e-13 1.000000000000000000e+02
1.895140000000000000e+06 2.806964880000000000e+08 5.406280194444444351e+04 4.371656378600823345e-01 1.300000000000000000e+01 1.300000000000000044e-01 3.605551275463989014e-02 1.210062880000000184e-13 1.000000000000000000e+02
1.895240000000000000e+06 2.806965880000000000e+08 5.406280310185185226e+04 4.372942386831275563e-01 1.800000000000000000e+01 1.799999999999999933e-01 4.242640687119284687e-02 1.675471680000000080e-13 1.000000000000000000e+02
1.895340000000000000e+06 2.806966880000000000e+08 5.406280425925926102e+04 4.374228395061727781e-01 1.700000000000000000e+01 1.700000000000000122e-01 4.123105625617660280e-02 1.582389920000000202e-13 1.000000000000000000e+02
1.895440000000000000e+06 2.806967880000000000e+08 5.406280541666666977e+04 4.375514403292179999e-01 1.500000000000000000e+01 1.499999999999999944e-01 3.872983346207416883e-02 1.396226400000000193e-13 1.000000000000000000e+02
1.895540000000000000e+06 2.806968880000000000e+08 5.406280657407407125e+04 4.376800411522632217e-01 1.400000000000000000e+01 1.400000000000000133e-01 3.741657386773941663e-02 1.303144640000000315e-13 1.000000000000000000e+02
1.895640000000000000e+06 2.806969880000000000e+08 5.406280773148148000e+04 4.378086419753084435e-01 1.300000000000000000e+01 1.300000000000000044e-01 3.605551275463989014e-02 1.210062880000000184e-13 1.000000000000000000e+02
1.895740000000000000e+06 2.806970880000000000e+08 5.406280888888888876e+04 4.379372427983541094e-01 1.300000000000000000e+01 1.300000000000000044e-01 3.605551275463989014e-02 1.210062880000000184e-13 1.000000000000000000e+02
1.895840000000000000e+06 2.806971880000000000e+08 5.406281004629629751e+04 4.380658436213993312e-01 1.500000000000000000e+01 1.499999999999999944e-01 3.872983346207416883e-02 1.396226400000000193e-13 1.000000000000000000e+02
1.895940000000000000e+06 2.806972880000000000e+08 5.406281120370370627e+04 4.381944444444445530e-01 1.400000000000000000e+01 1.400000000000000133e-01 3.741657386773941663e-02 1.303144640000000315e-13 1.000000000000000000e+02
1.896040000000000000e+06 2.806973880000000000e+08 5.406281236111110775e+04 4.383230452674897748e-01 1.400000000000000000e+01 1.400000000000000133e-01 3.741657386773941663e-02 1.303144640000000315e-13 1.000000000000000000e+02
1.896140000000000000e+06 2.806974880000000000e+08 5.406281351851851650e+04 4.384516460905349966e-01 1.800000000000000000e+01 1.799999999999999933e-01 4.242640687119284687e-02 1.675471680000000080e-13 1.000000000000000000e+02
1.896240000000000000e+06 2.806975880000000000e+08 5.406281467592592526e+04 4.385802469135802184e-01 1.600000000000000000e+01 1.600000000000000033e-01 4.000000000000000083e-02 1.489308160000000071e-13 1.000000000000000000e+02
1.896340000000000000e+06 2.806976880000000000e+08 5.406281583333333401e+04 4.387088477366254402e-01 5.000000000000000000e+00 5.000000000000000278e-02 2.236067977499789708e-02 4.654088000000000853e-14 1.000000000000000000e+02
1.896440000000000000e+06 2.806977880000000000e+08 5.406281699074074277e+04 4.388374485596706620e-01 1.300000000000000000e+01 1.300000000000000044e-01 3.605551275463989014e-02 1.210062880000000184e-13 1.000000000000000000e+02
1.896540000000000000e+06 2.806978880000000000e+08 5.406281814814815152e+04 4.389660493827158838e-01 1.500000000000000000e+01 1.499999999999999944e-01 3.872983346207416883e-02 1.396226400000000193e-13 1.000000000000000000e+02
1.896640000000000000e+06 2.806979880000000000e+08 5.406281930555555300e+04 4.390946502057611056e-01 1.400000000000000000e+01 1.400000000000000133e-01 3.741657386773941663e-02 1.303144640000000315e-13 1.000000000000000000e+02
1.896740000000000000e+06 2.806980880000000000e+08 5.406282046296296176e+04 4.392232510288067715e-01 1.500000000000000000e+01 1.499999999999999944e-01 3.872983346207416883e-02 1.396226400000000193e-13 1.000000000000000000e+02
1.896840000000000000e+06 2.806981880000000000e+08 5.406282162037037051e+04 4.393518518518519933e-01 1.600000000000000000e+01 1.600000000000000033e-01 4.000000000000000083e-02 1.489308160000000071e-13 1.000000000000000000e+02
1.896940000000000000e+06 2.806982880000000000e+08 5.406282277777777927e+04 4.394804526748972151e-01 1.000000000000000000e+01 1.000000000000000056e-01 3.162277660168379828e-02 9.308176000000001706e-14 1.000000000000000000e+02
1.897040000000000000e+06 2.806983880000000000e+08 5.406282393518518802e+04 4.396090534979424369e-01 1.200000000000000000e+01 1.199999999999999956e-01 3.464101615137754608e-02 1.116981120000000053e-13 1.000000000000000000e+02
1.897140000000000000e+06 2.806984880000000000e+08 5.406282509259258950e+04 4.397376543209876587e-01 1.200000000000000000e+01 1.199999999999999956e-01 3.464101615137754608e-02 1.116981120000000053e-13 1.000000000000000000e+02
1.897240000000000000e+06 2.806985880000000000e+08 5.406282624999999825e+04 4.398662551440328805e-01 1.000000000000000000e+01 1.000000000000000056e-01 3.162277660168379828e-02 9.308176000000001706e-14 1.000000000000000000e+02
1.897340000000000000e+06 2.806986880000000000e+08 5.406282740740740701e+04 4.399948559670781023e-01 2.000000000000000000e+01 2.000000000000000111e-01 4.472135954999579416e-02 1.861635200000000341e-13 1.000000000000000000e+02
1.897440000000000000e+06 2.806987880000000000e+08 5.406282856481481576e+04 4.401234567901233241e-01 9.000000000000000000e+00 8.999999999999999667e-02 2.999999999999999889e-02 8.377358400000000399e-14 1.000000000000000000e+02
1.897540000000000000e+06 2.806988880000000000e+08 5.406282972222222452e+04 4.402520576131685459e-01 8.000000000000000000e+00 8.000000000000000167e-02 2.828427124746190138e-02 7.446540800000000355e-14 1.000000000000000000e+02
1.897640000000000000e+06 2.806989880000000000e+08 5.406283087962963327e+04 4.403806584362142118e-01 9.000000000000000000e+00 8.999999999999999667e-02 2.999999999999999889e-02 8.377358400000000399e-14 1.000000000000000000e+02
1.897740000000000000e+06 2.806990880000000000e+08 5.406283203703703475e+04 4.405092592592594336e-01 1.400000000000000000e+01 1.400000000000000133e-01 3.741657386773941663e-02 1.303144640000000315e-13 1.000000000000000000e+02
1.897840000000000000e+06 2.806991880000000000e+08 5.406283319444444351e+04 4.406378600823046554e-01 1.200000000000000000e+01 1.199999999999999956e-01 3.464101615137754608e-02 1.116981120000000053e-13 1.000000000000000000e+02
1.897940000000000000e+06 2.806992880000000000e+08 5.406283435185185226e+04 4.407664609053498772e-01 1.000000000000000000e+01 1.000000000000000056e-01 3.162277660168379828e-02 9.308176000000001706e-14 1.000000000000000000e+02
1.898040000000000000e+06 2.806993880000000000e+08 5.406283550925926102e+04 4.408950617283950990e-01 1.100000000000000000e+01 1.100000000000000006e-01 3.316624790355399838e-02 1.023899360000000049e-13 1.000000000000000000e+02
1.898140000000000000e+06 2.806994880000000000e+08 5.406283666666666977e+04 4.410236625514403208e-01 1.600000000000000000e+01 1.600000000000000033e-01 4.000000000000000083e-02 1.489308160000000071e-13 1.000000000000000000e+02
1.898240000000000000e+06 2.806995880000000000e+08 5.406283782407407125e+04 4.411522633744855426e-01 1.200000000000000000e+01 1.199999999999999956e-01 3.464101615137754608e-02 1.116981120000000053e-13 1.000000000000000000e+02
1.898340000000000000e+06 2.806996880000000000e+08 5.406283898148148000e+04 4.412808641975307644e-01 1.700000000000000000e+01 1.700000000000000122e-01 4.123105625617660280e-02 1.582389920000000202e-13 1.000000000000000000e+02
1.898440000000000000e+06 2.806997880000000000e+08 5.406284013888888876e+04 4.414094650205759862e-01 1.000000000000000000e+01 1.000000000000000056e-01 3.162277660168379828e-02 9.308176000000001706e-14 1.000000000000000000e+02
1.898540000000000000e+06 2.806998880000000000e+08 5.406284129629629751e+04 4.415380658436212080e-01 1.200000000000000000e+01 1.199999999999999956e-01 3.464101615137754608e-02 1.116981120000000053e-13 1.000000000000000000e+02
1.898640000000000000e+06 2.806999880000000000e+08 5.406284245370370627e+04 4.416666666666668739e-01 6.000000000000000000e+00 5.999999999999999778e-02 2.449489742783177854e-02 5.584905600000000266e-14 1.000000000000000000e+02
1.898740000000000000e+06 2.807000880000000000e+08 5.406284361111110775e+04 4.417952674897120957e-01 1.400000000000000000e+01 1.400000000000000133e-01 3.741657386773941663e-02 1.303144640000000315e-13 1.000000000000000000e+02
1.898840000000000000e+06 2.807001880000000000e+08 5.406284476851851650e+04 4.419238683127573175e-01 1.600000000000000000e+01 1.600000000000000033e-01 4.000000000000000083e-02 1.489308160000000071e-13 1.000000000000000000e+02
1.898940000000000000e+06 2.807002880000000000e+08 5.406284592592592526e+04 4.420524691358025393e-01 1.300000000000000000e+01 1.300000000000000044e-01 3.605551275463989014e-02 1.210062880000000184e-13 1.000000000000000000e+02
1.899040000000000000e+06 2.807003880000000000e+08 5.406284708333333401e+04 4.421810699588477611e-01 1.000000000000000000e+01 1.000000000000000056e-01 3.162277660168379828e-02 9.308176000000001706e-14 1.000000000000000000e+02
1.899140000000000000e+06 2.807004880000000000e+08 5.406284824074074277e+04 4.423096707818929829e-01 1.700000000000000000e+01 1.700000000000000122e-01 4.123105625617660280e-02 1.582389920000000202e-13 1.000000000000000000e+02
1.899240000000000000e+06 2.807005880000000000e+08 5.406284939814815152e+04 4.424382716049382047e-01 1.900000000000000000e+01 1.900000000000000022e-01 4.358898943540674004e-02 1.768553440000000211e-13 1.000000000000000000e+02
1.899340000000000000e+06 2.807006880000000000e+08 5.406285055555555300e+04 4.425668724279834265e-01 1.000000000000000000e+01 1.000000000000000056e-01 3.162277660168379828e-02 9.308176000000001706e-14 1.000000000000000000e+02
1.899440000000000000e+06 2.807007880000000000e+08 5.406285171296296176e+04 4.426954732510286483e-01 1.500000000000000000e+01 1.499999999999999944e-01 3.872983346207416883e-02 1.396226400000000193e-13 1.000000000000000000e+02
1.899540000000000000e+06 2.807008880000000000e+08 5.406285287037037051e+04 4.428240740740738701e-01 1.400000000000000000e+01 1.400000000000000133e-01 3.741657386773941663e-02 1.303144640000000315e-13 1.000000000000000000e+02
1.899640000000000000e+06 2.807009880000000000e+08 5.406285402777777927e+04 4.429526748971195360e-01 1.100000000000000000e+01 1.100000000000000006e-01 3.316624790355399838e-02 1.023899360000000049e-13 1.000000000000000000e+02
1.899740000000000000e+06 2.807010880000000000e+08 5.406285518518518802e+04 4.430812757201647578e-01 6.000000000000000000e+00 5.999999999999999778e-02 2.449489742783177854e-02 5.584905600000000266e-14 1.000000000000000000e+02
1.899840000000000000e+06 2.807011880000000000e+08 5.406285634259258950e+04 4.432098765432099796e-01 1.100000000000000000e+01 1.100000000000000006e-01 3.316624790355399838e-02 1.023899360000000049e-13 1.000000000000000000e+02
1.899940000000000000e+06 2.807012880000000000e+08 5.406285749999999825e+04 4.433384773662552014e-01 1.200000000000000000e+01 1.199999999999999956e-01 3.464101615137754608e-02 1.116981120000000053e-13 1.000000000000000000e+02
1.900040000000000000e+06 2.807013880000000000e+08 5.406285865740740701e+04 4.434670781893004232e-01 1.500000000000000000e+01 1.499999999999999944e-01 3.872983346207416883e-02 1.396226400000000193e-13 1.000000000000000000e+02
1.900140000000000000e+06 2.807014880000000000e+08 5.406285981481481576e+04 4.435956790123456450e-01 1.200000000000000000e+01 1.199999999999999956e-01 3.464101615137754608e-02 1.116981120000000053e-13 1.000000000000000000e+02
1.900240000000000000e+06 2.807015880000000000e+08 5.406286097222222452e+04 4.437242798353908668e-01 8.000000000000000000e+00 8.000000000000000167e-02 2.828427124746190138e-02 7.446540800000000355e-14 1.000000000000000000e+02
1.900340000000000000e+06 2.807016880000000000e+08 5.406286212962963327e+04 4.438528806584360886e-01 1.400000000000000000e+01 1.400000000000000133e-01 3.741657386773941663e-02 1.303144640000000315e-13 1.000000000000000000e+02
1.900440000000000000e+06 2.807017880000000000e+08 5.406286328703703475e+04 4.439814814814813104e-01 1.100000000000000000e+01 1.100000000000000006e-01 3.316624790355399838e-02 1.023899360000000049e-13 1.000000000000000000e+02
1.900540000000000000e+06 2.807018880000000000e+08 5.406286444444444351e+04 4.441100823045265322e-01 1.300000000000000000e+01 1.300000000000000044e-01 3.605551275463989014e-02 1.210062880000000184e-13 1.000000000000000000e+02
1.900640000000000000e+06 2.807019880000000000e+08 5.406286560185185226e+04 4.442386831275721981e-01 8.000000000000000000e+00 8.000000000000000167e-02 2.828427124746190138e-02 7.446540800000000355e-14 1.000000000000000000e+02
1.900740000000000000e+06 2.807020880000000000e+08 5.406286675925926102e+04 4.443672839506174199e-01 8.000000000000000000e+00 8.000000000000000167e-02 2.828427124746190138e-02 7.446540800000000355e-14 1.000000000000000000e+02
1.900840000000000000e+06 2.807021880000000000e+08 5.406286791666666977e+04 4.444958847736626417e-01 7.000000000000000000e+00 7.000000000000000666e-02 2.645751311064590758e-02 6.515723200000001573e-14 1.000000000000000000e+02
1.900940000000000000e+06 2.807022880000000000e+08 5.406286907407407125e+04 4.446244855967078635e-01 1.300000000000000000e+01 1.300000000000000044e-01 3.605551275463989014e-02 1.210062880000000184e-13 1.000000000000000000e+02
1.901040000000000000e+06 2.807023880000000000e+08 5.406287023148148000e+04 4.447530864197530853e-01 7.000000000000000000e+00 7.000000000000000666e-02 2.645751311064590758e-02 6.515723200000001573e-14 1.000000000000000000e+02
1.901140000000000000e+06 2.807024880000000000e+08 5.406287138888888876e+04 4.448816872427983071e-01 8.000000000000000000e+00 8.000000000000000167e-02 2.828427124746190138e-02 7.446540800000000355e-14 1.000000000000000000e+02
1.901240000000000000e+06 2.807025880000000000e+08 5.406287254629629751e+04 4.450102880658435289e-01 7.000000000000000000e+00 7.000000000000000666e-02 2.645751311064590758e-02 6.515723200000001573e-14 1.000000000000000000e+02
1.901340000000000000e+06 2.807026880000000000e+08 5.406287370370370627e+04 4.451388888888887507e-01 1.000000000000000000e+01 1.000000000000000056e-01 3.162277660168379828e-02 9.308176000000001706e-14 1.000000000000000000e+02
1.901440000000000000e+06 2.807027880000000000e+08 5.406287486111110775e+04 4.452674897119339725e-01 9.000000000000000000e+00 8.999999999999999667e-02 2.999999999999999889e-02 8.377358400000000399e-14 1.000000000000000000e+02
1.901540000000000000e+06 2.807028880000000000e+08 5.406287601851851650e+04 4.453960905349796384e-01 1.200000000000000000e+01 1.199999999999999956e-01 3.464101615137754608e-02 1.116981120000000053e-13 1.000000000000000000e+02
1.901640000000000000e+06 2.807029880000000000e+08 5.406287717592592526e+04 4.455246913580248602e-01 6.000000000000000000e+00 5.999999999999999778e-02 2.449489742783177854e-02 5.584905600000000266e-14 1.000000000000000000e+02
1.901740000000000000e+06 2.807030880000000000e+08 5.406287833333333401e+04 4.456532921810700820e-01 1.100000000000000000e+01 1.100000000000000006e-01 3.316624790355399838e-02 1.023899360000000049e-13 1.000000000000000000e+02
1.901840000000000000e+06 2.807031880000000000e+08 5.406287949074074277e+04 4.457818930041153038e-01 8.000000000000000000e+00 8.000000000000000167e-02 2.828427124746190138e-02 7.446540800000000355e-14 1.000000000000000000e+02
1.901940000000000000e+06 2.807032880000000000e+08 5.406288064814815152e+04 4.459104938271605256e-01 1.200000000000000000e+01 1.199999999999999956e-01 3.464101615137754608e-02 1.116981120000000053e-13 1.000000000000000000e+02
1.902040000000000000e+06 2.807033880000000000e+08 5.406288180555555300e+04 4.460390946502057474e-01 1.200000000000000000e+01 1.199999999999999956e-01 3.464101615137754608e-02 1.116981120000000053e-13 1.000000000000000000e+02
1.902140000000000000e+06 2.807034880000000000e+08 5.406288296296296176e+04 4.461676954732509692e-01 1.000000000000000000e+01 1.000000000000000056e-01 3.162277660168379828e-02 9.308176000000001706e-14 1.000000000000000000e+02
1.902240000000000000e+06 2.807035880000000000e+08 5.406288412037037051e+04 4.462962962962961910e-01 9.000000000000000000e+00 8.999999999999999667e-02 2.999999999999999889e-02 8.377358400000000399e-14 1.000000000000000000e+02
1.902340000000000000e+06 2.807036880000000000e+08 5.406288527777777927e+04 4.464248971193414128e-01 5.000000000000000000e+00 5.000000000000000278e-02 2.236067977499789708e-02 4.654088000000000853e-14 1.000000000000000000e+02
1.902440000000000000e+06 2.807037880000000000e+08 5.406288643518518802e+04 4.465534979423866346e-01 7.000000000000000000e+00 7.000000000000000666e-02 2.645751311064590758e-02 6.515723200000001573e-14 1.000000000000000000e+02
1.902540000000000000e+06 2.807038880000000000e+08 5.406288759259258950e+04 4.466820987654323005e-01 3.000000000000000000e+00 2.999999999999999889e-02 1.732050807568877304e-02 2.792452800000000133e-14 1.000000000000000000e+02
1.902640000000000000e+06 2.807039880000000000e+08 5.406288874999999825e+04 4.468106995884775223e-01 8.000000000000000000e+00 8.000000000000000167e-02 2.828427124746190138e-02 7.446540800000000355e-14 1.000000000000000000e+02
1.902740000000000000e+06 2.807040880000000000e+08 5.406288990740740701e+04 4.469393004115227441e-01 1.200000000000000000e+01 1.199999999999999956e-01 3.464101615137754608e-02 1.116981120000000053e-13 1.000000000000000000e+02
1.902840000000000000e+06 2.807041880000000000e+08 5.406289106481481576e+04 4.470679012345679659e-01 9.000000000000000000e+00 8.999999999999999667e-02 2.999999999999999889e-02 8.377358400000000399e-14 1.000000000000000000e+02
1.902940000000000000e+06 2.807042880000000000e+08 5.406289222222222452e+04 4.471965020576131877e-01 8.000000000000000000e+00 8.000000000000000167e-02 2.828427124746190138e-02 7.446540800000000355e-14 1.000000000000000000e+02
1.903040000000000000e+06 2.807043880000000000e+08 5.406289337962963327e+04 4.473251028806584095e-01 1.200000000000000000e+01 1.199999999999999956e-01 3.464101615137754608e-02 1.116981120000000053e-13 1.000000000000000000e+02
1.903140000000000000e+06 2.807044880000000000e+08 5.406289453703703475e+04 4.474537037037036313e-01 8.000000000000000000e+00 8.000000000000000167e-02 2.828427124746190138e-02 7.446540800000000355e-14 1.000000000000000000e+02
1.903240000000000000e+06 2.807045880000000000e+08 5.406289569444444351e+04 4.475823045267488531e-01 6.000000000000000000e+00 5.999999999999999778e-02 2.449489742783177854e-02 5.584905600000000266e-14 1.000000000000000000e+02
1.903340000000000000e+06 2.807046880000000000e+08 5.406289685185185226e+04 4.477109053497940749e-01 1.000000000000000000e+01 1.000000000000000056e-01 3.162277660168379828e-02 9.308176000000001706e-14 1.000000000000000000e+02
1.903440000000000000e+06 2.807047880000000000e+08 5.406289800925926102e+04 4.478395061728392967e-01 1.000000000000000000e+01 1.000000000000000056e-01 3.162277660168379828e-02 9.308176000000001706e-14 1.000000000000000000e+02
1.903540000000000000e+06 2.807048880000000000e+08 5.406289916666666977e+04 4.479681069958849626e-01 1.200000000000000000e+01 1.199999999999999956e-01 3.464101615137754608e-02 1.116981120000000053e-13 1.000000000000000000e+02
1.903640000000000000e+06 2.807049880000000000e+08 5.406290032407407125e+04 4.480967078189301844e-01 9.000000000000000000e+00 8.999999999999999667e-02 2.999999999999999889e-02 8.377358400000000399e-14 1.000000000000000000e+02
1.903740000000000000e+06 2.807050880000000000e+08 5.406290148148148000e+04 4.482253086419754062e-01 5.000000000000000000e+00 5.000000000000000278e-02 2.236067977499789708e-02 4.654088000000000853e-14 1.000000000000000000e+02
1.906840000000000000e+06 2.807081880000000000e+08 5.406293736111110775e+04 4.522119341563786143e-01 6.000000000000000000e+00 5.999999999999999778e-02 2.449489742783177854e-02 5.584905600000000266e-14 1.000000000000000000e+02
1.906940000000000000e+06 2.807082880000000000e+08 5.406293851851851650e+04 4.523405349794238361e-01 5.000000000000000000e+00 5.000000000000000278e-02 2.236067977499789708e-02 4.654088000000000853e-14 1.000000000000000000e+02
1.907040000000000000e+06 2.807083880000000000e+08 5.406293967592592526e+04 4.524691358024690579e-01 5.000000000000000000e+00 5.000000000000000278e-02 2.236067977499789708e-02 4.654088000000000853e-14 1.000000000000000000e+02
1.907140000000000000e+06 2.807084880000000000e+08 5.406294083333333401e+04 4.525977366255142798e-01 7.000000000000000000e+00 7.000000000000000666e-02 2.645751311064590758e-02 6.515723200000001573e-14 1.000000000000000000e+02
1.907240000000000000e+06 2.807085880000000000e+08 5.406294199074074277e+04 4.527263374485595016e-01 7.000000000000000000e+00 7.000000000000000666e-02 2.645751311064590758e-02 6.515723200000001573e-14 1.000000000000000000e+02
1.907340000000000000e+06 2.807086880000000000e+08 5.406294314814815152e+04 4.528549382716047234e-01 7.000000000000000000e+00 7.000000000000000666e-02 2.645751311064590758e-02 6.515723200000001573e-14 1.000000000000000000e+02
1.907440000000000000e+06 2.807087880000000000e+08 5.406294430555555300e+04 4.529835390946503892e-01 4.000000000000000000e+00 4.000000000000000083e-02 2.000000000000000042e-02 3.723270400000000177e-14 1.000000000000000000e+02
1.907540000000000000e+06 2.807088880000000000e+08 5.406294546296296176e+04 4.531121399176956110e-01 2.000000000000000000e+00 2.000000000000000042e-02 1.414213562373095069e-02 1.861635200000000089e-14 1.000000000000000000e+02
1.907640000000000000e+06 2.807089880000000000e+08 5.406294662037037051e+04 4.532407407407408328e-01 1.000000000000000000e+00 1.000000000000000021e-02 1.000000000000000021e-02 9.308176000000000444e-15 1.000000000000000000e+02
1.907740000000000000e+06 2.807090880000000000e+08 5.406294777777777927e+04 4.533693415637860546e-01 7.000000000000000000e+00 7.000000000000000666e-02 2.645751311064590758e-02 6.515723200000001573e-14 1.000000000000000000e+02
1.907840000000000000e+06 2.807091880000000000e+08 5.406294893518518802e+04 4.534979423868312765e-01 6.000000000000000000e+00 5.999999999999999778e-02 2.449489742783177854e-02 5.584905600000000266e-14 1.000000000000000000e+02
1.907940000000000000e+06 2.807092880000000000e+08 5.406295009259258950e+04 4.536265432098764983e-01 8.000000000000000000e+00 8.000000000000000167e-02 2.828427124746190138e-02 7.446540800000000355e-14 1.000000000000000000e+02
1.908040000000000000e+06 2.807093880000000000e+08 5.406295124999999825e+04 4.537551440329217201e-01 5.000000000000000000e+00 5.000000000000000278e-02 2.236067977499789708e-02 4.654088000000000853e-14 1.000000000000000000e+02
1.908140000000000000e+06 2.807094880000000000e+08 5.406295240740740701e+04 4.538837448559669419e-01 6.000000000000000000e+00 5.999999999999999778e-02 2.449489742783177854e-02 5.584905600000000266e-14 1.000000000000000000e+02
1.908240000000000000e+06 2.807095880000000000e+08 5.406295356481481576e+04 4.540123456790121637e-01 5.000000000000000000e+00 5.000000000000000278e-02 2.236067977499789708e-02 4.654088000000000853e-14 1.000000000000000000e+02
1.908340000000000000e+06 2.807096880000000000e+08 5.406295472222222452e+04 4.541409465020578295e-01 8.000000000000000000e+00 8.000000000000000167e-02 2.828427124746190138e-02 7.446540800000000355e-14 1.000000000000000000e+02
1.908440000000000000e+06 2.807097880000000000e+08 5.406295587962963327e+04 4.542695473251030513e-01 8.000000000000000000e+00 8.000000000000000167e-02 2.828427124746190138e-02 7.446540800000000355e-14 1.000000000000000000e+02
1.908540000000000000e+06 2.807098880000000000e+08 5.406295703703703475e+04 4.543981481481482732e-01 3.000000000000000000e+00 2.999999999999999889e-02 1.732050807568877304e-02 2.792452800000000133e-14 1.000000000000000000e+02
1.908640000000000000e+06 2.807099880000000000e+08 5.406295819444444351e+04 4.545267489711934950e-01 4.000000000000000000e+00 4.000000000000000083e-02 2.000000000000000042e-02 3.723270400000000177e-14 1.000000000000000000e+02
1.908740000000000000e+06 2.807100880000000000e+08 5.406295935185185226e+04 4.546553497942387168e-01 3.000000000000000000e+00 2.999999999999999889e-02 1.732050807568877304e-02 2.792452800000000133e-14 1.000000000000000000e+02
1.908840000000000000e+06 2.807101880000000000e+08 5.406296050925926102e+04 4.547839506172839386e-01 5.000000000000000000e+00 5.000000000000000278e-02 2.236067977499789708e-02 4.654088000000000853e-14 1.000000000000000000e+02
1.908940000000000000e+06 2.807102880000000000e+08 5.406296166666666977e+04 4.549125514403291604e-01 4.000000000000000000e+00 4.000000000000000083e-02 2.000000000000000042e-02 3.723270400000000177e-14 1.000000000000000000e+02
1.909040000000000000e+06 2.807103880000000000e+08 5.406296282407407125e+04 4.550411522633743822e-01 2.000000000000000000e+00 2.000000000000000042e-02 1.414213562373095069e-02 1.861635200000000089e-14 1.000000000000000000e+02
1.909140000000000000e+06 2.807104880000000000e+08 5.406296398148148000e+04 4.551697530864196040e-01 3.000000000000000000e+00 2.999999999999999889e-02 1.732050807568877304e-02 2.792452800000000133e-14 1.000000000000000000e+02
1.909240000000000000e+06 2.807105880000000000e+08 5.406296513888888876e+04 4.552983539094648258e-01 7.000000000000000000e+00 7.000000000000000666e-02 2.645751311064590758e-02 6.515723200000001573e-14 1.000000000000000000e+02
1.909340000000000000e+06 2.807106880000000000e+08 5.406296629629629751e+04 4.554269547325104917e-01 5.000000000000000000e+00 5.000000000000000278e-02 2.236067977499789708e-02 4.654088000000000853e-14 1.000000000000000000e+02
1.909440000000000000e+06 2.807107880000000000e+08 5.406296745370370627e+04 4.555555555555557135e-01 2.000000000000000000e+00 2.000000000000000042e-02 1.414213562373095069e-02 1.861635200000000089e-14 1.000000000000000000e+02
1.909540000000000000e+06 2.807108880000000000e+08 5.406296861111110775e+04 4.556841563786009353e-01 2.000000000000000000e+00 2.000000000000000042e-02 1.414213562373095069e-02 1.861635200000000089e-14 1.000000000000000000e+02
1.909640000000000000e+06 2.807109880000000000e+08 5.406296976851851650e+04 4.558127572016461571e-01 6.000000000000000000e+00 5.999999999999999778e-02 2.449489742783177854e-02 5.584905600000000266e-14 1.000000000000000000e+02
1.909740000000000000e+06 2.807110880000000000e+08 5.406297092592592526e+04 4.559413580246913789e-01 4.000000000000000000e+00 4.000000000000000083e-02 2.000000000000000042e-02 3.723270400000000177e-14 1.000000000000000000e+02
1.909840000000000000e+06 2.807111880000000000e+08 5.406297208333333401e+04 4.560699588477366007e-01 1.000000000000000000e+00 1.000000000000000021e-02 1.000000000000000021e-02 9.308176000000000444e-15 1.000000000000000000e+02
1.909940000000000000e+06 2.807112880000000000e+08 5.406297324074074277e+04 4.561985596707818225e-01 2.000000000000000000e+00 2.000000000000000042e-02 1.414213562373095069e-02 1.861635200000000089e-14 1.000000000000000000e+02
1.910040000000000000e+06 2.807113880000000000e+08 5.406297439814815152e+04 4.563271604938270443e-01 3.000000000000000000e+00 2.999999999999999889e-02 1.732050807568877304e-02 2.792452800000000133e-14 1.000000000000000000e+02
1.910140000000000000e+06 2.807114880000000000e+08 5.406297555555555300e+04 4.564557613168722661e-01 4.000000000000000000e+00 4.000000000000000083e-02 2.000000000000000042e-02 3.723270400000000177e-14 1.000000000000000000e+02
1.910240000000000000e+06 2.807115880000000000e+08 5.406297671296296176e+04 4.565843621399174879e-01 3.000000000000000000e+00 2.999999999999999889e-02 1.732050807568877304e-02 2.792452800000000133e-14 1.000000000000000000e+02
1.910340000000000000e+06 2.807116880000000000e+08 5.406297787037037051e+04 4.567129629629631538e-01 3.000000000000000000e+00 2.999999999999999889e-02 1.732050807568877304e-02 2.792452800000000133e-14 1.000000000000000000e+02
1.910440000000000000e+06 2.807117880000000000e+08 5.406297902777777927e+04 4.568415637860083756e-01 5.000000000000000000e+00 5.000000000000000278e-02 2.236067977499789708e-02 4.654088000000000853e-14 1.000000000000000000e+02
1.910540000000000000e+06 2.807118880000000000e+08 5.406298018518518802e+04 4.569701646090535974e-01 3.000000000000000000e+00 2.999999999999999889e-02 1.732050807568877304e-02 2.792452800000000133e-14 1.000000000000000000e+02
1.910640000000000000e+06 2.807119880000000000e+08 5.406298134259258950e+04 4.570987654320988192e-01 5.000000000000000000e+00 5.000000000000000278e-02 2.236067977499789708e-02 4.654088000000000853e-14 1.000000000000000000e+02
1.910740000000000000e+06 2.807120880000000000e+08 5.406298249999999825e+04 4.572273662551440410e-01 4.000000000000000000e+00 4.000000000000000083e-02 2.000000000000000042e-02 3.723270400000000177e-14 1.000000000000000000e+02
1.910840000000000000e+06 2.807121880000000000e+08 5.406298365740740701e+04 4.573559670781892628e-01 3.000000000000000000e+00 2.999999999999999889e-02 1.732050807568877304e-02 2.792452800000000133e-14 1.000000000000000000e+02
1.910940000000000000e+06 2.807122880000000000e+08 5.406298481481481576e+04 4.574845679012344846e-01 3.000000000000000000e+00 2.999999999999999889e-02 1.732050807568877304e-02 2.792452800000000133e-14 1.000000000000000000e+02
1.911040000000000000e+06 2.807123880000000000e+08 5.406298597222222452e+04 4.576131687242797064e-01 1.000000000000000000e+00 1.000000000000000021e-02 1.000000000000000021e-02 9.308176000000000444e-15 1.000000000000000000e+02
1.911140000000000000e+06 2.807124880000000000e+08 5.406298712962963327e+04 4.577417695473249282e-01 4.000000000000000000e+00 4.000000000000000083e-02 2.000000000000000042e-02 3.723270400000000177e-14 1.000000000000000000e+02
1.911240000000000000e+06 2.807125880000000000e+08 5.406298828703703475e+04 4.578703703703701500e-01 1.000000000000000000e+00 1.000000000000000021e-02 1.000000000000000021e-02 9.308176000000000444e-15 1.000000000000000000e+02
1.911340000000000000e+06 2.807126880000000000e+08 5.406298944444444351e+04 4.579989711934158159e-01 3.000000000000000000e+00 2.999999999999999889e-02 1.732050807568877304e-02 2.792452800000000133e-14 1.000000000000000000e+02
1.911440000000000000e+06 2.807127880000000000e+08 5.406299060185185226e+04 4.581275720164610377e-01 3.000000000000000000e+00 2.999999999999999889e-02 1.732050807568877304e-02 2.792452800000000133e-14 1.000000000000000000e+02
1.911540000000000000e+06 2.807128880000000000e+08 5.406299175925926102e+04 4.582561728395062595e-01 2.000000000000000000e+00 2.000000000000000042e-02 1.414213562373095069e-02 1.861635200000000089e-14 1.000000000000000000e+02
1.911640000000000000e+06 2.807129880000000000e+08 5.406299291666666977e+04 4.583847736625514813e-01 4.000000000000000000e+00 4.000000000000000083e-02 2.000000000000000042e-02 3.723270400000000177e-14 1.000000000000000000e+02
1.911740000000000000e+06 2.807130880000000000e+08 5.406299407407407125e+04 4.585133744855967031e-01 2.000000000000000000e+00 2.000000000000000042e-02 1.414213562373095069e-02 1.861635200000000089e-14 1.000000000000000000e+02
1.911840000000000000e+06 2.807131880000000000e+08 5.406299523148148000e+04 4.586419753086419249e-01 4.000000000000000000e+00 4.000000000000000083e-02 2.000000000000000042e-02 3.723270400000000177e-14 1.000000000000000000e+02
1.911940000000000000e+06 2.807132880000000000e+08 5.406299638888888876e+04 4.587705761316871467e-01 0.000000000000000000e+00 0.000000000000000000e+00 0.000000000000000000e+00 0.000000000000000000e+00 1.000000000000000000e+02
1.912040000000000000e+06 2.807133880000000000e+08 5.406299754629629751e+04 4.588991769547323685e-01 3.000000000000000000e+00 2.999999999999999889e-02 1.732050807568877304e-02 2.792452800000000133e-14 1.000000000000000000e+02
1.912140000000000000e+06 2.807134880000000000e+08 5.406299870370370627e+04 4.590277777777775903e-01 1.000000000000000000e+00 1.000000000000000021e-02 1.000000000000000021e-02 9.308176000000000444e-15 1.000000000000000000e+02
1.912240000000000000e+06 2.807135880000000000e+08 5.406299986111110775e+04 4.591563786008232562e-01 4.000000000000000000e+00 4.000000000000000083e-02 2.000000000000000042e-02 3.723270400000000177e-14 1.000000000000000000e+02
1.912340000000000000e+06 2.807136880000000000e+08 5.406300101851851650e+04 4.592849794238684780e-01 1.000000000000000000e+00 1.000000000000000021e-02 1.000000000000000021e-02 9.308176000000000444e-15 1.000000000000000000e+02
1.912440000000000000e+06 2.807137880000000000e+08 5.406300217592592526e+04 4.594135802469136998e-01 4.000000000000000000e+00 4.000000000000000083e-02 2.000000000000000042e-02 3.723270400000000177e-14 1.000000000000000000e+02
1.912540000000000000e+06 2.807138880000000000e+08 5.406300333333333401e+04 4.595421810699589216e-01 3.000000000000000000e+00 2.999999999999999889e-02 1.732050807568877304e-02 2.792452800000000133e-14 1.000000000000000000e+02
1.912640000000000000e+06 2.807139880000000000e+08 5.406300449074074277e+04 4.596707818930041434e-01 3.000000000000000000e+00 2.999999999999999889e-02 1.732050807568877304e-02 2.792452800000000133e-14 1.000000000000000000e+02
1.912740000000000000e+06 2.807140880000000000e+08 5.406300564814815152e+04 4.597993827160493652e-01 0.000000000000000000e+00 0.000000000000000000e+00 0.000000000000000000e+00 0.000000000000000000e+00 1.000000000000000000e+02
1.912840000000000000e+06 2.807141880000000000e+08 5.406300680555555300e+04 4.599279835390945870e-01 1.000000000000000000e+00 1.000000000000000021e-02 1.000000000000000021e-02 9.308176000000000444e-15 1.000000000000000000e+02
1.912940000000000000e+06 2.807142880000000000e+08 5.406300796296296176e+04 4.600565843621398088e-01 2.000000000000000000e+00 2.000000000000000042e-02 1.414213562373095069e-02 1.861635200000000089e-14 1.000000000000000000e+02
1.913040000000000000e+06 2.807143880000000000e+08 5.406300912037037051e+04 4.601851851851850306e-01 2.000000000000000000e+00 2.000000000000000042e-02 1.414213562373095069e-02 1.861635200000000089e-14 1.000000000000000000e+02
1.913140000000000000e+06 2.807144880000000000e+08 5.406301027777777927e+04 4.603137860082302524e-01 3.000000000000000000e+00 2.999999999999999889e-02 1.732050807568877304e-02 2.792452800000000133e-14 1.000000000000000000e+02
1.913240000000000000e+06 2.807145880000000000e+08 5.406301143518518802e+04 4.604423868312759183e-01 1.000000000000000000e+00 1.000000000000000021e-02 1.000000000000000021e-02 9.308176000000000444e-15 1.000000000000000000e+02
1.913340000000000000e+06 2.807146880000000000e+08 5.406301259259258950e+04 4.605709876543211401e-01 0.000000000000000000e+00 0.000000000000000000e+00 0.000000000000000000e+00 0.000000000000000000e+00 1.000000000000000000e+02
1.913440000000000000e+06 2.807147880000000000e+08 5.406301374999999825e+04 4.606995884773663619e-01 1.000000000000000000e+00 1.000000000000000021e-02 1.000000000000000021e-02 9.308176000000000444e-15 1.000000000000000000e+02
1.913540000000000000e+06 2.807148880000000000e+08 5.406301490740740701e+04 4.608281893004115837e-01 1.000000000000000000e+00 1.000000000000000021e-02 1.000000000000000021e-02 9.308176000000000444e-15 1.000000000000000000e+02
1.913640000000000000e+06 2.807149880000000000e+08 5.406301606481481576e+04 4.609567901234568055e-01 2.000000000000000000e+00 2.000000000000000042e-02 1.414213562373095069e-02 1.861635200000000089e-14 1.000000000000000000e+02
1.913740000000000000e+06 2.807150880000000000e+08 5.406301722222222452e+04 4.610853909465020273e-01 1.000000000000000000e+00 1.000000000000000021e-02 1.000000000000000021e-02 9.308176000000000444e-15 1.000000000000000000e+02
1.913840000000000000e+06 2.807151880000000000e+08 5.406301837962963327e+04 4.612139917695472491e-01 2.000000000000000000e+00 2.000000000000000042e-02 1.414213562373095069e-02 1.861635200000000089e-14 1.000000000000000000e+02
1.913940000000000000e+06 2.807152880000000000e+08 5.406301953703703475e+04 4.613425925925924709e-01 2.000000000000000000e+00 2.000000000000000042e-02 1.414213562373095069e-02 1.861635200000000089e-14 1.000000000000000000e+02
1.914040000000000000e+06 2.807153880000000000e+08 5.406302069444444351e+04 4.614711934156376927e-01 2.000000000000000000e+00 2.000000000000000042e-02 1.414213562373095069e-02 1.861635200000000089e-14 1.000000000000000000e+02
1.914140000000000000e+06 2.807154880000000000e+08 5.406302185185185226e+04 4.615997942386829145e-01 0.000000000000000000e+00 0.000000000000000000e+00 0.000000000000000000e+00 0.000000000000000000e+00 1.000000000000000000e+02
1.914240000000000000e+06 2.807155880000000000e+08 5.406302300925926102e+04 4.617283950617285804e-01 0.000000000000000000e+00 0.000000000000000000e+00 0.000000000000000000e+00 0.000000000000000000e+00 1.000000000000000000e+02
1.914340000000000000e+06 2.807156880000000000e+08 5.406302416666666977e+04 4.618569958847738022e-01 2.000000000000000000e+00 2.000000000000000042e-02 1.414213562373095069e-02 1.861635200000000089e-14 1.000000000000000000e+02
1.914440000000000000e+06 2.807157880000000000e+08 5.406302532407407125e+04 4.619855967078190240e-01 0.000000000000000000e+00 0.000000000000000000e+00 0.000000000000000000e+00 0.000000000000000000e+00 1.000000000000000000e+02
1.914540000000000000e+06 2.807158880000000000e+08 5.406302648148148000e+04 4.621141975308642458e-01 2.000000000000000000e+00 2.000000000000000042e-02 1.414213562373095069e-02 1.861635200000000089e-14 1.000000000000000000e+02
1.914640000000000000e+06 2.807159880000000000e+08 5.406302763888888876e+04 4.622427983539094676e-01 1.000000000000000000e+00 1.000000000000000021e-02 1.000000000000000021e-02 9.308176000000000444e-15 1.000000000000000000e+02
1.914740000000000000e+06 2.807160880000000000e+08 5.406302879629629751e+04 4.623713991769546894e-01 1.000000000000000000e+00 1.000000000000000021e-02 1.000000000000000021e-02 9.308176000000000444e-15 1.000000000000000000e+02
1.914840000000000000e+06 2.807161880000000000e+08 5.406302995370370627e+04 4.624999999999999112e-01 4.000000000000000000e+00 4.000000000000000083e-02 2.000000000000000042e-02 3.723270400000000177e-14 1.000000000000000000e+02
1.914940000000000000e+06 2.807162880000000000e+08 5.406303111111110775e+04 4.626286008230451330e-01 6.000000000000000000e+00 5.999999999999999778e-02 2.449489742783177854e-02 5.584905600000000266e-14 1.000000000000000000e+02
1.915040000000000000e+06 2.807163880000000000e+08 5.406303226851851650e+04 4.627572016460903548e-01 2.000000000000000000e+00 2.000000000000000042e-02 1.414213562373095069e-02 1.861635200000000089e-14 1.000000000000000000e+02
1.915140000000000000e+06 2.807164880000000000e+08 5.406303342592592526e+04 4.628858024691360207e-01 0.000000000000000000e+00 0.000000000000000000e+00 0.000000000000000000e+00 0.000000000000000000e+00 1.000000000000000000e+02
1.915240000000000000e+06 2.807165880000000000e+08 5.406303458333333401e+04 4.630144032921812425e-01 1.000000000000000000e+00 1.000000000000000021e-02 1.000000000000000021e-02 9.308176000000000444e-15 1.000000000000000000e+02
1.915340000000000000e+06 2.807166880000000000e+08 5.406303574074074277e+04 4.631430041152264643e-01 2.000000000000000000e+00 2.000000000000000042e-02 1.414213562373095069e-02 1.861635200000000089e-14 1.000000000000000000e+02
1.915440000000000000e+06 2.807167880000000000e+08 5.406303689814815152e+04 4.632716049382716861e-01 0.000000000000000000e+00 0.000000000000000000e+00 0.000000000000000000e+00 0.000000000000000000e+00 1.000000000000000000e+02
1.915540000000000000e+06 2.807168880000000000e+08 5.406303805555555300e+04 4.634002057613169079e-01 2.000000000000000000e+00 2.000000000000000042e-02 1.414213562373095069e-02 1.861635200000000089e-14 1.000000000000000000e+02
1.915640000000000000e+06 2.807169880000000000e+08 5.406303921296296176e+04 4.635288065843621297e-01 2.000000000000000000e+00 2.000000000000000042e-02 1.414213562373095069e-02 1.861635200000000089e-14 1.000000000000000000e+02
1.915740000000000000e+06 2.807170880000000000e+08 5.406304037037037051e+04 4.636574074074073515e-01 4.000000000000000000e+00 4.000000000000000083e-02 2.000000000000000042e-02 3.723270400000000177e-14 1.000000000000000000e+02
1.915840000000000000e+06 2.807171880000000000e+08 5.406304152777777927e+04 4.637860082304525733e-01 2.000000000000000000e+00 2.000000000000000042e-02 1.414213562373095069e-02 1.861635200000000089e-14 1.000000000000000000e+02
1.915940000000000000e+06 2.807172880000000000e+08 5.406304268518518802e+04 4.639146090534977951e-01 3.000000000000000000e+00 2.999999999999999889e-02 1.732050807568877304e-02 2.792452800000000133e-14 1.000000000000000000e+02
1.916040000000000000e+06 2.807173880000000000e+08 5.406304384259258950e+04 4.640432098765430169e-01 3.000000000000000000e+00 2.999999999999999889e-02 1.732050807568877304e-02 2.792452800000000133e-14 1.000000000000000000e+02
1.916140000000000000e+06 2.807174880000000000e+08 5.406304499999999825e+04 4.641718106995886828e-01 6.000000000000000000e+00 5.999999999999999778e-02 2.449489742783177854e-02 5.584905600000000266e-14 1.000000000000000000e+02
1.916240000000000000e+06 2.807175880000000000e+08 5.406304615740740701e+04 4.643004115226339046e-01 5.000000000000000000e+00 5.000000000000000278e-02 2.236067977499789708e-02 4.654088000000000853e-14 1.000000000000000000e+02
1.916340000000000000e+06 2.807176880000000000e+08 5.406304731481481576e+04 4.644290123456791264e-01 4.000000000000000000e+00 4.000000000000000083e-02 2.000000000000000042e-02 3.723270400000000177e-14 1.000000000000000000e+02
1.916440000000000000e+06 2.807177880000000000e+08 5.406304847222222452e+04 4.645576131687243482e-01 1.000000000000000000e+00 1.000000000000000021e-02 1.000000000000000021e-02 9.308176000000000444e-15 1.000000000000000000e+02
1.916540000000000000e+06 2.807178880000000000e+08 5.406304962962963327e+04 4.646862139917695700e-01 0.000000000000000000e+00 0.000000000000000000e+00 0.000000000000000000e+00 0.000000000000000000e+00 1.000000000000000000e+02
1.916640000000000000e+06 2.807179880000000000e+08 5.406305078703703475e+04 4.648148148148147918e-01 2.000000000000000000e+00 2.000000000000000042e-02 1.414213562373095069e-02 1.861635200000000089e-14 1.000000000000000000e+02
1.916740000000000000e+06 2.807180880000000000e+08 5.406305194444444351e+04 4.649434156378600136e-01 3.000000000000000000e+00 2.999999999999999889e-02 1.732050807568877304e-02 2.792452800000000133e-14 1.000000000000000000e+02
1.916840000000000000e+06 2.807181880000000000e+08 5.406305310185185226e+04 4.650720164609052354e-01 0.000000000000000000e+00 0.000000000000000000e+00 0.000000000000000000e+00 0.000000000000000000e+00 1.000000000000000000e+02
1.916940000000000000e+06 2.807182880000000000e+08 5.406305425925926102e+04 4.652006172839504572e-01 0.000000000000000000e+00 0.000000000000000000e+00 0.000000000000000000e+00 0.000000000000000000e+00 1.000000000000000000e+02
1.917040000000000000e+06 2.807183880000000000e+08 5.406305541666666977e+04 4.653292181069956790e-01 0.000000000000000000e+00 0.000000000000000000e+00 0.000000000000000000e+00 0.000000000000000000e+00 1.000000000000000000e+02
1.917140000000000000e+06 2.807184880000000000e+08 5.406305657407407125e+04 4.654578189300413449e-01 2.000000000000000000e+00 2.000000000000000042e-02 1.414213562373095069e-02 1.861635200000000089e-14 1.000000000000000000e+02
1.917240000000000000e+06 2.807185880000000000e+08 5.406305773148148000e+04 4.655864197530865667e-01 3.000000000000000000e+00 2.999999999999999889e-02 1.732050807568877304e-02 2.792452800000000133e-14 1.000000000000000000e+02
1.917340000000000000e+06 2.807186880000000000e+08 5.406305888888888876e+04 4.657150205761317885e-01 1.000000000000000000e+00 1.000000000000000021e-02 1.000000000000000021e-02 9.308176000000000444e-15 1.000000000000000000e+02
1.917440000000000000e+06 2.807187880000000000e+08 5.406306004629629751e+04 4.658436213991770103e-01 0.000000000000000000e+00 0.000000000000000000e+00 0.000000000000000000e+00 0.000000000000000000e+00 1.000000000000000000e+02
1.917540000000000000e+06 2.807188880000000000e+08 5.406306120370370627e+04 4.659722222222222321e-01 3.000000000000000000e+00 2.999999999999999889e-02 1.732050807568877304e-02 2.792452800000000133e-14 1.000000000000000000e+02
1.917640000000000000e+06 2.807189880000000000e+08 5.406306236111110775e+04 4.661008230452674539e-01 4.000000000000000000e+00 4.000000000000000083e-02 2.000000000000000042e-02 3.723270400000000177e-14 1.000000000000000000e+02
1.917740000000000000e+06 2.807190880000000000e+08 5.406306351851851650e+04 4.662294238683126757e-01 2.000000000000000000e+00 2.000000000000000042e-02 1.414213562373095069e-02 1.861635200000000089e-14 1.000000000000000000e+02
1.917840000000000000e+06 2.807191880000000000e+08 5.406306467592592526e+04 4.663580246913578975e-01 3.000000000000000000e+00 2.999999999999999889e-02 1.732050807568877304e-02 2.792452800000000133e-14 1.000000000000000000e+02
1.917940000000000000e+06 2.807192880000000000e+08 5.406306583333333401e+04 4.664866255144031193e-01 1.000000000000000000e+00 1.000000000000000021e-02 1.000000000000000021e-02 9.308176000000000444e-15 1.000000000000000000e+02
1.918040000000000000e+06 2.807193880000000000e+08 5.406306699074074277e+04 4.666152263374483411e-01 3.000000000000000000e+00 2.999999999999999889e-02 1.732050807568877304e-02 2.792452800000000133e-14 1.000000000000000000e+02
1.918140000000000000e+06 2.807194880000000000e+08 5.406306814814815152e+04 4.667438271604940070e-01 2.000000000000000000e+00 2.000000000000000042e-02 1.414213562373095069e-02 1.861635200000000089e-14 1.000000000000000000e+02
1.918240000000000000e+06 2.807195880000000000e+08 5.406306930555555300e+04 4.668724279835392288e-01 2.000000000000000000e+00 2.000000000000000042e-02 1.414213562373095069e-02 1.861635200000000089e-14 1.000000000000000000e+02
1.918340000000000000e+06 2.807196880000000000e+08 5.406307046296296176e+04 4.670010288065844506e-01 2.000000000000000000e+00 2.000000000000000042e-02 1.414213562373095069e-02 1.861635200000000089e-14 1.000000000000000000e+02
1.918440000000000000e+06 2.807197880000000000e+08 5.406307162037037051e+04 4.671296296296296724e-01 4.000000000000000000e+00 4.000000000000000083e-02 2.000000000000000042e-02 3.723270400000000177e-14 1.000000000000000000e+02
1.918540000000000000e+06 2.807198880000000000e+08 5.406307277777777927e+04 4.672582304526748942e-01 4.000000000000000000e+00 4.000000000000000083e-02 2.000000000000000042e-02 3.723270400000000177e-14 1.000000000000000000e+02
1.918640000000000000e+06 2.807199880000000000e+08 5.406307393518518802e+04 4.673868312757201160e-01 3.000000000000000000e+00 2.999999999999999889e-02 1.732050807568877304e-02 2.792452800000000133e-14 1.000000000000000000e+02
1.918740000000000000e+06 2.807200880000000000e+08 5.406307509259258950e+04 4.675154320987653378e-01 2.000000000000000000e+00 2.000000000000000042e-02 1.414213562373095069e-02 1.861635200000000089e-14 1.000000000000000000e+02
1.918840000000000000e+06 2.807201880000000000e+08 5.406307624999999825e+04 4.676440329218105596e-01 4.000000000000000000e+00 4.000000000000000083e-02 2.000000000000000042e-02 3.723270400000000177e-14 1.000000000000000000e+02
1.918940000000000000e+06 2.807202880000000000e+08 5.406307740740740701e+04 4.677726337448557814e-01 1.000000000000000000e+00 1.000000000000000021e-02 1.000000000000000021e-02 9.308176000000000444e-15 1.000000000000000000e+02
1.919040000000000000e+06 2.807203880000000000e+08 5.406307856481481576e+04 4.679012345679014473e-01 4.000000000000000000e+00 4.000000000000000083e-02 2.000000000000000042e-02 3.723270400000000177e-14 1.000000000000000000e+02
1.919140000000000000e+06 2.807204880000000000e+08 5.406307972222222452e+04 4.680298353909466691e-01 2.000000000000000000e+00 2.000000000000000042e-02 1.414213562373095069e-02 1.861635200000000089e-14 1.000000000000000000e+02
1.919240000000000000e+06 2.807205880000000000e+08 5.406308087962963327e+04 4.681584362139918909e-01 2.000000000000000000e+00 2.000000000000000042e-02 1.414213562373095069e-02 1.861635200000000089e-14 1.000000000000000000e+02
1.919340000000000000e+06 2.807206880000000000e+08 5.406308203703703475e+04 4.682870370370371127e-01 3.000000000000000000e+00 2.999999999999999889e-02 1.732050807568877304e-02 2.792452800000000133e-14 1.000000000000000000e+02
1.919440000000000000e+06 2.807207880000000000e+08 5.406308319444444351e+04 4.684156378600823345e-01 2.000000000000000000e+00 2.000000000000000042e-02 1.414213562373095069e-02 1.861635200000000089e-14 1.000000000000000000e+02
1.919540000000000000e+06 2.807208880000000000e+08 5.406308435185185226e+04 4.685442386831275563e-01 2.000000000000000000e+00 2.000000000000000042e-02 1.414213562373095069e-02 1.861635200000000089e-14 1.000000000000000000e+02
1.919640000000000000e+06 2.807209880000000000e+08 5.406308550925926102e+04 4.686728395061727781e-01 4.000000000000000000e+00 4.000000000000000083e-02 2.000000000000000042e-02 3.723270400000000177e-14 1.000000000000000000e+02
1.919740000000000000e+06 2.807210880000000000e+08 5.406308666666666977e+04 4.688014403292179999e-01 4.000000000000000000e+00 4.000000000000000083e-02 2.000000000000000042e-02 3.723270400000000177e-14 1.000000000000000000e+02
1.919840000000000000e+06 2.807211880000000000e+08 5.406308782407407125e+04 4.689300411522632217e-01 2.000000000000000000e+00 2.000000000000000042e-02 1.414213562373095069e-02 1.861635200000000089e-14 1.000000000000000000e+02
1.919940000000000000e+06 2.807212880000000000e+08 5.406308898148148000e+04 4.690586419753084435e-01 4.000000000000000000e+00 4.000000000000000083e-02 2.000000000000000042e-02 3.723270400000000177e-14 1.000000000000000000e+02
1.920040000000000000e+06 2.807213880000000000e+08 5.406309013888888876e+04 4.691872427983541094e-01 6.000000000000000000e+00 5.999999999999999778e-02 2.449489742783177854e-02 5.584905600000000266e-14 1.000000000000000000e+02
1.920140000000000000e+06 2.807214880000000000e+08 5.406309129629629751e+04 4.693158436213993312e-01 3.000000000000000000e+00 2.999999999999999889e-02 1.732050807568877304e-02 2.792452800000000133e-14 1.000000000000000000e+02
1.920240000000000000e+06 2.807215880000000000e+08 5.406309245370370627e+04 4.694444444444445530e-01 3.000000000000000000e+00 2.999999999999999889e-02 1.732050807568877304e-02 2.792452800000000133e-14 1.000000000000000000e+02
1.920340000000000000e+06 2.807216880000000000e+08 5.406309361111110775e+04 4.695730452674897748e-01 1.000000000000000000e+00 1.000000000000000021e-02 1.000000000000000021e-02 9.308176000000000444e-15 1.000000000000000000e+02
1.920440000000000000e+06 2.807217880000000000e+08 5.406309476851851650e+04 4.697016460905349966e-01 2.000000000000000000e+00 2.000000000000000042e-02 1.414213562373095069e-02 1.861635200000000089e-14 1.000000000000000000e+02
1.920540000000000000e+06 2.807218880000000000e+08 5.406309592592592526e+04 4.698302469135802184e-01 0.000000000000000000e+00 0.000000000000000000e+00 0.000000000000000000e+00 0.000000000000000000e+00 1.000000000000000000e+02
1.920640000000000000e+06 2.807219880000000000e+08 5.406309708333333401e+04 4.699588477366254402e-01 5.000000000000000000e+00 5.000000000000000278e-02 2.236067977499789708e-02 4.654088000000000853e-14 1.000000000000000000e+02
1.920740000000000000e+06 2.807220880000000000e+08 5.406309824074074277e+04 4.700874485596706620e-01 3.000000000000000000e+00 2.999999999999999889e-02 1.732050807568877304e-02 2.792452800000000133e-14 1.000000000000000000e+02
1.920840000000000000e+06 2.807221880000000000e+08 5.406309939814815152e+04 4.702160493827158838e-01 3.000000000000000000e+00 2.999999999999999889e-02 1.732050807568877304e-02 2.792452800000000133e-14 1.000000000000000000e+02
1.920940000000000000e+06 2.807222880000000000e+08 5.406310055555555300e+04 4.703446502057611056e-01 1.000000000000000000e+00 1.000000000000000021e-02 1.000000000000000021e-02 9.308176000000000444e-15 1.000000000000000000e+02
1.921040000000000000e+06 2.807223880000000000e+08 5.406310171296296176e+04 4.704732510288067715e-01 2.000000000000000000e+00 2.000000000000000042e-02 1.414213562373095069e-02 1.861635200000000089e-14 1.000000000000000000e+02
1.921140000000000000e+06 2.807224880000000000e+08 5.406310287037037051e+04 4.706018518518519933e-01 1.000000000000000000e+00 1.000000000000000021e-02 1.000000000000000021e-02 9.308176000000000444e-15 1.000000000000000000e+02
1.921240000000000000e+06 2.807225880000000000e+08 5.406310402777777927e+04 4.707304526748972151e-01 1.000000000000000000e+00 1.000000000000000021e-02 1.000000000000000021e-02 9.308176000000000444e-15 1.000000000000000000e+02
1.921340000000000000e+06 2.807226880000000000e+08 5.406310518518518802e+04 4.708590534979424369e-01 2.000000000000000000e+00 2.000000000000000042e-02 1.414213562373095069e-02 1.861635200000000089e-14 1.000000000000000000e+02
1.921440000000000000e+06 2.807227880000000000e+08 5.406310634259258950e+04 4.709876543209876587e-01 3.000000000000000000e+00 2.999999999999999889e-02 1.732050807568877304e-02 2.792452800000000133e-14 1.000000000000000000e+02
1.921540000000000000e+06 2.807228880000000000e+08 5.406310749999999825e+04 4.711162551440328805e-01 2.000000000000000000e+00 2.000000000000000042e-02 1.414213562373095069e-02 1.861635200000000089e-14 1.000000000000000000e+02
1.921640000000000000e+06 2.807229880000000000e+08 5.406310865740740701e+04 4.712448559670781023e-01 2.000000000000000000e+00 2.000000000000000042e-02 1.414213562373095069e-02 1.861635200000000089e-14 1.000000000000000000e+02
1.921740000000000000e+06 2.807230880000000000e+08 5.406310981481481576e+04 4.713734567901233241e-01 4.000000000000000000e+00 4.000000000000000083e-02 2.000000000000000042e-02 3.723270400000000177e-14 1.000000000000000000e+02
1.921840000000000000e+06 2.807231880000000000e+08 5.406311097222222452e+04 4.715020576131685459e-01 1.000000000000000000e+00 1.000000000000000021e-02 1.000000000000000021e-02 9.308176000000000444e-15 1.000000000000000000e+02
1.921940000000000000e+06 2.807232880000000000e+08 5.406311212962963327e+04 4.716306584362142118e-01 2.000000000000000000e+00 2.000000000000000042e-02 1.414213562373095069e-02 1.861635200000000089e-14 1.000000000000000000e+02
1.922040000000000000e+06 2.807233880000000000e+08 5.406311328703703475e+04 4.717592592592594336e-01 2.000000000000000000e+00 2.000000000000000042e-02 1.414213562373095069e-02 1.861635200000000089e-14 1.000000000000000000e+02
1.922140000000000000e+06 2.807234880000000000e+08 5.406311444444444351e+04 4.718878600823046554e-01 1.000000000000000000e+00 1.000000000000000021e-02 1.000000000000000021e-02 9.308176000000000444e-15 1.000000000000000000e+02
1.922240000000000000e+06 2.807235880000000000e+08 5.406311560185185226e+04 4.720164609053498772e-01 1.000000000000000000e+00 1.000000000000000021e-02 1.000000000000000021e-02 9.308176000000000444e-15 1.000000000000000000e+02
1.922340000000000000e+06 2.807236880000000000e+08 5.406311675925926102e+04 4.721450617283950990e-01 3.000000000000000000e+00 2.999999999999999889e-02 1.732050807568877304e-02 2.792452800000000133e-14 1.000000000000000000e+02
1.922440000000000000e+06 2.807237880000000000e+08 5.406311791666666977e+04 4.722736625514403208e-01 2.000000000000000000e+00 2.000000000000000042e-02 1.414213562373095069e-02 1.861635200000000089e-14 1.000000000000000000e+02
1.922540000000000000e+06 2.807238880000000000e+08 5.406311907407407125e+04 4.724022633744855426e-01 2.000000000000000000e+00 2.000000000000000042e-02 1.414213562373095069e-02 1.861635200000000089e-14 1.000000000000000000e+02
1.922640000000000000e+06 2.807239880000000000e+08 5.406312023148148000e+04 4.725308641975307644e-01 5.000000000000000000e+00 5.000000000000000278e-02 2.236067977499789708e-02 4.654088000000000853e-14 1.000000000000000000e+02
1.922740000000000000e+06 2.807240880000000000e+08 5.406312138888888876e+04 4.726594650205759862e-01 2.000000000000000000e+00 2.000000000000000042e-02 1.414213562373095069e-02 1.861635200000000089e-14 1.000000000000000000e+02
1.922840000000000000e+06 2.807241880000000000e+08 5.406312254629629751e+04 4.727880658436212080e-01 1.000000000000000000e+00 1.000000000000000021e-02 1.000000000000000021e-02 9.308176000000000444e-15 1.000000000000000000e+02
1.922940000000000000e+06 2.807242880000000000e+08 5.406312370370370627e+04 4.729166666666668739e-01 0.000000000000000000e+00 0.000000000000000000e+00 0.000000000000000000e+00 0.000000000000000000e+00 1.000000000000000000e+02
1.923040000000000000e+06 2.807243880000000000e+08 5.406312486111110775e+04 4.730452674897120957e-01 1.000000000000000000e+00 1.000000000000000021e-02 1.000000000000000021e-02 9.308176000000000444e-15 1.000000000000000000e+02
1.923140000000000000e+06 2.807244880000000000e+08 5.406312601851851650e+04 4.731738683127573175e-01 2.000000000000000000e+00 2.000000000000000042e-02 1.414213562373095069e-02 1.861635200000000089e-14 1.000000000000000000e+02
1.923240000000000000e+06 2.807245880000000000e+08 5.406312717592592526e+04 4.733024691358025393e-01 4.000000000000000000e+00 4.000000000000000083e-02 2.000000000000000042e-02 3.723270400000000177e-14 1.000000000000000000e+02
1.923340000000000000e+06 2.807246880000000000e+08 5.406312833333333401e+04 4.734310699588477611e-01 2.000000000000000000e+00 2.000000000000000042e-02 1.414213562373095069e-02 1.861635200000000089e-14 1.000000000000000000e+02
1.923440000000000000e+06 2.807247880000000000e+08 5.406312949074074277e+04 4.735596707818929829e-01 4.000000000000000000e+00 4.000000000000000083e-02 2.000000000000000042e-02 3.723270400000000177e-14 1.000000000000000000e+02
1.923540000000000000e+06 2.807248880000000000e+08 5.406313064814815152e+04 4.736882716049382047e-01 1.000000000000000000e+00 1.000000000000000021e-02 1.000000000000000021e-02 9.308176000000000444e-15 1.000000000000000000e+02
1.923640000000000000e+06 2.807249880000000000e+08 5.406313180555555300e+04 4.738168724279834265e-01 2.000000000000000000e+00 2.000000000000000042e-02 1.414213562373095069e-02 1.861635200000000089e-14 1.000000000000000000e+02
1.923740000000000000e+06 2.807250880000000000e+08 5.406313296296296176e+04 4.739454732510286483e-01 2.000000000000000000e+00 2.000000000000000042e-02 1.414213562373095069e-02 1.861635200000000089e-14 1.000000000000000000e+02
1.923840000000000000e+06 2.807251880000000000e+08 5.406313412037037051e+04 4.740740740740738701e-01 2.000000000000000000e+00 2.000000000000000042e-02 1.414213562373095069e-02 1.861635200000000089e-14 1.000000000000000000e+02
1.923940000000000000e+06 2.807252880000000000e+08 5.406313527777777927e+04 4.742026748971195360e-01 2.000000000000000000e+00 2.000000000000000042e-02 1.414213562373095069e-02 1.861635200000000089e-14 1.000000000000000000e+02
1.924040000000000000e+06 2.807253880000000000e+08 5.406313643518518802e+04 4.743312757201647578e-01 2.000000000000000000e+00 2.000000000000000042e-02 1.414213562373095069e-02 1.861635200000000089e-14 1.000000000000000000e+02
1.924140000000000000e+06 2.807254880000000000e+08 5.406313759259258950e+04 4.744598765432099796e-01 8.000000000000000000e+00 8.000000000000000167e-02 2.828427124746190138e-02 7.446540800000000355e-14 1.000000000000000000e+02
1.924240000000000000e+06 2.807255880000000000e+08 5.406313874999999825e+04 4.745884773662552014e-01 1.000000000000000000e+00 1.000000000000000021e-02 1.000000000000000021e-02 9.308176000000000444e-15 1.000000000000000000e+02
1.924340000000000000e+06 2.807256880000000000e+08 5.406313990740740701e+04 4.747170781893004232e-01 2.000000000000000000e+00 2.000000000000000042e-02 1.414213562373095069e-02 1.861635200000000089e-14 1.000000000000000000e+02
1.924440000000000000e+06 2.807257880000000000e+08 5.406314106481481576e+04 4.748456790123456450e-01 4.000000000000000000e+00 4.000000000000000083e-02 2.000000000000000042e-02 3.723270400000000177e-14 1.000000000000000000e+02
1.924540000000000000e+06 2.807258880000000000e+08 5.406314222222222452e+04 4.749742798353908668e-01 5.000000000000000000e+00 5.000000000000000278e-02 2.236067977499789708e-02 4.654088000000000853e-14 1.000000000000000000e+02
1.924640000000000000e+06 2.807259880000000000e+08 5.406314337962963327e+04 4.751028806584360886e-01 1.000000000000000000e+00 1.000000000000000021e-02 1.000000000000000021e-02 9.308176000000000444e-15 1.000000000000000000e+02
1.924740000000000000e+06 2.807260880000000000e+08 5.406314453703703475e+04 4.752314814814813104e-01 2.000000000000000000e+00 2.000000000000000042e-02 1.414213562373095069e-02 1.861635200000000089e-14 1.000000000000000000e+02
1.924840000000000000e+06 2.807261880000000000e+08 5.406314569444444351e+04 4.753600823045265322e-01 1.000000000000000000e+00 1.000000000000000021e-02 1.000000000000000021e-02 9.308176000000000444e-15 1.000000000000000000e+02
1.924940000000000000e+06 2.807262880000000000e+08 5.406314685185185226e+04 4.754886831275721981e-01 2.000000000000000000e+00 2.000000000000000042e-02 1.414213562373095069e-02 1.861635200000000089e-14 1.000000000000000000e+02
1.925040000000000000e+06 2.807263880000000000e+08 5.406314800925926102e+04 4.756172839506174199e-01 3.000000000000000000e+00 2.999999999999999889e-02 1.732050807568877304e-02 2.792452800000000133e-14 1.000000000000000000e+02
1.925140000000000000e+06 2.807264880000000000e+08 5.406314916666666977e+04 4.757458847736626417e-01 4.000000000000000000e+00 4.000000000000000083e-02 2.000000000000000042e-02 3.723270400000000177e-14 1.000000000000000000e+02
1.925240000000000000e+06 2.807265880000000000e+08 5.406315032407407125e+04 4.758744855967078635e-01 2.000000000000000000e+00 2.000000000000000042e-02 1.414213562373095069e-02 1.861635200000000089e-14 1.000000000000000000e+02
1.925340000000000000e+06 2.807266880000000000e+08 5.406315148148148000e+04 4.760030864197530853e-01 0.000000000000000000e+00 0.000000000000000000e+00 0.000000000000000000e+00 0.000000000000000000e+00 1.000000000000000000e+02
1.925440000000000000e+06 2.807267880000000000e+08 5.406315263888888876e+04 4.761316872427983071e-01 5.000000000000000000e+00 5.000000000000000278e-02 2.236067977499789708e-02 4.654088000000000853e-14 1.000000000000000000e+02
1.925540000000000000e+06 2.807268880000000000e+08 5.406315379629629751e+04 4.762602880658435289e-01 2.000000000000000000e+00 2.000000000000000042e-02 1.414213562373095069e-02 1.861635200000000089e-14 1.000000000000000000e+02
1.925640000000000000e+06 2.807269880000000000e+08 5.406315495370370627e+04 4.763888888888887507e-01 1.000000000000000000e+00 1.000000000000000021e-02 1.000000000000000021e-02 9.308176000000000444e-15 1.000000000000000000e+02
1.925740000000000000e+06 2.807270880000000000e+08 5.406315611111110775e+04 4.765174897119339725e-01 1.000000000000000000e+00 1.000000000000000021e-02 1.000000000000000021e-02 9.308176000000000444e-15 1.000000000000000000e+02
1.925840000000000000e+06 2.807271880000000000e+08 5.406315726851851650e+04 4.766460905349796384e-01 4.000000000000000000e+00 4.000000000000000083e-02 2.000000000000000042e-02 3.723270400000000177e-14 1.000000000000000000e+02
1.925940000000000000e+06 2.807272880000000000e+08 5.406315842592592526e+04 4.767746913580248602e-01 1.000000000000000000e+00 1.000000000000000021e-02 1.000000000000000021e-02 9.308176000000000444e-15 1.000000000000000000e+02
1.926040000000000000e+06 2.807273880000000000e+08 5.406315958333333401e+04 4.769032921810700820e-01 1.000000000000000000e+00 1.000000000000000021e-02 1.000000000000000021e-02 9.308176000000000444e-15 1.000000000000000000e+02
1.926140000000000000e+06 2.807274880000000000e+08 5.406316074074074277e+04 4.770318930041153038e-01 1.000000000000000000e+00 1.000000000000000021e-02 1.000000000000000021e-02 9.308176000000000444e-15 1.000000000000000000e+02
3.965760000000000000e+06 2.827671080000000000e+08 5.408676745370370190e+04 9.999999999999964473e-02 7.700000000000000000e+01 7.700000000000000178e-01 8.774964387392122922e-02 7.167295520000000973e-13 1.000000000000000000e+02
3.965860000000000000e+06 2.827672080000000000e+08 5.408676861111111066e+04 1.001286008230453106e-01 7.900000000000000000e+01 7.900000000000000355e-01 8.888194417315588292e-02 7.353459040000001234e-13 1.000000000000000000e+02
3.965960000000000000e+06 2.827673080000000000e+08 5.408676976851851941e+04 1.002572016460909765e-01 7.900000000000000000e+01 7.900000000000000355e-01 8.888194417315588292e-02 7.353459040000001234e-13 1.000000000000000000e+02
3.966060000000000000e+06 2.827674080000000000e+08 5.408677092592592817e+04 1.003858024691357542e-01 8.700000000000000000e+01 8.699999999999999956e-01 9.327379053088816208e-02 8.098113120000001270e-13 1.000000000000000000e+02
3.966160000000000000e+06 2.827675080000000000e+08 5.408677208333332965e+04 1.005144032921814201e-01 6.900000000000000000e+01 6.899999999999999467e-01 8.306623862918074974e-02 6.422641439999999928e-13 1.000000000000000000e+02
3.966260000000000000e+06 2.827676080000000000e+08 5.408677324074073840e+04 1.006430041152261978e-01 8.000000000000000000e+01 8.000000000000000444e-01 8.944271909999158832e-02 7.446540800000001365e-13 1.000000000000000000e+02
3.966360000000000000e+06 2.827677080000000000e+08 5.408677439814814716e+04 1.007716049382718637e-01 6.000000000000000000e+01 5.999999999999999778e-01 7.745966692414833765e-02 5.584905600000000771e-13 1.000000000000000000e+02
3.966460000000000000e+06 2.827678080000000000e+08 5.408677555555555591e+04 1.009002057613166414e-01 7.900000000000000000e+01 7.900000000000000355e-01 8.888194417315588292e-02 7.353459040000001234e-13 1.000000000000000000e+02
3.966560000000000000e+06 2.827679080000000000e+08 5.408677671296296467e+04 1.010288065843623073e-01 7.300000000000000000e+01 7.299999999999999822e-01 8.544003745317529930e-02 6.794968480000000450e-13 1.000000000000000000e+02
3.966660000000000000e+06 2.827680080000000000e+08 5.408677787037037342e+04 1.011574074074070850e-01 8.800000000000000000e+01 8.800000000000000044e-01 9.380831519646859462e-02 8.191194880000000390e-13 1.000000000000000000e+02
3.966760000000000000e+06 2.827681080000000000e+08 5.408677902777777490e+04 1.012860082304527509e-01 5.200000000000000000e+01 5.200000000000000178e-01 7.211102550927978028e-02 4.840251520000000736e-13 1.000000000000000000e+02
3.966860000000000000e+06 2.827682080000000000e+08 5.408678018518518365e+04 1.014146090534975286e-01 9.600000000000000000e+01 9.599999999999999645e-01 9.797958971132711414e-02 8.935848960000000426e-13 1.000000000000000000e+02
3.966960000000000000e+06 2.827683080000000000e+08 5.408678134259259241e+04 1.015432098765431945e-01 7.300000000000000000e+01 7.299999999999999822e-01 8.544003745317529930e-02 6.794968480000000450e-13 1.000000000000000000e+02
3.967060000000000000e+06 2.827684080000000000e+08 5.408678250000000116e+04 1.016718106995888604e-01 9.900000000000000000e+01 9.899999999999999911e-01 9.949874371066198819e-02 9.215094240000000818e-13 1.000000000000000000e+02
3.967160000000000000e+06 2.827685080000000000e+08 5.408678365740740992e+04 1.018004115226336381e-01 7.900000000000000000e+01 7.900000000000000355e-01 8.888194417315588292e-02 7.353459040000001234e-13 1.000000000000000000e+02
3.967260000000000000e+06 2.827686080000000000e+08 5.408678481481481867e+04 1.019290123456793040e-01 8.600000000000000000e+01 8.599999999999999867e-01 9.273618495495704328e-02 8.005031360000001139e-13 1.000000000000000000e+02
3.967360000000000000e+06 2.827687080000000000e+08 5.408678597222222015e+04 1.020576131687240817e-01 8.500000000000000000e+01 8.499999999999999778e-01 9.219544457292887241e-02 7.911949600000001008e-13 1.000000000000000000e+02
3.967460000000000000e+06 2.827688080000000000e+08 5.408678712962962891e+04 1.021862139917697476e-01 6.300000000000000000e+01 6.300000000000000044e-01 7.937253933193771926e-02 5.864150880000000153e-13 1.000000000000000000e+02
3.967560000000000000e+06 2.827689080000000000e+08 5.408678828703703766e+04 1.023148148148145253e-01 9.000000000000000000e+01 9.000000000000000222e-01 9.486832980505138790e-02 8.377358400000000652e-13 1.000000000000000000e+02
3.967660000000000000e+06 2.827690080000000000e+08 5.408678944444444642e+04 1.024434156378601912e-01 6.900000000000000000e+01 6.899999999999999467e-01 8.306623862918074974e-02 6.422641439999999928e-13 1.000000000000000000e+02
3.967760000000000000e+06 2.827691080000000000e+08 5.408679060185185517e+04 1.025720164609049689e-01 8.100000000000000000e+01 8.100000000000000533e-01 8.999999999999999667e-02 7.539622560000001495e-13 1.000000000000000000e+02
3.967860000000000000e+06 2.827692080000000000e+08 5.408679175925925665e+04 1.027006172839506348e-01 7.700000000000000000e+01 7.700000000000000178e-01 8.774964387392122922e-02 7.167295520000000973e-13 1.000000000000000000e+02
3.967960000000000000e+06 2.827693080000000000e+08 5.408679291666666541e+04 1.028292181069963007e-01 8.600000000000000000e+01 8.599999999999999867e-01 9.273618495495704328e-02 8.005031360000001139e-13 1.000000000000000000e+02
3.968060000000000000e+06 2.827694080000000000e+08 5.408679407407407416e+04 1.029578189300410784e-01 8.500000000000000000e+01 8.499999999999999778e-01 9.219544457292887241e-02 7.911949600000001008e-13 1.000000000000000000e+02
3.968160000000000000e+06 2.827695080000000000e+08 5.408679523148148292e+04 1.030864197530867443e-01 7.600000000000000000e+01 7.600000000000000089e-01 8.717797887081348007e-02 7.074213760000000842e-13 1.000000000000000000e+02
3.968260000000000000e+06 2.827696080000000000e+08 5.408679638888889167e+04 1.032150205761315220e-01 8.900000000000000000e+01 8.900000000000000133e-01 9.433981132056602770e-02 8.284276640000000521e-13 1.000000000000000000e+02
3.968360000000000000e+06 2.827697080000000000e+08 5.408679754629629315e+04 1.033436213991771879e-01 8.700000000000000000e+01 8.699999999999999956e-01 9.327379053088816208e-02 8.098113120000001270e-13 1.000000000000000000e+02
3.968460000000000000e+06 2.827698080000000000e+08 5.408679870370370190e+04 1.034722222222219656e-01 9.100000000000000000e+01 9.100000000000000311e-01 9.539392014169456591e-02 8.470440160000000782e-13 1.000000000000000000e+02
3.968560000000000000e+06 2.827699080000000000e+08 5.408679986111111066e+04 1.036008230452676315e-01 7.700000000000000000e+01 7.700000000000000178e-01 8.774964387392122922e-02 7.167295520000000973e-13 1.000000000000000000e+02
3.968660000000000000e+06 2.827700080000000000e+08 5.408680101851851941e+04 1.037294238683124092e-01 6.500000000000000000e+01 6.500000000000000222e-01 8.062257748298548576e-02 6.050314400000000415e-13 1.000000000000000000e+02
3.968760000000000000e+06 2.827701080000000000e+08 5.408680217592592817e+04 1.038580246913580751e-01 6.900000000000000000e+01 6.899999999999999467e-01 8.306623862918074974e-02 6.422641439999999928e-13 1.000000000000000000e+02
3.968860000000000000e+06 2.827702080000000000e+08 5.408680333333332965e+04 1.039866255144028528e-01 7.000000000000000000e+01 6.999999999999999556e-01 8.366600265340755349e-02 6.515723200000000058e-13 1.000000000000000000e+02
3.968960000000000000e+06 2.827703080000000000e+08 5.408680449074073840e+04 1.041152263374485187e-01 6.700000000000000000e+01 6.700000000000000400e-01 8.185352771872450584e-02 6.236477920000000676e-13 1.000000000000000000e+02
3.969060000000000000e+06 2.827704080000000000e+08 5.408680564814814716e+04 1.042438271604941846e-01 7.500000000000000000e+01 7.500000000000000000e-01 8.660254037844387909e-02 6.981132000000000711e-13 1.000000000000000000e+02
3.969160000000000000e+06 2.827705080000000000e+08 5.408680680555555591e+04 1.043724279835389623e-01 7.300000000000000000e+01 7.299999999999999822e-01 8.544003745317529930e-02 6.794968480000000450e-13 1.000000000000000000e+02
3.969260000000000000e+06 2.827706080000000000e+08 5.408680796296296467e+04 1.045010288065846282e-01 6.700000000000000000e+01 6.700000000000000400e-01 8.185352771872450584e-02 6.236477920000000676e-13 1.000000000000000000e+02
3.969360000000000000e+06 2.827707080000000000e+08 5.408680912037037342e+04 1.046296296296294059e-01 7.900000000000000000e+01 7.900000000000000355e-01 8.888194417315588292e-02 7.353459040000001234e-13 1.000000000000000000e+02
3.969460000000000000e+06 2.827708080000000000e+08 5.408681027777777490e+04 1.047582304526750718e-01 8.800000000000000000e+01 8.800000000000000044e-01 9.380831519646859462e-02 8.191194880000000390e-13 1.000000000000000000e+02
3.969560000000000000e+06 2.827709080000000000e+08 5.408681143518518365e+04 1.048868312757198495e-01 8.600000000000000000e+01 8.599999999999999867e-01 9.273618495495704328e-02 8.005031360000001139e-13 1.000000000000000000e+02
3.969660000000000000e+06 2.827710080000000000e+08 5.408681259259259241e+04 1.050154320987655154e-01 7.500000000000000000e+01 7.500000000000000000e-01 8.660254037844387909e-02 6.981132000000000711e-13 1.000000000000000000e+02
3.969760000000000000e+06 2.827711080000000000e+08 5.408681375000000116e+04 1.051440329218102931e-01 8.000000000000000000e+01 8.000000000000000444e-01 8.944271909999158832e-02 7.446540800000001365e-13 1.000000000000000000e+02
3.969860000000000000e+06 2.827712080000000000e+08 5.408681490740740992e+04 1.052726337448559590e-01 7.200000000000000000e+01 7.199999999999999734e-01 8.485281374238569374e-02 6.701886720000000319e-13 1.000000000000000000e+02
3.969960000000000000e+06 2.827713080000000000e+08 5.408681606481481867e+04 1.054012345679016249e-01 7.400000000000000000e+01 7.399999999999999911e-01 8.602325267042626455e-02 6.888050240000000581e-13 1.000000000000000000e+02
3.970060000000000000e+06 2.827714080000000000e+08 5.408681722222222015e+04 1.055298353909464026e-01 6.400000000000000000e+01 6.400000000000000133e-01 8.000000000000000167e-02 5.957232640000000284e-13 1.000000000000000000e+02
3.970160000000000000e+06 2.827715080000000000e+08 5.408681837962962891e+04 1.056584362139920685e-01 6.300000000000000000e+01 6.300000000000000044e-01 7.937253933193771926e-02 5.864150880000000153e-13 1.000000000000000000e+02
3.970260000000000000e+06 2.827716080000000000e+08 5.408681953703703766e+04 1.057870370370368462e-01 7.600000000000000000e+01 7.600000000000000089e-01 8.717797887081348007e-02 7.074213760000000842e-13 1.000000000000000000e+02
3.970360000000000000e+06 2.827717080000000000e+08 5.408682069444444642e+04 1.059156378600825121e-01 6.100000000000000000e+01 6.099999999999999867e-01 7.810249675906653921e-02 5.677987360000000902e-13 1.000000000000000000e+02
3.970460000000000000e+06 2.827718080000000000e+08 5.408682185185185517e+04 1.060442386831272898e-01 7.900000000000000000e+01 7.900000000000000355e-01 8.888194417315588292e-02 7.353459040000001234e-13 1.000000000000000000e+02
3.970560000000000000e+06 2.827719080000000000e+08 5.408682300925925665e+04 1.061728395061729557e-01 8.700000000000000000e+01 8.699999999999999956e-01 9.327379053088816208e-02 8.098113120000001270e-13 1.000000000000000000e+02
3.970660000000000000e+06 2.827720080000000000e+08 5.408682416666666541e+04 1.063014403292177334e-01 7.400000000000000000e+01 7.399999999999999911e-01 8.602325267042626455e-02 6.888050240000000581e-13 1.000000000000000000e+02
3.973760000000000000e+06 2.827751080000000000e+08 5.408686004629629315e+04 1.102880658436218297e-01 9.600000000000000000e+01 9.599999999999999645e-01 9.797958971132711414e-02 8.935848960000000426e-13 1.000000000000000000e+02
3.973860000000000000e+06 2.827752080000000000e+08 5.408686120370370190e+04 1.104166666666666075e-01 8.900000000000000000e+01 8.900000000000000133e-01 9.433981132056602770e-02 8.284276640000000521e-13 1.000000000000000000e+02
3.973960000000000000e+06 2.827753080000000000e+08 5.408686236111111066e+04 1.105452674897122733e-01 7.000000000000000000e+01 6.999999999999999556e-01 8.366600265340755349e-02 6.515723200000000058e-13 1.000000000000000000e+02
3.974060000000000000e+06 2.827754080000000000e+08 5.408686351851851941e+04 1.106738683127570511e-01 8.400000000000000000e+01 8.399999999999999689e-01 9.165151389911679880e-02 7.818867840000000878e-13 1.000000000000000000e+02
3.974160000000000000e+06 2.827755080000000000e+08 5.408686467592592817e+04 1.108024691358027169e-01 6.100000000000000000e+01 6.099999999999999867e-01 7.810249675906653921e-02 5.677987360000000902e-13 1.000000000000000000e+02
3.974260000000000000e+06 2.827756080000000000e+08 5.408686583333332965e+04 1.109310699588474947e-01 7.100000000000000000e+01 7.099999999999999645e-01 8.426149773176358493e-02 6.608804960000000189e-13 1.000000000000000000e+02
3.974360000000000000e+06 2.827757080000000000e+08 5.408686699074073840e+04 1.110596707818931606e-01 7.100000000000000000e+01 7.099999999999999645e-01 8.426149773176358493e-02 6.608804960000000189e-13 1.000000000000000000e+02
3.974460000000000000e+06 2.827758080000000000e+08 5.408686814814814716e+04 1.111882716049379383e-01 7.400000000000000000e+01 7.399999999999999911e-01 8.602325267042626455e-02 6.888050240000000581e-13 1.000000000000000000e+02
3.974560000000000000e+06 2.827759080000000000e+08 5.408686930555555591e+04 1.113168724279836042e-01 7.400000000000000000e+01 7.399999999999999911e-01 8.602325267042626455e-02 6.888050240000000581e-13 1.000000000000000000e+02
3.974660000000000000e+06 2.827760080000000000e+08 5.408687046296296467e+04 1.114454732510283819e-01 7.000000000000000000e+01 6.999999999999999556e-01 8.366600265340755349e-02 6.515723200000000058e-13 1.000000000000000000e+02
3.974760000000000000e+06 2.827761080000000000e+08 5.408687162037037342e+04 1.115740740740740478e-01 7.200000000000000000e+01 7.199999999999999734e-01 8.485281374238569374e-02 6.701886720000000319e-13 1.000000000000000000e+02
3.974860000000000000e+06 2.827762080000000000e+08 5.408687277777777490e+04 1.117026748971197136e-01 6.500000000000000000e+01 6.500000000000000222e-01 8.062257748298548576e-02 6.050314400000000415e-13 1.000000000000000000e+02
3.974960000000000000e+06 2.827763080000000000e+08 5.408687393518518365e+04 1.118312757201644914e-01 7.300000000000000000e+01 7.299999999999999822e-01 8.544003745317529930e-02 6.794968480000000450e-13 1.000000000000000000e+02
3.975060000000000000e+06 2.827764080000000000e+08 5.408687509259259241e+04 1.119598765432101573e-01 8.500000000000000000e+01 8.499999999999999778e-01 9.219544457292887241e-02 7.911949600000001008e-13 1.000000000000000000e+02
3.975160000000000000e+06 2.827765080000000000e+08 5.408687625000000116e+04 1.120884773662549350e-01 9.200000000000000000e+01 9.200000000000000400e-01 9.591663046625438505e-02 8.563521920000000913e-13 1.000000000000000000e+02
3.975260000000000000e+06 2.827766080000000000e+08 5.408687740740740992e+04 1.122170781893006009e-01 7.700000000000000000e+01 7.700000000000000178e-01 8.774964387392122922e-02 7.167295520000000973e-13 1.000000000000000000e+02
3.975360000000000000e+06 2.827767080000000000e+08 5.408687856481481867e+04 1.123456790123453786e-01 9.200000000000000000e+01 9.200000000000000400e-01 9.591663046625438505e-02 8.563521920000000913e-13 1.000000000000000000e+02
3.975460000000000000e+06 2.827768080000000000e+08 5.408687972222222015e+04 1.124742798353910445e-01 8.100000000000000000e+01 8.100000000000000533e-01 8.999999999999999667e-02 7.539622560000001495e-13 1.000000000000000000e+02
3.975560000000000000e+06 2.827769080000000000e+08 5.408688087962962891e+04 1.126028806584358222e-01 7.100000000000000000e+01 7.099999999999999645e-01 8.426149773176358493e-02 6.608804960000000189e-13 1.000000000000000000e+02
3.975660000000000000e+06 2.827770080000000000e+08 5.408688203703703766e+04 1.127314814814814881e-01 7.300000000000000000e+01 7.299999999999999822e-01 8.544003745317529930e-02 6.794968480000000450e-13 1.000000000000000000e+02
3.975760000000000000e+06 2.827771080000000000e+08 5.408688319444444642e+04 1.128600823045271540e-01 7.400000000000000000e+01 7.399999999999999911e-01 8.602325267042626455e-02 6.888050240000000581e-13 1.000000000000000000e+02
3.975860000000000000e+06 2.827772080000000000e+08 5.408688435185185517e+04 1.129886831275719317e-01 8.200000000000000000e+01 8.199999999999999512e-01 9.055385138137417300e-02 7.632704320000000616e-13 1.000000000000000000e+02
3.975960000000000000e+06 2.827773080000000000e+08 5.408688550925925665e+04 1.131172839506175976e-01 8.700000000000000000e+01 8.699999999999999956e-01 9.327379053088816208e-02 8.098113120000001270e-13 1.000000000000000000e+02
3.976060000000000000e+06 2.827774080000000000e+08 5.408688666666666541e+04 1.132458847736623753e-01 8.800000000000000000e+01 8.800000000000000044e-01 9.380831519646859462e-02 8.191194880000000390e-13 1.000000000000000000e+02
3.976160000000000000e+06 2.827775080000000000e+08 5.408688782407407416e+04 1.133744855967080412e-01 9.100000000000000000e+01 9.100000000000000311e-01 9.539392014169456591e-02 8.470440160000000782e-13 1.000000000000000000e+02
3.976260000000000000e+06 2.827776080000000000e+08 5.408688898148148292e+04 1.135030864197528189e-01 5.900000000000000000e+01 5.899999999999999689e-01 7.681145747868607654e-02 5.491823840000000640e-13 1.000000000000000000e+02
3.976360000000000000e+06 2.827777080000000000e+08 5.408689013888889167e+04 1.136316872427984848e-01 7.400000000000000000e+01 7.399999999999999911e-01 8.602325267042626455e-02 6.888050240000000581e-13 1.000000000000000000e+02
3.976460000000000000e+06 2.827778080000000000e+08 5.408689129629629315e+04 1.137602880658432625e-01 8.900000000000000000e+01 8.900000000000000133e-01 9.433981132056602770e-02 8.284276640000000521e-13 1.000000000000000000e+02
3.976560000000000000e+06 2.827779080000000000e+08 5.408689245370370190e+04 1.138888888888889284e-01 9.300000000000000000e+01 9.300000000000000488e-01 9.643650760992955595e-02 8.656603680000001044e-13 1.000000000000000000e+02
3.976660000000000000e+06 2.827780080000000000e+08 5.408689361111111066e+04 1.140174897119345943e-01 8.400000000000000000e+01 8.399999999999999689e-01 9.165151389911679880e-02 7.818867840000000878e-13 1.000000000000000000e+02
3.976760000000000000e+06 2.827781080000000000e+08 5.408689476851851941e+04 1.141460905349793720e-01 8.300000000000000000e+01 8.299999999999999600e-01 9.110433579144298910e-02 7.725786080000000747e-13 1.000000000000000000e+02
3.976860000000000000e+06 2.827782080000000000e+08 5.408689592592592817e+04 1.142746913580250379e-01 8.000000000000000000e+01 8.000000000000000444e-01 8.944271909999158832e-02 7.446540800000001365e-13 1.000000000000000000e+02
3.976960000000000000e+06 2.827783080000000000e+08 5.408689708333332965e+04 1.144032921810698156e-01 8.000000000000000000e+01 8.000000000000000444e-01 8.944271909999158832e-02 7.446540800000001365e-13 1.000000000000000000e+02
3.977060000000000000e+06 2.827784080000000000e+08 5.408689824074073840e+04 1.145318930041154815e-01 7.500000000000000000e+01 7.500000000000000000e-01 8.660254037844387909e-02 6.981132000000000711e-13 1.000000000000000000e+02
3.977160000000000000e+06 2.827785080000000000e+08 5.408689939814814716e+04 1.146604938271602592e-01 7.400000000000000000e+01 7.399999999999999911e-01 8.602325267042626455e-02 6.888050240000000581e-13 1.000000000000000000e+02
3.977260000000000000e+06 2.827786080000000000e+08 5.408690055555555591e+04 1.147890946502059251e-01 9.200000000000000000e+01 9.200000000000000400e-01 9.591663046625438505e-02 8.563521920000000913e-13 1.000000000000000000e+02
3.977360000000000000e+06 2.827787080000000000e+08 5.408690171296296467e+04 1.149176954732507028e-01 6.800000000000000000e+01 6.800000000000000488e-01 8.246211251235320561e-02 6.329559680000000807e-13 1.000000000000000000e+02
3.977460000000000000e+06 2.827788080000000000e+08 5.408690287037037342e+04 1.150462962962963687e-01 8.500000000000000000e+01 8.499999999999999778e-01 9.219544457292887241e-02 7.911949600000001008e-13 1.000000000000000000e+02
3.977560000000000000e+06 2.827789080000000000e+08 5.408690402777777490e+04 1.151748971193411464e-01 6.500000000000000000e+01 6.500000000000000222e-01 8.062257748298548576e-02 6.050314400000000415e-13 1.000000000000000000e+02
3.977660000000000000e+06 2.827790080000000000e+08 5.408690518518518365e+04 1.153034979423868123e-01 7.900000000000000000e+01 7.900000000000000355e-01 8.888194417315588292e-02 7.353459040000001234e-13 1.000000000000000000e+02
3.977760000000000000e+06 2.827791080000000000e+08 5.408690634259259241e+04 1.154320987654324782e-01 9.900000000000000000e+01 9.899999999999999911e-01 9.949874371066198819e-02 9.215094240000000818e-13 1.000000000000000000e+02
3.977860000000000000e+06 2.827792080000000000e+08 5.408690750000000116e+04 1.155606995884772559e-01 6.500000000000000000e+01 6.500000000000000222e-01 8.062257748298548576e-02 6.050314400000000415e-13 1.000000000000000000e+02
3.977960000000000000e+06 2.827793080000000000e+08 5.408690865740740992e+04 1.156893004115229218e-01 7.000000000000000000e+01 6.999999999999999556e-01 8.366600265340755349e-02 6.515723200000000058e-13 1.000000000000000000e+02
3.978060000000000000e+06 2.827794080000000000e+08 5.408690981481481867e+04 1.158179012345676995e-01 6.000000000000000000e+01 5.999999999999999778e-01 7.745966692414833765e-02 5.584905600000000771e-13 1.000000000000000000e+02
3.978160000000000000e+06 2.827795080000000000e+08 5.408691097222222015e+04 1.159465020576133654e-01 6.900000000000000000e+01 6.899999999999999467e-01 8.306623862918074974e-02 6.422641439999999928e-13 1.000000000000000000e+02
3.978260000000000000e+06 2.827796080000000000e+08 5.408691212962962891e+04 1.160751028806581431e-01 6.100000000000000000e+01 6.099999999999999867e-01 7.810249675906653921e-02 5.677987360000000902e-13 1.000000000000000000e+02
3.978360000000000000e+06 2.827797080000000000e+08 5.408691328703703766e+04 1.162037037037038090e-01 6.700000000000000000e+01 6.700000000000000400e-01 8.185352771872450584e-02 6.236477920000000676e-13 1.000000000000000000e+02
3.978460000000000000e+06 2.827798080000000000e+08 5.408691444444444642e+04 1.163323045267485867e-01 8.600000000000000000e+01 8.599999999999999867e-01 9.273618495495704328e-02 8.005031360000001139e-13 1.000000000000000000e+02
3.978560000000000000e+06 2.827799080000000000e+08 5.408691560185185517e+04 1.164609053497942526e-01 8.700000000000000000e+01 8.699999999999999956e-01 9.327379053088816208e-02 8.098113120000001270e-13 1.000000000000000000e+02
3.978660000000000000e+06 2.827800080000000000e+08 5.408691675925925665e+04 1.165895061728399185e-01 9.900000000000000000e+01 9.899999999999999911e-01 9.949874371066198819e-02 9.215094240000000818e-13 1.000000000000000000e+02
3.978760000000000000e+06 2.827801080000000000e+08 5.408691791666666541e+04 1.167181069958846962e-01 5.800000000000000000e+01 5.799999999999999600e-01 7.615773105863908599e-02 5.398742080000000510e-13 1.000000000000000000e+02
3.978860000000000000e+06 2.827802080000000000e+08 5.408691907407407416e+04 1.168467078189303621e-01 6.700000000000000000e+01 6.700000000000000400e-01 8.185352771872450584e-02 6.236477920000000676e-13 1.000000000000000000e+02
3.978960000000000000e+06 2.827803080000000000e+08 5.408692023148148292e+04 1.169753086419751398e-01 8.400000000000000000e+01 8.399999999999999689e-01 9.165151389911679880e-02 7.818867840000000878e-13 1.000000000000000000e+02
3.979060000000000000e+06 2.827804080000000000e+08 5.408692138888889167e+04 1.171039094650208057e-01 9.200000000000000000e+01 9.200000000000000400e-01 9.591663046625438505e-02 8.563521920000000913e-13 1.000000000000000000e+02
3.979160000000000000e+06 2.827805080000000000e+08 5.408692254629629315e+04 1.172325102880655834e-01 6.600000000000000000e+01 6.600000000000000311e-01 8.124038404635960942e-02 6.143396160000000545e-13 1.000000000000000000e+02
3.979260000000000000e+06 2.827806080000000000e+08 5.408692370370370190e+04 1.173611111111112493e-01 7.600000000000000000e+01 7.600000000000000089e-01 8.717797887081348007e-02 7.074213760000000842e-13 1.000000000000000000e+02
3.979360000000000000e+06 2.827807080000000000e+08 5.408692486111111066e+04 1.174897119341560270e-01 7.100000000000000000e+01 7.099999999999999645e-01 8.426149773176358493e-02 6.608804960000000189e-13 1.000000000000000000e+02
3.979460000000000000e+06 2.827808080000000000e+08 5.408692601851851941e+04 1.176183127572016929e-01 8.300000000000000000e+01 8.299999999999999600e-01 9.110433579144298910e-02 7.725786080000000747e-13 1.000000000000000000e+02
3.979560000000000000e+06 2.827809080000000000e+08 5.408692717592592817e+04 1.177469135802464706e-01 8.300000000000000000e+01 8.299999999999999600e-01 9.110433579144298910e-02 7.725786080000000747e-13 1.000000000000000000e+02
3.979660000000000000e+06 2.827810080000000000e+08 5.408692833333332965e+04 1.178755144032921365e-01 7.800000000000000000e+01 7.800000000000000266e-01 8.831760866327847959e-02 7.260377280000001103e-13 1.000000000000000000e+02
3.979760000000000000e+06 2.827811080000000000e+08 5.408692949074073840e+04 1.180041152263378024e-01 7.800000000000000000e+01 7.800000000000000266e-01 8.831760866327847959e-02 7.260377280000001103e-13 1.000000000000000000e+02
3.979860000000000000e+06 2.827812080000000000e+08 5.408693064814814716e+04 1.181327160493825801e-01 7.200000000000000000e+01 7.199999999999999734e-01 8.485281374238569374e-02 6.701886720000000319e-13 1.000000000000000000e+02
3.979960000000000000e+06 2.827813080000000000e+08 5.408693180555555591e+04 1.182613168724282460e-01 7.400000000000000000e+01 7.399999999999999911e-01 8.602325267042626455e-02 6.888050240000000581e-13 1.000000000000000000e+02
3.980060000000000000e+06 2.827814080000000000e+08 5.408693296296296467e+04 1.183899176954730237e-01 6.400000000000000000e+01 6.400000000000000133e-01 8.000000000000000167e-02 5.957232640000000284e-13 1.000000000000000000e+02
3.980160000000000000e+06 2.827815080000000000e+08 5.408693412037037342e+04 1.185185185185186896e-01 7.300000000000000000e+01 7.299999999999999822e-01 8.544003745317529930e-02 6.794968480000000450e-13 1.000000000000000000e+02
3.980260000000000000e+06 2.827816080000000000e+08 5.408693527777777490e+04 1.186471193415634673e-01 8.600000000000000000e+01 8.599999999999999867e-01 9.273618495495704328e-02 8.005031360000001139e-13 1.000000000000000000e+02
3.980360000000000000e+06 2.827817080000000000e+08 5.408693643518518365e+04 1.187757201646091332e-01 8.200000000000000000e+01 8.199999999999999512e-01 9.055385138137417300e-02 7.632704320000000616e-13 1.000000000000000000e+02
3.980460000000000000e+06 2.827818080000000000e+08 5.408693759259259241e+04 1.189043209876539109e-01 7.900000000000000000e+01 7.900000000000000355e-01 8.888194417315588292e-02 7.353459040000001234e-13 1.000000000000000000e+02
3.980560000000000000e+06 2.827819080000000000e+08 5.408693875000000116e+04 1.190329218106995768e-01 7.900000000000000000e+01 7.900000000000000355e-01 8.888194417315588292e-02 7.353459040000001234e-13 1.000000000000000000e+02
3.980660000000000000e+06 2.827820080000000000e+08 5.408693990740740992e+04 1.191615226337452427e-01 9.200000000000000000e+01 9.200000000000000400e-01 9.591663046625438505e-02 8.563521920000000913e-13 1.000000000000000000e+02
3.980760000000000000e+06 2.827821080000000000e+08 5.408694106481481867e+04 1.192901234567900204e-01 7.000000000000000000e+01 6.999999999999999556e-01 8.366600265340755349e-02 6.515723200000000058e-13 1.000000000000000000e+02
3.980860000000000000e+06 2.827822080000000000e+08 5.408694222222222015e+04 1.194187242798356863e-01 8.300000000000000000e+01 8.299999999999999600e-01 9.110433579144298910e-02 7.725786080000000747e-13 1.000000000000000000e+02
3.980960000000000000e+06 2.827823080000000000e+08 5.408694337962962891e+04 1.195473251028804640e-01 6.900000000000000000e+01 6.899999999999999467e-01 8.306623862918074974e-02 6.422641439999999928e-13 1.000000000000000000e+02
3.981060000000000000e+06 2.827824080000000000e+08 5.408694453703703766e+04 1.196759259259261299e-01 7.500000000000000000e+01 7.500000000000000000e-01 8.660254037844387909e-02 6.981132000000000711e-13 1.000000000000000000e+02
3.981160000000000000e+06 2.827825080000000000e+08 5.408694569444444642e+04 1.198045267489709076e-01 6.100000000000000000e+01 6.099999999999999867e-01 7.810249675906653921e-02 5.677987360000000902e-13 1.000000000000000000e+02
3.981260000000000000e+06 2.827826080000000000e+08 5.408694685185185517e+04 1.199331275720165735e-01 5.200000000000000000e+01 5.200000000000000178e-01 7.211102550927978028e-02 4.840251520000000736e-13 1.000000000000000000e+02
3.981360000000000000e+06 2.827827080000000000e+08 5.408694800925925665e+04 1.200617283950613512e-01 7.400000000000000000e+01 7.399999999999999911e-01 8.602325267042626455e-02 6.888050240000000581e-13 1.000000000000000000e+02
3.981460000000000000e+06 2.827828080000000000e+08 5.408694916666666541e+04 1.201903292181070171e-01 5.900000000000000000e+01 5.899999999999999689e-01 7.681145747868607654e-02 5.491823840000000640e-13 1.000000000000000000e+02
3.981560000000000000e+06 2.827829080000000000e+08 5.408695032407407416e+04 1.203189300411526830e-01 6.800000000000000000e+01 6.800000000000000488e-01 8.246211251235320561e-02 6.329559680000000807e-13 1.000000000000000000e+02
3.981660000000000000e+06 2.827830080000000000e+08 5.408695148148148292e+04 1.204475308641974607e-01 6.600000000000000000e+01 6.600000000000000311e-01 8.124038404635960942e-02 6.143396160000000545e-13 1.000000000000000000e+02
3.981760000000000000e+06 2.827831080000000000e+08 5.408695263888889167e+04 1.205761316872431266e-01 7.500000000000000000e+01 7.500000000000000000e-01 8.660254037844387909e-02 6.981132000000000711e-13 1.000000000000000000e+02
3.981860000000000000e+06 2.827832080000000000e+08 5.408695379629629315e+04 1.207047325102879043e-01 7.100000000000000000e+01 7.099999999999999645e-01 8.426149773176358493e-02 6.608804960000000189e-13 1.000000000000000000e+02
3.981960000000000000e+06 2.827833080000000000e+08 5.408695495370370190e+04 1.208333333333335702e-01 8.500000000000000000e+01 8.499999999999999778e-01 9.219544457292887241e-02 7.911949600000001008e-13 1.000000000000000000e+02
3.982060000000000000e+06 2.827834080000000000e+08 5.408695611111111066e+04 1.209619341563783479e-01 7.800000000000000000e+01 7.800000000000000266e-01 8.831760866327847959e-02 7.260377280000001103e-13 1.000000000000000000e+02
3.982160000000000000e+06 2.827835080000000000e+08 5.408695726851851941e+04 1.210905349794240138e-01 7.400000000000000000e+01 7.399999999999999911e-01 8.602325267042626455e-02 6.888050240000000581e-13 1.000000000000000000e+02
3.982260000000000000e+06 2.827836080000000000e+08 5.408695842592592817e+04 1.212191358024687915e-01 7.400000000000000000e+01 7.399999999999999911e-01 8.602325267042626455e-02 6.888050240000000581e-13 1.000000000000000000e+02
3.982360000000000000e+06 2.827837080000000000e+08 5.408695958333332965e+04 1.213477366255144574e-01 8.200000000000000000e+01 8.199999999999999512e-01 9.055385138137417300e-02 7.632704320000000616e-13 1.000000000000000000e+02
3.982460000000000000e+06 2.827838080000000000e+08 5.408696074074073840e+04 1.214763374485592351e-01 7.200000000000000000e+01 7.199999999999999734e-01 8.485281374238569374e-02 6.701886720000000319e-13 1.000000000000000000e+02
3.982560000000000000e+06 2.827839080000000000e+08 5.408696189814814716e+04 1.216049382716049010e-01 7.500000000000000000e+01 7.500000000000000000e-01 8.660254037844387909e-02 6.981132000000000711e-13 1.000000000000000000e+02
3.982660000000000000e+06 2.827840080000000000e+08 5.408696305555555591e+04 1.217335390946505669e-01 6.800000000000000000e+01 6.800000000000000488e-01 8.246211251235320561e-02 6.329559680000000807e-13 1.000000000000000000e+02
3.982760000000000000e+06 2.827841080000000000e+08 5.408696421296296467e+04 1.218621399176953446e-01 6.800000000000000000e+01 6.800000000000000488e-01 8.246211251235320561e-02 6.329559680000000807e-13 1.000000000000000000e+02
3.982860000000000000e+06 2.827842080000000000e+08 5.408696537037037342e+04 1.219907407407410105e-01 6.600000000000000000e+01 6.600000000000000311e-01 8.124038404635960942e-02 6.143396160000000545e-13 1.000000000000000000e+02
3.982960000000000000e+06 2.827843080000000000e+08 5.408696652777777490e+04 1.221193415637857882e-01 5.300000000000000000e+01 5.300000000000000266e-01 7.280109889280518554e-02 4.933333280000000866e-13 1.000000000000000000e+02
3.983060000000000000e+06 2.827844080000000000e+08 5.408696768518518365e+04 1.222479423868314541e-01 6.800000000000000000e+01 6.800000000000000488e-01 8.246211251235320561e-02 6.329559680000000807e-13 1.000000000000000000e+02
3.983160000000000000e+06 2.827845080000000000e+08 5.408696884259259241e+04 1.223765432098762318e-01 8.600000000000000000e+01 8.599999999999999867e-01 9.273618495495704328e-02 8.005031360000001139e-13 1.000000000000000000e+02
3.983260000000000000e+06 2.827846080000000000e+08 5.408697000000000116e+04 1.225051440329218977e-01 8.400000000000000000e+01 8.399999999999999689e-01 9.165151389911679880e-02 7.818867840000000878e-13 1.000000000000000000e+02
3.983360000000000000e+06 2.827847080000000000e+08 5.408697115740740992e+04 1.226337448559666754e-01 9.400000000000000000e+01 9.399999999999999467e-01 9.695359714832658959e-02 8.749685440000000165e-13 1.000000000000000000e+02
3.983460000000000000e+06 2.827848080000000000e+08 5.408697231481481867e+04 1.227623456790123413e-01 7.400000000000000000e+01 7.399999999999999911e-01 8.602325267042626455e-02 6.888050240000000581e-13 1.000000000000000000e+02
3.983560000000000000e+06 2.827849080000000000e+08 5.408697347222222015e+04 1.228909465020580072e-01 7.800000000000000000e+01 7.800000000000000266e-01 8.831760866327847959e-02 7.260377280000001103e-13 1.000000000000000000e+02
3.983660000000000000e+06 2.827850080000000000e+08 5.408697462962962891e+04 1.230195473251027849e-01 8.600000000000000000e+01 8.599999999999999867e-01 9.273618495495704328e-02 8.005031360000001139e-13 1.000000000000000000e+02
3.983760000000000000e+06 2.827851080000000000e+08 5.408697578703703766e+04 1.231481481481484508e-01 7.500000000000000000e+01 7.500000000000000000e-01 8.660254037844387909e-02 6.981132000000000711e-13 1.000000000000000000e+02
3.983860000000000000e+06 2.827852080000000000e+08 5.408697694444444642e+04 1.232767489711932285e-01 6.900000000000000000e+01 6.899999999999999467e-01 8.306623862918074974e-02 6.422641439999999928e-13 1.000000000000000000e+02
3.983960000000000000e+06 2.827853080000000000e+08 5.408697810185185517e+04 1.234053497942388944e-01 8.000000000000000000e+01 8.000000000000000444e-01 8.944271909999158832e-02 7.446540800000001365e-13 1.000000000000000000e+02
3.984060000000000000e+06 2.827854080000000000e+08 5.408697925925925665e+04 1.235339506172836721e-01 7.400000000000000000e+01 7.399999999999999911e-01 8.602325267042626455e-02 6.888050240000000581e-13 1.000000000000000000e+02
3.984160000000000000e+06 2.827855080000000000e+08 5.408698041666666541e+04 1.236625514403293380e-01 6.500000000000000000e+01 6.500000000000000222e-01 8.062257748298548576e-02 6.050314400000000415e-13 1.000000000000000000e+02
3.984260000000000000e+06 2.827856080000000000e+08 5.408698157407407416e+04 1.237911522633741157e-01 7.700000000000000000e+01 7.700000000000000178e-01 8.774964387392122922e-02 7.167295520000000973e-13 1.000000000000000000e+02
3.984360000000000000e+06 2.827857080000000000e+08 5.408698273148148292e+04 1.239197530864197816e-01 8.400000000000000000e+01 8.399999999999999689e-01 9.165151389911679880e-02 7.818867840000000878e-13 1.000000000000000000e+02
3.984460000000000000e+06 2.827858080000000000e+08 5.408698388888889167e+04 1.240483539094654475e-01 7.100000000000000000e+01 7.099999999999999645e-01 8.426149773176358493e-02 6.608804960000000189e-13 1.000000000000000000e+02
3.984560000000000000e+06 2.827859080000000000e+08 5.408698504629629315e+04 1.241769547325102252e-01 5.900000000000000000e+01 5.899999999999999689e-01 7.681145747868607654e-02 5.491823840000000640e-13 1.000000000000000000e+02
3.984660000000000000e+06 2.827860080000000000e+08 5.408698620370370190e+04 1.243055555555558911e-01 8.000000000000000000e+01 8.000000000000000444e-01 8.944271909999158832e-02 7.446540800000001365e-13 1.000000000000000000e+02
3.984760000000000000e+06 2.827861080000000000e+08 5.408698736111111066e+04 1.244341563786006688e-01 7.800000000000000000e+01 7.800000000000000266e-01 8.831760866327847959e-02 7.260377280000001103e-13 1.000000000000000000e+02
3.984860000000000000e+06 2.827862080000000000e+08 5.408698851851851941e+04 1.245627572016463347e-01 7.800000000000000000e+01 7.800000000000000266e-01 8.831760866327847959e-02 7.260377280000001103e-13 1.000000000000000000e+02
3.984960000000000000e+06 2.827863080000000000e+08 5.408698967592592817e+04 1.246913580246911124e-01 8.300000000000000000e+01 8.299999999999999600e-01 9.110433579144298910e-02 7.725786080000000747e-13 1.000000000000000000e+02
3.985060000000000000e+06 2.827864080000000000e+08 5.408699083333332965e+04 1.248199588477367783e-01 8.900000000000000000e+01 8.900000000000000133e-01 9.433981132056602770e-02 8.284276640000000521e-13 1.000000000000000000e+02
3.985160000000000000e+06 2.827865080000000000e+08 5.408699199074073840e+04 1.249485596707815560e-01 7.700000000000000000e+01 7.700000000000000178e-01 8.774964387392122922e-02 7.167295520000000973e-13 1.000000000000000000e+02
3.985260000000000000e+06 2.827866080000000000e+08 5.408699314814814716e+04 1.250771604938272219e-01 6.600000000000000000e+01 6.600000000000000311e-01 8.124038404635960942e-02 6.143396160000000545e-13 1.000000000000000000e+02
3.985360000000000000e+06 2.827867080000000000e+08 5.408699430555555591e+04 1.252057613168719996e-01 7.600000000000000000e+01 7.600000000000000089e-01 8.717797887081348007e-02 7.074213760000000842e-13 1.000000000000000000e+02
3.985460000000000000e+06 2.827868080000000000e+08 5.408699546296296467e+04 1.253343621399176655e-01 8.400000000000000000e+01 8.399999999999999689e-01 9.165151389911679880e-02 7.818867840000000878e-13 1.000000000000000000e+02
3.985560000000000000e+06 2.827869080000000000e+08 5.408699662037037342e+04 1.254629629629633314e-01 8.400000000000000000e+01 8.399999999999999689e-01 9.165151389911679880e-02 7.818867840000000878e-13 1.000000000000000000e+02
3.985660000000000000e+06 2.827870080000000000e+08 5.408699777777777490e+04 1.255915637860081091e-01 6.100000000000000000e+01 6.099999999999999867e-01 7.810249675906653921e-02 5.677987360000000902e-13 1.000000000000000000e+02
3.985760000000000000e+06 2.827871080000000000e+08 5.408699893518518365e+04 1.257201646090537750e-01 6.200000000000000000e+01 6.199999999999999956e-01 7.874007874011811070e-02 5.771069120000001032e-13 1.000000000000000000e+02
3.985860000000000000e+06 2.827872080000000000e+08 5.408700009259259241e+04 1.258487654320985527e-01 9.800000000000000000e+01 9.799999999999999822e-01 9.899494936611664964e-02 9.122012480000000687e-13 1.000000000000000000e+02
3.985960000000000000e+06 2.827873080000000000e+08 5.408700125000000116e+04 1.259773662551442186e-01 7.800000000000000000e+01 7.800000000000000266e-01 8.831760866327847959e-02 7.260377280000001103e-13 1.000000000000000000e+02
3.986060000000000000e+06 2.827874080000000000e+08 5.408700240740740992e+04 1.261059670781889963e-01 6.100000000000000000e+01 6.099999999999999867e-01 7.810249675906653921e-02 5.677987360000000902e-13 1.000000000000000000e+02
3.986160000000000000e+06 2.827875080000000000e+08 5.408700356481481867e+04 1.262345679012346622e-01 6.700000000000000000e+01 6.700000000000000400e-01 8.185352771872450584e-02 6.236477920000000676e-13 1.000000000000000000e+02
3.986260000000000000e+06 2.827876080000000000e+08 5.408700472222222015e+04 1.263631687242794399e-01 5.500000000000000000e+01 5.500000000000000444e-01 7.416198487095662650e-02 5.119496800000001128e-13 1.000000000000000000e+02
3.986360000000000000e+06 2.827877080000000000e+08 5.408700587962962891e+04 1.264917695473251058e-01 7.100000000000000000e+01 7.099999999999999645e-01 8.426149773176358493e-02 6.608804960000000189e-13 1.000000000000000000e+02
3.986460000000000000e+06 2.827878080000000000e+08 5.408700703703703766e+04 1.266203703703707717e-01 6.700000000000000000e+01 6.700000000000000400e-01 8.185352771872450584e-02 6.236477920000000676e-13 1.000000000000000000e+02
3.986560000000000000e+06 2.827879080000000000e+08 5.408700819444444642e+04 1.267489711934155494e-01 8.100000000000000000e+01 8.100000000000000533e-01 8.999999999999999667e-02 7.539622560000001495e-13 1.000000000000000000e+02
3.986660000000000000e+06 2.827880080000000000e+08 5.408700935185185517e+04 1.268775720164612153e-01 8.600000000000000000e+01 8.599999999999999867e-01 9.273618495495704328e-02 8.005031360000001139e-13 1.000000000000000000e+02
3.986760000000000000e+06 2.827881080000000000e+08 5.408701050925925665e+04 1.270061728395059930e-01 7.700000000000000000e+01 7.700000000000000178e-01 8.774964387392122922e-02 7.167295520000000973e-13 1.000000000000000000e+02
3.986860000000000000e+06 2.827882080000000000e+08 5.408701166666666541e+04 1.271347736625516589e-01 7.400000000000000000e+01 7.399999999999999911e-01 8.602325267042626455e-02 6.888050240000000581e-13 1.000000000000000000e+02
3.986960000000000000e+06 2.827883080000000000e+08 5.408701282407407416e+04 1.272633744855964366e-01 7.700000000000000000e+01 7.700000000000000178e-01 8.774964387392122922e-02 7.167295520000000973e-13 1.000000000000000000e+02
3.987060000000000000e+06 2.827884080000000000e+08 5.408701398148148292e+04 1.273919753086421025e-01 7.600000000000000000e+01 7.600000000000000089e-01 8.717797887081348007e-02 7.074213760000000842e-13 1.000000000000000000e+02
3.987160000000000000e+06 2.827885080000000000e+08 5.408701513888889167e+04 1.275205761316868802e-01 8.100000000000000000e+01 8.100000000000000533e-01 8.999999999999999667e-02 7.539622560000001495e-13 1.000000000000000000e+02
3.987260000000000000e+06 2.827886080000000000e+08 5.408701629629629315e+04 1.276491769547325461e-01 6.800000000000000000e+01 6.800000000000000488e-01 8.246211251235320561e-02 6.329559680000000807e-13 1.000000000000000000e+02
3.987360000000000000e+06 2.827887080000000000e+08 5.408701745370370190e+04 1.277777777777782120e-01 8.400000000000000000e+01 8.399999999999999689e-01 9.165151389911679880e-02 7.818867840000000878e-13 1.000000000000000000e+02
3.987460000000000000e+06 2.827888080000000000e+08 5.408701861111111066e+04 1.279063786008229897e-01 6.900000000000000000e+01 6.899999999999999467e-01 8.306623862918074974e-02 6.422641439999999928e-13 1.000000000000000000e+02
3.987560000000000000e+06 2.827889080000000000e+08 5.408701976851851941e+04 1.280349794238686556e-01 6.000000000000000000e+01 5.999999999999999778e-01 7.745966692414833765e-02 5.584905600000000771e-13 1.000000000000000000e+02
3.987660000000000000e+06 2.827890080000000000e+08 5.408702092592592817e+04 1.281635802469134333e-01 8.500000000000000000e+01 8.499999999999999778e-01 9.219544457292887241e-02 7.911949600000001008e-13 1.000000000000000000e+02
3.987760000000000000e+06 2.827891080000000000e+08 5.408702208333332965e+04 1.282921810699590992e-01 7.200000000000000000e+01 7.199999999999999734e-01 8.485281374238569374e-02 6.701886720000000319e-13 1.000000000000000000e+02
3.987860000000000000e+06 2.827892080000000000e+08 5.408702324074073840e+04 1.284207818930038769e-01 7.600000000000000000e+01 7.600000000000000089e-01 8.717797887081348007e-02 7.074213760000000842e-13 1.000000000000000000e+02
3.987960000000000000e+06 2.827893080000000000e+08 5.408702439814814716e+04 1.285493827160495428e-01 7.700000000000000000e+01 7.700000000000000178e-01 8.774964387392122922e-02 7.167295520000000973e-13 1.000000000000000000e+02
3.988060000000000000e+06 2.827894080000000000e+08 5.408702555555555591e+04 1.286779835390943205e-01 8.300000000000000000e+01 8.299999999999999600e-01 9.110433579144298910e-02 7.725786080000000747e-13 1.000000000000000000e+02
3.988160000000000000e+06 2.827895080000000000e+08 5.408702671296296467e+04 1.288065843621399864e-01 8.100000000000000000e+01 8.100000000000000533e-01 8.999999999999999667e-02 7.539622560000001495e-13 1.000000000000000000e+02
3.988260000000000000e+06 2.827896080000000000e+08 5.408702787037037342e+04 1.289351851851847641e-01 7.700000000000000000e+01 7.700000000000000178e-01 8.774964387392122922e-02 7.167295520000000973e-13 1.000000000000000000e+02
3.988360000000000000e+06 2.827897080000000000e+08 5.408702902777777490e+04 1.290637860082304300e-01 7.900000000000000000e+01 7.900000000000000355e-01 8.888194417315588292e-02 7.353459040000001234e-13 1.000000000000000000e+02
3.988460000000000000e+06 2.827898080000000000e+08 5.408703018518518365e+04 1.291923868312760959e-01 8.500000000000000000e+01 8.499999999999999778e-01 9.219544457292887241e-02 7.911949600000001008e-13 1.000000000000000000e+02
3.988560000000000000e+06 2.827899080000000000e+08 5.408703134259259241e+04 1.293209876543208736e-01 7.900000000000000000e+01 7.900000000000000355e-01 8.888194417315588292e-02 7.353459040000001234e-13 1.000000000000000000e+02
3.988660000000000000e+06 2.827900080000000000e+08 5.408703250000000116e+04 1.294495884773665395e-01 7.800000000000000000e+01 7.800000000000000266e-01 8.831760866327847959e-02 7.260377280000001103e-13 1.000000000000000000e+02
3.988760000000000000e+06 2.827901080000000000e+08 5.408703365740740992e+04 1.295781893004113172e-01 7.400000000000000000e+01 7.399999999999999911e-01 8.602325267042626455e-02 6.888050240000000581e-13 1.000000000000000000e+02
3.988860000000000000e+06 2.827902080000000000e+08 5.408703481481481867e+04 1.297067901234569831e-01 7.100000000000000000e+01 7.099999999999999645e-01 8.426149773176358493e-02 6.608804960000000189e-13 1.000000000000000000e+02
3.988960000000000000e+06 2.827903080000000000e+08 5.408703597222222015e+04 1.298353909465017608e-01 7.400000000000000000e+01 7.399999999999999911e-01 8.602325267042626455e-02 6.888050240000000581e-13 1.000000000000000000e+02
3.989060000000000000e+06 2.827904080000000000e+08 5.408703712962962891e+04 1.299639917695474267e-01 7.800000000000000000e+01 7.800000000000000266e-01 8.831760866327847959e-02 7.260377280000001103e-13 1.000000000000000000e+02
3.989160000000000000e+06 2.827905080000000000e+08 5.408703828703703766e+04 1.300925925925922044e-01 7.700000000000000000e+01 7.700000000000000178e-01 8.774964387392122922e-02 7.167295520000000973e-13 1.000000000000000000e+02
3.989260000000000000e+06 2.827906080000000000e+08 5.408703944444444642e+04 1.302211934156378703e-01 7.100000000000000000e+01 7.099999999999999645e-01 8.426149773176358493e-02 6.608804960000000189e-13 1.000000000000000000e+02
3.989360000000000000e+06 2.827907080000000000e+08 5.408704060185185517e+04 1.303497942386835362e-01 7.100000000000000000e+01 7.099999999999999645e-01 8.426149773176358493e-02 6.608804960000000189e-13 1.000000000000000000e+02
3.989460000000000000e+06 2.827908080000000000e+08 5.408704175925925665e+04 1.304783950617283139e-01 6.800000000000000000e+01 6.800000000000000488e-01 8.246211251235320561e-02 6.329559680000000807e-13 1.000000000000000000e+02
3.989560000000000000e+06 2.827909080000000000e+08 5.408704291666666541e+04 1.306069958847739798e-01 5.200000000000000000e+01 5.200000000000000178e-01 7.211102550927978028e-02 4.840251520000000736e-13 1.000000000000000000e+02
3.989660000000000000e+06 2.827910080000000000e+08 5.408704407407407416e+04 1.307355967078187575e-01 8.400000000000000000e+01 8.399999999999999689e-01 9.165151389911679880e-02 7.818867840000000878e-13 1.000000000000000000e+02
3.989760000000000000e+06 2.827911080000000000e+08 5.408704523148148292e+04 1.308641975308644234e-01 7.400000000000000000e+01 7.399999999999999911e-01 8.602325267042626455e-02 6.888050240000000581e-13 1.000000000000000000e+02
3.989860000000000000e+06 2.827912080000000000e+08 5.408704638888889167e+04 1.309927983539092011e-01 6.500000000000000000e+01 6.500000000000000222e-01 8.062257748298548576e-02 6.050314400000000415e-13 1.000000000000000000e+02
3.989960000000000000e+06 2.827913080000000000e+08 5.408704754629629315e+04 1.311213991769548670e-01 7.400000000000000000e+01 7.399999999999999911e-01 8.602325267042626455e-02 6.888050240000000581e-13 1.000000000000000000e+02
3.990060000000000000e+06 2.827914080000000000e+08 5.408704870370370190e+04 1.312499999999996447e-01 7.400000000000000000e+01 7.399999999999999911e-01 8.602325267042626455e-02 6.888050240000000581e-13 1.000000000000000000e+02
3.990160000000000000e+06 2.827915080000000000e+08 5.408704986111111066e+04 1.313786008230453106e-01 7.600000000000000000e+01 7.600000000000000089e-01 8.717797887081348007e-02 7.074213760000000842e-13 1.000000000000000000e+02
3.990260000000000000e+06 2.827916080000000000e+08 5.408705101851851941e+04 1.315072016460909765e-01 9.300000000000000000e+01 9.300000000000000488e-01 9.643650760992955595e-02 8.656603680000001044e-13 1.000000000000000000e+02
3.990360000000000000e+06 2.827917080000000000e+08 5.408705217592592817e+04 1.316358024691357542e-01 8.400000000000000000e+01 8.399999999999999689e-01 9.165151389911679880e-02 7.818867840000000878e-13 1.000000000000000000e+02
3.990460000000000000e+06 2.827918080000000000e+08 5.408705333333332965e+04 1.317644032921814201e-01 7.200000000000000000e+01 7.199999999999999734e-01 8.485281374238569374e-02 6.701886720000000319e-13 1.000000000000000000e+02
3.990560000000000000e+06 2.827919080000000000e+08 5.408705449074073840e+04 1.318930041152261978e-01 8.300000000000000000e+01 8.299999999999999600e-01 9.110433579144298910e-02 7.725786080000000747e-13 1.000000000000000000e+02
3.990660000000000000e+06 2.827920080000000000e+08 5.408705564814814716e+04 1.320216049382718637e-01 5.800000000000000000e+01 5.799999999999999600e-01 7.615773105863908599e-02 5.398742080000000510e-13 1.000000000000000000e+02
3.990760000000000000e+06 2.827921080000000000e+08 5.408705680555555591e+04 1.321502057613166414e-01 5.600000000000000000e+01 5.600000000000000533e-01 7.483314773547883325e-02 5.212578560000001258e-13 1.000000000000000000e+02
3.990860000000000000e+06 2.827922080000000000e+08 5.408705796296296467e+04 1.322788065843623073e-01 6.400000000000000000e+01 6.400000000000000133e-01 8.000000000000000167e-02 5.957232640000000284e-13 1.000000000000000000e+02
3.990960000000000000e+06 2.827923080000000000e+08 5.408705912037037342e+04 1.324074074074070850e-01 7.200000000000000000e+01 7.199999999999999734e-01 8.485281374238569374e-02 6.701886720000000319e-13 1.000000000000000000e+02
3.991060000000000000e+06 2.827924080000000000e+08 5.408706027777777490e+04 1.325360082304527509e-01 7.500000000000000000e+01 7.500000000000000000e-01 8.660254037844387909e-02 6.981132000000000711e-13 1.000000000000000000e+02
3.991160000000000000e+06 2.827925080000000000e+08 5.408706143518518365e+04 1.326646090534975286e-01 6.400000000000000000e+01 6.400000000000000133e-01 8.000000000000000167e-02 5.957232640000000284e-13 1.000000000000000000e+02
3.991260000000000000e+06 2.827926080000000000e+08 5.408706259259259241e+04 1.327932098765431945e-01 9.000000000000000000e+01 9.000000000000000222e-01 9.486832980505138790e-02 8.377358400000000652e-13 1.000000000000000000e+02
3.991360000000000000e+06 2.827927080000000000e+08 5.408706375000000116e+04 1.329218106995888604e-01 7.800000000000000000e+01 7.800000000000000266e-01 8.831760866327847959e-02 7.260377280000001103e-13 1.000000000000000000e+02
3.991460000000000000e+06 2.827928080000000000e+08 5.408706490740740992e+04 1.330504115226336381e-01 8.600000000000000000e+01 8.599999999999999867e-01 9.273618495495704328e-02 8.005031360000001139e-13 1.000000000000000000e+02
3.991560000000000000e+06 2.827929080000000000e+08 5.408706606481481867e+04 1.331790123456793040e-01 7.500000000000000000e+01 7.500000000000000000e-01 8.660254037844387909e-02 6.981132000000000711e-13 1.000000000000000000e+02
3.991660000000000000e+06 2.827930080000000000e+08 5.408706722222222015e+04 1.333076131687240817e-01 7.000000000000000000e+01 6.999999999999999556e-01 8.366600265340755349e-02 6.515723200000000058e-13 1.000000000000000000e+02
3.991760000000000000e+06 2.827931080000000000e+08 5.408706837962962891e+04 1.334362139917697476e-01 7.300000000000000000e+01 7.299999999999999822e-01 8.544003745317529930e-02 6.794968480000000450e-13 1.000000000000000000e+02
3.991860000000000000e+06 2.827932080000000000e+08 5.408706953703703766e+04 1.335648148148145253e-01 6.500000000000000000e+01 6.500000000000000222e-01 8.062257748298548576e-02 6.050314400000000415e-13 1.000000000000000000e+02
3.991960000000000000e+06 2.827933080000000000e+08 5.408707069444444642e+04 1.336934156378601912e-01 8.200000000000000000e+01 8.199999999999999512e-01 9.055385138137417300e-02 7.632704320000000616e-13 1.000000000000000000e+02
3.992060000000000000e+06 2.827934080000000000e+08 5.408707185185185517e+04 1.338220164609049689e-01 7.300000000000000000e+01 7.299999999999999822e-01 8.544003745317529930e-02 6.794968480000000450e-13 1.000000000000000000e+02
3.992160000000000000e+06 2.827935080000000000e+08 5.408707300925925665e+04 1.339506172839506348e-01 7.300000000000000000e+01 7.299999999999999822e-01 8.544003745317529930e-02 6.794968480000000450e-13 1.000000000000000000e+02
3.992260000000000000e+06 2.827936080000000000e+08 5.408707416666666541e+04 1.340792181069963007e-01 6.700000000000000000e+01 6.700000000000000400e-01 8.185352771872450584e-02 6.236477920000000676e-13 1.000000000000000000e+02
3.992360000000000000e+06 2.827937080000000000e+08 5.408707532407407416e+04 1.342078189300410784e-01 9.400000000000000000e+01 9.399999999999999467e-01 9.695359714832658959e-02 8.749685440000000165e-13 1.000000000000000000e+02
3.992460000000000000e+06 2.827938080000000000e+08 5.408707648148148292e+04 1.343364197530867443e-01 9.500000000000000000e+01 9.499999999999999556e-01 9.746794344808963617e-02 8.842767200000000295e-13 1.000000000000000000e+02
3.992560000000000000e+06 2.827939080000000000e+08 5.408707763888889167e+04 1.344650205761315220e-01 7.600000000000000000e+01 7.600000000000000089e-01 8.717797887081348007e-02 7.074213760000000842e-13 1.000000000000000000e+02
3.992660000000000000e+06 2.827940080000000000e+08 5.408707879629629315e+04 1.345936213991771879e-01 9.700000000000000000e+01 9.699999999999999734e-01 9.848857801796104261e-02 9.028930720000000557e-13 1.000000000000000000e+02
3.992760000000000000e+06 2.827941080000000000e+08 5.408707995370370190e+04 1.347222222222219656e-01 6.900000000000000000e+01 6.899999999999999467e-01 8.306623862918074974e-02 6.422641439999999928e-13 1.000000000000000000e+02
3.992860000000000000e+06 2.827942080000000000e+08 5.408708111111111066e+04 1.348508230452676315e-01 7.500000000000000000e+01 7.500000000000000000e-01 8.660254037844387909e-02 6.981132000000000711e-13 1.000000000000000000e+02
3.992960000000000000e+06 2.827943080000000000e+08 5.408708226851851941e+04 1.349794238683124092e-01 1.000000000000000000e+02 1.000000000000000000e+00 1.000000000000000056e-01 9.308176000000000949e-13 1.000000000000000000e+02
3.993060000000000000e+06 2.827944080000000000e+08 5.408708342592592817e+04 1.351080246913580751e-01 8.700000000000000000e+01 8.699999999999999956e-01 9.327379053088816208e-02 8.098113120000001270e-13 1.000000000000000000e+02
3.993160000000000000e+06 2.827945080000000000e+08 5.408708458333332965e+04 1.352366255144028528e-01 6.800000000000000000e+01 6.800000000000000488e-01 8.246211251235320561e-02 6.329559680000000807e-13 1.000000000000000000e+02
3.993260000000000000e+06 2.827946080000000000e+08 5.408708574074073840e+04 1.353652263374485187e-01 6.800000000000000000e+01 6.800000000000000488e-01 8.246211251235320561e-02 6.329559680000000807e-13 1.000000000000000000e+02
3.993360000000000000e+06 2.827947080000000000e+08 5.408708689814814716e+04 1.354938271604941846e-01 6.300000000000000000e+01 6.300000000000000044e-01 7.937253933193771926e-02 5.864150880000000153e-13 1.000000000000000000e+02
3.993460000000000000e+06 2.827948080000000000e+08 5.408708805555555591e+04 1.356224279835389623e-01 7.800000000000000000e+01 7.800000000000000266e-01 8.831760866327847959e-02 7.260377280000001103e-13 1.000000000000000000e+02
3.993560000000000000e+06 2.827949080000000000e+08 5.408708921296296467e+04 1.357510288065846282e-01 7.300000000000000000e+01 7.299999999999999822e-01 8.544003745317529930e-02 6.794968480000000450e-13 1.000000000000000000e+02
3.993660000000000000e+06 2.827950080000000000e+08 5.408709037037037342e+04 1.358796296296294059e-01 8.100000000000000000e+01 8.100000000000000533e-01 8.999999999999999667e-02 7.539622560000001495e-13 1.000000000000000000e+02
3.993760000000000000e+06 2.827951080000000000e+08 5.408709152777777490e+04 1.360082304526750718e-01 7.900000000000000000e+01 7.900000000000000355e-01 8.888194417315588292e-02 7.353459040000001234e-13 1.000000000000000000e+02
3.993860000000000000e+06 2.827952080000000000e+08 5.408709268518518365e+04 1.361368312757198495e-01 7.200000000000000000e+01 7.199999999999999734e-01 8.485281374238569374e-02 6.701886720000000319e-13 1.000000000000000000e+02
3.993960000000000000e+06 2.827953080000000000e+08 5.408709384259259241e+04 1.362654320987655154e-01 8.000000000000000000e+01 8.000000000000000444e-01 8.944271909999158832e-02 7.446540800000001365e-13 1.000000000000000000e+02
3.994060000000000000e+06 2.827954080000000000e+08 5.408709500000000116e+04 1.363940329218102931e-01 8.900000000000000000e+01 8.900000000000000133e-01 9.433981132056602770e-02 8.284276640000000521e-13 1.000000000000000000e+02
3.994160000000000000e+06 2.827955080000000000e+08 5.408709615740740992e+04 1.365226337448559590e-01 8.500000000000000000e+01 8.499999999999999778e-01 9.219544457292887241e-02 7.911949600000001008e-13 1.000000000000000000e+02
3.994260000000000000e+06 2.827956080000000000e+08 5.408709731481481867e+04 1.366512345679016249e-01 9.300000000000000000e+01 9.300000000000000488e-01 9.643650760992955595e-02 8.656603680000001044e-13 1.000000000000000000e+02
3.994360000000000000e+06 2.827957080000000000e+08 5.408709847222222015e+04 1.367798353909464026e-01 9.200000000000000000e+01 9.200000000000000400e-01 9.591663046625438505e-02 8.563521920000000913e-13 1.000000000000000000e+02
3.994460000000000000e+06 2.827958080000000000e+08 5.408709962962962891e+04 1.369084362139920685e-01 8.800000000000000000e+01 8.800000000000000044e-01 9.380831519646859462e-02 8.191194880000000390e-13 1.000000000000000000e+02
3.994560000000000000e+06 2.827959080000000000e+08 5.408710078703703766e+04 1.370370370370368462e-01 8.200000000000000000e+01 8.199999999999999512e-01 9.055385138137417300e-02 7.632704320000000616e-13 1.000000000000000000e+02
3.994660000000000000e+06 2.827960080000000000e+08 5.408710194444444642e+04 1.371656378600825121e-01 8.300000000000000000e+01 8.299999999999999600e-01 9.110433579144298910e-02 7.725786080000000747e-13 1.000000000000000000e+02
3.994760000000000000e+06 2.827961080000000000e+08 5.408710310185185517e+04 1.372942386831272898e-01 6.000000000000000000e+01 5.999999999999999778e-01 7.745966692414833765e-02 5.584905600000000771e-13 1.000000000000000000e+02
3.994860000000000000e+06 2.827962080000000000e+08 5.408710425925925665e+04 1.374228395061729557e-01 8.500000000000000000e+01 8.499999999999999778e-01 9.219544457292887241e-02 7.911949600000001008e-13 1.000000000000000000e+02
3.994960000000000000e+06 2.827963080000000000e+08 5.408710541666666541e+04 1.375514403292177334e-01 8.400000000000000000e+01 8.399999999999999689e-01 9.165151389911679880e-02 7.818867840000000878e-13 1.000000000000000000e+02
3.995060000000000000e+06 2.827964080000000000e+08 5.408710657407407416e+04 1.376800411522633993e-01 9.000000000000000000e+01 9.000000000000000222e-01 9.486832980505138790e-02 8.377358400000000652e-13 1.000000000000000000e+02
3.995160000000000000e+06 2.827965080000000000e+08 5.408710773148148292e+04 1.378086419753090652e-01 8.800000000000000000e+01 8.800000000000000044e-01 9.380831519646859462e-02 8.191194880000000390e-13 1.000000000000000000e+02
3.995260000000000000e+06 2.827966080000000000e+08 5.408710888888889167e+04 1.379372427983538429e-01 8.800000000000000000e+01 8.800000000000000044e-01 9.380831519646859462e-02 8.191194880000000390e-13 1.000000000000000000e+02
3.995360000000000000e+06 2.827967080000000000e+08 5.408711004629629315e+04 1.380658436213995088e-01 7.800000000000000000e+01 7.800000000000000266e-01 8.831760866327847959e-02 7.260377280000001103e-13 1.000000000000000000e+02
3.995460000000000000e+06 2.827968080000000000e+08 5.408711120370370190e+04 1.381944444444442865e-01 8.600000000000000000e+01 8.599999999999999867e-01 9.273618495495704328e-02 8.005031360000001139e-13 1.000000000000000000e+02
3.995560000000000000e+06 2.827969080000000000e+08 5.408711236111111066e+04 1.383230452674899524e-01 9.100000000000000000e+01 9.100000000000000311e-01 9.539392014169456591e-02 8.470440160000000782e-13 1.000000000000000000e+02
3.995660000000000000e+06 2.827970080000000000e+08 5.408711351851851941e+04 1.384516460905347301e-01 9.000000000000000000e+01 9.000000000000000222e-01 9.486832980505138790e-02 8.377358400000000652e-13 1.000000000000000000e+02
3.995760000000000000e+06 2.827971080000000000e+08 5.408711467592592817e+04 1.385802469135803960e-01 7.400000000000000000e+01 7.399999999999999911e-01 8.602325267042626455e-02 6.888050240000000581e-13 1.000000000000000000e+02
3.995860000000000000e+06 2.827972080000000000e+08 5.408711583333332965e+04 1.387088477366251738e-01 8.400000000000000000e+01 8.399999999999999689e-01 9.165151389911679880e-02 7.818867840000000878e-13 1.000000000000000000e+02
3.995960000000000000e+06 2.827973080000000000e+08 5.408711699074073840e+04 1.388374485596708396e-01 8.300000000000000000e+01 8.299999999999999600e-01 9.110433579144298910e-02 7.725786080000000747e-13 1.000000000000000000e+02
3.996060000000000000e+06 2.827974080000000000e+08 5.408711814814814716e+04 1.389660493827156174e-01 7.100000000000000000e+01 7.099999999999999645e-01 8.426149773176358493e-02 6.608804960000000189e-13 1.000000000000000000e+02
3.996160000000000000e+06 2.827975080000000000e+08 5.408711930555555591e+04 1.390946502057612832e-01 7.500000000000000000e+01 7.500000000000000000e-01 8.660254037844387909e-02 6.981132000000000711e-13 1.000000000000000000e+02
3.996260000000000000e+06 2.827976080000000000e+08 5.408712046296296467e+04 1.392232510288069491e-01 6.200000000000000000e+01 6.199999999999999956e-01 7.874007874011811070e-02 5.771069120000001032e-13 1.000000000000000000e+02
3.996360000000000000e+06 2.827977080000000000e+08 5.408712162037037342e+04 1.393518518518517268e-01 6.500000000000000000e+01 6.500000000000000222e-01 8.062257748298548576e-02 6.050314400000000415e-13 1.000000000000000000e+02
3.996460000000000000e+06 2.827978080000000000e+08 5.408712277777777490e+04 1.394804526748973927e-01 6.800000000000000000e+01 6.800000000000000488e-01 8.246211251235320561e-02 6.329559680000000807e-13 1.000000000000000000e+02
3.996560000000000000e+06 2.827979080000000000e+08 5.408712393518518365e+04 1.396090534979421705e-01 7.600000000000000000e+01 7.600000000000000089e-01 8.717797887081348007e-02 7.074213760000000842e-13 1.000000000000000000e+02
3.996660000000000000e+06 2.827980080000000000e+08 5.408712509259259241e+04 1.397376543209878363e-01 7.200000000000000000e+01 7.199999999999999734e-01 8.485281374238569374e-02 6.701886720000000319e-13 1.000000000000000000e+02
3.996760000000000000e+06 2.827981080000000000e+08 5.408712625000000116e+04 1.398662551440326141e-01 7.400000000000000000e+01 7.399999999999999911e-01 8.602325267042626455e-02 6.888050240000000581e-13 1.000000000000000000e+02
3.996860000000000000e+06 2.827982080000000000e+08 5.408712740740740992e+04 1.399948559670782799e-01 7.800000000000000000e+01 7.800000000000000266e-01 8.831760866327847959e-02 7.260377280000001103e-13 1.000000000000000000e+02
3.996960000000000000e+06 2.827983080000000000e+08 5.408712856481481867e+04 1.401234567901230577e-01 8.500000000000000000e+01 8.499999999999999778e-01 9.219544457292887241e-02 7.911949600000001008e-13 1.000000000000000000e+02
3.997060000000000000e+06 2.827984080000000000e+08 5.408712972222222015e+04 1.402520576131687235e-01 8.300000000000000000e+01 8.299999999999999600e-01 9.110433579144298910e-02 7.725786080000000747e-13 1.000000000000000000e+02
3.997160000000000000e+06 2.827985080000000000e+08 5.408713087962962891e+04 1.403806584362143894e-01 7.800000000000000000e+01 7.800000000000000266e-01 8.831760866327847959e-02 7.260377280000001103e-13 1.000000000000000000e+02
3.997260000000000000e+06 2.827986080000000000e+08 5.408713203703703766e+04 1.405092592592591672e-01 6.700000000000000000e+01 6.700000000000000400e-01 8.185352771872450584e-02 6.236477920000000676e-13 1.000000000000000000e+02
3.997360000000000000e+06 2.827987080000000000e+08 5.408713319444444642e+04 1.406378600823048330e-01 9.200000000000000000e+01 9.200000000000000400e-01 9.591663046625438505e-02 8.563521920000000913e-13 1.000000000000000000e+02
3.997460000000000000e+06 2.827988080000000000e+08 5.408713435185185517e+04 1.407664609053496108e-01 8.100000000000000000e+01 8.100000000000000533e-01 8.999999999999999667e-02 7.539622560000001495e-13 1.000000000000000000e+02
3.997560000000000000e+06 2.827989080000000000e+08 5.408713550925925665e+04 1.408950617283952766e-01 8.800000000000000000e+01 8.800000000000000044e-01 9.380831519646859462e-02 8.191194880000000390e-13 1.000000000000000000e+02
3.997660000000000000e+06 2.827990080000000000e+08 5.408713666666666541e+04 1.410236625514400544e-01 6.500000000000000000e+01 6.500000000000000222e-01 8.062257748298548576e-02 6.050314400000000415e-13 1.000000000000000000e+02
3.997760000000000000e+06 2.827991080000000000e+08 5.408713782407407416e+04 1.411522633744857202e-01 7.200000000000000000e+01 7.199999999999999734e-01 8.485281374238569374e-02 6.701886720000000319e-13 1.000000000000000000e+02
3.997860000000000000e+06 2.827992080000000000e+08 5.408713898148148292e+04 1.412808641975304980e-01 6.500000000000000000e+01 6.500000000000000222e-01 8.062257748298548576e-02 6.050314400000000415e-13 1.000000000000000000e+02
3.997960000000000000e+06 2.827993080000000000e+08 5.408714013888889167e+04 1.414094650205761639e-01 6.200000000000000000e+01 6.199999999999999956e-01 7.874007874011811070e-02 5.771069120000001032e-13 1.000000000000000000e+02
3.998060000000000000e+06 2.827994080000000000e+08 5.408714129629629315e+04 1.415380658436218297e-01 7.700000000000000000e+01 7.700000000000000178e-01 8.774964387392122922e-02 7.167295520000000973e-13 1.000000000000000000e+02
3.998160000000000000e+06 2.827995080000000000e+08 5.408714245370370190e+04 1.416666666666666075e-01 8.500000000000000000e+01 8.499999999999999778e-01 9.219544457292887241e-02 7.911949600000001008e-13 1.000000000000000000e+02
3.998260000000000000e+06 2.827996080000000000e+08 5.408714361111111066e+04 1.417952674897122733e-01 7.500000000000000000e+01 7.500000000000000000e-01 8.660254037844387909e-02 6.981132000000000711e-13 1.000000000000000000e+02
3.998360000000000000e+06 2.827997080000000000e+08 5.408714476851851941e+04 1.419238683127570511e-01 7.600000000000000000e+01 7.600000000000000089e-01 8.717797887081348007e-02 7.074213760000000842e-13 1.000000000000000000e+02
3.998460000000000000e+06 2.827998080000000000e+08 5.408714592592592817e+04 1.420524691358027169e-01 7.000000000000000000e+01 6.999999999999999556e-01 8.366600265340755349e-02 6.515723200000000058e-13 1.000000000000000000e+02
3.998560000000000000e+06 2.827999080000000000e+08 5.408714708333332965e+04 1.421810699588474947e-01 8.300000000000000000e+01 8.299999999999999600e-01 9.110433579144298910e-02 7.725786080000000747e-13 1.000000000000000000e+02
3.998660000000000000e+06 2.828000080000000000e+08 5.408714824074073840e+04 1.423096707818931606e-01 7.900000000000000000e+01 7.900000000000000355e-01 8.888194417315588292e-02 7.353459040000001234e-13 1.000000000000000000e+02
3.998760000000000000e+06 2.828001080000000000e+08 5.408714939814814716e+04 1.424382716049379383e-01 6.200000000000000000e+01 6.199999999999999956e-01 7.874007874011811070e-02 5.771069120000001032e-13 1.000000000000000000e+02
3.998860000000000000e+06 2.828002080000000000e+08 5.408715055555555591e+04 1.425668724279836042e-01 8.900000000000000000e+01 8.900000000000000133e-01 9.433981132056602770e-02 8.284276640000000521e-13 1.000000000000000000e+02
3.998960000000000000e+06 2.828003080000000000e+08 5.408715171296296467e+04 1.426954732510283819e-01 7.300000000000000000e+01 7.299999999999999822e-01 8.544003745317529930e-02 6.794968480000000450e-13 1.000000000000000000e+02
3.999060000000000000e+06 2.828004080000000000e+08 5.408715287037037342e+04 1.428240740740740478e-01 6.100000000000000000e+01 6.099999999999999867e-01 7.810249675906653921e-02 5.677987360000000902e-13 1.000000000000000000e+02
3.999160000000000000e+06 2.828005080000000000e+08 5.408715402777777490e+04 1.429526748971197136e-01 8.300000000000000000e+01 8.299999999999999600e-01 9.110433579144298910e-02 7.725786080000000747e-13 1.000000000000000000e+02
3.999260000000000000e+06 2.828006080000000000e+08 5.408715518518518365e+04 1.430812757201644914e-01 7.200000000000000000e+01 7.199999999999999734e-01 8.485281374238569374e-02 6.701886720000000319e-13 1.000000000000000000e+02
3.999360000000000000e+06 2.828007080000000000e+08 5.408715634259259241e+04 1.432098765432101573e-01 5.700000000000000000e+01 5.699999999999999512e-01 7.549834435270749711e-02 5.305660320000000379e-13 1.000000000000000000e+02
3.999460000000000000e+06 2.828008080000000000e+08 5.408715750000000116e+04 1.433384773662549350e-01 6.900000000000000000e+01 6.899999999999999467e-01 8.306623862918074974e-02 6.422641439999999928e-13 1.000000000000000000e+02
3.999560000000000000e+06 2.828009080000000000e+08 5.408715865740740992e+04 1.434670781893006009e-01 8.000000000000000000e+01 8.000000000000000444e-01 8.944271909999158832e-02 7.446540800000001365e-13 1.000000000000000000e+02
3.999660000000000000e+06 2.828010080000000000e+08 5.408715981481481867e+04 1.435956790123453786e-01 7.400000000000000000e+01 7.399999999999999911e-01 8.602325267042626455e-02 6.888050240000000581e-13 1.000000000000000000e+02
3.999760000000000000e+06 2.828011080000000000e+08 5.408716097222222015e+04 1.437242798353910445e-01 7.000000000000000000e+01 6.999999999999999556e-01 8.366600265340755349e-02 6.515723200000000058e-13 1.000000000000000000e+02
3.999860000000000000e+06 2.828012080000000000e+08 5.408716212962962891e+04 1.438528806584358222e-01 7.100000000000000000e+01 7.099999999999999645e-01 8.426149773176358493e-02 6.608804960000000189e-13 1.000000000000000000e+02
3.999960000000000000e+06 2.828013080000000000e+08 5.408716328703703766e+04 1.439814814814814881e-01 6.900000000000000000e+01 6.899999999999999467e-01 8.306623862918074974e-02 6.422641439999999928e-13 1.000000000000000000e+02
4.000060000000000000e+06 2.828014080000000000e+08 5.408716444444444642e+04 1.441100823045271540e-01 8.000000000000000000e+01 8.000000000000000444e-01 8.944271909999158832e-02 7.446540800000001365e-13 1.000000000000000000e+02
4.000160000000000000e+06 2.828015080000000000e+08 5.408716560185185517e+04 1.442386831275719317e-01 7.300000000000000000e+01 7.299999999999999822e-01 8.544003745317529930e-02 6.794968480000000450e-13 1.000000000000000000e+02
4.000260000000000000e+06 2.828016080000000000e+08 5.408716675925925665e+04 1.443672839506175976e-01 7.400000000000000000e+01 7.399999999999999911e-01 8.602325267042626455e-02 6.888050240000000581e-13 1.000000000000000000e+02
4.000360000000000000e+06 2.828017080000000000e+08 5.408716791666666541e+04 1.444958847736623753e-01 8.800000000000000000e+01 8.800000000000000044e-01 9.380831519646859462e-02 8.191194880000000390e-13 1.000000000000000000e+02
4.000460000000000000e+06 2.828018080000000000e+08 5.408716907407407416e+04 1.446244855967080412e-01 8.500000000000000000e+01 8.499999999999999778e-01 9.219544457292887241e-02 7.911949600000001008e-13 1.000000000000000000e+02
4.000560000000000000e+06 2.828019080000000000e+08 5.408717023148148292e+04 1.447530864197528189e-01 6.900000000000000000e+01 6.899999999999999467e-01 8.306623862918074974e-02 6.422641439999999928e-13 1.000000000000000000e+02
4.000660000000000000e+06 2.828020080000000000e+08 5.408717138888889167e+04 1.448816872427984848e-01 6.600000000000000000e+01 6.600000000000000311e-01 8.124038404635960942e-02 6.143396160000000545e-13 1.000000000000000000e+02
4.000760000000000000e+06 2.828021080000000000e+08 5.408717254629629315e+04 1.450102880658432625e-01 7.600000000000000000e+01 7.600000000000000089e-01 8.717797887081348007e-02 7.074213760000000842e-13 1.000000000000000000e+02
4.000860000000000000e+06 2.828022080000000000e+08 5.408717370370370190e+04 1.451388888888889284e-01 6.700000000000000000e+01 6.700000000000000400e-01 8.185352771872450584e-02 6.236477920000000676e-13 1.000000000000000000e+02
4.000960000000000000e+06 2.828023080000000000e+08 5.408717486111111066e+04 1.452674897119345943e-01 7.900000000000000000e+01 7.900000000000000355e-01 8.888194417315588292e-02 7.353459040000001234e-13 1.000000000000000000e+02
4.001060000000000000e+06 2.828024080000000000e+08 5.408717601851851941e+04 1.453960905349793720e-01 6.500000000000000000e+01 6.500000000000000222e-01 8.062257748298548576e-02 6.050314400000000415e-13 1.000000000000000000e+02
4.001160000000000000e+06 2.828025080000000000e+08 5.408717717592592817e+04 1.455246913580250379e-01 6.400000000000000000e+01 6.400000000000000133e-01 8.000000000000000167e-02 5.957232640000000284e-13 1.000000000000000000e+02
4.001260000000000000e+06 2.828026080000000000e+08 5.408717833333332965e+04 1.456532921810698156e-01 8.400000000000000000e+01 8.399999999999999689e-01 9.165151389911679880e-02 7.818867840000000878e-13 1.000000000000000000e+02
4.001360000000000000e+06 2.828027080000000000e+08 5.408717949074073840e+04 1.457818930041154815e-01 8.500000000000000000e+01 8.499999999999999778e-01 9.219544457292887241e-02 7.911949600000001008e-13 1.000000000000000000e+02
4.001460000000000000e+06 2.828028080000000000e+08 5.408718064814814716e+04 1.459104938271602592e-01 6.700000000000000000e+01 6.700000000000000400e-01 8.185352771872450584e-02 6.236477920000000676e-13 1.000000000000000000e+02
4.001560000000000000e+06 2.828029080000000000e+08 5.408718180555555591e+04 1.460390946502059251e-01 8.400000000000000000e+01 8.399999999999999689e-01 9.165151389911679880e-02 7.818867840000000878e-13 1.000000000000000000e+02
4.001660000000000000e+06 2.828030080000000000e+08 5.408718296296296467e+04 1.461676954732507028e-01 8.400000000000000000e+01 8.399999999999999689e-01 9.165151389911679880e-02 7.818867840000000878e-13 1.000000000000000000e+02
4.001760000000000000e+06 2.828031080000000000e+08 5.408718412037037342e+04 1.462962962962963687e-01 7.100000000000000000e+01 7.099999999999999645e-01 8.426149773176358493e-02 6.608804960000000189e-13 1.000000000000000000e+02
4.001860000000000000e+06 2.828032080000000000e+08 5.408718527777777490e+04 1.464248971193411464e-01 9.400000000000000000e+01 9.399999999999999467e-01 9.695359714832658959e-02 8.749685440000000165e-13 1.000000000000000000e+02
4.001960000000000000e+06 2.828033080000000000e+08 5.408718643518518365e+04 1.465534979423868123e-01 7.700000000000000000e+01 7.700000000000000178e-01 8.774964387392122922e-02 7.167295520000000973e-13 1.000000000000000000e+02
4.002060000000000000e+06 2.828034080000000000e+08 5.408718759259259241e+04 1.466820987654324782e-01 8.000000000000000000e+01 8.000000000000000444e-01 8.944271909999158832e-02 7.446540800000001365e-13 1.000000000000000000e+02
4.002160000000000000e+06 2.828035080000000000e+08 5.408718875000000116e+04 1.468106995884772559e-01 7.000000000000000000e+01 6.999999999999999556e-01 8.366600265340755349e-02 6.515723200000000058e-13 1.000000000000000000e+02
4.002260000000000000e+06 2.828036080000000000e+08 5.408718990740740992e+04 1.469393004115229218e-01 5.500000000000000000e+01 5.500000000000000444e-01 7.416198487095662650e-02 5.119496800000001128e-13 1.000000000000000000e+02
4.002360000000000000e+06 2.828037080000000000e+08 5.408719106481481867e+04 1.470679012345676995e-01 7.400000000000000000e+01 7.399999999999999911e-01 8.602325267042626455e-02 6.888050240000000581e-13 1.000000000000000000e+02
4.002460000000000000e+06 2.828038080000000000e+08 5.408719222222222015e+04 1.471965020576133654e-01 5.800000000000000000e+01 5.799999999999999600e-01 7.615773105863908599e-02 5.398742080000000510e-13 1.000000000000000000e+02
4.002560000000000000e+06 2.828039080000000000e+08 5.408719337962962891e+04 1.473251028806581431e-01 7.900000000000000000e+01 7.900000000000000355e-01 8.888194417315588292e-02 7.353459040000001234e-13 1.000000000000000000e+02
4.002660000000000000e+06 2.828040080000000000e+08 5.408719453703703766e+04 1.474537037037038090e-01 7.200000000000000000e+01 7.199999999999999734e-01 8.485281374238569374e-02 6.701886720000000319e-13 1.000000000000000000e+02
4.002760000000000000e+06 2.828041080000000000e+08 5.408719569444444642e+04 1.475823045267485867e-01 6.400000000000000000e+01 6.400000000000000133e-01 8.000000000000000167e-02 5.957232640000000284e-13 1.000000000000000000e+02
4.002860000000000000e+06 2.828042080000000000e+08 5.408719685185185517e+04 1.477109053497942526e-01 6.800000000000000000e+01 6.800000000000000488e-01 8.246211251235320561e-02 6.329559680000000807e-13 1.000000000000000000e+02
4.002960000000000000e+06 2.828043080000000000e+08 5.408719800925925665e+04 1.478395061728399185e-01 7.900000000000000000e+01 7.900000000000000355e-01 8.888194417315588292e-02 7.353459040000001234e-13 1.000000000000000000e+02
4.003060000000000000e+06 2.828044080000000000e+08 5.408719916666666541e+04 1.479681069958846962e-01 8.400000000000000000e+01 8.399999999999999689e-01 9.165151389911679880e-02 7.818867840000000878e-13 1.000000000000000000e+02
4.003160000000000000e+06 2.828045080000000000e+08 5.408720032407407416e+04 1.480967078189303621e-01 8.200000000000000000e+01 8.199999999999999512e-01 9.055385138137417300e-02 7.632704320000000616e-13 1.000000000000000000e+02
4.003260000000000000e+06 2.828046080000000000e+08 5.408720148148148292e+04 1.482253086419751398e-01 7.500000000000000000e+01 7.500000000000000000e-01 8.660254037844387909e-02 6.981132000000000711e-13 1.000000000000000000e+02
4.003360000000000000e+06 2.828047080000000000e+08 5.408720263888889167e+04 1.483539094650208057e-01 7.900000000000000000e+01 7.900000000000000355e-01 8.888194417315588292e-02 7.353459040000001234e-13 1.000000000000000000e+02
4.003460000000000000e+06 2.828048080000000000e+08 5.408720379629629315e+04 1.484825102880655834e-01 6.900000000000000000e+01 6.899999999999999467e-01 8.306623862918074974e-02 6.422641439999999928e-13 1.000000000000000000e+02
4.003560000000000000e+06 2.828049080000000000e+08 5.408720495370370190e+04 1.486111111111112493e-01 9.400000000000000000e+01 9.399999999999999467e-01 9.695359714832658959e-02 8.749685440000000165e-13 1.000000000000000000e+02
4.003660000000000000e+06 2.828050080000000000e+08 5.408720611111111066e+04 1.487397119341560270e-01 7.100000000000000000e+01 7.099999999999999645e-01 8.426149773176358493e-02 6.608804960000000189e-13 1.000000000000000000e+02
4.003760000000000000e+06 2.828051080000000000e+08 5.408720726851851941e+04 1.488683127572016929e-01 8.100000000000000000e+01 8.100000000000000533e-01 8.999999999999999667e-02 7.539622560000001495e-13 1.000000000000000000e+02
4.003860000000000000e+06 2.828052080000000000e+08 5.408720842592592817e+04 1.489969135802464706e-01 7.100000000000000000e+01 7.099999999999999645e-01 8.426149773176358493e-02 6.608804960000000189e-13 1.000000000000000000e+02
4.003960000000000000e+06 2.828053080000000000e+08 5.408720958333332965e+04 1.491255144032921365e-01 6.500000000000000000e+01 6.500000000000000222e-01 8.062257748298548576e-02 6.050314400000000415e-13 1.000000000000000000e+02
4.004060000000000000e+06 2.828054080000000000e+08 5.408721074074073840e+04 1.492541152263378024e-01 7.600000000000000000e+01 7.600000000000000089e-01 8.717797887081348007e-02 7.074213760000000842e-13 1.000000000000000000e+02
4.004160000000000000e+06 2.828055080000000000e+08 5.408721189814814716e+04 1.493827160493825801e-01 7.700000000000000000e+01 7.700000000000000178e-01 8.774964387392122922e-02 7.167295520000000973e-13 1.000000000000000000e+02
4.004260000000000000e+06 2.828056080000000000e+08 5.408721305555555591e+04 1.495113168724282460e-01 9.000000000000000000e+01 9.000000000000000222e-01 9.486832980505138790e-02 8.377358400000000652e-13 1.000000000000000000e+02
4.004360000000000000e+06 2.828057080000000000e+08 5.408721421296296467e+04 1.496399176954730237e-01 6.400000000000000000e+01 6.400000000000000133e-01 8.000000000000000167e-02 5.957232640000000284e-13 1.000000000000000000e+02
4.004460000000000000e+06 2.828058080000000000e+08 5.408721537037037342e+04 1.497685185185186896e-01 7.800000000000000000e+01 7.800000000000000266e-01 8.831760866327847959e-02 7.260377280000001103e-13 1.000000000000000000e+02
4.004560000000000000e+06 2.828059080000000000e+08 5.408721652777777490e+04 1.498971193415634673e-01 7.000000000000000000e+01 6.999999999999999556e-01 8.366600265340755349e-02 6.515723200000000058e-13 1.000000000000000000e+02
4.004660000000000000e+06 2.828060080000000000e+08 5.408721768518518365e+04 1.500257201646091332e-01 6.900000000000000000e+01 6.899999999999999467e-01 8.306623862918074974e-02 6.422641439999999928e-13 1.000000000000000000e+02
4.004760000000000000e+06 2.828061080000000000e+08 5.408721884259259241e+04 1.501543209876539109e-01 8.000000000000000000e+01 8.000000000000000444e-01 8.944271909999158832e-02 7.446540800000001365e-13 1.000000000000000000e+02
4.004860000000000000e+06 2.828062080000000000e+08 5.408722000000000116e+04 1.502829218106995768e-01 8.200000000000000000e+01 8.199999999999999512e-01 9.055385138137417300e-02 7.632704320000000616e-13 1.000000000000000000e+02
4.004960000000000000e+06 2.828063080000000000e+08 5.408722115740740992e+04 1.504115226337452427e-01 7.800000000000000000e+01 7.800000000000000266e-01 8.831760866327847959e-02 7.260377280000001103e-13 1.000000000000000000e+02
4.005060000000000000e+06 2.828064080000000000e+08 5.408722231481481867e+04 1.505401234567900204e-01 7.100000000000000000e+01 7.099999999999999645e-01 8.426149773176358493e-02 6.608804960000000189e-13 1.000000000000000000e+02
4.005160000000000000e+06 2.828065080000000000e+08 5.408722347222222015e+04 1.506687242798356863e-01 8.400000000000000000e+01 8.399999999999999689e-01 9.165151389911679880e-02 7.818867840000000878e-13 1.000000000000000000e+02
4.005260000000000000e+06 2.828066080000000000e+08 5.408722462962962891e+04 1.507973251028804640e-01 8.200000000000000000e+01 8.199999999999999512e-01 9.055385138137417300e-02 7.632704320000000616e-13 1.000000000000000000e+02
4.005360000000000000e+06 2.828067080000000000e+08 5.408722578703703766e+04 1.509259259259261299e-01 8.500000000000000000e+01 8.499999999999999778e-01 9.219544457292887241e-02 7.911949600000001008e-13 1.000000000000000000e+02
4.005460000000000000e+06 2.828068080000000000e+08 5.408722694444444642e+04 1.510545267489709076e-01 6.700000000000000000e+01 6.700000000000000400e-01 8.185352771872450584e-02 6.236477920000000676e-13 1.000000000000000000e+02
4.005560000000000000e+06 2.828069080000000000e+08 5.408722810185185517e+04 1.511831275720165735e-01 6.800000000000000000e+01 6.800000000000000488e-01 8.246211251235320561e-02 6.329559680000000807e-13 1.000000000000000000e+02
4.005660000000000000e+06 2.828070080000000000e+08 5.408722925925925665e+04 1.513117283950613512e-01 6.700000000000000000e+01 6.700000000000000400e-01 8.185352771872450584e-02 6.236477920000000676e-13 1.000000000000000000e+02
4.005760000000000000e+06 2.828071080000000000e+08 5.408723041666666541e+04 1.514403292181070171e-01 6.300000000000000000e+01 6.300000000000000044e-01 7.937253933193771926e-02 5.864150880000000153e-13 1.000000000000000000e+02
4.005860000000000000e+06 2.828072080000000000e+08 5.408723157407407416e+04 1.515689300411526830e-01 8.000000000000000000e+01 8.000000000000000444e-01 8.944271909999158832e-02 7.446540800000001365e-13 1.000000000000000000e+02
4.005960000000000000e+06 2.828073080000000000e+08 5.408723273148148292e+04 1.516975308641974607e-01 8.500000000000000000e+01 8.499999999999999778e-01 9.219544457292887241e-02 7.911949600000001008e-13 1.000000000000000000e+02
4.006060000000000000e+06 2.828074080000000000e+08 5.408723388888889167e+04 1.518261316872431266e-01 6.500000000000000000e+01 6.500000000000000222e-01 8.062257748298548576e-02 6.050314400000000415e-13 1.000000000000000000e+02
4.006160000000000000e+06 2.828075080000000000e+08 5.408723504629629315e+04 1.519547325102879043e-01 8.500000000000000000e+01 8.499999999999999778e-01 9.219544457292887241e-02 7.911949600000001008e-13 1.000000000000000000e+02
4.006260000000000000e+06 2.828076080000000000e+08 5.408723620370370190e+04 1.520833333333335702e-01 8.400000000000000000e+01 8.399999999999999689e-01 9.165151389911679880e-02 7.818867840000000878e-13 1.000000000000000000e+02
4.006360000000000000e+06 2.828077080000000000e+08 5.408723736111111066e+04 1.522119341563783479e-01 5.900000000000000000e+01 5.899999999999999689e-01 7.681145747868607654e-02 5.491823840000000640e-13 1.000000000000000000e+02
4.006460000000000000e+06 2.828078080000000000e+08 5.408723851851851941e+04 1.523405349794240138e-01 6.900000000000000000e+01 6.899999999999999467e-01 8.306623862918074974e-02 6.422641439999999928e-13 1.000000000000000000e+02
4.006560000000000000e+06 2.828079080000000000e+08 5.408723967592592817e+04 1.524691358024687915e-01 7.700000000000000000e+01 7.700000000000000178e-01 8.774964387392122922e-02 7.167295520000000973e-13 1.000000000000000000e+02
4.006660000000000000e+06 2.828080080000000000e+08 5.408724083333332965e+04 1.525977366255144574e-01 7.400000000000000000e+01 7.399999999999999911e-01 8.602325267042626455e-02 6.888050240000000581e-13 1.000000000000000000e+02
4.006760000000000000e+06 2.828081080000000000e+08 5.408724199074073840e+04 1.527263374485592351e-01 7.800000000000000000e+01 7.800000000000000266e-01 8.831760866327847959e-02 7.260377280000001103e-13 1.000000000000000000e+02
4.006860000000000000e+06 2.828082080000000000e+08 5.408724314814814716e+04 1.528549382716049010e-01 6.300000000000000000e+01 6.300000000000000044e-01 7.937253933193771926e-02 5.864150880000000153e-13 1.000000000000000000e+02
4.006960000000000000e+06 2.828083080000000000e+08 5.408724430555555591e+04 1.529835390946505669e-01 6.500000000000000000e+01 6.500000000000000222e-01 8.062257748298548576e-02 6.050314400000000415e-13 1.000000000000000000e+02
4.007060000000000000e+06 2.828084080000000000e+08 5.408724546296296467e+04 1.531121399176953446e-01 8.600000000000000000e+01 8.599999999999999867e-01 9.273618495495704328e-02 8.005031360000001139e-13 1.000000000000000000e+02
4.007160000000000000e+06 2.828085080000000000e+08 5.408724662037037342e+04 1.532407407407410105e-01 7.800000000000000000e+01 7.800000000000000266e-01 8.831760866327847959e-02 7.260377280000001103e-13 1.000000000000000000e+02
4.007260000000000000e+06 2.828086080000000000e+08 5.408724777777777490e+04 1.533693415637857882e-01 6.600000000000000000e+01 6.600000000000000311e-01 8.124038404635960942e-02 6.143396160000000545e-13 1.000000000000000000e+02
4.007360000000000000e+06 2.828087080000000000e+08 5.408724893518518365e+04 1.534979423868314541e-01 7.600000000000000000e+01 7.600000000000000089e-01 8.717797887081348007e-02 7.074213760000000842e-13 1.000000000000000000e+02
4.007460000000000000e+06 2.828088080000000000e+08 5.408725009259259241e+04 1.536265432098762318e-01 8.500000000000000000e+01 8.499999999999999778e-01 9.219544457292887241e-02 7.911949600000001008e-13 1.000000000000000000e+02
4.007560000000000000e+06 2.828089080000000000e+08 5.408725125000000116e+04 1.537551440329218977e-01 7.000000000000000000e+01 6.999999999999999556e-01 8.366600265340755349e-02 6.515723200000000058e-13 1.000000000000000000e+02
4.007660000000000000e+06 2.828090080000000000e+08 5.408725240740740992e+04 1.538837448559666754e-01 8.400000000000000000e+01 8.399999999999999689e-01 9.165151389911679880e-02 7.818867840000000878e-13 1.000000000000000000e+02
4.007760000000000000e+06 2.828091080000000000e+08 5.408725356481481867e+04 1.540123456790123413e-01 8.200000000000000000e+01 8.199999999999999512e-01 9.055385138137417300e-02 7.632704320000000616e-13 1.000000000000000000e+02
4.007860000000000000e+06 2.828092080000000000e+08 5.408725472222222015e+04 1.541409465020580072e-01 8.000000000000000000e+01 8.000000000000000444e-01 8.944271909999158832e-02 7.446540800000001365e-13 1.000000000000000000e+02
4.007960000000000000e+06 2.828093080000000000e+08 5.408725587962962891e+04 1.542695473251027849e-01 6.300000000000000000e+01 6.300000000000000044e-01 7.937253933193771926e-02 5.864150880000000153e-13 1.000000000000000000e+02
4.008060000000000000e+06 2.828094080000000000e+08 5.408725703703703766e+04 1.543981481481484508e-01 9.000000000000000000e+01 9.000000000000000222e-01 9.486832980505138790e-02 8.377358400000000652e-13 1.000000000000000000e+02
4.008160000000000000e+06 2.828095080000000000e+08 5.408725819444444642e+04 1.545267489711932285e-01 7.100000000000000000e+01 7.099999999999999645e-01 8.426149773176358493e-02 6.608804960000000189e-13 1.000000000000000000e+02
4.008260000000000000e+06 2.828096080000000000e+08 5.408725935185185517e+04 1.546553497942388944e-01 7.300000000000000000e+01 7.299999999999999822e-01 8.544003745317529930e-02 6.794968480000000450e-13 1.000000000000000000e+02
4.008360000000000000e+06 2.828097080000000000e+08 5.408726050925925665e+04 1.547839506172836721e-01 7.400000000000000000e+01 7.399999999999999911e-01 8.602325267042626455e-02 6.888050240000000581e-13 1.000000000000000000e+02
4.008460000000000000e+06 2.828098080000000000e+08 5.408726166666666541e+04 1.549125514403293380e-01 6.700000000000000000e+01 6.700000000000000400e-01 8.185352771872450584e-02 6.236477920000000676e-13 1.000000000000000000e+02
4.008560000000000000e+06 2.828099080000000000e+08 5.408726282407407416e+04 1.550411522633741157e-01 7.000000000000000000e+01 6.999999999999999556e-01 8.366600265340755349e-02 6.515723200000000058e-13 1.000000000000000000e+02
4.008660000000000000e+06 2.828100080000000000e+08 5.408726398148148292e+04 1.551697530864197816e-01 7.800000000000000000e+01 7.800000000000000266e-01 8.831760866327847959e-02 7.260377280000001103e-13 1.000000000000000000e+02
4.008760000000000000e+06 2.828101080000000000e+08 5.408726513888889167e+04 1.552983539094654475e-01 6.500000000000000000e+01 6.500000000000000222e-01 8.062257748298548576e-02 6.050314400000000415e-13 1.000000000000000000e+02
4.008860000000000000e+06 2.828102080000000000e+08 5.408726629629629315e+04 1.554269547325102252e-01 7.200000000000000000e+01 7.199999999999999734e-01 8.485281374238569374e-02 6.701886720000000319e-13 1.000000000000000000e+02
4.008960000000000000e+06 2.828103080000000000e+08 5.408726745370370190e+04 1.555555555555558911e-01 7.800000000000000000e+01 7.800000000000000266e-01 8.831760866327847959e-02 7.260377280000001103e-13 1.000000000000000000e+02
4.009060000000000000e+06 2.828104080000000000e+08 5.408726861111111066e+04 1.556841563786006688e-01 7.500000000000000000e+01 7.500000000000000000e-01 8.660254037844387909e-02 6.981132000000000711e-13 1.000000000000000000e+02
4.009160000000000000e+06 2.828105080000000000e+08 5.408726976851851941e+04 1.558127572016463347e-01 6.700000000000000000e+01 6.700000000000000400e-01 8.185352771872450584e-02 6.236477920000000676e-13 1.000000000000000000e+02
4.009260000000000000e+06 2.828106080000000000e+08 5.408727092592592817e+04 1.559413580246911124e-01 8.300000000000000000e+01 8.299999999999999600e-01 9.110433579144298910e-02 7.725786080000000747e-13 1.000000000000000000e+02
4.009360000000000000e+06 2.828107080000000000e+08 5.408727208333332965e+04 1.560699588477367783e-01 7.400000000000000000e+01 7.399999999999999911e-01 8.602325267042626455e-02 6.888050240000000581e-13 1.000000000000000000e+02
4.009460000000000000e+06 2.828108080000000000e+08 5.408727324074073840e+04 1.561985596707815560e-01 6.800000000000000000e+01 6.800000000000000488e-01 8.246211251235320561e-02 6.329559680000000807e-13 1.000000000000000000e+02
4.009560000000000000e+06 2.828109080000000000e+08 5.408727439814814716e+04 1.563271604938272219e-01 5.800000000000000000e+01 5.799999999999999600e-01 7.615773105863908599e-02 5.398742080000000510e-13 1.000000000000000000e+02
4.009660000000000000e+06 2.828110080000000000e+08 5.408727555555555591e+04 1.564557613168719996e-01 7.600000000000000000e+01 7.600000000000000089e-01 8.717797887081348007e-02 7.074213760000000842e-13 1.000000000000000000e+02
4.009760000000000000e+06 2.828111080000000000e+08 5.408727671296296467e+04 1.565843621399176655e-01 7.500000000000000000e+01 7.500000000000000000e-01 8.660254037844387909e-02 6.981132000000000711e-13 1.000000000000000000e+02
4.009860000000000000e+06 2.828112080000000000e+08 5.408727787037037342e+04 1.567129629629633314e-01 6.400000000000000000e+01 6.400000000000000133e-01 8.000000000000000167e-02 5.957232640000000284e-13 1.000000000000000000e+02
4.009960000000000000e+06 2.828113080000000000e+08 5.408727902777777490e+04 1.568415637860081091e-01 6.400000000000000000e+01 6.400000000000000133e-01 8.000000000000000167e-02 5.957232640000000284e-13 1.000000000000000000e+02
4.010060000000000000e+06 2.828114080000000000e+08 5.408728018518518365e+04 1.569701646090537750e-01 6.900000000000000000e+01 6.899999999999999467e-01 8.306623862918074974e-02 6.422641439999999928e-13 1.000000000000000000e+02
4.010160000000000000e+06 2.828115080000000000e+08 5.408728134259259241e+04 1.570987654320985527e-01 8.100000000000000000e+01 8.100000000000000533e-01 8.999999999999999667e-02 7.539622560000001495e-13 1.000000000000000000e+02
4.010260000000000000e+06 2.828116080000000000e+08 5.408728250000000116e+04 1.572273662551442186e-01 7.200000000000000000e+01 7.199999999999999734e-01 8.485281374238569374e-02 6.701886720000000319e-13 1.000000000000000000e+02
4.010360000000000000e+06 2.828117080000000000e+08 5.408728365740740992e+04 1.573559670781889963e-01 7.000000000000000000e+01 6.999999999999999556e-01 8.366600265340755349e-02 6.515723200000000058e-13 1.000000000000000000e+02
4.010460000000000000e+06 2.828118080000000000e+08 5.408728481481481867e+04 1.574845679012346622e-01 8.700000000000000000e+01 8.699999999999999956e-01 9.327379053088816208e-02 8.098113120000001270e-13 1.000000000000000000e+02
4.010560000000000000e+06 2.828119080000000000e+08 5.408728597222222015e+04 1.576131687242794399e-01 8.000000000000000000e+01 8.000000000000000444e-01 8.944271909999158832e-02 7.446540800000001365e-13 1.000000000000000000e+02
4.010660000000000000e+06 2.828120080000000000e+08 5.408728712962962891e+04 1.577417695473251058e-01 6.900000000000000000e+01 6.899999999999999467e-01 8.306623862918074974e-02 6.422641439999999928e-13 1.000000000000000000e+02
4.010760000000000000e+06 2.828121080000000000e+08 5.408728828703703766e+04 1.578703703703707717e-01 7.300000000000000000e+01 7.299999999999999822e-01 8.544003745317529930e-02 6.794968480000000450e-13 1.000000000000000000e+02
4.010860000000000000e+06 2.828122080000000000e+08 5.408728944444444642e+04 1.579989711934155494e-01 8.600000000000000000e+01 8.599999999999999867e-01 9.273618495495704328e-02 8.005031360000001139e-13 1.000000000000000000e+02
4.010960000000000000e+06 2.828123080000000000e+08 5.408729060185185517e+04 1.581275720164612153e-01 6.500000000000000000e+01 6.500000000000000222e-01 8.062257748298548576e-02 6.050314400000000415e-13 1.000000000000000000e+02
4.011060000000000000e+06 2.828124080000000000e+08 5.408729175925925665e+04 1.582561728395059930e-01 6.800000000000000000e+01 6.800000000000000488e-01 8.246211251235320561e-02 6.329559680000000807e-13 1.000000000000000000e+02
4.011160000000000000e+06 2.828125080000000000e+08 5.408729291666666541e+04 1.583847736625516589e-01 6.600000000000000000e+01 6.600000000000000311e-01 8.124038404635960942e-02 6.143396160000000545e-13 1.000000000000000000e+02
4.011260000000000000e+06 2.828126080000000000e+08 5.408729407407407416e+04 1.585133744855964366e-01 7.100000000000000000e+01 7.099999999999999645e-01 8.426149773176358493e-02 6.608804960000000189e-13 1.000000000000000000e+02
4.011360000000000000e+06 2.828127080000000000e+08 5.408729523148148292e+04 1.586419753086421025e-01 7.700000000000000000e+01 7.700000000000000178e-01 8.774964387392122922e-02 7.167295520000000973e-13 1.000000000000000000e+02
4.011460000000000000e+06 2.828128080000000000e+08 5.408729638888889167e+04 1.587705761316868802e-01 6.700000000000000000e+01 6.700000000000000400e-01 8.185352771872450584e-02 6.236477920000000676e-13 1.000000000000000000e+02
4.011560000000000000e+06 2.828129080000000000e+08 5.408729754629629315e+04 1.588991769547325461e-01 8.800000000000000000e+01 8.800000000000000044e-01 9.380831519646859462e-02 8.191194880000000390e-13 1.000000000000000000e+02
4.011660000000000000e+06 2.828130080000000000e+08 5.408729870370370190e+04 1.590277777777782120e-01 6.800000000000000000e+01 6.800000000000000488e-01 8.246211251235320561e-02 6.329559680000000807e-13 1.000000000000000000e+02
4.011760000000000000e+06 2.828131080000000000e+08 5.408729986111111066e+04 1.591563786008229897e-01 8.000000000000000000e+01 8.000000000000000444e-01 8.944271909999158832e-02 7.446540800000001365e-13 1.000000000000000000e+02
4.011860000000000000e+06 2.828132080000000000e+08 5.408730101851851941e+04 1.592849794238686556e-01 7.600000000000000000e+01 7.600000000000000089e-01 8.717797887081348007e-02 7.074213760000000842e-13 1.000000000000000000e+02
4.011960000000000000e+06 2.828133080000000000e+08 5.408730217592592817e+04 1.594135802469134333e-01 7.100000000000000000e+01 7.099999999999999645e-01 8.426149773176358493e-02 6.608804960000000189e-13 1.000000000000000000e+02
4.012060000000000000e+06 2.828134080000000000e+08 5.408730333333332965e+04 1.595421810699590992e-01 7.000000000000000000e+01 6.999999999999999556e-01 8.366600265340755349e-02 6.515723200000000058e-13 1.000000000000000000e+02
4.012160000000000000e+06 2.828135080000000000e+08 5.408730449074073840e+04 1.596707818930038769e-01 6.900000000000000000e+01 6.899999999999999467e-01 8.306623862918074974e-02 6.422641439999999928e-13 1.000000000000000000e+02
4.012260000000000000e+06 2.828136080000000000e+08 5.408730564814814716e+04 1.597993827160495428e-01 8.400000000000000000e+01 8.399999999999999689e-01 9.165151389911679880e-02 7.818867840000000878e-13 1.000000000000000000e+02
4.012360000000000000e+06 2.828137080000000000e+08 5.408730680555555591e+04 1.599279835390943205e-01 7.400000000000000000e+01 7.399999999999999911e-01 8.602325267042626455e-02 6.888050240000000581e-13 1.000000000000000000e+02
4.012460000000000000e+06 2.828138080000000000e+08 5.408730796296296467e+04 1.600565843621399864e-01 7.200000000000000000e+01 7.199999999999999734e-01 8.485281374238569374e-02 6.701886720000000319e-13 1.000000000000000000e+02
4.012560000000000000e+06 2.828139080000000000e+08 5.408730912037037342e+04 1.601851851851847641e-01 7.500000000000000000e+01 7.500000000000000000e-01 8.660254037844387909e-02 6.981132000000000711e-13 1.000000000000000000e+02
4.012660000000000000e+06 2.828140080000000000e+08 5.408731027777777490e+04 1.603137860082304300e-01 6.500000000000000000e+01 6.500000000000000222e-01 8.062257748298548576e-02 6.050314400000000415e-13 1.000000000000000000e+02
4.012760000000000000e+06 2.828141080000000000e+08 5.408731143518518365e+04 1.604423868312760959e-01 9.600000000000000000e+01 9.599999999999999645e-01 9.797958971132711414e-02 8.935848960000000426e-13 1.000000000000000000e+02
4.012860000000000000e+06 2.828142080000000000e+08 5.408731259259259241e+04 1.605709876543208736e-01 7.500000000000000000e+01 7.500000000000000000e-01 8.660254037844387909e-02 6.981132000000000711e-13 1.000000000000000000e+02
4.012960000000000000e+06 2.828143080000000000e+08 5.408731375000000116e+04 1.606995884773665395e-01 7.600000000000000000e+01 7.600000000000000089e-01 8.717797887081348007e-02 7.074213760000000842e-13 1.000000000000000000e+02
4.013060000000000000e+06 2.828144080000000000e+08 5.408731490740740992e+04 1.608281893004113172e-01 7.800000000000000000e+01 7.800000000000000266e-01 8.831760866327847959e-02 7.260377280000001103e-13 1.000000000000000000e+02
4.013160000000000000e+06 2.828145080000000000e+08 5.408731606481481867e+04 1.609567901234569831e-01 7.900000000000000000e+01 7.900000000000000355e-01 8.888194417315588292e-02 7.353459040000001234e-13 1.000000000000000000e+02
4.013260000000000000e+06 2.828146080000000000e+08 5.408731722222222015e+04 1.610853909465017608e-01 8.200000000000000000e+01 8.199999999999999512e-01 9.055385138137417300e-02 7.632704320000000616e-13 1.000000000000000000e+02
4.013360000000000000e+06 2.828147080000000000e+08 5.408731837962962891e+04 1.612139917695474267e-01 8.900000000000000000e+01 8.900000000000000133e-01 9.433981132056602770e-02 8.284276640000000521e-13 1.000000000000000000e+02
4.013460000000000000e+06 2.828148080000000000e+08 5.408731953703703766e+04 1.613425925925922044e-01 7.800000000000000000e+01 7.800000000000000266e-01 8.831760866327847959e-02 7.260377280000001103e-13 1.000000000000000000e+02
4.013560000000000000e+06 2.828149080000000000e+08 5.408732069444444642e+04 1.614711934156378703e-01 7.600000000000000000e+01 7.600000000000000089e-01 8.717797887081348007e-02 7.074213760000000842e-13 1.000000000000000000e+02
4.013660000000000000e+06 2.828150080000000000e+08 5.408732185185185517e+04 1.615997942386835362e-01 9.300000000000000000e+01 9.300000000000000488e-01 9.643650760992955595e-02 8.656603680000001044e-13 1.000000000000000000e+02
4.013760000000000000e+06 2.828151080000000000e+08 5.408732300925925665e+04 1.617283950617283139e-01 7.000000000000000000e+01 6.999999999999999556e-01 8.366600265340755349e-02 6.515723200000000058e-13 1.000000000000000000e+02
4.013860000000000000e+06 2.828152080000000000e+08 5.408732416666666541e+04 1.618569958847739798e-01 7.400000000000000000e+01 7.399999999999999911e-01 8.602325267042626455e-02 6.888050240000000581e-13 1.000000000000000000e+02
4.013960000000000000e+06 2.828153080000000000e+08 5.408732532407407416e+04 1.619855967078187575e-01 6.800000000000000000e+01 6.800000000000000488e-01 8.246211251235320561e-02 6.329559680000000807e-13 1.000000000000000000e+02
4.014060000000000000e+06 2.828154080000000000e+08 5.408732648148148292e+04 1.621141975308644234e-01 7.000000000000000000e+01 6.999999999999999556e-01 8.366600265340755349e-02 6.515723200000000058e-13 1.000000000000000000e+02
4.014160000000000000e+06 2.828155080000000000e+08 5.408732763888889167e+04 1.622427983539092011e-01 7.500000000000000000e+01 7.500000000000000000e-01 8.660254037844387909e-02 6.981132000000000711e-13 1.000000000000000000e+02
4.014260000000000000e+06 2.828156080000000000e+08 5.408732879629629315e+04 1.623713991769548670e-01 6.400000000000000000e+01 6.400000000000000133e-01 8.000000000000000167e-02 5.957232640000000284e-13 1.000000000000000000e+02
4.014360000000000000e+06 2.828157080000000000e+08 5.408732995370370190e+04 1.624999999999996447e-01 7.800000000000000000e+01 7.800000000000000266e-01 8.831760866327847959e-02 7.260377280000001103e-13 1.000000000000000000e+02
4.014460000000000000e+06 2.828158080000000000e+08 5.408733111111111066e+04 1.626286008230453106e-01 6.100000000000000000e+01 6.099999999999999867e-01 7.810249675906653921e-02 5.677987360000000902e-13 1.000000000000000000e+02
4.014560000000000000e+06 2.828159080000000000e+08 5.408733226851851941e+04 1.627572016460909765e-01 8.300000000000000000e+01 8.299999999999999600e-01 9.110433579144298910e-02 7.725786080000000747e-13 1.000000000000000000e+02
4.014660000000000000e+06 2.828160080000000000e+08 5.408733342592592817e+04 1.628858024691357542e-01 9.000000000000000000e+01 9.000000000000000222e-01 9.486832980505138790e-02 8.377358400000000652e-13 1.000000000000000000e+02
4.014760000000000000e+06 2.828161080000000000e+08 5.408733458333332965e+04 1.630144032921814201e-01 6.300000000000000000e+01 6.300000000000000044e-01 7.937253933193771926e-02 5.864150880000000153e-13 1.000000000000000000e+02
4.014860000000000000e+06 2.828162080000000000e+08 5.408733574074073840e+04 1.631430041152261978e-01 8.500000000000000000e+01 8.499999999999999778e-01 9.219544457292887241e-02 7.911949600000001008e-13 1.000000000000000000e+02
4.014960000000000000e+06 2.828163080000000000e+08 5.408733689814814716e+04 1.632716049382718637e-01 7.700000000000000000e+01 7.700000000000000178e-01 8.774964387392122922e-02 7.167295520000000973e-13 1.000000000000000000e+02
4.015060000000000000e+06 2.828164080000000000e+08 5.408733805555555591e+04 1.634002057613166414e-01 7.600000000000000000e+01 7.600000000000000089e-01 8.717797887081348007e-02 7.074213760000000842e-13 1.000000000000000000e+02
4.015160000000000000e+06 2.828165080000000000e+08 5.408733921296296467e+04 1.635288065843623073e-01 6.700000000000000000e+01 6.700000000000000400e-01 8.185352771872450584e-02 6.236477920000000676e-13 1.000000000000000000e+02
4.015260000000000000e+06 2.828166080000000000e+08 5.408734037037037342e+04 1.636574074074070850e-01 6.600000000000000000e+01 6.600000000000000311e-01 8.124038404635960942e-02 6.143396160000000545e-13 1.000000000000000000e+02
4.015360000000000000e+06 2.828167080000000000e+08 5.408734152777777490e+04 1.637860082304527509e-01 6.500000000000000000e+01 6.500000000000000222e-01 8.062257748298548576e-02 6.050314400000000415e-13 1.000000000000000000e+02
4.015460000000000000e+06 2.828168080000000000e+08 5.408734268518518365e+04 1.639146090534975286e-01 8.100000000000000000e+01 8.100000000000000533e-01 8.999999999999999667e-02 7.539622560000001495e-13 1.000000000000000000e+02
4.015560000000000000e+06 2.828169080000000000e+08 5.408734384259259241e+04 1.640432098765431945e-01 7.400000000000000000e+01 7.399999999999999911e-01 8.602325267042626455e-02 6.888050240000000581e-13 1.000000000000000000e+02
4.015660000000000000e+06 2.828170080000000000e+08 5.408734500000000116e+04 1.641718106995888604e-01 6.800000000000000000e+01 6.800000000000000488e-01 8.246211251235320561e-02 6.329559680000000807e-13 1.000000000000000000e+02
4.015760000000000000e+06 2.828171080000000000e+08 5.408734615740740992e+04 1.643004115226336381e-01 7.900000000000000000e+01 7.900000000000000355e-01 8.888194417315588292e-02 7.353459040000001234e-13 1.000000000000000000e+02
4.015860000000000000e+06 2.828172080000000000e+08 5.408734731481481867e+04 1.644290123456793040e-01 7.400000000000000000e+01 7.399999999999999911e-01 8.602325267042626455e-02 6.888050240000000581e-13 1.000000000000000000e+02
4.015960000000000000e+06 2.828173080000000000e+08 5.408734847222222015e+04 1.645576131687240817e-01 7.400000000000000000e+01 7.399999999999999911e-01 8.602325267042626455e-02 6.888050240000000581e-13 1.000000000000000000e+02
4.016060000000000000e+06 2.828174080000000000e+08 5.408734962962962891e+04 1.646862139917697476e-01 8.800000000000000000e+01 8.800000000000000044e-01 9.380831519646859462e-02 8.191194880000000390e-13 1.000000000000000000e+02
4.016160000000000000e+06 2.828175080000000000e+08 5.408735078703703766e+04 1.648148148148145253e-01 8.600000000000000000e+01 8.599999999999999867e-01 9.273618495495704328e-02 8.005031360000001139e-13 1.000000000000000000e+02
4.016260000000000000e+06 2.828176080000000000e+08 5.408735194444444642e+04 1.649434156378601912e-01 7.800000000000000000e+01 7.800000000000000266e-01 8.831760866327847959e-02 7.260377280000001103e-13 1.000000000000000000e+02
4.016360000000000000e+06 2.828177080000000000e+08 5.408735310185185517e+04 1.650720164609049689e-01 7.200000000000000000e+01 7.199999999999999734e-01 8.485281374238569374e-02 6.701886720000000319e-13 1.000000000000000000e+02
4.016460000000000000e+06 2.828178080000000000e+08 5.408735425925925665e+04 1.652006172839506348e-01 7.700000000000000000e+01 7.700000000000000178e-01 8.774964387392122922e-02 7.167295520000000973e-13 1.000000000000000000e+02
4.016560000000000000e+06 2.828179080000000000e+08 5.408735541666666541e+04 1.653292181069963007e-01 7.100000000000000000e+01 7.099999999999999645e-01 8.426149773176358493e-02 6.608804960000000189e-13 1.000000000000000000e+02
4.016660000000000000e+06 2.828180080000000000e+08 5.408735657407407416e+04 1.654578189300410784e-01 8.300000000000000000e+01 8.299999999999999600e-01 9.110433579144298910e-02 7.725786080000000747e-13 1.000000000000000000e+02
4.016760000000000000e+06 2.828181080000000000e+08 5.408735773148148292e+04 1.655864197530867443e-01 7.100000000000000000e+01 7.099999999999999645e-01 8.426149773176358493e-02 6.608804960000000189e-13 1.000000000000000000e+02
4.016860000000000000e+06 2.828182080000000000e+08 5.408735888888889167e+04 1.657150205761315220e-01 6.100000000000000000e+01 6.099999999999999867e-01 7.810249675906653921e-02 5.677987360000000902e-13 1.000000000000000000e+02
4.016960000000000000e+06 2.828183080000000000e+08 5.408736004629629315e+04 1.658436213991771879e-01 8.500000000000000000e+01 8.499999999999999778e-01 9.219544457292887241e-02 7.911949600000001008e-13 1.000000000000000000e+02
4.017060000000000000e+06 2.828184080000000000e+08 5.408736120370370190e+04 1.659722222222219656e-01 8.700000000000000000e+01 8.699999999999999956e-01 9.327379053088816208e-02 8.098113120000001270e-13 1.000000000000000000e+02
4.017160000000000000e+06 2.828185080000000000e+08 5.408736236111111066e+04 1.661008230452676315e-01 7.900000000000000000e+01 7.900000000000000355e-01 8.888194417315588292e-02 7.353459040000001234e-13 1.000000000000000000e+02
4.017260000000000000e+06 2.828186080000000000e+08 5.408736351851851941e+04 1.662294238683124092e-01 7.800000000000000000e+01 7.800000000000000266e-01 8.831760866327847959e-02 7.260377280000001103e-13 1.000000000000000000e+02
4.017360000000000000e+06 2.828187080000000000e+08 5.408736467592592817e+04 1.663580246913580751e-01 6.900000000000000000e+01 6.899999999999999467e-01 8.306623862918074974e-02 6.422641439999999928e-13 1.000000000000000000e+02
4.017460000000000000e+06 2.828188080000000000e+08 5.408736583333332965e+04 1.664866255144028528e-01 7.700000000000000000e+01 7.700000000000000178e-01 8.774964387392122922e-02 7.167295520000000973e-13 1.000000000000000000e+02
4.017560000000000000e+06 2.828189080000000000e+08 5.408736699074073840e+04 1.666152263374485187e-01 7.200000000000000000e+01 7.199999999999999734e-01 8.485281374238569374e-02 6.701886720000000319e-13 1.000000000000000000e+02
4.017660000000000000e+06 2.828190080000000000e+08 5.408736814814814716e+04 1.667438271604941846e-01 8.900000000000000000e+01 8.900000000000000133e-01 9.433981132056602770e-02 8.284276640000000521e-13 1.000000000000000000e+02
4.017760000000000000e+06 2.828191080000000000e+08 5.408736930555555591e+04 1.668724279835389623e-01 8.500000000000000000e+01 8.499999999999999778e-01 9.219544457292887241e-02 7.911949600000001008e-13 1.000000000000000000e+02
4.017860000000000000e+06 2.828192080000000000e+08 5.408737046296296467e+04 1.670010288065846282e-01 6.900000000000000000e+01 6.899999999999999467e-01 8.306623862918074974e-02 6.422641439999999928e-13 1.000000000000000000e+02
4.017960000000000000e+06 2.828193080000000000e+08 5.408737162037037342e+04 1.671296296296294059e-01 8.300000000000000000e+01 8.299999999999999600e-01 9.110433579144298910e-02 7.725786080000000747e-13 1.000000000000000000e+02
4.018060000000000000e+06 2.828194080000000000e+08 5.408737277777777490e+04 1.672582304526750718e-01 7.100000000000000000e+01 7.099999999999999645e-01 8.426149773176358493e-02 6.608804960000000189e-13 1.000000000000000000e+02
4.018160000000000000e+06 2.828195080000000000e+08 5.408737393518518365e+04 1.673868312757198495e-01 7.600000000000000000e+01 7.600000000000000089e-01 8.717797887081348007e-02 7.074213760000000842e-13 1.000000000000000000e+02
4.018260000000000000e+06 2.828196080000000000e+08 5.408737509259259241e+04 1.675154320987655154e-01 6.600000000000000000e+01 6.600000000000000311e-01 8.124038404635960942e-02 6.143396160000000545e-13 1.000000000000000000e+02
4.018360000000000000e+06 2.828197080000000000e+08 5.408737625000000116e+04 1.676440329218102931e-01 6.500000000000000000e+01 6.500000000000000222e-01 8.062257748298548576e-02 6.050314400000000415e-13 1.000000000000000000e+02
4.018460000000000000e+06 2.828198080000000000e+08 5.408737740740740992e+04 1.677726337448559590e-01 7.000000000000000000e+01 6.999999999999999556e-01 8.366600265340755349e-02 6.515723200000000058e-13 1.000000000000000000e+02
4.018560000000000000e+06 2.828199080000000000e+08 5.408737856481481867e+04 1.679012345679016249e-01 7.500000000000000000e+01 7.500000000000000000e-01 8.660254037844387909e-02 6.981132000000000711e-13 1.000000000000000000e+02
4.018660000000000000e+06 2.828200080000000000e+08 5.408737972222222015e+04 1.680298353909464026e-01 6.400000000000000000e+01 6.400000000000000133e-01 8.000000000000000167e-02 5.957232640000000284e-13 1.000000000000000000e+02
4.018760000000000000e+06 2.828201080000000000e+08 5.408738087962962891e+04 1.681584362139920685e-01 6.800000000000000000e+01 6.800000000000000488e-01 8.246211251235320561e-02 6.329559680000000807e-13 1.000000000000000000e+02
4.018860000000000000e+06 2.828202080000000000e+08 5.408738203703703766e+04 1.682870370370368462e-01 8.700000000000000000e+01 8.699999999999999956e-01 9.327379053088816208e-02 8.098113120000001270e-13 1.000000000000000000e+02
4.018960000000000000e+06 2.828203080000000000e+08 5.408738319444444642e+04 1.684156378600825121e-01 8.200000000000000000e+01 8.199999999999999512e-01 9.055385138137417300e-02 7.632704320000000616e-13 1.000000000000000000e+02
4.019060000000000000e+06 2.828204080000000000e+08 5.408738435185185517e+04 1.685442386831272898e-01 7.800000000000000000e+01 7.800000000000000266e-01 8.831760866327847959e-02 7.260377280000001103e-13 1.000000000000000000e+02
4.019160000000000000e+06 2.828205080000000000e+08 5.408738550925925665e+04 1.686728395061729557e-01 5.800000000000000000e+01 5.799999999999999600e-01 7.615773105863908599e-02 5.398742080000000510e-13 1.000000000000000000e+02
4.019260000000000000e+06 2.828206080000000000e+08 5.408738666666666541e+04 1.688014403292177334e-01 7.200000000000000000e+01 7.199999999999999734e-01 8.485281374238569374e-02 6.701886720000000319e-13 1.000000000000000000e+02
4.019360000000000000e+06 2.828207080000000000e+08 5.408738782407407416e+04 1.689300411522633993e-01 7.800000000000000000e+01 7.800000000000000266e-01 8.831760866327847959e-02 7.260377280000001103e-13 1.000000000000000000e+02
4.019460000000000000e+06 2.828208080000000000e+08 5.408738898148148292e+04 1.690586419753090652e-01 7.800000000000000000e+01 7.800000000000000266e-01 8.831760866327847959e-02 7.260377280000001103e-13 1.000000000000000000e+02
4.019560000000000000e+06 2.828209080000000000e+08 5.408739013888889167e+04 1.691872427983538429e-01 7.300000000000000000e+01 7.299999999999999822e-01 8.544003745317529930e-02 6.794968480000000450e-13 1.000000000000000000e+02
4.022660000000000000e+06 2.828240080000000000e+08 5.408742601851851941e+04 1.731738683127570511e-01 6.000000000000000000e+01 5.999999999999999778e-01 7.745966692414833765e-02 5.584905600000000771e-13 1.000000000000000000e+02
4.022760000000000000e+06 2.828241080000000000e+08 5.408742717592592817e+04 1.733024691358027169e-01 5.600000000000000000e+01 5.600000000000000533e-01 7.483314773547883325e-02 5.212578560000001258e-13 1.000000000000000000e+02
4.022860000000000000e+06 2.828242080000000000e+08 5.408742833333332965e+04 1.734310699588474947e-01 8.000000000000000000e+01 8.000000000000000444e-01 8.944271909999158832e-02 7.446540800000001365e-13 1.000000000000000000e+02
4.022960000000000000e+06 2.828243080000000000e+08 5.408742949074073840e+04 1.735596707818931606e-01 7.300000000000000000e+01 7.299999999999999822e-01 8.544003745317529930e-02 6.794968480000000450e-13 1.000000000000000000e+02
4.023060000000000000e+06 2.828244080000000000e+08 5.408743064814814716e+04 1.736882716049379383e-01 9.700000000000000000e+01 9.699999999999999734e-01 9.848857801796104261e-02 9.028930720000000557e-13 1.000000000000000000e+02
4.023160000000000000e+06 2.828245080000000000e+08 5.408743180555555591e+04 1.738168724279836042e-01 6.900000000000000000e+01 6.899999999999999467e-01 8.306623862918074974e-02 6.422641439999999928e-13 1.000000000000000000e+02
4.023260000000000000e+06 2.828246080000000000e+08 5.408743296296296467e+04 1.739454732510283819e-01 7.400000000000000000e+01 7.399999999999999911e-01 8.602325267042626455e-02 6.888050240000000581e-13 1.000000000000000000e+02
4.023360000000000000e+06 2.828247080000000000e+08 5.408743412037037342e+04 1.740740740740740478e-01 8.000000000000000000e+01 8.000000000000000444e-01 8.944271909999158832e-02 7.446540800000001365e-13 1.000000000000000000e+02
4.023460000000000000e+06 2.828248080000000000e+08 5.408743527777777490e+04 1.742026748971197136e-01 7.100000000000000000e+01 7.099999999999999645e-01 8.426149773176358493e-02 6.608804960000000189e-13 1.000000000000000000e+02
4.023560000000000000e+06 2.828249080000000000e+08 5.408743643518518365e+04 1.743312757201644914e-01 7.100000000000000000e+01 7.099999999999999645e-01 8.426149773176358493e-02 6.608804960000000189e-13 1.000000000000000000e+02
4.023660000000000000e+06 2.828250080000000000e+08 5.408743759259259241e+04 1.744598765432101573e-01 7.600000000000000000e+01 7.600000000000000089e-01 8.717797887081348007e-02 7.074213760000000842e-13 1.000000000000000000e+02
4.023760000000000000e+06 2.828251080000000000e+08 5.408743875000000116e+04 1.745884773662549350e-01 6.600000000000000000e+01 6.600000000000000311e-01 8.124038404635960942e-02 6.143396160000000545e-13 1.000000000000000000e+02
4.023860000000000000e+06 2.828252080000000000e+08 5.408743990740740992e+04 1.747170781893006009e-01 9.300000000000000000e+01 9.300000000000000488e-01 9.643650760992955595e-02 8.656603680000001044e-13 1.000000000000000000e+02
4.023960000000000000e+06 2.828253080000000000e+08 5.408744106481481867e+04 1.748456790123453786e-01 7.400000000000000000e+01 7.399999999999999911e-01 8.602325267042626455e-02 6.888050240000000581e-13 1.000000000000000000e+02
4.024060000000000000e+06 2.828254080000000000e+08 5.408744222222222015e+04 1.749742798353910445e-01 7.100000000000000000e+01 7.099999999999999645e-01 8.426149773176358493e-02 6.608804960000000189e-13 1.000000000000000000e+02
4.024160000000000000e+06 2.828255080000000000e+08 5.408744337962962891e+04 1.751028806584358222e-01 8.100000000000000000e+01 8.100000000000000533e-01 8.999999999999999667e-02 7.539622560000001495e-13 1.000000000000000000e+02
4.024260000000000000e+06 2.828256080000000000e+08 5.408744453703703766e+04 1.752314814814814881e-01 5.600000000000000000e+01 5.600000000000000533e-01 7.483314773547883325e-02 5.212578560000001258e-13 1.000000000000000000e+02
4.024360000000000000e+06 2.828257080000000000e+08 5.408744569444444642e+04 1.753600823045271540e-01 7.100000000000000000e+01 7.099999999999999645e-01 8.426149773176358493e-02 6.608804960000000189e-13 1.000000000000000000e+02
4.024460000000000000e+06 2.828258080000000000e+08 5.408744685185185517e+04 1.754886831275719317e-01 7.800000000000000000e+01 7.800000000000000266e-01 8.831760866327847959e-02 7.260377280000001103e-13 1.000000000000000000e+02
4.024560000000000000e+06 2.828259080000000000e+08 5.408744800925925665e+04 1.756172839506175976e-01 6.700000000000000000e+01 6.700000000000000400e-01 8.185352771872450584e-02 6.236477920000000676e-13 1.000000000000000000e+02
4.024660000000000000e+06 2.828260080000000000e+08 5.408744916666666541e+04 1.757458847736623753e-01 6.700000000000000000e+01 6.700000000000000400e-01 8.185352771872450584e-02 6.236477920000000676e-13 1.000000000000000000e+02
4.024760000000000000e+06 2.828261080000000000e+08 5.408745032407407416e+04 1.758744855967080412e-01 7.400000000000000000e+01 7.399999999999999911e-01 8.602325267042626455e-02 6.888050240000000581e-13 1.000000000000000000e+02
4.024860000000000000e+06 2.828262080000000000e+08 5.408745148148148292e+04 1.760030864197528189e-01 7.300000000000000000e+01 7.299999999999999822e-01 8.544003745317529930e-02 6.794968480000000450e-13 1.000000000000000000e+02
4.024960000000000000e+06 2.828263080000000000e+08 5.408745263888889167e+04 1.761316872427984848e-01 7.900000000000000000e+01 7.900000000000000355e-01 8.888194417315588292e-02 7.353459040000001234e-13 1.000000000000000000e+02
4.025060000000000000e+06 2.828264080000000000e+08 5.408745379629629315e+04 1.762602880658432625e-01 8.500000000000000000e+01 8.499999999999999778e-01 9.219544457292887241e-02 7.911949600000001008e-13 1.000000000000000000e+02
4.025160000000000000e+06 2.828265080000000000e+08 5.408745495370370190e+04 1.763888888888889284e-01 8.500000000000000000e+01 8.499999999999999778e-01 9.219544457292887241e-02 7.911949600000001008e-13 1.000000000000000000e+02
4.025260000000000000e+06 2.828266080000000000e+08 5.408745611111111066e+04 1.765174897119345943e-01 6.900000000000000000e+01 6.899999999999999467e-01 8.306623862918074974e-02 6.422641439999999928e-13 1.000000000000000000e+02
4.025360000000000000e+06 2.828267080000000000e+08 5.408745726851851941e+04 1.766460905349793720e-01 7.700000000000000000e+01 7.700000000000000178e-01 8.774964387392122922e-02 7.167295520000000973e-13 1.000000000000000000e+02
4.025460000000000000e+06 2.828268080000000000e+08 5.408745842592592817e+04 1.767746913580250379e-01 7.600000000000000000e+01 7.600000000000000089e-01 8.717797887081348007e-02 7.074213760000000842e-13 1.000000000000000000e+02
4.025560000000000000e+06 2.828269080000000000e+08 5.408745958333332965e+04 1.769032921810698156e-01 6.800000000000000000e+01 6.800000000000000488e-01 8.246211251235320561e-02 6.329559680000000807e-13 1.000000000000000000e+02
4.025660000000000000e+06 2.828270080000000000e+08 5.408746074074073840e+04 1.770318930041154815e-01 6.800000000000000000e+01 6.800000000000000488e-01 8.246211251235320561e-02 6.329559680000000807e-13 1.000000000000000000e+02
6.765120000000000000e+06 2.855664680000000000e+08 5.411916745370370336e+04 6.999999999999992895e-01 5.000000000000000000e+01 5.000000000000000000e-01 7.071067811865475172e-02 4.654088000000000474e-13 1.000000000000000000e+02
6.765220000000000000e+06 2.855665680000000000e+08 5.411916861111111211e+04 7.001286008230458435e-01 6.700000000000000000e+01 6.700000000000000400e-01 8.185352771872450584e-02 6.236477920000000676e-13 1.000000000000000000e+02
6.765320000000000000e+06 2.855666680000000000e+08 5.411916976851852087e+04 7.002572016460906212e-01 6.100000000000000000e+01 6.099999999999999867e-01 7.810249675906653921e-02 5.677987360000000902e-13 1.000000000000000000e+02
6.765420000000000000e+06 2.855667680000000000e+08 5.411917092592592235e+04 7.003858024691353990e-01 7.000000000000000000e+01 6.999999999999999556e-01 8.366600265340755349e-02 6.515723200000000058e-13 1.000000000000000000e+02
6.765520000000000000e+06 2.855668680000000000e+08 5.411917208333333110e+04 7.005144032921819530e-01 4.900000000000000000e+01 4.899999999999999911e-01 7.000000000000000666e-02 4.561006240000000344e-13 1.000000000000000000e+02
6.765620000000000000e+06 2.855669680000000000e+08 5.411917324074073986e+04 7.006430041152267307e-01 6.400000000000000000e+01 6.400000000000000133e-01 8.000000000000000167e-02 5.957232640000000284e-13 1.000000000000000000e+02
6.765720000000000000e+06 2.855670680000000000e+08 5.411917439814814861e+04 7.007716049382715084e-01 5.600000000000000000e+01 5.600000000000000533e-01 7.483314773547883325e-02 5.212578560000001258e-13 1.000000000000000000e+02
6.765820000000000000e+06 2.855671680000000000e+08 5.411917555555555737e+04 7.009002057613162862e-01 7.600000000000000000e+01 7.600000000000000089e-01 8.717797887081348007e-02 7.074213760000000842e-13 1.000000000000000000e+02
6.765920000000000000e+06 2.855672680000000000e+08 5.411917671296296612e+04 7.010288065843628402e-01 5.300000000000000000e+01 5.300000000000000266e-01 7.280109889280518554e-02 4.933333280000000866e-13 1.000000000000000000e+02
6.766020000000000000e+06 2.855673680000000000e+08 5.411917787037036760e+04 7.011574074074076179e-01 6.000000000000000000e+01 5.999999999999999778e-01 7.745966692414833765e-02 5.584905600000000771e-13 1.000000000000000000e+02
6.766120000000000000e+06 2.855674680000000000e+08 5.411917902777777635e+04 7.012860082304523957e-01 6.700000000000000000e+01 6.700000000000000400e-01 8.185352771872450584e-02 6.236477920000000676e-13 1.000000000000000000e+02
6.766220000000000000e+06 2.855675680000000000e+08 5.411918018518518511e+04 7.014146090534971734e-01 7.200000000000000000e+01 7.199999999999999734e-01 8.485281374238569374e-02 6.701886720000000319e-13 1.000000000000000000e+02
6.766320000000000000e+06 2.855676680000000000e+08 5.411918134259259386e+04 7.015432098765437274e-01 5.400000000000000000e+01 5.400000000000000355e-01 7.348469228349534255e-02 5.026415040000000997e-13 1.000000000000000000e+02
6.766420000000000000e+06 2.855677680000000000e+08 5.411918250000000262e+04 7.016718106995885051e-01 5.800000000000000000e+01 5.799999999999999600e-01 7.615773105863908599e-02 5.398742080000000510e-13 1.000000000000000000e+02
6.766520000000000000e+06 2.855678680000000000e+08 5.411918365740740410e+04 7.018004115226332829e-01 6.800000000000000000e+01 6.800000000000000488e-01 8.246211251235320561e-02 6.329559680000000807e-13 1.000000000000000000e+02
6.766620000000000000e+06 2.855679680000000000e+08 5.411918481481481285e+04 7.019290123456798369e-01 5.600000000000000000e+01 5.600000000000000533e-01 7.483314773547883325e-02 5.212578560000001258e-13 1.000000000000000000e+02
6.766720000000000000e+06 2.855680680000000000e+08 5.411918597222222161e+04 7.020576131687246146e-01 5.800000000000000000e+01 5.799999999999999600e-01 7.615773105863908599e-02 5.398742080000000510e-13 1.000000000000000000e+02
6.766820000000000000e+06 2.855681680000000000e+08 5.411918712962963036e+04 7.021862139917693924e-01 4.900000000000000000e+01 4.899999999999999911e-01 7.000000000000000666e-02 4.561006240000000344e-13 1.000000000000000000e+02
6.766920000000000000e+06 2.855682680000000000e+08 5.411918828703703912e+04 7.023148148148141701e-01 7.100000000000000000e+01 7.099999999999999645e-01 8.426149773176358493e-02 6.608804960000000189e-13 1.000000000000000000e+02
6.767020000000000000e+06 2.855683680000000000e+08 5.411918944444444787e+04 7.024434156378607241e-01 5.700000000000000000e+01 5.699999999999999512e-01 7.549834435270749711e-02 5.305660320000000379e-13 1.000000000000000000e+02
6.767120000000000000e+06 2.855684680000000000e+08 5.411919060185184935e+04 7.025720164609055018e-01 6.800000000000000000e+01 6.800000000000000488e-01 8.246211251235320561e-02 6.329559680000000807e-13 1.000000000000000000e+02
6.767220000000000000e+06 2.855685680000000000e+08 5.411919175925925811e+04 7.027006172839502796e-01 5.400000000000000000e+01 5.400000000000000355e-01 7.348469228349534255e-02 5.026415040000000997e-13 1.000000000000000000e+02
6.767320000000000000e+06 2.855686680000000000e+08 5.411919291666666686e+04 7.028292181069950573e-01 5.100000000000000000e+01 5.100000000000000089e-01 7.141428428542850870e-02 4.747169760000000605e-13 1.000000000000000000e+02
6.767420000000000000e+06 2.855687680000000000e+08 5.411919407407407562e+04 7.029578189300416113e-01 5.000000000000000000e+01 5.000000000000000000e-01 7.071067811865475172e-02 4.654088000000000474e-13 1.000000000000000000e+02
6.767520000000000000e+06 2.855688680000000000e+08 5.411919523148148437e+04 7.030864197530863891e-01 5.500000000000000000e+01 5.500000000000000444e-01 7.416198487095662650e-02 5.119496800000001128e-13 1.000000000000000000e+02
6.767620000000000000e+06 2.855689680000000000e+08 5.411919638888888585e+04 7.032150205761311668e-01 6.300000000000000000e+01 6.300000000000000044e-01 7.937253933193771926e-02 5.864150880000000153e-13 1.000000000000000000e+02
6.767720000000000000e+06 2.855690680000000000e+08 5.411919754629629460e+04 7.033436213991777208e-01 5.700000000000000000e+01 5.699999999999999512e-01 7.549834435270749711e-02 5.305660320000000379e-13 1.000000000000000000e+02
6.767820000000000000e+06 2.855691680000000000e+08 5.411919870370370336e+04 7.034722222222224985e-01 7.400000000000000000e+01 7.399999999999999911e-01 8.602325267042626455e-02 6.888050240000000581e-13 1.000000000000000000e+02
6.767920000000000000e+06 2.855692680000000000e+08 5.411919986111111211e+04 7.036008230452672763e-01 5.900000000000000000e+01 5.899999999999999689e-01 7.681145747868607654e-02 5.491823840000000640e-13 1.000000000000000000e+02
6.768020000000000000e+06 2.855693680000000000e+08 5.411920101851852087e+04 7.037294238683120540e-01 5.700000000000000000e+01 5.699999999999999512e-01 7.549834435270749711e-02 5.305660320000000379e-13 1.000000000000000000e+02
6.768120000000000000e+06 2.855694680000000000e+08 5.411920217592592235e+04 7.038580246913586080e-01 6.500000000000000000e+01 6.500000000000000222e-01 8.062257748298548576e-02 6.050314400000000415e-13 1.000000000000000000e+02
6.768220000000000000e+06 2.855695680000000000e+08 5.411920333333333110e+04 7.039866255144033858e-01 5.000000000000000000e+01 5.000000000000000000e-01 7.071067811865475172e-02 4.654088000000000474e-13 1.000000000000000000e+02
6.768320000000000000e+06 2.855696680000000000e+08 5.411920449074073986e+04 7.041152263374481635e-01 5.400000000000000000e+01 5.400000000000000355e-01 7.348469228349534255e-02 5.026415040000000997e-13 1.000000000000000000e+02
6.768420000000000000e+06 2.855697680000000000e+08 5.411920564814814861e+04 7.042438271604929412e-01 5.200000000000000000e+01 5.200000000000000178e-01 7.211102550927978028e-02 4.840251520000000736e-13 1.000000000000000000e+02
6.768520000000000000e+06 2.855698680000000000e+08 5.411920680555555737e+04 7.043724279835394952e-01 5.900000000000000000e+01 5.899999999999999689e-01 7.681145747868607654e-02 5.491823840000000640e-13 1.000000000000000000e+02
6.768620000000000000e+06 2.855699680000000000e+08 5.411920796296296612e+04 7.045010288065842730e-01 7.200000000000000000e+01 7.199999999999999734e-01 8.485281374238569374e-02 6.701886720000000319e-13 1.000000000000000000e+02
6.768720000000000000e+06 2.855700680000000000e+08 5.411920912037036760e+04 7.046296296296290507e-01 7.400000000000000000e+01 7.399999999999999911e-01 8.602325267042626455e-02 6.888050240000000581e-13 1.000000000000000000e+02
6.768820000000000000e+06 2.855701680000000000e+08 5.411921027777777635e+04 7.047582304526756047e-01 7.300000000000000000e+01 7.299999999999999822e-01 8.544003745317529930e-02 6.794968480000000450e-13 1.000000000000000000e+02
6.768920000000000000e+06 2.855702680000000000e+08 5.411921143518518511e+04 7.048868312757203825e-01 6.400000000000000000e+01 6.400000000000000133e-01 8.000000000000000167e-02 5.957232640000000284e-13 1.000000000000000000e+02
6.769020000000000000e+06 2.855703680000000000e+08 5.411921259259259386e+04 7.050154320987651602e-01 6.400000000000000000e+01 6.400000000000000133e-01 8.000000000000000167e-02 5.957232640000000284e-13 1.000000000000000000e+02
6.769120000000000000e+06 2.855704680000000000e+08 5.411921375000000262e+04 7.051440329218099379e-01 6.500000000000000000e+01 6.500000000000000222e-01 8.062257748298548576e-02 6.050314400000000415e-13 1.000000000000000000e+02
6.769220000000000000e+06 2.855705680000000000e+08 5.411921490740740410e+04 7.052726337448564919e-01 5.600000000000000000e+01 5.600000000000000533e-01 7.483314773547883325e-02 5.212578560000001258e-13 1.000000000000000000e+02
6.769320000000000000e+06 2.855706680000000000e+08 5.411921606481481285e+04 7.054012345679012697e-01 5.300000000000000000e+01 5.300000000000000266e-01 7.280109889280518554e-02 4.933333280000000866e-13 1.000000000000000000e+02
6.769420000000000000e+06 2.855707680000000000e+08 5.411921722222222161e+04 7.055298353909460474e-01 5.900000000000000000e+01 5.899999999999999689e-01 7.681145747868607654e-02 5.491823840000000640e-13 1.000000000000000000e+02
6.769520000000000000e+06 2.855708680000000000e+08 5.411921837962963036e+04 7.056584362139926014e-01 6.500000000000000000e+01 6.500000000000000222e-01 8.062257748298548576e-02 6.050314400000000415e-13 1.000000000000000000e+02
6.769620000000000000e+06 2.855709680000000000e+08 5.411921953703703912e+04 7.057870370370373792e-01 6.300000000000000000e+01 6.300000000000000044e-01 7.937253933193771926e-02 5.864150880000000153e-13 1.000000000000000000e+02
6.769720000000000000e+06 2.855710680000000000e+08 5.411922069444444787e+04 7.059156378600821569e-01 6.300000000000000000e+01 6.300000000000000044e-01 7.937253933193771926e-02 5.864150880000000153e-13 1.000000000000000000e+02
6.769820000000000000e+06 2.855711680000000000e+08 5.411922185185184935e+04 7.060442386831269346e-01 5.800000000000000000e+01 5.799999999999999600e-01 7.615773105863908599e-02 5.398742080000000510e-13 1.000000000000000000e+02
6.769920000000000000e+06 2.855712680000000000e+08 5.411922300925925811e+04 7.061728395061734886e-01 5.400000000000000000e+01 5.400000000000000355e-01 7.348469228349534255e-02 5.026415040000000997e-13 1.000000000000000000e+02
6.770020000000000000e+06 2.855713680000000000e+08 5.411922416666666686e+04 7.063014403292182664e-01 6.900000000000000000e+01 6.899999999999999467e-01 8.306623862918074974e-02 6.422641439999999928e-13 1.000000000000000000e+02
6.770120000000000000e+06 2.855714680000000000e+08 5.411922532407407562e+04 7.064300411522630441e-01 6.400000000000000000e+01 6.400000000000000133e-01 8.000000000000000167e-02 5.957232640000000284e-13 1.000000000000000000e+02
6.770220000000000000e+06 2.855715680000000000e+08 5.411922648148148437e+04 7.065586419753078218e-01 6.400000000000000000e+01 6.400000000000000133e-01 8.000000000000000167e-02 5.957232640000000284e-13 1.000000000000000000e+02
6.770320000000000000e+06 2.855716680000000000e+08 5.411922763888888585e+04 7.066872427983543759e-01 7.500000000000000000e+01 7.500000000000000000e-01 8.660254037844387909e-02 6.981132000000000711e-13 1.000000000000000000e+02
6.770420000000000000e+06 2.855717680000000000e+08 5.411922879629629460e+04 7.068158436213991536e-01 6.300000000000000000e+01 6.300000000000000044e-01 7.937253933193771926e-02 5.864150880000000153e-13 1.000000000000000000e+02
6.770520000000000000e+06 2.855718680000000000e+08 5.411922995370370336e+04 7.069444444444439313e-01 5.200000000000000000e+01 5.200000000000000178e-01 7.211102550927978028e-02 4.840251520000000736e-13 1.000000000000000000e+02
6.770620000000000000e+06 2.855719680000000000e+08 5.411923111111111211e+04 7.070730452674904853e-01 6.300000000000000000e+01 6.300000000000000044e-01 7.937253933193771926e-02 5.864150880000000153e-13 1.000000000000000000e+02
6.770720000000000000e+06 2.855720680000000000e+08 5.411923226851852087e+04 7.072016460905352631e-01 6.000000000000000000e+01 5.999999999999999778e-01 7.745966692414833765e-02 5.584905600000000771e-13 1.000000000000000000e+02
6.770820000000000000e+06 2.855721680000000000e+08 5.411923342592592235e+04 7.073302469135800408e-01 6.800000000000000000e+01 6.800000000000000488e-01 8.246211251235320561e-02 6.329559680000000807e-13 1.000000000000000000e+02
6.770920000000000000e+06 2.855722680000000000e+08 5.411923458333333110e+04 7.074588477366248185e-01 7.500000000000000000e+01 7.500000000000000000e-01 8.660254037844387909e-02 6.981132000000000711e-13 1.000000000000000000e+02
6.771020000000000000e+06 2.855723680000000000e+08 5.411923574074073986e+04 7.075874485596713725e-01 6.700000000000000000e+01 6.700000000000000400e-01 8.185352771872450584e-02 6.236477920000000676e-13 1.000000000000000000e+02
6.771120000000000000e+06 2.855724680000000000e+08 5.411923689814814861e+04 7.077160493827161503e-01 7.200000000000000000e+01 7.199999999999999734e-01 8.485281374238569374e-02 6.701886720000000319e-13 1.000000000000000000e+02
6.771220000000000000e+06 2.855725680000000000e+08 5.411923805555555737e+04 7.078446502057609280e-01 4.700000000000000000e+01 4.699999999999999734e-01 6.855654600401044074e-02 4.374842720000000082e-13 1.000000000000000000e+02
6.771320000000000000e+06 2.855726680000000000e+08 5.411923921296296612e+04 7.079732510288057057e-01 8.000000000000000000e+01 8.000000000000000444e-01 8.944271909999158832e-02 7.446540800000001365e-13 1.000000000000000000e+02
6.771420000000000000e+06 2.855727680000000000e+08 5.411924037037036760e+04 7.081018518518522598e-01 5.700000000000000000e+01 5.699999999999999512e-01 7.549834435270749711e-02 5.305660320000000379e-13 1.000000000000000000e+02
6.771520000000000000e+06 2.855728680000000000e+08 5.411924152777777635e+04 7.082304526748970375e-01 6.200000000000000000e+01 6.199999999999999956e-01 7.874007874011811070e-02 5.771069120000001032e-13 1.000000000000000000e+02
6.771620000000000000e+06 2.855729680000000000e+08 5.411924268518518511e+04 7.083590534979418152e-01 5.600000000000000000e+01 5.600000000000000533e-01 7.483314773547883325e-02 5.212578560000001258e-13 1.000000000000000000e+02
6.771720000000000000e+06 2.855730680000000000e+08 5.411924384259259386e+04 7.084876543209883692e-01 6.300000000000000000e+01 6.300000000000000044e-01 7.937253933193771926e-02 5.864150880000000153e-13 1.000000000000000000e+02
6.771820000000000000e+06 2.855731680000000000e+08 5.411924500000000262e+04 7.086162551440331470e-01 6.100000000000000000e+01 6.099999999999999867e-01 7.810249675906653921e-02 5.677987360000000902e-13 1.000000000000000000e+02
6.771920000000000000e+06 2.855732680000000000e+08 5.411924615740740410e+04 7.087448559670779247e-01 5.100000000000000000e+01 5.100000000000000089e-01 7.141428428542850870e-02 4.747169760000000605e-13 1.000000000000000000e+02
6.772020000000000000e+06 2.855733680000000000e+08 5.411924731481481285e+04 7.088734567901227024e-01 6.200000000000000000e+01 6.199999999999999956e-01 7.874007874011811070e-02 5.771069120000001032e-13 1.000000000000000000e+02
6.772120000000000000e+06 2.855734680000000000e+08 5.411924847222222161e+04 7.090020576131692565e-01 6.100000000000000000e+01 6.099999999999999867e-01 7.810249675906653921e-02 5.677987360000000902e-13 1.000000000000000000e+02
6.772220000000000000e+06 2.855735680000000000e+08 5.411924962962963036e+04 7.091306584362140342e-01 8.200000000000000000e+01 8.199999999999999512e-01 9.055385138137417300e-02 7.632704320000000616e-13 1.000000000000000000e+02
6.772320000000000000e+06 2.855736680000000000e+08 5.411925078703703912e+04 7.092592592592588119e-01 6.200000000000000000e+01 6.199999999999999956e-01 7.874007874011811070e-02 5.771069120000001032e-13 1.000000000000000000e+02
6.772420000000000000e+06 2.855737680000000000e+08 5.411925194444444787e+04 7.093878600823053659e-01 4.600000000000000000e+01 4.600000000000000200e-01 6.782329983125268136e-02 4.281760960000000457e-13 1.000000000000000000e+02
6.772520000000000000e+06 2.855738680000000000e+08 5.411925310185184935e+04 7.095164609053501437e-01 5.400000000000000000e+01 5.400000000000000355e-01 7.348469228349534255e-02 5.026415040000000997e-13 1.000000000000000000e+02
6.772620000000000000e+06 2.855739680000000000e+08 5.411925425925925811e+04 7.096450617283949214e-01 6.800000000000000000e+01 6.800000000000000488e-01 8.246211251235320561e-02 6.329559680000000807e-13 1.000000000000000000e+02
6.772720000000000000e+06 2.855740680000000000e+08 5.411925541666666686e+04 7.097736625514396991e-01 6.500000000000000000e+01 6.500000000000000222e-01 8.062257748298548576e-02 6.050314400000000415e-13 1.000000000000000000e+02
6.772820000000000000e+06 2.855741680000000000e+08 5.411925657407407562e+04 7.099022633744862532e-01 7.200000000000000000e+01 7.199999999999999734e-01 8.485281374238569374e-02 6.701886720000000319e-13 1.000000000000000000e+02
6.772920000000000000e+06 2.855742680000000000e+08 5.411925773148148437e+04 7.100308641975310309e-01 6.600000000000000000e+01 6.600000000000000311e-01 8.124038404635960942e-02 6.143396160000000545e-13 1.000000000000000000e+02
6.773020000000000000e+06 2.855743680000000000e+08 5.411925888888888585e+04 7.101594650205758086e-01 4.900000000000000000e+01 4.899999999999999911e-01 7.000000000000000666e-02 4.561006240000000344e-13 1.000000000000000000e+02
6.773120000000000000e+06 2.855744680000000000e+08 5.411926004629629460e+04 7.102880658436205863e-01 5.700000000000000000e+01 5.699999999999999512e-01 7.549834435270749711e-02 5.305660320000000379e-13 1.000000000000000000e+02
6.773220000000000000e+06 2.855745680000000000e+08 5.411926120370370336e+04 7.104166666666671404e-01 7.300000000000000000e+01 7.299999999999999822e-01 8.544003745317529930e-02 6.794968480000000450e-13 1.000000000000000000e+02
6.773320000000000000e+06 2.855746680000000000e+08 5.411926236111111211e+04 7.105452674897119181e-01 6.700000000000000000e+01 6.700000000000000400e-01 8.185352771872450584e-02 6.236477920000000676e-13 1.000000000000000000e+02
6.773420000000000000e+06 2.855747680000000000e+08 5.411926351851852087e+04 7.106738683127566958e-01 7.900000000000000000e+01 7.900000000000000355e-01 8.888194417315588292e-02 7.353459040000001234e-13 1.000000000000000000e+02
6.773520000000000000e+06 2.855748680000000000e+08 5.411926467592592235e+04 7.108024691358032499e-01 7.200000000000000000e+01 7.199999999999999734e-01 8.485281374238569374e-02 6.701886720000000319e-13 1.000000000000000000e+02
6.773620000000000000e+06 2.855749680000000000e+08 5.411926583333333110e+04 7.109310699588480276e-01 6.700000000000000000e+01 6.700000000000000400e-01 8.185352771872450584e-02 6.236477920000000676e-13 1.000000000000000000e+02
6.773720000000000000e+06 2.855750680000000000e+08 5.411926699074073986e+04 7.110596707818928053e-01 6.600000000000000000e+01 6.600000000000000311e-01 8.124038404635960942e-02 6.143396160000000545e-13 1.000000000000000000e+02
6.773820000000000000e+06 2.855751680000000000e+08 5.411926814814814861e+04 7.111882716049375830e-01 6.500000000000000000e+01 6.500000000000000222e-01 8.062257748298548576e-02 6.050314400000000415e-13 1.000000000000000000e+02
6.773920000000000000e+06 2.855752680000000000e+08 5.411926930555555737e+04 7.113168724279841371e-01 7.800000000000000000e+01 7.800000000000000266e-01 8.831760866327847959e-02 7.260377280000001103e-13 1.000000000000000000e+02
6.774020000000000000e+06 2.855753680000000000e+08 5.411927046296296612e+04 7.114454732510289148e-01 4.900000000000000000e+01 4.899999999999999911e-01 7.000000000000000666e-02 4.561006240000000344e-13 1.000000000000000000e+02
6.774120000000000000e+06 2.855754680000000000e+08 5.411927162037036760e+04 7.115740740740736925e-01 8.000000000000000000e+01 8.000000000000000444e-01 8.944271909999158832e-02 7.446540800000001365e-13 1.000000000000000000e+02
6.774220000000000000e+06 2.855755680000000000e+08 5.411927277777777635e+04 7.117026748971184702e-01 6.900000000000000000e+01 6.899999999999999467e-01 8.306623862918074974e-02 6.422641439999999928e-13 1.000000000000000000e+02
6.774320000000000000e+06 2.855756680000000000e+08 5.411927393518518511e+04 7.118312757201650243e-01 6.400000000000000000e+01 6.400000000000000133e-01 8.000000000000000167e-02 5.957232640000000284e-13 1.000000000000000000e+02
6.774420000000000000e+06 2.855757680000000000e+08 5.411927509259259386e+04 7.119598765432098020e-01 5.900000000000000000e+01 5.899999999999999689e-01 7.681145747868607654e-02 5.491823840000000640e-13 1.000000000000000000e+02
6.774520000000000000e+06 2.855758680000000000e+08 5.411927625000000262e+04 7.120884773662545797e-01 5.600000000000000000e+01 5.600000000000000533e-01 7.483314773547883325e-02 5.212578560000001258e-13 1.000000000000000000e+02
6.774620000000000000e+06 2.855759680000000000e+08 5.411927740740740410e+04 7.122170781893011338e-01 6.400000000000000000e+01 6.400000000000000133e-01 8.000000000000000167e-02 5.957232640000000284e-13 1.000000000000000000e+02
6.774720000000000000e+06 2.855760680000000000e+08 5.411927856481481285e+04 7.123456790123459115e-01 5.700000000000000000e+01 5.699999999999999512e-01 7.549834435270749711e-02 5.305660320000000379e-13 1.000000000000000000e+02
6.774820000000000000e+06 2.855761680000000000e+08 5.411927972222222161e+04 7.124742798353906892e-01 7.500000000000000000e+01 7.500000000000000000e-01 8.660254037844387909e-02 6.981132000000000711e-13 1.000000000000000000e+02
6.774920000000000000e+06 2.855762680000000000e+08 5.411928087962963036e+04 7.126028806584354669e-01 6.700000000000000000e+01 6.700000000000000400e-01 8.185352771872450584e-02 6.236477920000000676e-13 1.000000000000000000e+02
6.775020000000000000e+06 2.855763680000000000e+08 5.411928203703703912e+04 7.127314814814820210e-01 7.200000000000000000e+01 7.199999999999999734e-01 8.485281374238569374e-02 6.701886720000000319e-13 1.000000000000000000e+02
6.775120000000000000e+06 2.855764680000000000e+08 5.411928319444444787e+04 7.128600823045267987e-01 5.200000000000000000e+01 5.200000000000000178e-01 7.211102550927978028e-02 4.840251520000000736e-13 1.000000000000000000e+02
6.775220000000000000e+06 2.855765680000000000e+08 5.411928435185184935e+04 7.129886831275715764e-01 6.300000000000000000e+01 6.300000000000000044e-01 7.937253933193771926e-02 5.864150880000000153e-13 1.000000000000000000e+02
6.775320000000000000e+06 2.855766680000000000e+08 5.411928550925925811e+04 7.131172839506181305e-01 5.500000000000000000e+01 5.500000000000000444e-01 7.416198487095662650e-02 5.119496800000001128e-13 1.000000000000000000e+02
6.775420000000000000e+06 2.855767680000000000e+08 5.411928666666666686e+04 7.132458847736629082e-01 7.300000000000000000e+01 7.299999999999999822e-01 8.544003745317529930e-02 6.794968480000000450e-13 1.000000000000000000e+02
6.775520000000000000e+06 2.855768680000000000e+08 5.411928782407407562e+04 7.133744855967076859e-01 6.200000000000000000e+01 6.199999999999999956e-01 7.874007874011811070e-02 5.771069120000001032e-13 1.000000000000000000e+02
6.775620000000000000e+06 2.855769680000000000e+08 5.411928898148148437e+04 7.135030864197524636e-01 5.900000000000000000e+01 5.899999999999999689e-01 7.681145747868607654e-02 5.491823840000000640e-13 1.000000000000000000e+02
6.775720000000000000e+06 2.855770680000000000e+08 5.411929013888888585e+04 7.136316872427990177e-01 4.600000000000000000e+01 4.600000000000000200e-01 6.782329983125268136e-02 4.281760960000000457e-13 1.000000000000000000e+02
6.775820000000000000e+06 2.855771680000000000e+08 5.411929129629629460e+04 7.137602880658437954e-01 6.000000000000000000e+01 5.999999999999999778e-01 7.745966692414833765e-02 5.584905600000000771e-13 1.000000000000000000e+02
6.775920000000000000e+06 2.855772680000000000e+08 5.411929245370370336e+04 7.138888888888885731e-01 5.100000000000000000e+01 5.100000000000000089e-01 7.141428428542850870e-02 4.747169760000000605e-13 1.000000000000000000e+02
6.776020000000000000e+06 2.855773680000000000e+08 5.411929361111111211e+04 7.140174897119333508e-01 8.000000000000000000e+01 8.000000000000000444e-01 8.944271909999158832e-02 7.446540800000001365e-13 1.000000000000000000e+02
6.776120000000000000e+06 2.855774680000000000e+08 5.411929476851852087e+04 7.141460905349799049e-01 6.100000000000000000e+01 6.099999999999999867e-01 7.810249675906653921e-02 5.677987360000000902e-13 1.000000000000000000e+02
6.776220000000000000e+06 2.855775680000000000e+08 5.411929592592592235e+04 7.142746913580246826e-01 7.000000000000000000e+01 6.999999999999999556e-01 8.366600265340755349e-02 6.515723200000000058e-13 1.000000000000000000e+02
6.776320000000000000e+06 2.855776680000000000e+08 5.411929708333333110e+04 7.144032921810694603e-01 5.800000000000000000e+01 5.799999999999999600e-01 7.615773105863908599e-02 5.398742080000000510e-13 1.000000000000000000e+02
6.776420000000000000e+06 2.855777680000000000e+08 5.411929824074073986e+04 7.145318930041160144e-01 6.800000000000000000e+01 6.800000000000000488e-01 8.246211251235320561e-02 6.329559680000000807e-13 1.000000000000000000e+02
6.776520000000000000e+06 2.855778680000000000e+08 5.411929939814814861e+04 7.146604938271607921e-01 5.800000000000000000e+01 5.799999999999999600e-01 7.615773105863908599e-02 5.398742080000000510e-13 1.000000000000000000e+02
6.776620000000000000e+06 2.855779680000000000e+08 5.411930055555555737e+04 7.147890946502055698e-01 7.000000000000000000e+01 6.999999999999999556e-01 8.366600265340755349e-02 6.515723200000000058e-13 1.000000000000000000e+02
6.776720000000000000e+06 2.855780680000000000e+08 5.411930171296296612e+04 7.149176954732503475e-01 6.100000000000000000e+01 6.099999999999999867e-01 7.810249675906653921e-02 5.677987360000000902e-13 1.000000000000000000e+02
6.776820000000000000e+06 2.855781680000000000e+08 5.411930287037036760e+04 7.150462962962969016e-01 7.600000000000000000e+01 7.600000000000000089e-01 8.717797887081348007e-02 7.074213760000000842e-13 1.000000000000000000e+02
6.776920000000000000e+06 2.855782680000000000e+08 5.411930402777777635e+04 7.151748971193416793e-01 5.300000000000000000e+01 5.300000000000000266e-01 7.280109889280518554e-02 4.933333280000000866e-13 1.000000000000000000e+02
6.777020000000000000e+06 2.855783680000000000e+08 5.411930518518518511e+04 7.153034979423864570e-01 6.000000000000000000e+01 5.999999999999999778e-01 7.745966692414833765e-02 5.584905600000000771e-13 1.000000000000000000e+02
6.777120000000000000e+06 2.855784680000000000e+08 5.411930634259259386e+04 7.154320987654312347e-01 6.100000000000000000e+01 6.099999999999999867e-01 7.810249675906653921e-02 5.677987360000000902e-13 1.000000000000000000e+02
6.777220000000000000e+06 2.855785680000000000e+08 5.411930750000000262e+04 7.155606995884777888e-01 8.000000000000000000e+01 8.000000000000000444e-01 8.944271909999158832e-02 7.446540800000001365e-13 1.000000000000000000e+02
6.777320000000000000e+06 2.855786680000000000e+08 5.411930865740740410e+04 7.156893004115225665e-01 6.600000000000000000e+01 6.600000000000000311e-01 8.124038404635960942e-02 6.143396160000000545e-13 1.000000000000000000e+02
6.777420000000000000e+06 2.855787680000000000e+08 5.411930981481481285e+04 7.158179012345673442e-01 6.200000000000000000e+01 6.199999999999999956e-01 7.874007874011811070e-02 5.771069120000001032e-13 1.000000000000000000e+02
6.777520000000000000e+06 2.855788680000000000e+08 5.411931097222222161e+04 7.159465020576138983e-01 6.600000000000000000e+01 6.600000000000000311e-01 8.124038404635960942e-02 6.143396160000000545e-13 1.000000000000000000e+02
6.777620000000000000e+06 2.855789680000000000e+08 5.411931212962963036e+04 7.160751028806586760e-01 5.000000000000000000e+01 5.000000000000000000e-01 7.071067811865475172e-02 4.654088000000000474e-13 1.000000000000000000e+02
6.777720000000000000e+06 2.855790680000000000e+08 5.411931328703703912e+04 7.162037037037034537e-01 5.200000000000000000e+01 5.200000000000000178e-01 7.211102550927978028e-02 4.840251520000000736e-13 1.000000000000000000e+02
6.777820000000000000e+06 2.855791680000000000e+08 5.411931444444444787e+04 7.163323045267482314e-01 5.700000000000000000e+01 5.699999999999999512e-01 7.549834435270749711e-02 5.305660320000000379e-13 1.000000000000000000e+02
6.777920000000000000e+06 2.855792680000000000e+08 5.411931560185184935e+04 7.164609053497947855e-01 5.800000000000000000e+01 5.799999999999999600e-01 7.615773105863908599e-02 5.398742080000000510e-13 1.000000000000000000e+02
6.778020000000000000e+06 2.855793680000000000e+08 5.411931675925925811e+04 7.165895061728395632e-01 7.000000000000000000e+01 6.999999999999999556e-01 8.366600265340755349e-02 6.515723200000000058e-13 1.000000000000000000e+02
6.778120000000000000e+06 2.855794680000000000e+08 5.411931791666666686e+04 7.167181069958843409e-01 6.000000000000000000e+01 5.999999999999999778e-01 7.745966692414833765e-02 5.584905600000000771e-13 1.000000000000000000e+02
6.778220000000000000e+06 2.855795680000000000e+08 5.411931907407407562e+04 7.168467078189308950e-01 6.600000000000000000e+01 6.600000000000000311e-01 8.124038404635960942e-02 6.143396160000000545e-13 1.000000000000000000e+02
6.778320000000000000e+06 2.855796680000000000e+08 5.411932023148148437e+04 7.169753086419756727e-01 6.000000000000000000e+01 5.999999999999999778e-01 7.745966692414833765e-02 5.584905600000000771e-13 1.000000000000000000e+02
6.778420000000000000e+06 2.855797680000000000e+08 5.411932138888888585e+04 7.171039094650204504e-01 5.600000000000000000e+01 5.600000000000000533e-01 7.483314773547883325e-02 5.212578560000001258e-13 1.000000000000000000e+02
6.778520000000000000e+06 2.855798680000000000e+08 5.411932254629629460e+04 7.172325102880652281e-01 6.300000000000000000e+01 6.300000000000000044e-01 7.937253933193771926e-02 5.864150880000000153e-13 1.000000000000000000e+02
6.778620000000000000e+06 2.855799680000000000e+08 5.411932370370370336e+04 7.173611111111117822e-01 7.500000000000000000e+01 7.500000000000000000e-01 8.660254037844387909e-02 6.981132000000000711e-13 1.000000000000000000e+02
6.778720000000000000e+06 2.855800680000000000e+08 5.411932486111111211e+04 7.174897119341565599e-01 6.100000000000000000e+01 6.099999999999999867e-01 7.810249675906653921e-02 5.677987360000000902e-13 1.000000000000000000e+02
6.778820000000000000e+06 2.855801680000000000e+08 5.411932601851852087e+04 7.176183127572013376e-01 5.900000000000000000e+01 5.899999999999999689e-01 7.681145747868607654e-02 5.491823840000000640e-13 1.000000000000000000e+02
6.778920000000000000e+06 2.855802680000000000e+08 5.411932717592592235e+04 7.177469135802461153e-01 8.000000000000000000e+01 8.000000000000000444e-01 8.944271909999158832e-02 7.446540800000001365e-13 1.000000000000000000e+02
6.779020000000000000e+06 2.855803680000000000e+08 5.411932833333333110e+04 7.178755144032926694e-01 5.400000000000000000e+01 5.400000000000000355e-01 7.348469228349534255e-02 5.026415040000000997e-13 1.000000000000000000e+02
6.779120000000000000e+06 2.855804680000000000e+08 5.411932949074073986e+04 7.180041152263374471e-01 5.800000000000000000e+01 5.799999999999999600e-01 7.615773105863908599e-02 5.398742080000000510e-13 1.000000000000000000e+02
6.779220000000000000e+06 2.855805680000000000e+08 5.411933064814814861e+04 7.181327160493822248e-01 8.700000000000000000e+01 8.699999999999999956e-01 9.327379053088816208e-02 8.098113120000001270e-13 1.000000000000000000e+02
6.779320000000000000e+06 2.855806680000000000e+08 5.411933180555555737e+04 7.182613168724287789e-01 6.700000000000000000e+01 6.700000000000000400e-01 8.185352771872450584e-02 6.236477920000000676e-13 1.000000000000000000e+02
6.779420000000000000e+06 2.855807680000000000e+08 5.411933296296296612e+04 7.183899176954735566e-01 7.700000000000000000e+01 7.700000000000000178e-01 8.774964387392122922e-02 7.167295520000000973e-13 1.000000000000000000e+02
6.779520000000000000e+06 2.855808680000000000e+08 5.411933412037036760e+04 7.185185185185183343e-01 5.900000000000000000e+01 5.899999999999999689e-01 7.681145747868607654e-02 5.491823840000000640e-13 1.000000000000000000e+02
6.779620000000000000e+06 2.855809680000000000e+08 5.411933527777777635e+04 7.186471193415631120e-01 7.700000000000000000e+01 7.700000000000000178e-01 8.774964387392122922e-02 7.167295520000000973e-13 1.000000000000000000e+02
6.779720000000000000e+06 2.855810680000000000e+08 5.411933643518518511e+04 7.187757201646096661e-01 6.600000000000000000e+01 6.600000000000000311e-01 8.124038404635960942e-02 6.143396160000000545e-13 1.000000000000000000e+02
6.779820000000000000e+06 2.855811680000000000e+08 5.411933759259259386e+04 7.189043209876544438e-01 6.200000000000000000e+01 6.199999999999999956e-01 7.874007874011811070e-02 5.771069120000001032e-13 1.000000000000000000e+02
6.779920000000000000e+06 2.855812680000000000e+08 5.411933875000000262e+04 7.190329218106992215e-01 6.200000000000000000e+01 6.199999999999999956e-01 7.874007874011811070e-02 5.771069120000001032e-13 1.000000000000000000e+02
6.780020000000000000e+06 2.855813680000000000e+08 5.411933990740740410e+04 7.191615226337439992e-01 6.000000000000000000e+01 5.999999999999999778e-01 7.745966692414833765e-02 5.584905600000000771e-13 1.000000000000000000e+02
6.780120000000000000e+06 2.855814680000000000e+08 5.411934106481481285e+04 7.192901234567905533e-01 6.700000000000000000e+01 6.700000000000000400e-01 8.185352771872450584e-02 6.236477920000000676e-13 1.000000000000000000e+02
6.783220000000000000e+06 2.855845680000000000e+08 5.411937694444444787e+04 7.232767489711928732e-01 6.000000000000000000e+01 5.999999999999999778e-01 7.745966692414833765e-02 5.584905600000000771e-13 1.000000000000000000e+02
6.783320000000000000e+06 2.855846680000000000e+08 5.411937810185184935e+04 7.234053497942394273e-01 5.700000000000000000e+01 5.699999999999999512e-01 7.549834435270749711e-02 5.305660320000000379e-13 1.000000000000000000e+02
6.783420000000000000e+06 2.855847680000000000e+08 5.411937925925925811e+04 7.235339506172842050e-01 5.700000000000000000e+01 5.699999999999999512e-01 7.549834435270749711e-02 5.305660320000000379e-13 1.000000000000000000e+02
6.783520000000000000e+06 2.855848680000000000e+08 5.411938041666666686e+04 7.236625514403289827e-01 6.800000000000000000e+01 6.800000000000000488e-01 8.246211251235320561e-02 6.329559680000000807e-13 1.000000000000000000e+02
6.783620000000000000e+06 2.855849680000000000e+08 5.411938157407407562e+04 7.237911522633737604e-01 6.500000000000000000e+01 6.500000000000000222e-01 8.062257748298548576e-02 6.050314400000000415e-13 1.000000000000000000e+02
6.783720000000000000e+06 2.855850680000000000e+08 5.411938273148148437e+04 7.239197530864203145e-01 6.700000000000000000e+01 6.700000000000000400e-01 8.185352771872450584e-02 6.236477920000000676e-13 1.000000000000000000e+02
6.783820000000000000e+06 2.855851680000000000e+08 5.411938388888888585e+04 7.240483539094650922e-01 5.900000000000000000e+01 5.899999999999999689e-01 7.681145747868607654e-02 5.491823840000000640e-13 1.000000000000000000e+02
6.783920000000000000e+06 2.855852680000000000e+08 5.411938504629629460e+04 7.241769547325098699e-01 8.000000000000000000e+01 8.000000000000000444e-01 8.944271909999158832e-02 7.446540800000001365e-13 1.000000000000000000e+02
6.784020000000000000e+06 2.855853680000000000e+08 5.411938620370370336e+04 7.243055555555564240e-01 6.000000000000000000e+01 5.999999999999999778e-01 7.745966692414833765e-02 5.584905600000000771e-13 1.000000000000000000e+02
6.784120000000000000e+06 2.855854680000000000e+08 5.411938736111111211e+04 7.244341563786012017e-01 6.800000000000000000e+01 6.800000000000000488e-01 8.246211251235320561e-02 6.329559680000000807e-13 1.000000000000000000e+02
6.784220000000000000e+06 2.855855680000000000e+08 5.411938851851852087e+04 7.245627572016459794e-01 7.400000000000000000e+01 7.399999999999999911e-01 8.602325267042626455e-02 6.888050240000000581e-13 1.000000000000000000e+02
6.784320000000000000e+06 2.855856680000000000e+08 5.411938967592592235e+04 7.246913580246907571e-01 7.000000000000000000e+01 6.999999999999999556e-01 8.366600265340755349e-02 6.515723200000000058e-13 1.000000000000000000e+02
6.784420000000000000e+06 2.855857680000000000e+08 5.411939083333333110e+04 7.248199588477373112e-01 6.000000000000000000e+01 5.999999999999999778e-01 7.745966692414833765e-02 5.584905600000000771e-13 1.000000000000000000e+02
6.784520000000000000e+06 2.855858680000000000e+08 5.411939199074073986e+04 7.249485596707820889e-01 6.000000000000000000e+01 5.999999999999999778e-01 7.745966692414833765e-02 5.584905600000000771e-13 1.000000000000000000e+02
6.784620000000000000e+06 2.855859680000000000e+08 5.411939314814814861e+04 7.250771604938268666e-01 6.200000000000000000e+01 6.199999999999999956e-01 7.874007874011811070e-02 5.771069120000001032e-13 1.000000000000000000e+02
6.784720000000000000e+06 2.855860680000000000e+08 5.411939430555555737e+04 7.252057613168716443e-01 4.800000000000000000e+01 4.799999999999999822e-01 6.928203230275509217e-02 4.467924480000000213e-13 1.000000000000000000e+02
6.784820000000000000e+06 2.855861680000000000e+08 5.411939546296296612e+04 7.253343621399181984e-01 6.400000000000000000e+01 6.400000000000000133e-01 8.000000000000000167e-02 5.957232640000000284e-13 1.000000000000000000e+02
6.784920000000000000e+06 2.855862680000000000e+08 5.411939662037036760e+04 7.254629629629629761e-01 6.400000000000000000e+01 6.400000000000000133e-01 8.000000000000000167e-02 5.957232640000000284e-13 1.000000000000000000e+02
6.785020000000000000e+06 2.855863680000000000e+08 5.411939777777777635e+04 7.255915637860077538e-01 6.300000000000000000e+01 6.300000000000000044e-01 7.937253933193771926e-02 5.864150880000000153e-13 1.000000000000000000e+02
6.785120000000000000e+06 2.855864680000000000e+08 5.411939893518518511e+04 7.257201646090543079e-01 6.600000000000000000e+01 6.600000000000000311e-01 8.124038404635960942e-02 6.143396160000000545e-13 1.000000000000000000e+02
6.785220000000000000e+06 2.855865680000000000e+08 5.411940009259259386e+04 7.258487654320990856e-01 6.100000000000000000e+01 6.099999999999999867e-01 7.810249675906653921e-02 5.677987360000000902e-13 1.000000000000000000e+02
6.785320000000000000e+06 2.855866680000000000e+08 5.411940125000000262e+04 7.259773662551438633e-01 6.000000000000000000e+01 5.999999999999999778e-01 7.745966692414833765e-02 5.584905600000000771e-13 1.000000000000000000e+02
6.785420000000000000e+06 2.855867680000000000e+08 5.411940240740740410e+04 7.261059670781886410e-01 6.200000000000000000e+01 6.199999999999999956e-01 7.874007874011811070e-02 5.771069120000001032e-13 1.000000000000000000e+02
6.785520000000000000e+06 2.855868680000000000e+08 5.411940356481481285e+04 7.262345679012351951e-01 7.300000000000000000e+01 7.299999999999999822e-01 8.544003745317529930e-02 6.794968480000000450e-13 1.000000000000000000e+02
6.785620000000000000e+06 2.855869680000000000e+08 5.411940472222222161e+04 7.263631687242799728e-01 6.600000000000000000e+01 6.600000000000000311e-01 8.124038404635960942e-02 6.143396160000000545e-13 1.000000000000000000e+02
6.785720000000000000e+06 2.855870680000000000e+08 5.411940587962963036e+04 7.264917695473247505e-01 6.800000000000000000e+01 6.800000000000000488e-01 8.246211251235320561e-02 6.329559680000000807e-13 1.000000000000000000e+02
6.785820000000000000e+06 2.855871680000000000e+08 5.411940703703703912e+04 7.266203703703695282e-01 6.400000000000000000e+01 6.400000000000000133e-01 8.000000000000000167e-02 5.957232640000000284e-13 1.000000000000000000e+02
6.785920000000000000e+06 2.855872680000000000e+08 5.411940819444444787e+04 7.267489711934160823e-01 5.300000000000000000e+01 5.300000000000000266e-01 7.280109889280518554e-02 4.933333280000000866e-13 1.000000000000000000e+02
6.786020000000000000e+06 2.855873680000000000e+08 5.411940935185184935e+04 7.268775720164608600e-01 6.400000000000000000e+01 6.400000000000000133e-01 8.000000000000000167e-02 5.957232640000000284e-13 1.000000000000000000e+02
6.786120000000000000e+06 2.855874680000000000e+08 5.411941050925925811e+04 7.270061728395056377e-01 6.100000000000000000e+01 6.099999999999999867e-01 7.810249675906653921e-02 5.677987360000000902e-13 1.000000000000000000e+02
6.786220000000000000e+06 2.855875680000000000e+08 5.411941166666666686e+04 7.271347736625521918e-01 6.900000000000000000e+01 6.899999999999999467e-01 8.306623862918074974e-02 6.422641439999999928e-13 1.000000000000000000e+02
6.786320000000000000e+06 2.855876680000000000e+08 5.411941282407407562e+04 7.272633744855969695e-01 6.900000000000000000e+01 6.899999999999999467e-01 8.306623862918074974e-02 6.422641439999999928e-13 1.000000000000000000e+02
6.786420000000000000e+06 2.855877680000000000e+08 5.411941398148148437e+04 7.273919753086417472e-01 6.300000000000000000e+01 6.300000000000000044e-01 7.937253933193771926e-02 5.864150880000000153e-13 1.000000000000000000e+02
6.786520000000000000e+06 2.855878680000000000e+08 5.411941513888888585e+04 7.275205761316865249e-01 6.200000000000000000e+01 6.199999999999999956e-01 7.874007874011811070e-02 5.771069120000001032e-13 1.000000000000000000e+02
6.786620000000000000e+06 2.855879680000000000e+08 5.411941629629629460e+04 7.276491769547330790e-01 6.900000000000000000e+01 6.899999999999999467e-01 8.306623862918074974e-02 6.422641439999999928e-13 1.000000000000000000e+02
6.786720000000000000e+06 2.855880680000000000e+08 5.411941745370370336e+04 7.277777777777778567e-01 7.100000000000000000e+01 7.099999999999999645e-01 8.426149773176358493e-02 6.608804960000000189e-13 1.000000000000000000e+02
6.786820000000000000e+06 2.855881680000000000e+08 5.411941861111111211e+04 7.279063786008226344e-01 5.800000000000000000e+01 5.799999999999999600e-01 7.615773105863908599e-02 5.398742080000000510e-13 1.000000000000000000e+02
6.786920000000000000e+06 2.855882680000000000e+08 5.411941976851852087e+04 7.280349794238691885e-01 6.400000000000000000e+01 6.400000000000000133e-01 8.000000000000000167e-02 5.957232640000000284e-13 1.000000000000000000e+02
6.787020000000000000e+06 2.855883680000000000e+08 5.411942092592592235e+04 7.281635802469139662e-01 6.800000000000000000e+01 6.800000000000000488e-01 8.246211251235320561e-02 6.329559680000000807e-13 1.000000000000000000e+02
6.787120000000000000e+06 2.855884680000000000e+08 5.411942208333333110e+04 7.282921810699587439e-01 6.200000000000000000e+01 6.199999999999999956e-01 7.874007874011811070e-02 5.771069120000001032e-13 1.000000000000000000e+02
6.787220000000000000e+06 2.855885680000000000e+08 5.411942324074073986e+04 7.284207818930035216e-01 6.600000000000000000e+01 6.600000000000000311e-01 8.124038404635960942e-02 6.143396160000000545e-13 1.000000000000000000e+02
6.787320000000000000e+06 2.855886680000000000e+08 5.411942439814814861e+04 7.285493827160500757e-01 8.300000000000000000e+01 8.299999999999999600e-01 9.110433579144298910e-02 7.725786080000000747e-13 1.000000000000000000e+02
6.787420000000000000e+06 2.855887680000000000e+08 5.411942555555555737e+04 7.286779835390948534e-01 6.400000000000000000e+01 6.400000000000000133e-01 8.000000000000000167e-02 5.957232640000000284e-13 1.000000000000000000e+02
6.787520000000000000e+06 2.855888680000000000e+08 5.411942671296296612e+04 7.288065843621396311e-01 5.500000000000000000e+01 5.500000000000000444e-01 7.416198487095662650e-02 5.119496800000001128e-13 1.000000000000000000e+02
6.787620000000000000e+06 2.855889680000000000e+08 5.411942787037036760e+04 7.289351851851844089e-01 7.100000000000000000e+01 7.099999999999999645e-01 8.426149773176358493e-02 6.608804960000000189e-13 1.000000000000000000e+02
6.787720000000000000e+06 2.855890680000000000e+08 5.411942902777777635e+04 7.290637860082309629e-01 5.700000000000000000e+01 5.699999999999999512e-01 7.549834435270749711e-02 5.305660320000000379e-13 1.000000000000000000e+02
6.787820000000000000e+06 2.855891680000000000e+08 5.411943018518518511e+04 7.291923868312757406e-01 6.500000000000000000e+01 6.500000000000000222e-01 8.062257748298548576e-02 6.050314400000000415e-13 1.000000000000000000e+02
6.787920000000000000e+06 2.855892680000000000e+08 5.411943134259259386e+04 7.293209876543205183e-01 6.000000000000000000e+01 5.999999999999999778e-01 7.745966692414833765e-02 5.584905600000000771e-13 1.000000000000000000e+02
6.788020000000000000e+06 2.855893680000000000e+08 5.411943250000000262e+04 7.294495884773670724e-01 5.200000000000000000e+01 5.200000000000000178e-01 7.211102550927978028e-02 4.840251520000000736e-13 1.000000000000000000e+02
6.788120000000000000e+06 2.855894680000000000e+08 5.411943365740740410e+04 7.295781893004118501e-01 6.400000000000000000e+01 6.400000000000000133e-01 8.000000000000000167e-02 5.957232640000000284e-13 1.000000000000000000e+02
6.788220000000000000e+06 2.855895680000000000e+08 5.411943481481481285e+04 7.297067901234566278e-01 6.100000000000000000e+01 6.099999999999999867e-01 7.810249675906653921e-02 5.677987360000000902e-13 1.000000000000000000e+02
6.788320000000000000e+06 2.855896680000000000e+08 5.411943597222222161e+04 7.298353909465014056e-01 6.400000000000000000e+01 6.400000000000000133e-01 8.000000000000000167e-02 5.957232640000000284e-13 1.000000000000000000e+02
6.788420000000000000e+06 2.855897680000000000e+08 5.411943712962963036e+04 7.299639917695479596e-01 7.100000000000000000e+01 7.099999999999999645e-01 8.426149773176358493e-02 6.608804960000000189e-13 1.000000000000000000e+02
6.788520000000000000e+06 2.855898680000000000e+08 5.411943828703703912e+04 7.300925925925927373e-01 6.100000000000000000e+01 6.099999999999999867e-01 7.810249675906653921e-02 5.677987360000000902e-13 1.000000000000000000e+02
6.788620000000000000e+06 2.855899680000000000e+08 5.411943944444444787e+04 7.302211934156375150e-01 5.800000000000000000e+01 5.799999999999999600e-01 7.615773105863908599e-02 5.398742080000000510e-13 1.000000000000000000e+02
6.788720000000000000e+06 2.855900680000000000e+08 5.411944060185184935e+04 7.303497942386822928e-01 6.100000000000000000e+01 6.099999999999999867e-01 7.810249675906653921e-02 5.677987360000000902e-13 1.000000000000000000e+02
6.788820000000000000e+06 2.855901680000000000e+08 5.411944175925925811e+04 7.304783950617288468e-01 5.800000000000000000e+01 5.799999999999999600e-01 7.615773105863908599e-02 5.398742080000000510e-13 1.000000000000000000e+02
6.788920000000000000e+06 2.855902680000000000e+08 5.411944291666666686e+04 7.306069958847736245e-01 5.000000000000000000e+01 5.000000000000000000e-01 7.071067811865475172e-02 4.654088000000000474e-13 1.000000000000000000e+02
6.789020000000000000e+06 2.855903680000000000e+08 5.411944407407407562e+04 7.307355967078184023e-01 6.000000000000000000e+01 5.999999999999999778e-01 7.745966692414833765e-02 5.584905600000000771e-13 1.000000000000000000e+02
6.789120000000000000e+06 2.855904680000000000e+08 5.411944523148148437e+04 7.308641975308649563e-01 6.100000000000000000e+01 6.099999999999999867e-01 7.810249675906653921e-02 5.677987360000000902e-13 1.000000000000000000e+02
6.789220000000000000e+06 2.855905680000000000e+08 5.411944638888888585e+04 7.309927983539097340e-01 6.200000000000000000e+01 6.199999999999999956e-01 7.874007874011811070e-02 5.771069120000001032e-13 1.000000000000000000e+02
6.789320000000000000e+06 2.855906680000000000e+08 5.411944754629629460e+04 7.311213991769545117e-01 7.100000000000000000e+01 7.099999999999999645e-01 8.426149773176358493e-02 6.608804960000000189e-13 1.000000000000000000e+02
6.789420000000000000e+06 2.855907680000000000e+08 5.411944870370370336e+04 7.312499999999992895e-01 6.000000000000000000e+01 5.999999999999999778e-01 7.745966692414833765e-02 5.584905600000000771e-13 1.000000000000000000e+02
6.789520000000000000e+06 2.855908680000000000e+08 5.411944986111111211e+04 7.313786008230458435e-01 5.400000000000000000e+01 5.400000000000000355e-01 7.348469228349534255e-02 5.026415040000000997e-13 1.000000000000000000e+02
6.789620000000000000e+06 2.855909680000000000e+08 5.411945101851852087e+04 7.315072016460906212e-01 4.300000000000000000e+01 4.299999999999999933e-01 6.557438524302000582e-02 4.002515680000000569e-13 1.000000000000000000e+02
6.789720000000000000e+06 2.855910680000000000e+08 5.411945217592592235e+04 7.316358024691353990e-01 6.000000000000000000e+01 5.999999999999999778e-01 7.745966692414833765e-02 5.584905600000000771e-13 1.000000000000000000e+02
6.789820000000000000e+06 2.855911680000000000e+08 5.411945333333333110e+04 7.317644032921819530e-01 7.900000000000000000e+01 7.900000000000000355e-01 8.888194417315588292e-02 7.353459040000001234e-13 1.000000000000000000e+02
6.789920000000000000e+06 2.855912680000000000e+08 5.411945449074073986e+04 7.318930041152267307e-01 5.600000000000000000e+01 5.600000000000000533e-01 7.483314773547883325e-02 5.212578560000001258e-13 1.000000000000000000e+02
6.790020000000000000e+06 2.855913680000000000e+08 5.411945564814814861e+04 7.320216049382715084e-01 7.100000000000000000e+01 7.099999999999999645e-01 8.426149773176358493e-02 6.608804960000000189e-13 1.000000000000000000e+02
6.790120000000000000e+06 2.855914680000000000e+08 5.411945680555555737e+04 7.321502057613162862e-01 7.000000000000000000e+01 6.999999999999999556e-01 8.366600265340755349e-02 6.515723200000000058e-13 1.000000000000000000e+02
6.790220000000000000e+06 2.855915680000000000e+08 5.411945796296296612e+04 7.322788065843628402e-01 6.900000000000000000e+01 6.899999999999999467e-01 8.306623862918074974e-02 6.422641439999999928e-13 1.000000000000000000e+02
6.790320000000000000e+06 2.855916680000000000e+08 5.411945912037036760e+04 7.324074074074076179e-01 6.200000000000000000e+01 6.199999999999999956e-01 7.874007874011811070e-02 5.771069120000001032e-13 1.000000000000000000e+02
6.790420000000000000e+06 2.855917680000000000e+08 5.411946027777777635e+04 7.325360082304523957e-01 7.600000000000000000e+01 7.600000000000000089e-01 8.717797887081348007e-02 7.074213760000000842e-13 1.000000000000000000e+02
6.790520000000000000e+06 2.855918680000000000e+08 5.411946143518518511e+04 7.326646090534971734e-01 6.100000000000000000e+01 6.099999999999999867e-01 7.810249675906653921e-02 5.677987360000000902e-13 1.000000000000000000e+02
6.790620000000000000e+06 2.855919680000000000e+08 5.411946259259259386e+04 7.327932098765437274e-01 7.200000000000000000e+01 7.199999999999999734e-01 8.485281374238569374e-02 6.701886720000000319e-13 1.000000000000000000e+02
6.790720000000000000e+06 2.855920680000000000e+08 5.411946375000000262e+04 7.329218106995885051e-01 6.700000000000000000e+01 6.700000000000000400e-01 8.185352771872450584e-02 6.236477920000000676e-13 1.000000000000000000e+02
6.790820000000000000e+06 2.855921680000000000e+08 5.411946490740740410e+04 7.330504115226332829e-01 5.800000000000000000e+01 5.799999999999999600e-01 7.615773105863908599e-02 5.398742080000000510e-13 1.000000000000000000e+02
6.790920000000000000e+06 2.855922680000000000e+08 5.411946606481481285e+04 7.331790123456798369e-01 7.600000000000000000e+01 7.600000000000000089e-01 8.717797887081348007e-02 7.074213760000000842e-13 1.000000000000000000e+02
6.791020000000000000e+06 2.855923680000000000e+08 5.411946722222222161e+04 7.333076131687246146e-01 6.000000000000000000e+01 5.999999999999999778e-01 7.745966692414833765e-02 5.584905600000000771e-13 1.000000000000000000e+02
6.791120000000000000e+06 2.855924680000000000e+08 5.411946837962963036e+04 7.334362139917693924e-01 6.200000000000000000e+01 6.199999999999999956e-01 7.874007874011811070e-02 5.771069120000001032e-13 1.000000000000000000e+02
6.791220000000000000e+06 2.855925680000000000e+08 5.411946953703703912e+04 7.335648148148141701e-01 7.500000000000000000e+01 7.500000000000000000e-01 8.660254037844387909e-02 6.981132000000000711e-13 1.000000000000000000e+02
6.791320000000000000e+06 2.855926680000000000e+08 5.411947069444444787e+04 7.336934156378607241e-01 6.400000000000000000e+01 6.400000000000000133e-01 8.000000000000000167e-02 5.957232640000000284e-13 1.000000000000000000e+02
6.791420000000000000e+06 2.855927680000000000e+08 5.411947185185184935e+04 7.338220164609055018e-01 6.500000000000000000e+01 6.500000000000000222e-01 8.062257748298548576e-02 6.050314400000000415e-13 1.000000000000000000e+02
6.791520000000000000e+06 2.855928680000000000e+08 5.411947300925925811e+04 7.339506172839502796e-01 6.200000000000000000e+01 6.199999999999999956e-01 7.874007874011811070e-02 5.771069120000001032e-13 1.000000000000000000e+02
6.791620000000000000e+06 2.855929680000000000e+08 5.411947416666666686e+04 7.340792181069950573e-01 6.600000000000000000e+01 6.600000000000000311e-01 8.124038404635960942e-02 6.143396160000000545e-13 1.000000000000000000e+02
6.791720000000000000e+06 2.855930680000000000e+08 5.411947532407407562e+04 7.342078189300416113e-01 5.400000000000000000e+01 5.400000000000000355e-01 7.348469228349534255e-02 5.026415040000000997e-13 1.000000000000000000e+02
6.791820000000000000e+06 2.855931680000000000e+08 5.411947648148148437e+04 7.343364197530863891e-01 6.300000000000000000e+01 6.300000000000000044e-01 7.937253933193771926e-02 5.864150880000000153e-13 1.000000000000000000e+02
6.791920000000000000e+06 2.855932680000000000e+08 5.411947763888888585e+04 7.344650205761311668e-01 8.600000000000000000e+01 8.599999999999999867e-01 9.273618495495704328e-02 8.005031360000001139e-13 1.000000000000000000e+02
6.792020000000000000e+06 2.855933680000000000e+08 5.411947879629629460e+04 7.345936213991777208e-01 5.300000000000000000e+01 5.300000000000000266e-01 7.280109889280518554e-02 4.933333280000000866e-13 1.000000000000000000e+02
6.792120000000000000e+06 2.855934680000000000e+08 5.411947995370370336e+04 7.347222222222224985e-01 6.100000000000000000e+01 6.099999999999999867e-01 7.810249675906653921e-02 5.677987360000000902e-13 1.000000000000000000e+02
6.792220000000000000e+06 2.855935680000000000e+08 5.411948111111111211e+04 7.348508230452672763e-01 8.100000000000000000e+01 8.100000000000000533e-01 8.999999999999999667e-02 7.539622560000001495e-13 1.000000000000000000e+02
6.792320000000000000e+06 2.855936680000000000e+08 5.411948226851852087e+04 7.349794238683120540e-01 7.000000000000000000e+01 6.999999999999999556e-01 8.366600265340755349e-02 6.515723200000000058e-13 1.000000000000000000e+02
6.792420000000000000e+06 2.855937680000000000e+08 5.411948342592592235e+04 7.351080246913586080e-01 5.600000000000000000e+01 5.600000000000000533e-01 7.483314773547883325e-02 5.212578560000001258e-13 1.000000000000000000e+02
6.792520000000000000e+06 2.855938680000000000e+08 5.411948458333333110e+04 7.352366255144033858e-01 6.000000000000000000e+01 5.999999999999999778e-01 7.745966692414833765e-02 5.584905600000000771e-13 1.000000000000000000e+02
6.792620000000000000e+06 2.855939680000000000e+08 5.411948574074073986e+04 7.353652263374481635e-01 5.900000000000000000e+01 5.899999999999999689e-01 7.681145747868607654e-02 5.491823840000000640e-13 1.000000000000000000e+02
6.792720000000000000e+06 2.855940680000000000e+08 5.411948689814814861e+04 7.354938271604929412e-01 7.200000000000000000e+01 7.199999999999999734e-01 8.485281374238569374e-02 6.701886720000000319e-13 1.000000000000000000e+02
6.792820000000000000e+06 2.855941680000000000e+08 5.411948805555555737e+04 7.356224279835394952e-01 4.800000000000000000e+01 4.799999999999999822e-01 6.928203230275509217e-02 4.467924480000000213e-13 1.000000000000000000e+02
6.792920000000000000e+06 2.855942680000000000e+08 5.411948921296296612e+04 7.357510288065842730e-01 6.200000000000000000e+01 6.199999999999999956e-01 7.874007874011811070e-02 5.771069120000001032e-13 1.000000000000000000e+02
6.793020000000000000e+06 2.855943680000000000e+08 5.411949037037036760e+04 7.358796296296290507e-01 5.800000000000000000e+01 5.799999999999999600e-01 7.615773105863908599e-02 5.398742080000000510e-13 1.000000000000000000e+02
6.793120000000000000e+06 2.855944680000000000e+08 5.411949152777777635e+04 7.360082304526756047e-01 7.000000000000000000e+01 6.999999999999999556e-01 8.366600265340755349e-02 6.515723200000000058e-13 1.000000000000000000e+02
6.793220000000000000e+06 2.855945680000000000e+08 5.411949268518518511e+04 7.361368312757203825e-01 8.100000000000000000e+01 8.100000000000000533e-01 8.999999999999999667e-02 7.539622560000001495e-13 1.000000000000000000e+02
6.793320000000000000e+06 2.855946680000000000e+08 5.411949384259259386e+04 7.362654320987651602e-01 5.900000000000000000e+01 5.899999999999999689e-01 7.681145747868607654e-02 5.491823840000000640e-13 1.000000000000000000e+02
6.793420000000000000e+06 2.855947680000000000e+08 5.411949500000000262e+04 7.363940329218099379e-01 6.500000000000000000e+01 6.500000000000000222e-01 8.062257748298548576e-02 6.050314400000000415e-13 1.000000000000000000e+02
6.793520000000000000e+06 2.855948680000000000e+08 5.411949615740740410e+04 7.365226337448564919e-01 6.900000000000000000e+01 6.899999999999999467e-01 8.306623862918074974e-02 6.422641439999999928e-13 1.000000000000000000e+02
6.793620000000000000e+06 2.855949680000000000e+08 5.411949731481481285e+04 7.366512345679012697e-01 6.300000000000000000e+01 6.300000000000000044e-01 7.937253933193771926e-02 5.864150880000000153e-13 1.000000000000000000e+02
6.793720000000000000e+06 2.855950680000000000e+08 5.411949847222222161e+04 7.367798353909460474e-01 5.000000000000000000e+01 5.000000000000000000e-01 7.071067811865475172e-02 4.654088000000000474e-13 1.000000000000000000e+02
6.793820000000000000e+06 2.855951680000000000e+08 5.411949962962963036e+04 7.369084362139926014e-01 5.800000000000000000e+01 5.799999999999999600e-01 7.615773105863908599e-02 5.398742080000000510e-13 1.000000000000000000e+02
6.793920000000000000e+06 2.855952680000000000e+08 5.411950078703703912e+04 7.370370370370373792e-01 7.100000000000000000e+01 7.099999999999999645e-01 8.426149773176358493e-02 6.608804960000000189e-13 1.000000000000000000e+02
6.794020000000000000e+06 2.855953680000000000e+08 5.411950194444444787e+04 7.371656378600821569e-01 5.600000000000000000e+01 5.600000000000000533e-01 7.483314773547883325e-02 5.212578560000001258e-13 1.000000000000000000e+02
6.794120000000000000e+06 2.855954680000000000e+08 5.411950310185184935e+04 7.372942386831269346e-01 6.400000000000000000e+01 6.400000000000000133e-01 8.000000000000000167e-02 5.957232640000000284e-13 1.000000000000000000e+02
6.794220000000000000e+06 2.855955680000000000e+08 5.411950425925925811e+04 7.374228395061734886e-01 7.000000000000000000e+01 6.999999999999999556e-01 8.366600265340755349e-02 6.515723200000000058e-13 1.000000000000000000e+02
6.794320000000000000e+06 2.855956680000000000e+08 5.411950541666666686e+04 7.375514403292182664e-01 8.300000000000000000e+01 8.299999999999999600e-01 9.110433579144298910e-02 7.725786080000000747e-13 1.000000000000000000e+02
6.794420000000000000e+06 2.855957680000000000e+08 5.411950657407407562e+04 7.376800411522630441e-01 5.200000000000000000e+01 5.200000000000000178e-01 7.211102550927978028e-02 4.840251520000000736e-13 1.000000000000000000e+02
6.794520000000000000e+06 2.855958680000000000e+08 5.411950773148148437e+04 7.378086419753078218e-01 6.200000000000000000e+01 6.199999999999999956e-01 7.874007874011811070e-02 5.771069120000001032e-13 1.000000000000000000e+02
6.794620000000000000e+06 2.855959680000000000e+08 5.411950888888888585e+04 7.379372427983543759e-01 7.100000000000000000e+01 7.099999999999999645e-01 8.426149773176358493e-02 6.608804960000000189e-13 1.000000000000000000e+02
6.794720000000000000e+06 2.855960680000000000e+08 5.411951004629629460e+04 7.380658436213991536e-01 6.200000000000000000e+01 6.199999999999999956e-01 7.874007874011811070e-02 5.771069120000001032e-13 1.000000000000000000e+02
6.794820000000000000e+06 2.855961680000000000e+08 5.411951120370370336e+04 7.381944444444439313e-01 6.000000000000000000e+01 5.999999999999999778e-01 7.745966692414833765e-02 5.584905600000000771e-13 1.000000000000000000e+02
6.794920000000000000e+06 2.855962680000000000e+08 5.411951236111111211e+04 7.383230452674904853e-01 7.700000000000000000e+01 7.700000000000000178e-01 8.774964387392122922e-02 7.167295520000000973e-13 1.000000000000000000e+02
6.795020000000000000e+06 2.855963680000000000e+08 5.411951351851852087e+04 7.384516460905352631e-01 6.700000000000000000e+01 6.700000000000000400e-01 8.185352771872450584e-02 6.236477920000000676e-13 1.000000000000000000e+02
6.795120000000000000e+06 2.855964680000000000e+08 5.411951467592592235e+04 7.385802469135800408e-01 6.600000000000000000e+01 6.600000000000000311e-01 8.124038404635960942e-02 6.143396160000000545e-13 1.000000000000000000e+02
6.795220000000000000e+06 2.855965680000000000e+08 5.411951583333333110e+04 7.387088477366248185e-01 7.300000000000000000e+01 7.299999999999999822e-01 8.544003745317529930e-02 6.794968480000000450e-13 1.000000000000000000e+02
6.795320000000000000e+06 2.855966680000000000e+08 5.411951699074073986e+04 7.388374485596713725e-01 6.300000000000000000e+01 6.300000000000000044e-01 7.937253933193771926e-02 5.864150880000000153e-13 1.000000000000000000e+02
6.795420000000000000e+06 2.855967680000000000e+08 5.411951814814814861e+04 7.389660493827161503e-01 8.300000000000000000e+01 8.299999999999999600e-01 9.110433579144298910e-02 7.725786080000000747e-13 1.000000000000000000e+02
6.795520000000000000e+06 2.855968680000000000e+08 5.411951930555555737e+04 7.390946502057609280e-01 6.300000000000000000e+01 6.300000000000000044e-01 7.937253933193771926e-02 5.864150880000000153e-13 1.000000000000000000e+02
6.795620000000000000e+06 2.855969680000000000e+08 5.411952046296296612e+04 7.392232510288057057e-01 5.100000000000000000e+01 5.100000000000000089e-01 7.141428428542850870e-02 4.747169760000000605e-13 1.000000000000000000e+02
6.795720000000000000e+06 2.855970680000000000e+08 5.411952162037036760e+04 7.393518518518522598e-01 8.100000000000000000e+01 8.100000000000000533e-01 8.999999999999999667e-02 7.539622560000001495e-13 1.000000000000000000e+02
6.795820000000000000e+06 2.855971680000000000e+08 5.411952277777777635e+04 7.394804526748970375e-01 6.400000000000000000e+01 6.400000000000000133e-01 8.000000000000000167e-02 5.957232640000000284e-13 1.000000000000000000e+02
6.795920000000000000e+06 2.855972680000000000e+08 5.411952393518518511e+04 7.396090534979418152e-01 6.500000000000000000e+01 6.500000000000000222e-01 8.062257748298548576e-02 6.050314400000000415e-13 1.000000000000000000e+02
6.796020000000000000e+06 2.855973680000000000e+08 5.411952509259259386e+04 7.397376543209883692e-01 8.400000000000000000e+01 8.399999999999999689e-01 9.165151389911679880e-02 7.818867840000000878e-13 1.000000000000000000e+02
6.796120000000000000e+06 2.855974680000000000e+08 5.411952625000000262e+04 7.398662551440331470e-01 7.200000000000000000e+01 7.199999999999999734e-01 8.485281374238569374e-02 6.701886720000000319e-13 1.000000000000000000e+02
6.796220000000000000e+06 2.855975680000000000e+08 5.411952740740740410e+04 7.399948559670779247e-01 6.500000000000000000e+01 6.500000000000000222e-01 8.062257748298548576e-02 6.050314400000000415e-13 1.000000000000000000e+02
6.796320000000000000e+06 2.855976680000000000e+08 5.411952856481481285e+04 7.401234567901227024e-01 6.400000000000000000e+01 6.400000000000000133e-01 8.000000000000000167e-02 5.957232640000000284e-13 1.000000000000000000e+02
6.796420000000000000e+06 2.855977680000000000e+08 5.411952972222222161e+04 7.402520576131692565e-01 6.600000000000000000e+01 6.600000000000000311e-01 8.124038404635960942e-02 6.143396160000000545e-13 1.000000000000000000e+02
6.796520000000000000e+06 2.855978680000000000e+08 5.411953087962963036e+04 7.403806584362140342e-01 6.700000000000000000e+01 6.700000000000000400e-01 8.185352771872450584e-02 6.236477920000000676e-13 1.000000000000000000e+02
6.796620000000000000e+06 2.855979680000000000e+08 5.411953203703703912e+04 7.405092592592588119e-01 7.100000000000000000e+01 7.099999999999999645e-01 8.426149773176358493e-02 6.608804960000000189e-13 1.000000000000000000e+02
6.796720000000000000e+06 2.855980680000000000e+08 5.411953319444444787e+04 7.406378600823053659e-01 6.700000000000000000e+01 6.700000000000000400e-01 8.185352771872450584e-02 6.236477920000000676e-13 1.000000000000000000e+02
6.796820000000000000e+06 2.855981680000000000e+08 5.411953435185184935e+04 7.407664609053501437e-01 7.000000000000000000e+01 6.999999999999999556e-01 8.366600265340755349e-02 6.515723200000000058e-13 1.000000000000000000e+02
6.796920000000000000e+06 2.855982680000000000e+08 5.411953550925925811e+04 7.408950617283949214e-01 6.100000000000000000e+01 6.099999999999999867e-01 7.810249675906653921e-02 5.677987360000000902e-13 1.000000000000000000e+02
6.797020000000000000e+06 2.855983680000000000e+08 5.411953666666666686e+04 7.410236625514396991e-01 5.900000000000000000e+01 5.899999999999999689e-01 7.681145747868607654e-02 5.491823840000000640e-13 1.000000000000000000e+02
6.797120000000000000e+06 2.855984680000000000e+08 5.411953782407407562e+04 7.411522633744862532e-01 7.500000000000000000e+01 7.500000000000000000e-01 8.660254037844387909e-02 6.981132000000000711e-13 1.000000000000000000e+02
6.797220000000000000e+06 2.855985680000000000e+08 5.411953898148148437e+04 7.412808641975310309e-01 7.400000000000000000e+01 7.399999999999999911e-01 8.602325267042626455e-02 6.888050240000000581e-13 1.000000000000000000e+02
6.797320000000000000e+06 2.855986680000000000e+08 5.411954013888888585e+04 7.414094650205758086e-01 6.600000000000000000e+01 6.600000000000000311e-01 8.124038404635960942e-02 6.143396160000000545e-13 1.000000000000000000e+02
6.797420000000000000e+06 2.855987680000000000e+08 5.411954129629629460e+04 7.415380658436205863e-01 5.700000000000000000e+01 5.699999999999999512e-01 7.549834435270749711e-02 5.305660320000000379e-13 1.000000000000000000e+02
6.797520000000000000e+06 2.855988680000000000e+08 5.411954245370370336e+04 7.416666666666671404e-01 6.800000000000000000e+01 6.800000000000000488e-01 8.246211251235320561e-02 6.329559680000000807e-13 1.000000000000000000e+02
6.797620000000000000e+06 2.855989680000000000e+08 5.411954361111111211e+04 7.417952674897119181e-01 5.600000000000000000e+01 5.600000000000000533e-01 7.483314773547883325e-02 5.212578560000001258e-13 1.000000000000000000e+02
6.797720000000000000e+06 2.855990680000000000e+08 5.411954476851852087e+04 7.419238683127566958e-01 7.900000000000000000e+01 7.900000000000000355e-01 8.888194417315588292e-02 7.353459040000001234e-13 1.000000000000000000e+02
6.797820000000000000e+06 2.855991680000000000e+08 5.411954592592592235e+04 7.420524691358032499e-01 6.800000000000000000e+01 6.800000000000000488e-01 8.246211251235320561e-02 6.329559680000000807e-13 1.000000000000000000e+02
6.797920000000000000e+06 2.855992680000000000e+08 5.411954708333333110e+04 7.421810699588480276e-01 7.500000000000000000e+01 7.500000000000000000e-01 8.660254037844387909e-02 6.981132000000000711e-13 1.000000000000000000e+02
6.798020000000000000e+06 2.855993680000000000e+08 5.411954824074073986e+04 7.423096707818928053e-01 6.100000000000000000e+01 6.099999999999999867e-01 7.810249675906653921e-02 5.677987360000000902e-13 1.000000000000000000e+02
6.798120000000000000e+06 2.855994680000000000e+08 5.411954939814814861e+04 7.424382716049375830e-01 6.300000000000000000e+01 6.300000000000000044e-01 7.937253933193771926e-02 5.864150880000000153e-13 1.000000000000000000e+02
6.798220000000000000e+06 2.855995680000000000e+08 5.411955055555555737e+04 7.425668724279841371e-01 7.300000000000000000e+01 7.299999999999999822e-01 8.544003745317529930e-02 6.794968480000000450e-13 1.000000000000000000e+02
6.798320000000000000e+06 2.855996680000000000e+08 5.411955171296296612e+04 7.426954732510289148e-01 7.700000000000000000e+01 7.700000000000000178e-01 8.774964387392122922e-02 7.167295520000000973e-13 1.000000000000000000e+02
6.798420000000000000e+06 2.855997680000000000e+08 5.411955287037036760e+04 7.428240740740736925e-01 7.200000000000000000e+01 7.199999999999999734e-01 8.485281374238569374e-02 6.701886720000000319e-13 1.000000000000000000e+02
6.798520000000000000e+06 2.855998680000000000e+08 5.411955402777777635e+04 7.429526748971184702e-01 7.200000000000000000e+01 7.199999999999999734e-01 8.485281374238569374e-02 6.701886720000000319e-13 1.000000000000000000e+02
6.798620000000000000e+06 2.855999680000000000e+08 5.411955518518518511e+04 7.430812757201650243e-01 6.800000000000000000e+01 6.800000000000000488e-01 8.246211251235320561e-02 6.329559680000000807e-13 1.000000000000000000e+02
6.798720000000000000e+06 2.856000680000000000e+08 5.411955634259259386e+04 7.432098765432098020e-01 6.400000000000000000e+01 6.400000000000000133e-01 8.000000000000000167e-02 5.957232640000000284e-13 1.000000000000000000e+02
6.798820000000000000e+06 2.856001680000000000e+08 5.411955750000000262e+04 7.433384773662545797e-01 6.700000000000000000e+01 6.700000000000000400e-01 8.185352771872450584e-02 6.236477920000000676e-13 1.000000000000000000e+02
6.798920000000000000e+06 2.856002680000000000e+08 5.411955865740740410e+04 7.434670781893011338e-01 7.700000000000000000e+01 7.700000000000000178e-01 8.774964387392122922e-02 7.167295520000000973e-13 1.000000000000000000e+02
6.799020000000000000e+06 2.856003680000000000e+08 5.411955981481481285e+04 7.435956790123459115e-01 5.000000000000000000e+01 5.000000000000000000e-01 7.071067811865475172e-02 4.654088000000000474e-13 1.000000000000000000e+02
6.799120000000000000e+06 2.856004680000000000e+08 5.411956097222222161e+04 7.437242798353906892e-01 6.900000000000000000e+01 6.899999999999999467e-01 8.306623862918074974e-02 6.422641439999999928e-13 1.000000000000000000e+02
6.799220000000000000e+06 2.856005680000000000e+08 5.411956212962963036e+04 7.438528806584354669e-01 6.600000000000000000e+01 6.600000000000000311e-01 8.124038404635960942e-02 6.143396160000000545e-13 1.000000000000000000e+02
6.799320000000000000e+06 2.856006680000000000e+08 5.411956328703703912e+04 7.439814814814820210e-01 7.000000000000000000e+01 6.999999999999999556e-01 8.366600265340755349e-02 6.515723200000000058e-13 1.000000000000000000e+02
6.799420000000000000e+06 2.856007680000000000e+08 5.411956444444444787e+04 7.441100823045267987e-01 6.300000000000000000e+01 6.300000000000000044e-01 7.937253933193771926e-02 5.864150880000000153e-13 1.000000000000000000e+02
6.799520000000000000e+06 2.856008680000000000e+08 5.411956560185184935e+04 7.442386831275715764e-01 6.900000000000000000e+01 6.899999999999999467e-01 8.306623862918074974e-02 6.422641439999999928e-13 1.000000000000000000e+02
6.799620000000000000e+06 2.856009680000000000e+08 5.411956675925925811e+04 7.443672839506181305e-01 5.300000000000000000e+01 5.300000000000000266e-01 7.280109889280518554e-02 4.933333280000000866e-13 1.000000000000000000e+02
6.799720000000000000e+06 2.856010680000000000e+08 5.411956791666666686e+04 7.444958847736629082e-01 7.000000000000000000e+01 6.999999999999999556e-01 8.366600265340755349e-02 6.515723200000000058e-13 1.000000000000000000e+02
6.799820000000000000e+06 2.856011680000000000e+08 5.411956907407407562e+04 7.446244855967076859e-01 6.200000000000000000e+01 6.199999999999999956e-01 7.874007874011811070e-02 5.771069120000001032e-13 1.000000000000000000e+02
6.799920000000000000e+06 2.856012680000000000e+08 5.411957023148148437e+04 7.447530864197524636e-01 8.400000000000000000e+01 8.399999999999999689e-01 9.165151389911679880e-02 7.818867840000000878e-13 1.000000000000000000e+02
6.800020000000000000e+06 2.856013680000000000e+08 5.411957138888888585e+04 7.448816872427990177e-01 6.700000000000000000e+01 6.700000000000000400e-01 8.185352771872450584e-02 6.236477920000000676e-13 1.000000000000000000e+02
6.800120000000000000e+06 2.856014680000000000e+08 5.411957254629629460e+04 7.450102880658437954e-01 7.100000000000000000e+01 7.099999999999999645e-01 8.426149773176358493e-02 6.608804960000000189e-13 1.000000000000000000e+02
6.800220000000000000e+06 2.856015680000000000e+08 5.411957370370370336e+04 7.451388888888885731e-01 7.000000000000000000e+01 6.999999999999999556e-01 8.366600265340755349e-02 6.515723200000000058e-13 1.000000000000000000e+02
6.800320000000000000e+06 2.856016680000000000e+08 5.411957486111111211e+04 7.452674897119333508e-01 6.300000000000000000e+01 6.300000000000000044e-01 7.937253933193771926e-02 5.864150880000000153e-13 1.000000000000000000e+02
6.800420000000000000e+06 2.856017680000000000e+08 5.411957601851852087e+04 7.453960905349799049e-01 6.800000000000000000e+01 6.800000000000000488e-01 8.246211251235320561e-02 6.329559680000000807e-13 1.000000000000000000e+02
6.800520000000000000e+06 2.856018680000000000e+08 5.411957717592592235e+04 7.455246913580246826e-01 7.400000000000000000e+01 7.399999999999999911e-01 8.602325267042626455e-02 6.888050240000000581e-13 1.000000000000000000e+02
6.800620000000000000e+06 2.856019680000000000e+08 5.411957833333333110e+04 7.456532921810694603e-01 7.100000000000000000e+01 7.099999999999999645e-01 8.426149773176358493e-02 6.608804960000000189e-13 1.000000000000000000e+02
6.800720000000000000e+06 2.856020680000000000e+08 5.411957949074073986e+04 7.457818930041160144e-01 8.000000000000000000e+01 8.000000000000000444e-01 8.944271909999158832e-02 7.446540800000001365e-13 1.000000000000000000e+02
6.800820000000000000e+06 2.856021680000000000e+08 5.411958064814814861e+04 7.459104938271607921e-01 6.900000000000000000e+01 6.899999999999999467e-01 8.306623862918074974e-02 6.422641439999999928e-13 1.000000000000000000e+02
6.800920000000000000e+06 2.856022680000000000e+08 5.411958180555555737e+04 7.460390946502055698e-01 7.400000000000000000e+01 7.399999999999999911e-01 8.602325267042626455e-02 6.888050240000000581e-13 1.000000000000000000e+02
6.801020000000000000e+06 2.856023680000000000e+08 5.411958296296296612e+04 7.461676954732503475e-01 5.800000000000000000e+01 5.799999999999999600e-01 7.615773105863908599e-02 5.398742080000000510e-13 1.000000000000000000e+02
6.801120000000000000e+06 2.856024680000000000e+08 5.411958412037036760e+04 7.462962962962969016e-01 7.100000000000000000e+01 7.099999999999999645e-01 8.426149773176358493e-02 6.608804960000000189e-13 1.000000000000000000e+02
6.801220000000000000e+06 2.856025680000000000e+08 5.411958527777777635e+04 7.464248971193416793e-01 8.600000000000000000e+01 8.599999999999999867e-01 9.273618495495704328e-02 8.005031360000001139e-13 1.000000000000000000e+02
6.801320000000000000e+06 2.856026680000000000e+08 5.411958643518518511e+04 7.465534979423864570e-01 7.100000000000000000e+01 7.099999999999999645e-01 8.426149773176358493e-02 6.608804960000000189e-13 1.000000000000000000e+02
6.801420000000000000e+06 2.856027680000000000e+08 5.411958759259259386e+04 7.466820987654312347e-01 5.300000000000000000e+01 5.300000000000000266e-01 7.280109889280518554e-02 4.933333280000000866e-13 1.000000000000000000e+02
6.801520000000000000e+06 2.856028680000000000e+08 5.411958875000000262e+04 7.468106995884777888e-01 7.100000000000000000e+01 7.099999999999999645e-01 8.426149773176358493e-02 6.608804960000000189e-13 1.000000000000000000e+02
6.801620000000000000e+06 2.856029680000000000e+08 5.411958990740740410e+04 7.469393004115225665e-01 6.400000000000000000e+01 6.400000000000000133e-01 8.000000000000000167e-02 5.957232640000000284e-13 1.000000000000000000e+02
6.801720000000000000e+06 2.856030680000000000e+08 5.411959106481481285e+04 7.470679012345673442e-01 6.800000000000000000e+01 6.800000000000000488e-01 8.246211251235320561e-02 6.329559680000000807e-13 1.000000000000000000e+02
6.801820000000000000e+06 2.856031680000000000e+08 5.411959222222222161e+04 7.471965020576138983e-01 5.700000000000000000e+01 5.699999999999999512e-01 7.549834435270749711e-02 5.305660320000000379e-13 1.000000000000000000e+02
6.801920000000000000e+06 2.856032680000000000e+08 5.411959337962963036e+04 7.473251028806586760e-01 6.300000000000000000e+01 6.300000000000000044e-01 7.937253933193771926e-02 5.864150880000000153e-13 1.000000000000000000e+02
6.802020000000000000e+06 2.856033680000000000e+08 5.411959453703703912e+04 7.474537037037034537e-01 8.500000000000000000e+01 8.499999999999999778e-01 9.219544457292887241e-02 7.911949600000001008e-13 1.000000000000000000e+02
6.802120000000000000e+06 2.856034680000000000e+08 5.411959569444444787e+04 7.475823045267482314e-01 6.800000000000000000e+01 6.800000000000000488e-01 8.246211251235320561e-02 6.329559680000000807e-13 1.000000000000000000e+02
6.802220000000000000e+06 2.856035680000000000e+08 5.411959685185184935e+04 7.477109053497947855e-01 7.500000000000000000e+01 7.500000000000000000e-01 8.660254037844387909e-02 6.981132000000000711e-13 1.000000000000000000e+02
6.805320000000000000e+06 2.856066680000000000e+08 5.411963273148148437e+04 7.516975308641971054e-01 7.600000000000000000e+01 7.600000000000000089e-01 8.717797887081348007e-02 7.074213760000000842e-13 1.000000000000000000e+02
6.805420000000000000e+06 2.856067680000000000e+08 5.411963388888888585e+04 7.518261316872436595e-01 7.100000000000000000e+01 7.099999999999999645e-01 8.426149773176358493e-02 6.608804960000000189e-13 1.000000000000000000e+02
6.805520000000000000e+06 2.856068680000000000e+08 5.411963504629629460e+04 7.519547325102884372e-01 6.300000000000000000e+01 6.300000000000000044e-01 7.937253933193771926e-02 5.864150880000000153e-13 1.000000000000000000e+02
6.805620000000000000e+06 2.856069680000000000e+08 5.411963620370370336e+04 7.520833333333332149e-01 7.700000000000000000e+01 7.700000000000000178e-01 8.774964387392122922e-02 7.167295520000000973e-13 1.000000000000000000e+02
6.805720000000000000e+06 2.856070680000000000e+08 5.411963736111111211e+04 7.522119341563779926e-01 7.100000000000000000e+01 7.099999999999999645e-01 8.426149773176358493e-02 6.608804960000000189e-13 1.000000000000000000e+02
6.805820000000000000e+06 2.856071680000000000e+08 5.411963851851852087e+04 7.523405349794245467e-01 6.200000000000000000e+01 6.199999999999999956e-01 7.874007874011811070e-02 5.771069120000001032e-13 1.000000000000000000e+02
6.805920000000000000e+06 2.856072680000000000e+08 5.411963967592592235e+04 7.524691358024693244e-01 7.500000000000000000e+01 7.500000000000000000e-01 8.660254037844387909e-02 6.981132000000000711e-13 1.000000000000000000e+02
6.806020000000000000e+06 2.856073680000000000e+08 5.411964083333333110e+04 7.525977366255141021e-01 7.000000000000000000e+01 6.999999999999999556e-01 8.366600265340755349e-02 6.515723200000000058e-13 1.000000000000000000e+02
6.806120000000000000e+06 2.856074680000000000e+08 5.411964199074073986e+04 7.527263374485588798e-01 6.200000000000000000e+01 6.199999999999999956e-01 7.874007874011811070e-02 5.771069120000001032e-13 1.000000000000000000e+02
6.806220000000000000e+06 2.856075680000000000e+08 5.411964314814814861e+04 7.528549382716054339e-01 5.700000000000000000e+01 5.699999999999999512e-01 7.549834435270749711e-02 5.305660320000000379e-13 1.000000000000000000e+02
6.806320000000000000e+06 2.856076680000000000e+08 5.411964430555555737e+04 7.529835390946502116e-01 6.300000000000000000e+01 6.300000000000000044e-01 7.937253933193771926e-02 5.864150880000000153e-13 1.000000000000000000e+02
6.806420000000000000e+06 2.856077680000000000e+08 5.411964546296296612e+04 7.531121399176949893e-01 6.800000000000000000e+01 6.800000000000000488e-01 8.246211251235320561e-02 6.329559680000000807e-13 1.000000000000000000e+02
6.806520000000000000e+06 2.856078680000000000e+08 5.411964662037036760e+04 7.532407407407415434e-01 7.200000000000000000e+01 7.199999999999999734e-01 8.485281374238569374e-02 6.701886720000000319e-13 1.000000000000000000e+02
6.806620000000000000e+06 2.856079680000000000e+08 5.411964777777777635e+04 7.533693415637863211e-01 6.700000000000000000e+01 6.700000000000000400e-01 8.185352771872450584e-02 6.236477920000000676e-13 1.000000000000000000e+02
6.806720000000000000e+06 2.856080680000000000e+08 5.411964893518518511e+04 7.534979423868310988e-01 8.200000000000000000e+01 8.199999999999999512e-01 9.055385138137417300e-02 7.632704320000000616e-13 1.000000000000000000e+02
6.806820000000000000e+06 2.856081680000000000e+08 5.411965009259259386e+04 7.536265432098758765e-01 7.300000000000000000e+01 7.299999999999999822e-01 8.544003745317529930e-02 6.794968480000000450e-13 1.000000000000000000e+02
6.806920000000000000e+06 2.856082680000000000e+08 5.411965125000000262e+04 7.537551440329224306e-01 6.800000000000000000e+01 6.800000000000000488e-01 8.246211251235320561e-02 6.329559680000000807e-13 1.000000000000000000e+02
6.807020000000000000e+06 2.856083680000000000e+08 5.411965240740740410e+04 7.538837448559672083e-01 7.100000000000000000e+01 7.099999999999999645e-01 8.426149773176358493e-02 6.608804960000000189e-13 1.000000000000000000e+02
6.807120000000000000e+06 2.856084680000000000e+08 5.411965356481481285e+04 7.540123456790119860e-01 7.100000000000000000e+01 7.099999999999999645e-01 8.426149773176358493e-02 6.608804960000000189e-13 1.000000000000000000e+02
6.807220000000000000e+06 2.856085680000000000e+08 5.411965472222222161e+04 7.541409465020567637e-01 6.900000000000000000e+01 6.899999999999999467e-01 8.306623862918074974e-02 6.422641439999999928e-13 1.000000000000000000e+02
6.807320000000000000e+06 2.856086680000000000e+08 5.411965587962963036e+04 7.542695473251033178e-01 8.800000000000000000e+01 8.800000000000000044e-01 9.380831519646859462e-02 8.191194880000000390e-13 1.000000000000000000e+02
6.807420000000000000e+06 2.856087680000000000e+08 5.411965703703703912e+04 7.543981481481480955e-01 6.300000000000000000e+01 6.300000000000000044e-01 7.937253933193771926e-02 5.864150880000000153e-13 1.000000000000000000e+02
6.807520000000000000e+06 2.856088680000000000e+08 5.411965819444444787e+04 7.545267489711928732e-01 6.200000000000000000e+01 6.199999999999999956e-01 7.874007874011811070e-02 5.771069120000001032e-13 1.000000000000000000e+02
6.807620000000000000e+06 2.856089680000000000e+08 5.411965935185184935e+04 7.546553497942394273e-01 8.500000000000000000e+01 8.499999999999999778e-01 9.219544457292887241e-02 7.911949600000001008e-13 1.000000000000000000e+02
6.807720000000000000e+06 2.856090680000000000e+08 5.411966050925925811e+04 7.547839506172842050e-01 6.600000000000000000e+01 6.600000000000000311e-01 8.124038404635960942e-02 6.143396160000000545e-13 1.000000000000000000e+02
6.807820000000000000e+06 2.856091680000000000e+08 5.411966166666666686e+04 7.549125514403289827e-01 6.900000000000000000e+01 6.899999999999999467e-01 8.306623862918074974e-02 6.422641439999999928e-13 1.000000000000000000e+02
6.807920000000000000e+06 2.856092680000000000e+08 5.411966282407407562e+04 7.550411522633737604e-01 6.200000000000000000e+01 6.199999999999999956e-01 7.874007874011811070e-02 5.771069120000001032e-13 1.000000000000000000e+02
6.808020000000000000e+06 2.856093680000000000e+08 5.411966398148148437e+04 7.551697530864203145e-01 7.800000000000000000e+01 7.800000000000000266e-01 8.831760866327847959e-02 7.260377280000001103e-13 1.000000000000000000e+02
6.808120000000000000e+06 2.856094680000000000e+08 5.411966513888888585e+04 7.552983539094650922e-01 8.000000000000000000e+01 8.000000000000000444e-01 8.944271909999158832e-02 7.446540800000001365e-13 1.000000000000000000e+02
6.808220000000000000e+06 2.856095680000000000e+08 5.411966629629629460e+04 7.554269547325098699e-01 7.900000000000000000e+01 7.900000000000000355e-01 8.888194417315588292e-02 7.353459040000001234e-13 1.000000000000000000e+02
6.808320000000000000e+06 2.856096680000000000e+08 5.411966745370370336e+04 7.555555555555564240e-01 6.500000000000000000e+01 6.500000000000000222e-01 8.062257748298548576e-02 6.050314400000000415e-13 1.000000000000000000e+02
6.808420000000000000e+06 2.856097680000000000e+08 5.411966861111111211e+04 7.556841563786012017e-01 7.000000000000000000e+01 6.999999999999999556e-01 8.366600265340755349e-02 6.515723200000000058e-13 1.000000000000000000e+02
6.808520000000000000e+06 2.856098680000000000e+08 5.411966976851852087e+04 7.558127572016459794e-01 7.100000000000000000e+01 7.099999999999999645e-01 8.426149773176358493e-02 6.608804960000000189e-13 1.000000000000000000e+02
6.808620000000000000e+06 2.856099680000000000e+08 5.411967092592592235e+04 7.559413580246907571e-01 6.500000000000000000e+01 6.500000000000000222e-01 8.062257748298548576e-02 6.050314400000000415e-13 1.000000000000000000e+02
6.808720000000000000e+06 2.856100680000000000e+08 5.411967208333333110e+04 7.560699588477373112e-01 6.600000000000000000e+01 6.600000000000000311e-01 8.124038404635960942e-02 6.143396160000000545e-13 1.000000000000000000e+02
6.808820000000000000e+06 2.856101680000000000e+08 5.411967324074073986e+04 7.561985596707820889e-01 7.200000000000000000e+01 7.199999999999999734e-01 8.485281374238569374e-02 6.701886720000000319e-13 1.000000000000000000e+02
6.808920000000000000e+06 2.856102680000000000e+08 5.411967439814814861e+04 7.563271604938268666e-01 6.900000000000000000e+01 6.899999999999999467e-01 8.306623862918074974e-02 6.422641439999999928e-13 1.000000000000000000e+02
6.809020000000000000e+06 2.856103680000000000e+08 5.411967555555555737e+04 7.564557613168716443e-01 8.000000000000000000e+01 8.000000000000000444e-01 8.944271909999158832e-02 7.446540800000001365e-13 1.000000000000000000e+02
6.809120000000000000e+06 2.856104680000000000e+08 5.411967671296296612e+04 7.565843621399181984e-01 6.900000000000000000e+01 6.899999999999999467e-01 8.306623862918074974e-02 6.422641439999999928e-13 1.000000000000000000e+02
6.809220000000000000e+06 2.856105680000000000e+08 5.411967787037036760e+04 7.567129629629629761e-01 6.300000000000000000e+01 6.300000000000000044e-01 7.937253933193771926e-02 5.864150880000000153e-13 1.000000000000000000e+02
6.809320000000000000e+06 2.856106680000000000e+08 5.411967902777777635e+04 7.568415637860077538e-01 8.900000000000000000e+01 8.900000000000000133e-01 9.433981132056602770e-02 8.284276640000000521e-13 1.000000000000000000e+02
6.809420000000000000e+06 2.856107680000000000e+08 5.411968018518518511e+04 7.569701646090543079e-01 7.000000000000000000e+01 6.999999999999999556e-01 8.366600265340755349e-02 6.515723200000000058e-13 1.000000000000000000e+02
6.809520000000000000e+06 2.856108680000000000e+08 5.411968134259259386e+04 7.570987654320990856e-01 8.400000000000000000e+01 8.399999999999999689e-01 9.165151389911679880e-02 7.818867840000000878e-13 1.000000000000000000e+02
6.809620000000000000e+06 2.856109680000000000e+08 5.411968250000000262e+04 7.572273662551438633e-01 6.900000000000000000e+01 6.899999999999999467e-01 8.306623862918074974e-02 6.422641439999999928e-13 1.000000000000000000e+02
6.809720000000000000e+06 2.856110680000000000e+08 5.411968365740740410e+04 7.573559670781886410e-01 6.800000000000000000e+01 6.800000000000000488e-01 8.246211251235320561e-02 6.329559680000000807e-13 1.000000000000000000e+02
6.809820000000000000e+06 2.856111680000000000e+08 5.411968481481481285e+04 7.574845679012351951e-01 7.400000000000000000e+01 7.399999999999999911e-01 8.602325267042626455e-02 6.888050240000000581e-13 1.000000000000000000e+02
6.809920000000000000e+06 2.856112680000000000e+08 5.411968597222222161e+04 7.576131687242799728e-01 6.200000000000000000e+01 6.199999999999999956e-01 7.874007874011811070e-02 5.771069120000001032e-13 1.000000000000000000e+02
6.810020000000000000e+06 2.856113680000000000e+08 5.411968712962963036e+04 7.577417695473247505e-01 7.300000000000000000e+01 7.299999999999999822e-01 8.544003745317529930e-02 6.794968480000000450e-13 1.000000000000000000e+02
6.810120000000000000e+06 2.856114680000000000e+08 5.411968828703703912e+04 7.578703703703695282e-01 6.900000000000000000e+01 6.899999999999999467e-01 8.306623862918074974e-02 6.422641439999999928e-13 1.000000000000000000e+02
6.810220000000000000e+06 2.856115680000000000e+08 5.411968944444444787e+04 7.579989711934160823e-01 6.400000000000000000e+01 6.400000000000000133e-01 8.000000000000000167e-02 5.957232640000000284e-13 1.000000000000000000e+02
6.810320000000000000e+06 2.856116680000000000e+08 5.411969060185184935e+04 7.581275720164608600e-01 5.300000000000000000e+01 5.300000000000000266e-01 7.280109889280518554e-02 4.933333280000000866e-13 1.000000000000000000e+02
6.810420000000000000e+06 2.856117680000000000e+08 5.411969175925925811e+04 7.582561728395056377e-01 6.500000000000000000e+01 6.500000000000000222e-01 8.062257748298548576e-02 6.050314400000000415e-13 1.000000000000000000e+02
6.810520000000000000e+06 2.856118680000000000e+08 5.411969291666666686e+04 7.583847736625521918e-01 7.700000000000000000e+01 7.700000000000000178e-01 8.774964387392122922e-02 7.167295520000000973e-13 1.000000000000000000e+02
6.810620000000000000e+06 2.856119680000000000e+08 5.411969407407407562e+04 7.585133744855969695e-01 7.600000000000000000e+01 7.600000000000000089e-01 8.717797887081348007e-02 7.074213760000000842e-13 1.000000000000000000e+02
6.810720000000000000e+06 2.856120680000000000e+08 5.411969523148148437e+04 7.586419753086417472e-01 7.400000000000000000e+01 7.399999999999999911e-01 8.602325267042626455e-02 6.888050240000000581e-13 1.000000000000000000e+02
6.810820000000000000e+06 2.856121680000000000e+08 5.411969638888888585e+04 7.587705761316865249e-01 5.600000000000000000e+01 5.600000000000000533e-01 7.483314773547883325e-02 5.212578560000001258e-13 1.000000000000000000e+02
6.810920000000000000e+06 2.856122680000000000e+08 5.411969754629629460e+04 7.588991769547330790e-01 6.600000000000000000e+01 6.600000000000000311e-01 8.124038404635960942e-02 6.143396160000000545e-13 1.000000000000000000e+02
6.811020000000000000e+06 2.856123680000000000e+08 5.411969870370370336e+04 7.590277777777778567e-01 6.700000000000000000e+01 6.700000000000000400e-01 8.185352771872450584e-02 6.236477920000000676e-13 1.000000000000000000e+02
6.811120000000000000e+06 2.856124680000000000e+08 5.411969986111111211e+04 7.591563786008226344e-01 7.600000000000000000e+01 7.600000000000000089e-01 8.717797887081348007e-02 7.074213760000000842e-13 1.000000000000000000e+02
6.811220000000000000e+06 2.856125680000000000e+08 5.411970101851852087e+04 7.592849794238691885e-01 7.000000000000000000e+01 6.999999999999999556e-01 8.366600265340755349e-02 6.515723200000000058e-13 1.000000000000000000e+02
6.811320000000000000e+06 2.856126680000000000e+08 5.411970217592592235e+04 7.594135802469139662e-01 7.400000000000000000e+01 7.399999999999999911e-01 8.602325267042626455e-02 6.888050240000000581e-13 1.000000000000000000e+02
6.811420000000000000e+06 2.856127680000000000e+08 5.411970333333333110e+04 7.595421810699587439e-01 8.000000000000000000e+01 8.000000000000000444e-01 8.944271909999158832e-02 7.446540800000001365e-13 1.000000000000000000e+02
6.811520000000000000e+06 2.856128680000000000e+08 5.411970449074073986e+04 7.596707818930035216e-01 8.500000000000000000e+01 8.499999999999999778e-01 9.219544457292887241e-02 7.911949600000001008e-13 1.000000000000000000e+02
6.811620000000000000e+06 2.856129680000000000e+08 5.411970564814814861e+04 7.597993827160500757e-01 6.400000000000000000e+01 6.400000000000000133e-01 8.000000000000000167e-02 5.957232640000000284e-13 1.000000000000000000e+02
6.811720000000000000e+06 2.856130680000000000e+08 5.411970680555555737e+04 7.599279835390948534e-01 5.400000000000000000e+01 5.400000000000000355e-01 7.348469228349534255e-02 5.026415040000000997e-13 1.000000000000000000e+02
6.811820000000000000e+06 2.856131680000000000e+08 5.411970796296296612e+04 7.600565843621396311e-01 5.800000000000000000e+01 5.799999999999999600e-01 7.615773105863908599e-02 5.398742080000000510e-13 1.000000000000000000e+02
6.811920000000000000e+06 2.856132680000000000e+08 5.411970912037036760e+04 7.601851851851844089e-01 7.100000000000000000e+01 7.099999999999999645e-01 8.426149773176358493e-02 6.608804960000000189e-13 1.000000000000000000e+02
6.812020000000000000e+06 2.856133680000000000e+08 5.411971027777777635e+04 7.603137860082309629e-01 7.900000000000000000e+01 7.900000000000000355e-01 8.888194417315588292e-02 7.353459040000001234e-13 1.000000000000000000e+02
6.812120000000000000e+06 2.856134680000000000e+08 5.411971143518518511e+04 7.604423868312757406e-01 5.800000000000000000e+01 5.799999999999999600e-01 7.615773105863908599e-02 5.398742080000000510e-13 1.000000000000000000e+02
6.812220000000000000e+06 2.856135680000000000e+08 5.411971259259259386e+04 7.605709876543205183e-01 9.200000000000000000e+01 9.200000000000000400e-01 9.591663046625438505e-02 8.563521920000000913e-13 1.000000000000000000e+02
6.812320000000000000e+06 2.856136680000000000e+08 5.411971375000000262e+04 7.606995884773670724e-01 5.100000000000000000e+01 5.100000000000000089e-01 7.141428428542850870e-02 4.747169760000000605e-13 1.000000000000000000e+02
6.812420000000000000e+06 2.856137680000000000e+08 5.411971490740740410e+04 7.608281893004118501e-01 7.100000000000000000e+01 7.099999999999999645e-01 8.426149773176358493e-02 6.608804960000000189e-13 1.000000000000000000e+02
6.812520000000000000e+06 2.856138680000000000e+08 5.411971606481481285e+04 7.609567901234566278e-01 8.200000000000000000e+01 8.199999999999999512e-01 9.055385138137417300e-02 7.632704320000000616e-13 1.000000000000000000e+02
6.812620000000000000e+06 2.856139680000000000e+08 5.411971722222222161e+04 7.610853909465014056e-01 7.800000000000000000e+01 7.800000000000000266e-01 8.831760866327847959e-02 7.260377280000001103e-13 1.000000000000000000e+02
6.812720000000000000e+06 2.856140680000000000e+08 5.411971837962963036e+04 7.612139917695479596e-01 6.800000000000000000e+01 6.800000000000000488e-01 8.246211251235320561e-02 6.329559680000000807e-13 1.000000000000000000e+02
6.812820000000000000e+06 2.856141680000000000e+08 5.411971953703703912e+04 7.613425925925927373e-01 7.300000000000000000e+01 7.299999999999999822e-01 8.544003745317529930e-02 6.794968480000000450e-13 1.000000000000000000e+02
6.812920000000000000e+06 2.856142680000000000e+08 5.411972069444444787e+04 7.614711934156375150e-01 5.600000000000000000e+01 5.600000000000000533e-01 7.483314773547883325e-02 5.212578560000001258e-13 1.000000000000000000e+02
6.813020000000000000e+06 2.856143680000000000e+08 5.411972185185184935e+04 7.615997942386822928e-01 5.500000000000000000e+01 5.500000000000000444e-01 7.416198487095662650e-02 5.119496800000001128e-13 1.000000000000000000e+02
6.813120000000000000e+06 2.856144680000000000e+08 5.411972300925925811e+04 7.617283950617288468e-01 6.700000000000000000e+01 6.700000000000000400e-01 8.185352771872450584e-02 6.236477920000000676e-13 1.000000000000000000e+02
6.813220000000000000e+06 2.856145680000000000e+08 5.411972416666666686e+04 7.618569958847736245e-01 4.900000000000000000e+01 4.899999999999999911e-01 7.000000000000000666e-02 4.561006240000000344e-13 1.000000000000000000e+02
6.813320000000000000e+06 2.856146680000000000e+08 5.411972532407407562e+04 7.619855967078184023e-01 6.900000000000000000e+01 6.899999999999999467e-01 8.306623862918074974e-02 6.422641439999999928e-13 1.000000000000000000e+02
6.813420000000000000e+06 2.856147680000000000e+08 5.411972648148148437e+04 7.621141975308649563e-01 8.500000000000000000e+01 8.499999999999999778e-01 9.219544457292887241e-02 7.911949600000001008e-13 1.000000000000000000e+02
6.813520000000000000e+06 2.856148680000000000e+08 5.411972763888888585e+04 7.622427983539097340e-01 6.700000000000000000e+01 6.700000000000000400e-01 8.185352771872450584e-02 6.236477920000000676e-13 1.000000000000000000e+02
6.813620000000000000e+06 2.856149680000000000e+08 5.411972879629629460e+04 7.623713991769545117e-01 7.400000000000000000e+01 7.399999999999999911e-01 8.602325267042626455e-02 6.888050240000000581e-13 1.000000000000000000e+02
6.813720000000000000e+06 2.856150680000000000e+08 5.411972995370370336e+04 7.624999999999992895e-01 5.900000000000000000e+01 5.899999999999999689e-01 7.681145747868607654e-02 5.491823840000000640e-13 1.000000000000000000e+02
6.813820000000000000e+06 2.856151680000000000e+08 5.411973111111111211e+04 7.626286008230458435e-01 6.400000000000000000e+01 6.400000000000000133e-01 8.000000000000000167e-02 5.957232640000000284e-13 1.000000000000000000e+02
6.813920000000000000e+06 2.856152680000000000e+08 5.411973226851852087e+04 7.627572016460906212e-01 8.300000000000000000e+01 8.299999999999999600e-01 9.110433579144298910e-02 7.725786080000000747e-13 1.000000000000000000e+02
6.814020000000000000e+06 2.856153680000000000e+08 5.411973342592592235e+04 7.628858024691353990e-01 5.900000000000000000e+01 5.899999999999999689e-01 7.681145747868607654e-02 5.491823840000000640e-13 1.000000000000000000e+02
6.814120000000000000e+06 2.856154680000000000e+08 5.411973458333333110e+04 7.630144032921819530e-01 8.100000000000000000e+01 8.100000000000000533e-01 8.999999999999999667e-02 7.539622560000001495e-13 1.000000000000000000e+02
6.814220000000000000e+06 2.856155680000000000e+08 5.411973574074073986e+04 7.631430041152267307e-01 8.100000000000000000e+01 8.100000000000000533e-01 8.999999999999999667e-02 7.539622560000001495e-13 1.000000000000000000e+02
6.814320000000000000e+06 2.856156680000000000e+08 5.411973689814814861e+04 7.632716049382715084e-01 5.800000000000000000e+01 5.799999999999999600e-01 7.615773105863908599e-02 5.398742080000000510e-13 1.000000000000000000e+02
6.814420000000000000e+06 2.856157680000000000e+08 5.411973805555555737e+04 7.634002057613162862e-01 6.400000000000000000e+01 6.400000000000000133e-01 8.000000000000000167e-02 5.957232640000000284e-13 1.000000000000000000e+02
6.814520000000000000e+06 2.856158680000000000e+08 5.411973921296296612e+04 7.635288065843628402e-01 6.700000000000000000e+01 6.700000000000000400e-01 8.185352771872450584e-02 6.236477920000000676e-13 1.000000000000000000e+02
6.814620000000000000e+06 2.856159680000000000e+08 5.411974037037036760e+04 7.636574074074076179e-01 6.700000000000000000e+01 6.700000000000000400e-01 8.185352771872450584e-02 6.236477920000000676e-13 1.000000000000000000e+02
6.814720000000000000e+06 2.856160680000000000e+08 5.411974152777777635e+04 7.637860082304523957e-01 6.600000000000000000e+01 6.600000000000000311e-01 8.124038404635960942e-02 6.143396160000000545e-13 1.000000000000000000e+02
6.814820000000000000e+06 2.856161680000000000e+08 5.411974268518518511e+04 7.639146090534971734e-01 6.700000000000000000e+01 6.700000000000000400e-01 8.185352771872450584e-02 6.236477920000000676e-13 1.000000000000000000e+02
6.814920000000000000e+06 2.856162680000000000e+08 5.411974384259259386e+04 7.640432098765437274e-01 6.000000000000000000e+01 5.999999999999999778e-01 7.745966692414833765e-02 5.584905600000000771e-13 1.000000000000000000e+02
6.815020000000000000e+06 2.856163680000000000e+08 5.411974500000000262e+04 7.641718106995885051e-01 7.200000000000000000e+01 7.199999999999999734e-01 8.485281374238569374e-02 6.701886720000000319e-13 1.000000000000000000e+02
6.815120000000000000e+06 2.856164680000000000e+08 5.411974615740740410e+04 7.643004115226332829e-01 6.700000000000000000e+01 6.700000000000000400e-01 8.185352771872450584e-02 6.236477920000000676e-13 1.000000000000000000e+02
6.815220000000000000e+06 2.856165680000000000e+08 5.411974731481481285e+04 7.644290123456798369e-01 5.000000000000000000e+01 5.000000000000000000e-01 7.071067811865475172e-02 4.654088000000000474e-13 1.000000000000000000e+02
6.815320000000000000e+06 2.856166680000000000e+08 5.411974847222222161e+04 7.645576131687246146e-01 7.400000000000000000e+01 7.399999999999999911e-01 8.602325267042626455e-02 6.888050240000000581e-13 1.000000000000000000e+02
6.815420000000000000e+06 2.856167680000000000e+08 5.411974962962963036e+04 7.646862139917693924e-01 8.600000000000000000e+01 8.599999999999999867e-01 9.273618495495704328e-02 8.005031360000001139e-13 1.000000000000000000e+02
6.815520000000000000e+06 2.856168680000000000e+08 5.411975078703703912e+04 7.648148148148141701e-01 6.600000000000000000e+01 6.600000000000000311e-01 8.124038404635960942e-02 6.143396160000000545e-13 1.000000000000000000e+02
6.815620000000000000e+06 2.856169680000000000e+08 5.411975194444444787e+04 7.649434156378607241e-01 6.900000000000000000e+01 6.899999999999999467e-01 8.306623862918074974e-02 6.422641439999999928e-13 1.000000000000000000e+02
6.815720000000000000e+06 2.856170680000000000e+08 5.411975310185184935e+04 7.650720164609055018e-01 5.700000000000000000e+01 5.699999999999999512e-01 7.549834435270749711e-02 5.305660320000000379e-13 1.000000000000000000e+02
6.815820000000000000e+06 2.856171680000000000e+08 5.411975425925925811e+04 7.652006172839502796e-01 8.800000000000000000e+01 8.800000000000000044e-01 9.380831519646859462e-02 8.191194880000000390e-13 1.000000000000000000e+02
6.815920000000000000e+06 2.856172680000000000e+08 5.411975541666666686e+04 7.653292181069950573e-01 6.200000000000000000e+01 6.199999999999999956e-01 7.874007874011811070e-02 5.771069120000001032e-13 1.000000000000000000e+02
6.816020000000000000e+06 2.856173680000000000e+08 5.411975657407407562e+04 7.654578189300416113e-01 6.400000000000000000e+01 6.400000000000000133e-01 8.000000000000000167e-02 5.957232640000000284e-13 1.000000000000000000e+02
6.816120000000000000e+06 2.856174680000000000e+08 5.411975773148148437e+04 7.655864197530863891e-01 6.100000000000000000e+01 6.099999999999999867e-01 7.810249675906653921e-02 5.677987360000000902e-13 1.000000000000000000e+02
6.816220000000000000e+06 2.856175680000000000e+08 5.411975888888888585e+04 7.657150205761311668e-01 5.900000000000000000e+01 5.899999999999999689e-01 7.681145747868607654e-02 5.491823840000000640e-13 1.000000000000000000e+02
6.816320000000000000e+06 2.856176680000000000e+08 5.411976004629629460e+04 7.658436213991777208e-01 5.100000000000000000e+01 5.100000000000000089e-01 7.141428428542850870e-02 4.747169760000000605e-13 1.000000000000000000e+02
6.816420000000000000e+06 2.856177680000000000e+08 5.411976120370370336e+04 7.659722222222224985e-01 8.700000000000000000e+01 8.699999999999999956e-01 9.327379053088816208e-02 8.098113120000001270e-13 1.000000000000000000e+02
6.816520000000000000e+06 2.856178680000000000e+08 5.411976236111111211e+04 7.661008230452672763e-01 8.100000000000000000e+01 8.100000000000000533e-01 8.999999999999999667e-02 7.539622560000001495e-13 1.000000000000000000e+02
6.816620000000000000e+06 2.856179680000000000e+08 5.411976351851852087e+04 7.662294238683120540e-01 7.900000000000000000e+01 7.900000000000000355e-01 8.888194417315588292e-02 7.353459040000001234e-13 1.000000000000000000e+02
6.816720000000000000e+06 2.856180680000000000e+08 5.411976467592592235e+04 7.663580246913586080e-01 7.700000000000000000e+01 7.700000000000000178e-01 8.774964387392122922e-02 7.167295520000000973e-13 1.000000000000000000e+02
6.816820000000000000e+06 2.856181680000000000e+08 5.411976583333333110e+04 7.664866255144033858e-01 7.000000000000000000e+01 6.999999999999999556e-01 8.366600265340755349e-02 6.515723200000000058e-13 1.000000000000000000e+02
6.816920000000000000e+06 2.856182680000000000e+08 5.411976699074073986e+04 7.666152263374481635e-01 7.100000000000000000e+01 7.099999999999999645e-01 8.426149773176358493e-02 6.608804960000000189e-13 1.000000000000000000e+02
6.817020000000000000e+06 2.856183680000000000e+08 5.411976814814814861e+04 7.667438271604929412e-01 6.100000000000000000e+01 6.099999999999999867e-01 7.810249675906653921e-02 5.677987360000000902e-13 1.000000000000000000e+02
6.817120000000000000e+06 2.856184680000000000e+08 5.411976930555555737e+04 7.668724279835394952e-01 8.800000000000000000e+01 8.800000000000000044e-01 9.380831519646859462e-02 8.191194880000000390e-13 1.000000000000000000e+02
6.817220000000000000e+06 2.856185680000000000e+08 5.411977046296296612e+04 7.670010288065842730e-01 7.300000000000000000e+01 7.299999999999999822e-01 8.544003745317529930e-02 6.794968480000000450e-13 1.000000000000000000e+02
6.817320000000000000e+06 2.856186680000000000e+08 5.411977162037036760e+04 7.671296296296290507e-01 6.700000000000000000e+01 6.700000000000000400e-01 8.185352771872450584e-02 6.236477920000000676e-13 1.000000000000000000e+02
6.817420000000000000e+06 2.856187680000000000e+08 5.411977277777777635e+04 7.672582304526756047e-01 6.800000000000000000e+01 6.800000000000000488e-01 8.246211251235320561e-02 6.329559680000000807e-13 1.000000000000000000e+02
6.817520000000000000e+06 2.856188680000000000e+08 5.411977393518518511e+04 7.673868312757203825e-01 8.000000000000000000e+01 8.000000000000000444e-01 8.944271909999158832e-02 7.446540800000001365e-13 1.000000000000000000e+02
6.817620000000000000e+06 2.856189680000000000e+08 5.411977509259259386e+04 7.675154320987651602e-01 6.500000000000000000e+01 6.500000000000000222e-01 8.062257748298548576e-02 6.050314400000000415e-13 1.000000000000000000e+02
6.817720000000000000e+06 2.856190680000000000e+08 5.411977625000000262e+04 7.676440329218099379e-01 7.400000000000000000e+01 7.399999999999999911e-01 8.602325267042626455e-02 6.888050240000000581e-13 1.000000000000000000e+02
6.817820000000000000e+06 2.856191680000000000e+08 5.411977740740740410e+04 7.677726337448564919e-01 7.200000000000000000e+01 7.199999999999999734e-01 8.485281374238569374e-02 6.701886720000000319e-13 1.000000000000000000e+02
6.817920000000000000e+06 2.856192680000000000e+08 5.411977856481481285e+04 7.679012345679012697e-01 7.000000000000000000e+01 6.999999999999999556e-01 8.366600265340755349e-02 6.515723200000000058e-13 1.000000000000000000e+02
6.818020000000000000e+06 2.856193680000000000e+08 5.411977972222222161e+04 7.680298353909460474e-01 7.100000000000000000e+01 7.099999999999999645e-01 8.426149773176358493e-02 6.608804960000000189e-13 1.000000000000000000e+02
6.818120000000000000e+06 2.856194680000000000e+08 5.411978087962963036e+04 7.681584362139926014e-01 8.100000000000000000e+01 8.100000000000000533e-01 8.999999999999999667e-02 7.539622560000001495e-13 1.000000000000000000e+02
6.818220000000000000e+06 2.856195680000000000e+08 5.411978203703703912e+04 7.682870370370373792e-01 6.200000000000000000e+01 6.199999999999999956e-01 7.874007874011811070e-02 5.771069120000001032e-13 1.000000000000000000e+02
6.818320000000000000e+06 2.856196680000000000e+08 5.411978319444444787e+04 7.684156378600821569e-01 7.300000000000000000e+01 7.299999999999999822e-01 8.544003745317529930e-02 6.794968480000000450e-13 1.000000000000000000e+02
6.818420000000000000e+06 2.856197680000000000e+08 5.411978435185184935e+04 7.685442386831269346e-01 7.500000000000000000e+01 7.500000000000000000e-01 8.660254037844387909e-02 6.981132000000000711e-13 1.000000000000000000e+02
6.818520000000000000e+06 2.856198680000000000e+08 5.411978550925925811e+04 7.686728395061734886e-01 7.300000000000000000e+01 7.299999999999999822e-01 8.544003745317529930e-02 6.794968480000000450e-13 1.000000000000000000e+02
6.818620000000000000e+06 2.856199680000000000e+08 5.411978666666666686e+04 7.688014403292182664e-01 7.700000000000000000e+01 7.700000000000000178e-01 8.774964387392122922e-02 7.167295520000000973e-13 1.000000000000000000e+02
6.818720000000000000e+06 2.856200680000000000e+08 5.411978782407407562e+04 7.689300411522630441e-01 5.800000000000000000e+01 5.799999999999999600e-01 7.615773105863908599e-02 5.398742080000000510e-13 1.000000000000000000e+02
6.818820000000000000e+06 2.856201680000000000e+08 5.411978898148148437e+04 7.690586419753078218e-01 7.700000000000000000e+01 7.700000000000000178e-01 8.774964387392122922e-02 7.167295520000000973e-13 1.000000000000000000e+02
6.818920000000000000e+06 2.856202680000000000e+08 5.411979013888888585e+04 7.691872427983543759e-01 6.400000000000000000e+01 6.400000000000000133e-01 8.000000000000000167e-02 5.957232640000000284e-13 1.000000000000000000e+02
6.819020000000000000e+06 2.856203680000000000e+08 5.411979129629629460e+04 7.693158436213991536e-01 7.900000000000000000e+01 7.900000000000000355e-01 8.888194417315588292e-02 7.353459040000001234e-13 1.000000000000000000e+02
6.819120000000000000e+06 2.856204680000000000e+08 5.411979245370370336e+04 7.694444444444439313e-01 7.700000000000000000e+01 7.700000000000000178e-01 8.774964387392122922e-02 7.167295520000000973e-13 1.000000000000000000e+02
6.819220000000000000e+06 2.856205680000000000e+08 5.411979361111111211e+04 7.695730452674904853e-01 8.500000000000000000e+01 8.499999999999999778e-01 9.219544457292887241e-02 7.911949600000001008e-13 1.000000000000000000e+02
6.819320000000000000e+06 2.856206680000000000e+08 5.411979476851852087e+04 7.697016460905352631e-01 7.900000000000000000e+01 7.900000000000000355e-01 8.888194417315588292e-02 7.353459040000001234e-13 1.000000000000000000e+02
6.819420000000000000e+06 2.856207680000000000e+08 5.411979592592592235e+04 7.698302469135800408e-01 7.100000000000000000e+01 7.099999999999999645e-01 8.426149773176358493e-02 6.608804960000000189e-13 1.000000000000000000e+02
6.819520000000000000e+06 2.856208680000000000e+08 5.411979708333333110e+04 7.699588477366248185e-01 7.700000000000000000e+01 7.700000000000000178e-01 8.774964387392122922e-02 7.167295520000000973e-13 1.000000000000000000e+02
6.819620000000000000e+06 2.856209680000000000e+08 5.411979824074073986e+04 7.700874485596713725e-01 8.100000000000000000e+01 8.100000000000000533e-01 8.999999999999999667e-02 7.539622560000001495e-13 1.000000000000000000e+02
6.819720000000000000e+06 2.856210680000000000e+08 5.411979939814814861e+04 7.702160493827161503e-01 4.900000000000000000e+01 4.899999999999999911e-01 7.000000000000000666e-02 4.561006240000000344e-13 1.000000000000000000e+02
6.819820000000000000e+06 2.856211680000000000e+08 5.411980055555555737e+04 7.703446502057609280e-01 7.200000000000000000e+01 7.199999999999999734e-01 8.485281374238569374e-02 6.701886720000000319e-13 1.000000000000000000e+02
6.819920000000000000e+06 2.856212680000000000e+08 5.411980171296296612e+04 7.704732510288057057e-01 6.700000000000000000e+01 6.700000000000000400e-01 8.185352771872450584e-02 6.236477920000000676e-13 1.000000000000000000e+02
6.820020000000000000e+06 2.856213680000000000e+08 5.411980287037036760e+04 7.706018518518522598e-01 8.100000000000000000e+01 8.100000000000000533e-01 8.999999999999999667e-02 7.539622560000001495e-13 1.000000000000000000e+02
6.820120000000000000e+06 2.856214680000000000e+08 5.411980402777777635e+04 7.707304526748970375e-01 7.500000000000000000e+01 7.500000000000000000e-01 8.660254037844387909e-02 6.981132000000000711e-13 1.000000000000000000e+02
6.820220000000000000e+06 2.856215680000000000e+08 5.411980518518518511e+04 7.708590534979418152e-01 7.100000000000000000e+01 7.099999999999999645e-01 8.426149773176358493e-02 6.608804960000000189e-13 1.000000000000000000e+02
6.820320000000000000e+06 2.856216680000000000e+08 5.411980634259259386e+04 7.709876543209883692e-01 7.700000000000000000e+01 7.700000000000000178e-01 8.774964387392122922e-02 7.167295520000000973e-13 1.000000000000000000e+02
6.820420000000000000e+06 2.856217680000000000e+08 5.411980750000000262e+04 7.711162551440331470e-01 7.300000000000000000e+01 7.299999999999999822e-01 8.544003745317529930e-02 6.794968480000000450e-13 1.000000000000000000e+02
6.820520000000000000e+06 2.856218680000000000e+08 5.411980865740740410e+04 7.712448559670779247e-01 6.300000000000000000e+01 6.300000000000000044e-01 7.937253933193771926e-02 5.864150880000000153e-13 1.000000000000000000e+02
6.820620000000000000e+06 2.856219680000000000e+08 5.411980981481481285e+04 7.713734567901227024e-01 8.100000000000000000e+01 8.100000000000000533e-01 8.999999999999999667e-02 7.539622560000001495e-13 1.000000000000000000e+02
6.820720000000000000e+06 2.856220680000000000e+08 5.411981097222222161e+04 7.715020576131692565e-01 8.000000000000000000e+01 8.000000000000000444e-01 8.944271909999158832e-02 7.446540800000001365e-13 1.000000000000000000e+02
6.820820000000000000e+06 2.856221680000000000e+08 5.411981212962963036e+04 7.716306584362140342e-01 7.100000000000000000e+01 7.099999999999999645e-01 8.426149773176358493e-02 6.608804960000000189e-13 1.000000000000000000e+02
6.820920000000000000e+06 2.856222680000000000e+08 5.411981328703703912e+04 7.717592592592588119e-01 6.500000000000000000e+01 6.500000000000000222e-01 8.062257748298548576e-02 6.050314400000000415e-13 1.000000000000000000e+02
6.821020000000000000e+06 2.856223680000000000e+08 5.411981444444444787e+04 7.718878600823053659e-01 6.400000000000000000e+01 6.400000000000000133e-01 8.000000000000000167e-02 5.957232640000000284e-13 1.000000000000000000e+02
6.821120000000000000e+06 2.856224680000000000e+08 5.411981560185184935e+04 7.720164609053501437e-01 5.500000000000000000e+01 5.500000000000000444e-01 7.416198487095662650e-02 5.119496800000001128e-13 1.000000000000000000e+02
6.821220000000000000e+06 2.856225680000000000e+08 5.411981675925925811e+04 7.721450617283949214e-01 7.100000000000000000e+01 7.099999999999999645e-01 8.426149773176358493e-02 6.608804960000000189e-13 1.000000000000000000e+02
6.821320000000000000e+06 2.856226680000000000e+08 5.411981791666666686e+04 7.722736625514396991e-01 6.000000000000000000e+01 5.999999999999999778e-01 7.745966692414833765e-02 5.584905600000000771e-13 1.000000000000000000e+02
6.821420000000000000e+06 2.856227680000000000e+08 5.411981907407407562e+04 7.724022633744862532e-01 9.900000000000000000e+01 9.899999999999999911e-01 9.949874371066198819e-02 9.215094240000000818e-13 1.000000000000000000e+02
6.821520000000000000e+06 2.856228680000000000e+08 5.411982023148148437e+04 7.725308641975310309e-01 6.700000000000000000e+01 6.700000000000000400e-01 8.185352771872450584e-02 6.236477920000000676e-13 1.000000000000000000e+02
6.821620000000000000e+06 2.856229680000000000e+08 5.411982138888888585e+04 7.726594650205758086e-01 7.400000000000000000e+01 7.399999999999999911e-01 8.602325267042626455e-02 6.888050240000000581e-13 1.000000000000000000e+02
6.821720000000000000e+06 2.856230680000000000e+08 5.411982254629629460e+04 7.727880658436205863e-01 6.100000000000000000e+01 6.099999999999999867e-01 7.810249675906653921e-02 5.677987360000000902e-13 1.000000000000000000e+02
6.821820000000000000e+06 2.856231680000000000e+08 5.411982370370370336e+04 7.729166666666671404e-01 8.500000000000000000e+01 8.499999999999999778e-01 9.219544457292887241e-02 7.911949600000001008e-13 1.000000000000000000e+02
6.821920000000000000e+06 2.856232680000000000e+08 5.411982486111111211e+04 7.730452674897119181e-01 7.300000000000000000e+01 7.299999999999999822e-01 8.544003745317529930e-02 6.794968480000000450e-13 1.000000000000000000e+02
6.822020000000000000e+06 2.856233680000000000e+08 5.411982601851852087e+04 7.731738683127566958e-01 7.400000000000000000e+01 7.399999999999999911e-01 8.602325267042626455e-02 6.888050240000000581e-13 1.000000000000000000e+02
6.822120000000000000e+06 2.856234680000000000e+08 5.411982717592592235e+04 7.733024691358032499e-01 7.200000000000000000e+01 7.199999999999999734e-01 8.485281374238569374e-02 6.701886720000000319e-13 1.000000000000000000e+02
6.822220000000000000e+06 2.856235680000000000e+08 5.411982833333333110e+04 7.734310699588480276e-01 6.400000000000000000e+01 6.400000000000000133e-01 8.000000000000000167e-02 5.957232640000000284e-13 1.000000000000000000e+02
6.822320000000000000e+06 2.856236680000000000e+08 5.411982949074073986e+04 7.735596707818928053e-01 7.200000000000000000e+01 7.199999999999999734e-01 8.485281374238569374e-02 6.701886720000000319e-13 1.000000000000000000e+02
6.822420000000000000e+06 2.856237680000000000e+08 5.411983064814814861e+04 7.736882716049375830e-01 7.100000000000000000e+01 7.099999999999999645e-01 8.426149773176358493e-02 6.608804960000000189e-13 1.000000000000000000e+02
6.822520000000000000e+06 2.856238680000000000e+08 5.411983180555555737e+04 7.738168724279841371e-01 7.400000000000000000e+01 7.399999999999999911e-01 8.602325267042626455e-02 6.888050240000000581e-13 1.000000000000000000e+02
6.822620000000000000e+06 2.856239680000000000e+08 5.411983296296296612e+04 7.739454732510289148e-01 7.000000000000000000e+01 6.999999999999999556e-01 8.366600265340755349e-02 6.515723200000000058e-13 1.000000000000000000e+02
6.822720000000000000e+06 2.856240680000000000e+08 5.411983412037036760e+04 7.740740740740736925e-01 6.100000000000000000e+01 6.099999999999999867e-01 7.810249675906653921e-02 5.677987360000000902e-13 1.000000000000000000e+02
6.822820000000000000e+06 2.856241680000000000e+08 5.411983527777777635e+04 7.742026748971184702e-01 7.500000000000000000e+01 7.500000000000000000e-01 8.660254037844387909e-02 6.981132000000000711e-13 1.000000000000000000e+02
6.822920000000000000e+06 2.856242680000000000e+08 5.411983643518518511e+04 7.743312757201650243e-01 6.400000000000000000e+01 6.400000000000000133e-01 8.000000000000000167e-02 5.957232640000000284e-13 1.000000000000000000e+02
6.823020000000000000e+06 2.856243680000000000e+08 5.411983759259259386e+04 7.744598765432098020e-01 8.200000000000000000e+01 8.199999999999999512e-01 9.055385138137417300e-02 7.632704320000000616e-13 1.000000000000000000e+02
6.823120000000000000e+06 2.856244680000000000e+08 5.411983875000000262e+04 7.745884773662545797e-01 7.200000000000000000e+01 7.199999999999999734e-01 8.485281374238569374e-02 6.701886720000000319e-13 1.000000000000000000e+02
6.823220000000000000e+06 2.856245680000000000e+08 5.411983990740740410e+04 7.747170781893011338e-01 9.200000000000000000e+01 9.200000000000000400e-01 9.591663046625438505e-02 8.563521920000000913e-13 1.000000000000000000e+02
6.823320000000000000e+06 2.856246680000000000e+08 5.411984106481481285e+04 7.748456790123459115e-01 6.200000000000000000e+01 6.199999999999999956e-01 7.874007874011811070e-02 5.771069120000001032e-13 1.000000000000000000e+02
6.823420000000000000e+06 2.856247680000000000e+08 5.411984222222222161e+04 7.749742798353906892e-01 7.800000000000000000e+01 7.800000000000000266e-01 8.831760866327847959e-02 7.260377280000001103e-13 1.000000000000000000e+02
6.823520000000000000e+06 2.856248680000000000e+08 5.411984337962963036e+04 7.751028806584354669e-01 6.600000000000000000e+01 6.600000000000000311e-01 8.124038404635960942e-02 6.143396160000000545e-13 1.000000000000000000e+02
6.823620000000000000e+06 2.856249680000000000e+08 5.411984453703703912e+04 7.752314814814820210e-01 6.400000000000000000e+01 6.400000000000000133e-01 8.000000000000000167e-02 5.957232640000000284e-13 1.000000000000000000e+02
6.823720000000000000e+06 2.856250680000000000e+08 5.411984569444444787e+04 7.753600823045267987e-01 6.900000000000000000e+01 6.899999999999999467e-01 8.306623862918074974e-02 6.422641439999999928e-13 1.000000000000000000e+02
6.823820000000000000e+06 2.856251680000000000e+08 5.411984685185184935e+04 7.754886831275715764e-01 7.100000000000000000e+01 7.099999999999999645e-01 8.426149773176358493e-02 6.608804960000000189e-13 1.000000000000000000e+02
6.823920000000000000e+06 2.856252680000000000e+08 5.411984800925925811e+04 7.756172839506181305e-01 6.100000000000000000e+01 6.099999999999999867e-01 7.810249675906653921e-02 5.677987360000000902e-13 1.000000000000000000e+02
6.824020000000000000e+06 2.856253680000000000e+08 5.411984916666666686e+04 7.757458847736629082e-01 7.500000000000000000e+01 7.500000000000000000e-01 8.660254037844387909e-02 6.981132000000000711e-13 1.000000000000000000e+02
6.824120000000000000e+06 2.856254680000000000e+08 5.411985032407407562e+04 7.758744855967076859e-01 7.100000000000000000e+01 7.099999999999999645e-01 8.426149773176358493e-02 6.608804960000000189e-13 1.000000000000000000e+02
6.824220000000000000e+06 2.856255680000000000e+08 5.411985148148148437e+04 7.760030864197524636e-01 8.100000000000000000e+01 8.100000000000000533e-01 8.999999999999999667e-02 7.539622560000001495e-13 1.000000000000000000e+02
6.824320000000000000e+06 2.856256680000000000e+08 5.411985263888888585e+04 7.761316872427990177e-01 7.200000000000000000e+01 7.199999999999999734e-01 8.485281374238569374e-02 6.701886720000000319e-13 1.000000000000000000e+02
6.824420000000000000e+06 2.856257680000000000e+08 5.411985379629629460e+04 7.762602880658437954e-01 7.300000000000000000e+01 7.299999999999999822e-01 8.544003745317529930e-02 6.794968480000000450e-13 1.000000000000000000e+02
6.824520000000000000e+06 2.856258680000000000e+08 5.411985495370370336e+04 7.763888888888885731e-01 7.100000000000000000e+01 7.099999999999999645e-01 8.426149773176358493e-02 6.608804960000000189e-13 1.000000000000000000e+02
6.824620000000000000e+06 2.856259680000000000e+08 5.411985611111111211e+04 7.765174897119333508e-01 7.100000000000000000e+01 7.099999999999999645e-01 8.426149773176358493e-02 6.608804960000000189e-13 1.000000000000000000e+02
6.824720000000000000e+06 2.856260680000000000e+08 5.411985726851852087e+04 7.766460905349799049e-01 7.500000000000000000e+01 7.500000000000000000e-01 8.660254037844387909e-02 6.981132000000000711e-13 1.000000000000000000e+02
6.824820000000000000e+06 2.856261680000000000e+08 5.411985842592592235e+04 7.767746913580246826e-01 6.900000000000000000e+01 6.899999999999999467e-01 8.306623862918074974e-02 6.422641439999999928e-13 1.000000000000000000e+02
6.824920000000000000e+06 2.856262680000000000e+08 5.411985958333333110e+04 7.769032921810694603e-01 6.900000000000000000e+01 6.899999999999999467e-01 8.306623862918074974e-02 6.422641439999999928e-13 1.000000000000000000e+02
6.825020000000000000e+06 2.856263680000000000e+08 5.411986074074073986e+04 7.770318930041160144e-01 7.700000000000000000e+01 7.700000000000000178e-01 8.774964387392122922e-02 7.167295520000000973e-13 1.000000000000000000e+02
1.034208000000000000e+07 2.891434280000000000e+08 5.416056745370370481e+04 3.000000000000007105e-01 5.200000000000000000e+01 5.200000000000000178e-01 7.211102550927978028e-02 4.840251520000000736e-13 1.000000000000000000e+02
1.034218000000000000e+07 2.891435280000000000e+08 5.416056861111111357e+04 3.001286008230454883e-01 6.900000000000000000e+01 6.899999999999999467e-01 8.306623862918074974e-02 6.422641439999999928e-13 1.000000000000000000e+02
1.034228000000000000e+07 2.891436280000000000e+08 5.416056976851851505e+04 3.002572016460902660e-01 6.500000000000000000e+01 6.500000000000000222e-01 8.062257748298548576e-02 6.050314400000000415e-13 1.000000000000000000e+02
1.034238000000000000e+07 2.891437280000000000e+08 5.416057092592592380e+04 3.003858024691350437e-01 6.100000000000000000e+01 6.099999999999999867e-01 7.810249675906653921e-02 5.677987360000000902e-13 1.000000000000000000e+02
1.034248000000000000e+07 2.891438280000000000e+08 5.416057208333333256e+04 3.005144032921815977e-01 5.800000000000000000e+01 5.799999999999999600e-01 7.615773105863908599e-02 5.398742080000000510e-13 1.000000000000000000e+02
1.034258000000000000e+07 2.891439280000000000e+08 5.416057324074074131e+04 3.006430041152263755e-01 6.000000000000000000e+01 5.999999999999999778e-01 7.745966692414833765e-02 5.584905600000000771e-13 1.000000000000000000e+02
1.034268000000000000e+07 2.891440280000000000e+08 5.416057439814815007e+04 3.007716049382711532e-01 6.500000000000000000e+01 6.500000000000000222e-01 8.062257748298548576e-02 6.050314400000000415e-13 1.000000000000000000e+02
1.034278000000000000e+07 2.891441280000000000e+08 5.416057555555555882e+04 3.009002057613177072e-01 5.900000000000000000e+01 5.899999999999999689e-01 7.681145747868607654e-02 5.491823840000000640e-13 1.000000000000000000e+02
1.034288000000000000e+07 2.891442280000000000e+08 5.416057671296296030e+04 3.010288065843624850e-01 6.300000000000000000e+01 6.300000000000000044e-01 7.937253933193771926e-02 5.864150880000000153e-13 1.000000000000000000e+02
1.034598000000000000e+07 2.891473280000000000e+08 5.416061259259259532e+04 3.050154320987648049e-01 6.000000000000000000e+01 5.999999999999999778e-01 7.745966692414833765e-02 5.584905600000000771e-13 1.000000000000000000e+02
1.034608000000000000e+07 2.891474280000000000e+08 5.416061374999999680e+04 3.051440329218113590e-01 6.900000000000000000e+01 6.899999999999999467e-01 8.306623862918074974e-02 6.422641439999999928e-13 1.000000000000000000e+02
1.034618000000000000e+07 2.891475280000000000e+08 5.416061490740740555e+04 3.052726337448561367e-01 6.700000000000000000e+01 6.700000000000000400e-01 8.185352771872450584e-02 6.236477920000000676e-13 1.000000000000000000e+02
1.034628000000000000e+07 2.891476280000000000e+08 5.416061606481481431e+04 3.054012345679009144e-01 6.500000000000000000e+01 6.500000000000000222e-01 8.062257748298548576e-02 6.050314400000000415e-13 1.000000000000000000e+02
1.034638000000000000e+07 2.891477280000000000e+08 5.416061722222222306e+04 3.055298353909456921e-01 5.400000000000000000e+01 5.400000000000000355e-01 7.348469228349534255e-02 5.026415040000000997e-13 1.000000000000000000e+02
1.034648000000000000e+07 2.891478280000000000e+08 5.416061837962963182e+04 3.056584362139922462e-01 6.200000000000000000e+01 6.199999999999999956e-01 7.874007874011811070e-02 5.771069120000001032e-13 1.000000000000000000e+02
1.034658000000000000e+07 2.891479280000000000e+08 5.416061953703704057e+04 3.057870370370370239e-01 6.100000000000000000e+01 6.099999999999999867e-01 7.810249675906653921e-02 5.677987360000000902e-13 1.000000000000000000e+02
1.034668000000000000e+07 2.891480280000000000e+08 5.416062069444444205e+04 3.059156378600818016e-01 6.100000000000000000e+01 6.099999999999999867e-01 7.810249675906653921e-02 5.677987360000000902e-13 1.000000000000000000e+02
1.034678000000000000e+07 2.891481280000000000e+08 5.416062185185185081e+04 3.060442386831283557e-01 5.700000000000000000e+01 5.699999999999999512e-01 7.549834435270749711e-02 5.305660320000000379e-13 1.000000000000000000e+02
1.034688000000000000e+07 2.891482280000000000e+08 5.416062300925925956e+04 3.061728395061731334e-01 6.400000000000000000e+01 6.400000000000000133e-01 8.000000000000000167e-02 5.957232640000000284e-13 1.000000000000000000e+02
1.034698000000000000e+07 2.891483280000000000e+08 5.416062416666666832e+04 3.063014403292179111e-01 5.900000000000000000e+01 5.899999999999999689e-01 7.681145747868607654e-02 5.491823840000000640e-13 1.000000000000000000e+02
1.034708000000000000e+07 2.891484280000000000e+08 5.416062532407407707e+04 3.064300411522626888e-01 4.800000000000000000e+01 4.799999999999999822e-01 6.928203230275509217e-02 4.467924480000000213e-13 1.000000000000000000e+02
1.034718000000000000e+07 2.891485280000000000e+08 5.416062648148147855e+04 3.065586419753092429e-01 6.300000000000000000e+01 6.300000000000000044e-01 7.937253933193771926e-02 5.864150880000000153e-13 1.000000000000000000e+02
1.034728000000000000e+07 2.891486280000000000e+08 5.416062763888888730e+04 3.066872427983540206e-01 6.900000000000000000e+01 6.899999999999999467e-01 8.306623862918074974e-02 6.422641439999999928e-13 1.000000000000000000e+02
1.034738000000000000e+07 2.891487280000000000e+08 5.416062879629629606e+04 3.068158436213987983e-01 6.600000000000000000e+01 6.600000000000000311e-01 8.124038404635960942e-02 6.143396160000000545e-13 1.000000000000000000e+02
1.034748000000000000e+07 2.891488280000000000e+08 5.416062995370370481e+04 3.069444444444435760e-01 5.900000000000000000e+01 5.899999999999999689e-01 7.681145747868607654e-02 5.491823840000000640e-13 1.000000000000000000e+02
1.034758000000000000e+07 2.891489280000000000e+08 5.416063111111111357e+04 3.070730452674901301e-01 6.100000000000000000e+01 6.099999999999999867e-01 7.810249675906653921e-02 5.677987360000000902e-13 1.000000000000000000e+02
1.034768000000000000e+07 2.891490280000000000e+08 5.416063226851851505e+04 3.072016460905349078e-01 7.600000000000000000e+01 7.600000000000000089e-01 8.717797887081348007e-02 7.074213760000000842e-13 1.000000000000000000e+02
1.034778000000000000e+07 2.891491280000000000e+08 5.416063342592592380e+04 3.073302469135796855e-01 5.200000000000000000e+01 5.200000000000000178e-01 7.211102550927978028e-02 4.840251520000000736e-13 1.000000000000000000e+02
1.034788000000000000e+07 2.891492280000000000e+08 5.416063458333333256e+04 3.074588477366262396e-01 7.200000000000000000e+01 7.199999999999999734e-01 8.485281374238569374e-02 6.701886720000000319e-13 1.000000000000000000e+02
1.034798000000000000e+07 2.891493280000000000e+08 5.416063574074074131e+04 3.075874485596710173e-01 7.800000000000000000e+01 7.800000000000000266e-01 8.831760866327847959e-02 7.260377280000001103e-13 1.000000000000000000e+02
1.034808000000000000e+07 2.891494280000000000e+08 5.416063689814815007e+04 3.077160493827157950e-01 5.900000000000000000e+01 5.899999999999999689e-01 7.681145747868607654e-02 5.491823840000000640e-13 1.000000000000000000e+02
1.034818000000000000e+07 2.891495280000000000e+08 5.416063805555555882e+04 3.078446502057605727e-01 7.200000000000000000e+01 7.199999999999999734e-01 8.485281374238569374e-02 6.701886720000000319e-13 1.000000000000000000e+02
1.034828000000000000e+07 2.891496280000000000e+08 5.416063921296296030e+04 3.079732510288071268e-01 5.800000000000000000e+01 5.799999999999999600e-01 7.615773105863908599e-02 5.398742080000000510e-13 1.000000000000000000e+02
1.034838000000000000e+07 2.891497280000000000e+08 5.416064037037036906e+04 3.081018518518519045e-01 5.700000000000000000e+01 5.699999999999999512e-01 7.549834435270749711e-02 5.305660320000000379e-13 1.000000000000000000e+02
1.034848000000000000e+07 2.891498280000000000e+08 5.416064152777777781e+04 3.082304526748966822e-01 5.700000000000000000e+01 5.699999999999999512e-01 7.549834435270749711e-02 5.305660320000000379e-13 1.000000000000000000e+02
1.034858000000000000e+07 2.891499280000000000e+08 5.416064268518518656e+04 3.083590534979432363e-01 6.200000000000000000e+01 6.199999999999999956e-01 7.874007874011811070e-02 5.771069120000001032e-13 1.000000000000000000e+02
1.034868000000000000e+07 2.891500280000000000e+08 5.416064384259259532e+04 3.084876543209880140e-01 5.000000000000000000e+01 5.000000000000000000e-01 7.071067811865475172e-02 4.654088000000000474e-13 1.000000000000000000e+02
1.034878000000000000e+07 2.891501280000000000e+08 5.416064499999999680e+04 3.086162551440327917e-01 5.600000000000000000e+01 5.600000000000000533e-01 7.483314773547883325e-02 5.212578560000001258e-13 1.000000000000000000e+02
1.034888000000000000e+07 2.891502280000000000e+08 5.416064615740740555e+04 3.087448559670775694e-01 5.600000000000000000e+01 5.600000000000000533e-01 7.483314773547883325e-02 5.212578560000001258e-13 1.000000000000000000e+02
1.034898000000000000e+07 2.891503280000000000e+08 5.416064731481481431e+04 3.088734567901241235e-01 6.600000000000000000e+01 6.600000000000000311e-01 8.124038404635960942e-02 6.143396160000000545e-13 1.000000000000000000e+02
1.034908000000000000e+07 2.891504280000000000e+08 5.416064847222222306e+04 3.090020576131689012e-01 4.900000000000000000e+01 4.899999999999999911e-01 7.000000000000000666e-02 4.561006240000000344e-13 1.000000000000000000e+02
1.034918000000000000e+07 2.891505280000000000e+08 5.416064962962963182e+04 3.091306584362136789e-01 5.800000000000000000e+01 5.799999999999999600e-01 7.615773105863908599e-02 5.398742080000000510e-13 1.000000000000000000e+02
1.034928000000000000e+07 2.891506280000000000e+08 5.416065078703704057e+04 3.092592592592584566e-01 5.400000000000000000e+01 5.400000000000000355e-01 7.348469228349534255e-02 5.026415040000000997e-13 1.000000000000000000e+02
1.034938000000000000e+07 2.891507280000000000e+08 5.416065194444444205e+04 3.093878600823050107e-01 6.100000000000000000e+01 6.099999999999999867e-01 7.810249675906653921e-02 5.677987360000000902e-13 1.000000000000000000e+02
1.034948000000000000e+07 2.891508280000000000e+08 5.416065310185185081e+04 3.095164609053497884e-01 6.300000000000000000e+01 6.300000000000000044e-01 7.937253933193771926e-02 5.864150880000000153e-13 1.000000000000000000e+02
1.034958000000000000e+07 2.891509280000000000e+08 5.416065425925925956e+04 3.096450617283945661e-01 5.700000000000000000e+01 5.699999999999999512e-01 7.549834435270749711e-02 5.305660320000000379e-13 1.000000000000000000e+02
1.034968000000000000e+07 2.891510280000000000e+08 5.416065541666666832e+04 3.097736625514411202e-01 5.400000000000000000e+01 5.400000000000000355e-01 7.348469228349534255e-02 5.026415040000000997e-13 1.000000000000000000e+02
1.034978000000000000e+07 2.891511280000000000e+08 5.416065657407407707e+04 3.099022633744858979e-01 5.700000000000000000e+01 5.699999999999999512e-01 7.549834435270749711e-02 5.305660320000000379e-13 1.000000000000000000e+02
1.034988000000000000e+07 2.891512280000000000e+08 5.416065773148147855e+04 3.100308641975306756e-01 6.500000000000000000e+01 6.500000000000000222e-01 8.062257748298548576e-02 6.050314400000000415e-13 1.000000000000000000e+02
1.034998000000000000e+07 2.891513280000000000e+08 5.416065888888888730e+04 3.101594650205754533e-01 5.200000000000000000e+01 5.200000000000000178e-01 7.211102550927978028e-02 4.840251520000000736e-13 1.000000000000000000e+02
1.035008000000000000e+07 2.891514280000000000e+08 5.416066004629629606e+04 3.102880658436220074e-01 8.000000000000000000e+01 8.000000000000000444e-01 8.944271909999158832e-02 7.446540800000001365e-13 1.000000000000000000e+02
1.035018000000000000e+07 2.891515280000000000e+08 5.416066120370370481e+04 3.104166666666667851e-01 6.700000000000000000e+01 6.700000000000000400e-01 8.185352771872450584e-02 6.236477920000000676e-13 1.000000000000000000e+02
1.035028000000000000e+07 2.891516280000000000e+08 5.416066236111111357e+04 3.105452674897115628e-01 6.800000000000000000e+01 6.800000000000000488e-01 8.246211251235320561e-02 6.329559680000000807e-13 1.000000000000000000e+02
1.035038000000000000e+07 2.891517280000000000e+08 5.416066351851851505e+04 3.106738683127563405e-01 5.200000000000000000e+01 5.200000000000000178e-01 7.211102550927978028e-02 4.840251520000000736e-13 1.000000000000000000e+02
1.035048000000000000e+07 2.891518280000000000e+08 5.416066467592592380e+04 3.108024691358028946e-01 6.700000000000000000e+01 6.700000000000000400e-01 8.185352771872450584e-02 6.236477920000000676e-13 1.000000000000000000e+02
1.035058000000000000e+07 2.891519280000000000e+08 5.416066583333333256e+04 3.109310699588476723e-01 5.000000000000000000e+01 5.000000000000000000e-01 7.071067811865475172e-02 4.654088000000000474e-13 1.000000000000000000e+02
1.035068000000000000e+07 2.891520280000000000e+08 5.416066699074074131e+04 3.110596707818924500e-01 5.900000000000000000e+01 5.899999999999999689e-01 7.681145747868607654e-02 5.491823840000000640e-13 1.000000000000000000e+02
1.035078000000000000e+07 2.891521280000000000e+08 5.416066814814815007e+04 3.111882716049390041e-01 5.100000000000000000e+01 5.100000000000000089e-01 7.141428428542850870e-02 4.747169760000000605e-13 1.000000000000000000e+02
1.035088000000000000e+07 2.891522280000000000e+08 5.416066930555555882e+04 3.113168724279837818e-01 5.600000000000000000e+01 5.600000000000000533e-01 7.483314773547883325e-02 5.212578560000001258e-13 1.000000000000000000e+02
1.035098000000000000e+07 2.891523280000000000e+08 5.416067046296296030e+04 3.114454732510285595e-01 5.000000000000000000e+01 5.000000000000000000e-01 7.071067811865475172e-02 4.654088000000000474e-13 1.000000000000000000e+02
1.035108000000000000e+07 2.891524280000000000e+08 5.416067162037036906e+04 3.115740740740733372e-01 6.200000000000000000e+01 6.199999999999999956e-01 7.874007874011811070e-02 5.771069120000001032e-13 1.000000000000000000e+02
1.035118000000000000e+07 2.891525280000000000e+08 5.416067277777777781e+04 3.117026748971198913e-01 6.100000000000000000e+01 6.099999999999999867e-01 7.810249675906653921e-02 5.677987360000000902e-13 1.000000000000000000e+02
1.035128000000000000e+07 2.891526280000000000e+08 5.416067393518518656e+04 3.118312757201646690e-01 5.600000000000000000e+01 5.600000000000000533e-01 7.483314773547883325e-02 5.212578560000001258e-13 1.000000000000000000e+02
1.035138000000000000e+07 2.891527280000000000e+08 5.416067509259259532e+04 3.119598765432094467e-01 6.600000000000000000e+01 6.600000000000000311e-01 8.124038404635960942e-02 6.143396160000000545e-13 1.000000000000000000e+02
1.035148000000000000e+07 2.891528280000000000e+08 5.416067624999999680e+04 3.120884773662560008e-01 5.900000000000000000e+01 5.899999999999999689e-01 7.681145747868607654e-02 5.491823840000000640e-13 1.000000000000000000e+02
1.035158000000000000e+07 2.891529280000000000e+08 5.416067740740740555e+04 3.122170781893007785e-01 6.300000000000000000e+01 6.300000000000000044e-01 7.937253933193771926e-02 5.864150880000000153e-13 1.000000000000000000e+02
1.035168000000000000e+07 2.891530280000000000e+08 5.416067856481481431e+04 3.123456790123455562e-01 4.800000000000000000e+01 4.799999999999999822e-01 6.928203230275509217e-02 4.467924480000000213e-13 1.000000000000000000e+02
1.035178000000000000e+07 2.891531280000000000e+08 5.416067972222222306e+04 3.124742798353903339e-01 6.000000000000000000e+01 5.999999999999999778e-01 7.745966692414833765e-02 5.584905600000000771e-13 1.000000000000000000e+02
1.035188000000000000e+07 2.891532280000000000e+08 5.416068087962963182e+04 3.126028806584368880e-01 4.600000000000000000e+01 4.600000000000000200e-01 6.782329983125268136e-02 4.281760960000000457e-13 1.000000000000000000e+02
1.035198000000000000e+07 2.891533280000000000e+08 5.416068203703704057e+04 3.127314814814816657e-01 5.900000000000000000e+01 5.899999999999999689e-01 7.681145747868607654e-02 5.491823840000000640e-13 1.000000000000000000e+02
1.035208000000000000e+07 2.891534280000000000e+08 5.416068319444444205e+04 3.128600823045264434e-01 6.300000000000000000e+01 6.300000000000000044e-01 7.937253933193771926e-02 5.864150880000000153e-13 1.000000000000000000e+02
1.035218000000000000e+07 2.891535280000000000e+08 5.416068435185185081e+04 3.129886831275712211e-01 6.400000000000000000e+01 6.400000000000000133e-01 8.000000000000000167e-02 5.957232640000000284e-13 1.000000000000000000e+02
1.035228000000000000e+07 2.891536280000000000e+08 5.416068550925925956e+04 3.131172839506177752e-01 5.500000000000000000e+01 5.500000000000000444e-01 7.416198487095662650e-02 5.119496800000001128e-13 1.000000000000000000e+02
1.035238000000000000e+07 2.891537280000000000e+08 5.416068666666666832e+04 3.132458847736625529e-01 5.600000000000000000e+01 5.600000000000000533e-01 7.483314773547883325e-02 5.212578560000001258e-13 1.000000000000000000e+02
1.035248000000000000e+07 2.891538280000000000e+08 5.416068782407407707e+04 3.133744855967073306e-01 6.700000000000000000e+01 6.700000000000000400e-01 8.185352771872450584e-02 6.236477920000000676e-13 1.000000000000000000e+02
1.035258000000000000e+07 2.891539280000000000e+08 5.416068898148147855e+04 3.135030864197538847e-01 5.000000000000000000e+01 5.000000000000000000e-01 7.071067811865475172e-02 4.654088000000000474e-13 1.000000000000000000e+02
1.035268000000000000e+07 2.891540280000000000e+08 5.416069013888888730e+04 3.136316872427986624e-01 6.800000000000000000e+01 6.800000000000000488e-01 8.246211251235320561e-02 6.329559680000000807e-13 1.000000000000000000e+02
1.035278000000000000e+07 2.891541280000000000e+08 5.416069129629629606e+04 3.137602880658434401e-01 6.100000000000000000e+01 6.099999999999999867e-01 7.810249675906653921e-02 5.677987360000000902e-13 1.000000000000000000e+02
1.035288000000000000e+07 2.891542280000000000e+08 5.416069245370370481e+04 3.138888888888882178e-01 6.200000000000000000e+01 6.199999999999999956e-01 7.874007874011811070e-02 5.771069120000001032e-13 1.000000000000000000e+02
1.035298000000000000e+07 2.891543280000000000e+08 5.416069361111111357e+04 3.140174897119347719e-01 5.900000000000000000e+01 5.899999999999999689e-01 7.681145747868607654e-02 5.491823840000000640e-13 1.000000000000000000e+02
1.035308000000000000e+07 2.891544280000000000e+08 5.416069476851851505e+04 3.141460905349795496e-01 5.600000000000000000e+01 5.600000000000000533e-01 7.483314773547883325e-02 5.212578560000001258e-13 1.000000000000000000e+02
1.035318000000000000e+07 2.891545280000000000e+08 5.416069592592592380e+04 3.142746913580243273e-01 5.300000000000000000e+01 5.300000000000000266e-01 7.280109889280518554e-02 4.933333280000000866e-13 1.000000000000000000e+02
1.035328000000000000e+07 2.891546280000000000e+08 5.416069708333333256e+04 3.144032921810691050e-01 6.500000000000000000e+01 6.500000000000000222e-01 8.062257748298548576e-02 6.050314400000000415e-13 1.000000000000000000e+02
1.035338000000000000e+07 2.891547280000000000e+08 5.416069824074074131e+04 3.145318930041156591e-01 6.500000000000000000e+01 6.500000000000000222e-01 8.062257748298548576e-02 6.050314400000000415e-13 1.000000000000000000e+02
1.035348000000000000e+07 2.891548280000000000e+08 5.416069939814815007e+04 3.146604938271604368e-01 6.100000000000000000e+01 6.099999999999999867e-01 7.810249675906653921e-02 5.677987360000000902e-13 1.000000000000000000e+02
1.035358000000000000e+07 2.891549280000000000e+08 5.416070055555555882e+04 3.147890946502052145e-01 6.300000000000000000e+01 6.300000000000000044e-01 7.937253933193771926e-02 5.864150880000000153e-13 1.000000000000000000e+02
1.035368000000000000e+07 2.891550280000000000e+08 5.416070171296296030e+04 3.149176954732517686e-01 6.800000000000000000e+01 6.800000000000000488e-01 8.246211251235320561e-02 6.329559680000000807e-13 1.000000000000000000e+02
1.035378000000000000e+07 2.891551280000000000e+08 5.416070287037036906e+04 3.150462962962965463e-01 7.600000000000000000e+01 7.600000000000000089e-01 8.717797887081348007e-02 7.074213760000000842e-13 1.000000000000000000e+02
1.035388000000000000e+07 2.891552280000000000e+08 5.416070402777777781e+04 3.151748971193413240e-01 6.500000000000000000e+01 6.500000000000000222e-01 8.062257748298548576e-02 6.050314400000000415e-13 1.000000000000000000e+02
1.035398000000000000e+07 2.891553280000000000e+08 5.416070518518518656e+04 3.153034979423861017e-01 6.100000000000000000e+01 6.099999999999999867e-01 7.810249675906653921e-02 5.677987360000000902e-13 1.000000000000000000e+02
1.035408000000000000e+07 2.891554280000000000e+08 5.416070634259259532e+04 3.154320987654326558e-01 6.100000000000000000e+01 6.099999999999999867e-01 7.810249675906653921e-02 5.677987360000000902e-13 1.000000000000000000e+02
1.035418000000000000e+07 2.891555280000000000e+08 5.416070749999999680e+04 3.155606995884774335e-01 7.100000000000000000e+01 7.099999999999999645e-01 8.426149773176358493e-02 6.608804960000000189e-13 1.000000000000000000e+02
1.035428000000000000e+07 2.891556280000000000e+08 5.416070865740740555e+04 3.156893004115222112e-01 5.600000000000000000e+01 5.600000000000000533e-01 7.483314773547883325e-02 5.212578560000001258e-13 1.000000000000000000e+02
1.035438000000000000e+07 2.891557280000000000e+08 5.416070981481481431e+04 3.158179012345687653e-01 6.000000000000000000e+01 5.999999999999999778e-01 7.745966692414833765e-02 5.584905600000000771e-13 1.000000000000000000e+02
1.035448000000000000e+07 2.891558280000000000e+08 5.416071097222222306e+04 3.159465020576135430e-01 5.500000000000000000e+01 5.500000000000000444e-01 7.416198487095662650e-02 5.119496800000001128e-13 1.000000000000000000e+02
1.035458000000000000e+07 2.891559280000000000e+08 5.416071212962963182e+04 3.160751028806583207e-01 6.600000000000000000e+01 6.600000000000000311e-01 8.124038404635960942e-02 6.143396160000000545e-13 1.000000000000000000e+02
1.035468000000000000e+07 2.891560280000000000e+08 5.416071328703704057e+04 3.162037037037030984e-01 5.600000000000000000e+01 5.600000000000000533e-01 7.483314773547883325e-02 5.212578560000001258e-13 1.000000000000000000e+02
1.035478000000000000e+07 2.891561280000000000e+08 5.416071444444444205e+04 3.163323045267496525e-01 5.000000000000000000e+01 5.000000000000000000e-01 7.071067811865475172e-02 4.654088000000000474e-13 1.000000000000000000e+02
1.035488000000000000e+07 2.891562280000000000e+08 5.416071560185185081e+04 3.164609053497944302e-01 5.500000000000000000e+01 5.500000000000000444e-01 7.416198487095662650e-02 5.119496800000001128e-13 1.000000000000000000e+02
1.035498000000000000e+07 2.891563280000000000e+08 5.416071675925925956e+04 3.165895061728392079e-01 5.800000000000000000e+01 5.799999999999999600e-01 7.615773105863908599e-02 5.398742080000000510e-13 1.000000000000000000e+02
1.035508000000000000e+07 2.891564280000000000e+08 5.416071791666666832e+04 3.167181069958839856e-01 6.600000000000000000e+01 6.600000000000000311e-01 8.124038404635960942e-02 6.143396160000000545e-13 1.000000000000000000e+02
1.035518000000000000e+07 2.891565280000000000e+08 5.416071907407407707e+04 3.168467078189305397e-01 5.900000000000000000e+01 5.899999999999999689e-01 7.681145747868607654e-02 5.491823840000000640e-13 1.000000000000000000e+02
1.035528000000000000e+07 2.891566280000000000e+08 5.416072023148147855e+04 3.169753086419753174e-01 6.200000000000000000e+01 6.199999999999999956e-01 7.874007874011811070e-02 5.771069120000001032e-13 1.000000000000000000e+02
1.035538000000000000e+07 2.891567280000000000e+08 5.416072138888888730e+04 3.171039094650200951e-01 7.200000000000000000e+01 7.199999999999999734e-01 8.485281374238569374e-02 6.701886720000000319e-13 1.000000000000000000e+02
1.035548000000000000e+07 2.891568280000000000e+08 5.416072254629629606e+04 3.172325102880666492e-01 5.500000000000000000e+01 5.500000000000000444e-01 7.416198487095662650e-02 5.119496800000001128e-13 1.000000000000000000e+02
1.035558000000000000e+07 2.891569280000000000e+08 5.416072370370370481e+04 3.173611111111114269e-01 7.800000000000000000e+01 7.800000000000000266e-01 8.831760866327847959e-02 7.260377280000001103e-13 1.000000000000000000e+02
1.035568000000000000e+07 2.891570280000000000e+08 5.416072486111111357e+04 3.174897119341562046e-01 4.800000000000000000e+01 4.799999999999999822e-01 6.928203230275509217e-02 4.467924480000000213e-13 1.000000000000000000e+02
1.035578000000000000e+07 2.891571280000000000e+08 5.416072601851851505e+04 3.176183127572009823e-01 7.100000000000000000e+01 7.099999999999999645e-01 8.426149773176358493e-02 6.608804960000000189e-13 1.000000000000000000e+02
1.035588000000000000e+07 2.891572280000000000e+08 5.416072717592592380e+04 3.177469135802475364e-01 4.500000000000000000e+01 4.500000000000000111e-01 6.708203932499369471e-02 4.188679200000000326e-13 1.000000000000000000e+02
1.035598000000000000e+07 2.891573280000000000e+08 5.416072833333333256e+04 3.178755144032923141e-01 6.600000000000000000e+01 6.600000000000000311e-01 8.124038404635960942e-02 6.143396160000000545e-13 1.000000000000000000e+02
1.035608000000000000e+07 2.891574280000000000e+08 5.416072949074074131e+04 3.180041152263370918e-01 7.000000000000000000e+01 6.999999999999999556e-01 8.366600265340755349e-02 6.515723200000000058e-13 1.000000000000000000e+02
1.035618000000000000e+07 2.891575280000000000e+08 5.416073064814815007e+04 3.181327160493818695e-01 6.300000000000000000e+01 6.300000000000000044e-01 7.937253933193771926e-02 5.864150880000000153e-13 1.000000000000000000e+02
1.035628000000000000e+07 2.891576280000000000e+08 5.416073180555555882e+04 3.182613168724284236e-01 4.500000000000000000e+01 4.500000000000000111e-01 6.708203932499369471e-02 4.188679200000000326e-13 1.000000000000000000e+02
1.035638000000000000e+07 2.891577280000000000e+08 5.416073296296296030e+04 3.183899176954732013e-01 6.300000000000000000e+01 6.300000000000000044e-01 7.937253933193771926e-02 5.864150880000000153e-13 1.000000000000000000e+02
1.035648000000000000e+07 2.891578280000000000e+08 5.416073412037036906e+04 3.185185185185179790e-01 5.100000000000000000e+01 5.100000000000000089e-01 7.141428428542850870e-02 4.747169760000000605e-13 1.000000000000000000e+02
1.035658000000000000e+07 2.891579280000000000e+08 5.416073527777777781e+04 3.186471193415645331e-01 4.500000000000000000e+01 4.500000000000000111e-01 6.708203932499369471e-02 4.188679200000000326e-13 1.000000000000000000e+02
1.035668000000000000e+07 2.891580280000000000e+08 5.416073643518518656e+04 3.187757201646093108e-01 7.100000000000000000e+01 7.099999999999999645e-01 8.426149773176358493e-02 6.608804960000000189e-13 1.000000000000000000e+02
1.035678000000000000e+07 2.891581280000000000e+08 5.416073759259259532e+04 3.189043209876540885e-01 5.000000000000000000e+01 5.000000000000000000e-01 7.071067811865475172e-02 4.654088000000000474e-13 1.000000000000000000e+02
1.035688000000000000e+07 2.891582280000000000e+08 5.416073874999999680e+04 3.190329218106988662e-01 7.200000000000000000e+01 7.199999999999999734e-01 8.485281374238569374e-02 6.701886720000000319e-13 1.000000000000000000e+02
1.035698000000000000e+07 2.891583280000000000e+08 5.416073990740740555e+04 3.191615226337454203e-01 4.200000000000000000e+01 4.199999999999999845e-01 6.480740698407860823e-02 3.909433920000000439e-13 1.000000000000000000e+02
1.035708000000000000e+07 2.891584280000000000e+08 5.416074106481481431e+04 3.192901234567901980e-01 4.200000000000000000e+01 4.199999999999999845e-01 6.480740698407860823e-02 3.909433920000000439e-13 1.000000000000000000e+02
1.035718000000000000e+07 2.891585280000000000e+08 5.416074222222222306e+04 3.194187242798349757e-01 6.000000000000000000e+01 5.999999999999999778e-01 7.745966692414833765e-02 5.584905600000000771e-13 1.000000000000000000e+02
1.035728000000000000e+07 2.891586280000000000e+08 5.416074337962963182e+04 3.195473251028815298e-01 5.900000000000000000e+01 5.899999999999999689e-01 7.681145747868607654e-02 5.491823840000000640e-13 1.000000000000000000e+02
1.035738000000000000e+07 2.891587280000000000e+08 5.416074453703704057e+04 3.196759259259263075e-01 6.800000000000000000e+01 6.800000000000000488e-01 8.246211251235320561e-02 6.329559680000000807e-13 1.000000000000000000e+02
1.035748000000000000e+07 2.891588280000000000e+08 5.416074569444444205e+04 3.198045267489710852e-01 6.700000000000000000e+01 6.700000000000000400e-01 8.185352771872450584e-02 6.236477920000000676e-13 1.000000000000000000e+02
1.035758000000000000e+07 2.891589280000000000e+08 5.416074685185185081e+04 3.199331275720158629e-01 6.100000000000000000e+01 6.099999999999999867e-01 7.810249675906653921e-02 5.677987360000000902e-13 1.000000000000000000e+02
1.035768000000000000e+07 2.891590280000000000e+08 5.416074800925925956e+04 3.200617283950624170e-01 6.500000000000000000e+01 6.500000000000000222e-01 8.062257748298548576e-02 6.050314400000000415e-13 1.000000000000000000e+02
1.035778000000000000e+07 2.891591280000000000e+08 5.416074916666666832e+04 3.201903292181071947e-01 6.700000000000000000e+01 6.700000000000000400e-01 8.185352771872450584e-02 6.236477920000000676e-13 1.000000000000000000e+02
1.035788000000000000e+07 2.891592280000000000e+08 5.416075032407407707e+04 3.203189300411519724e-01 5.200000000000000000e+01 5.200000000000000178e-01 7.211102550927978028e-02 4.840251520000000736e-13 1.000000000000000000e+02
1.035798000000000000e+07 2.891593280000000000e+08 5.416075148148147855e+04 3.204475308641967501e-01 5.300000000000000000e+01 5.300000000000000266e-01 7.280109889280518554e-02 4.933333280000000866e-13 1.000000000000000000e+02
1.035808000000000000e+07 2.891594280000000000e+08 5.416075263888888730e+04 3.205761316872433042e-01 6.600000000000000000e+01 6.600000000000000311e-01 8.124038404635960942e-02 6.143396160000000545e-13 1.000000000000000000e+02
1.035818000000000000e+07 2.891595280000000000e+08 5.416075379629629606e+04 3.207047325102880819e-01 5.300000000000000000e+01 5.300000000000000266e-01 7.280109889280518554e-02 4.933333280000000866e-13 1.000000000000000000e+02
1.035828000000000000e+07 2.891596280000000000e+08 5.416075495370370481e+04 3.208333333333328596e-01 6.700000000000000000e+01 6.700000000000000400e-01 8.185352771872450584e-02 6.236477920000000676e-13 1.000000000000000000e+02
1.035838000000000000e+07 2.891597280000000000e+08 5.416075611111111357e+04 3.209619341563794137e-01 6.300000000000000000e+01 6.300000000000000044e-01 7.937253933193771926e-02 5.864150880000000153e-13 1.000000000000000000e+02
1.035848000000000000e+07 2.891598280000000000e+08 5.416075726851851505e+04 3.210905349794241914e-01 6.300000000000000000e+01 6.300000000000000044e-01 7.937253933193771926e-02 5.864150880000000153e-13 1.000000000000000000e+02
1.035858000000000000e+07 2.891599280000000000e+08 5.416075842592592380e+04 3.212191358024689691e-01 5.400000000000000000e+01 5.400000000000000355e-01 7.348469228349534255e-02 5.026415040000000997e-13 1.000000000000000000e+02
1.035868000000000000e+07 2.891600280000000000e+08 5.416075958333333256e+04 3.213477366255137468e-01 4.400000000000000000e+01 4.400000000000000022e-01 6.633249580710799675e-02 4.095597440000000195e-13 1.000000000000000000e+02
1.035878000000000000e+07 2.891601280000000000e+08 5.416076074074074131e+04 3.214763374485603009e-01 4.700000000000000000e+01 4.699999999999999734e-01 6.855654600401044074e-02 4.374842720000000082e-13 1.000000000000000000e+02
1.035888000000000000e+07 2.891602280000000000e+08 5.416076189814815007e+04 3.216049382716050786e-01 5.800000000000000000e+01 5.799999999999999600e-01 7.615773105863908599e-02 5.398742080000000510e-13 1.000000000000000000e+02
1.035898000000000000e+07 2.891603280000000000e+08 5.416076305555555882e+04 3.217335390946498563e-01 6.700000000000000000e+01 6.700000000000000400e-01 8.185352771872450584e-02 6.236477920000000676e-13 1.000000000000000000e+02
1.035908000000000000e+07 2.891604280000000000e+08 5.416076421296296030e+04 3.218621399176946341e-01 6.200000000000000000e+01 6.199999999999999956e-01 7.874007874011811070e-02 5.771069120000001032e-13 1.000000000000000000e+02
1.035918000000000000e+07 2.891605280000000000e+08 5.416076537037036906e+04 3.219907407407411881e-01 5.400000000000000000e+01 5.400000000000000355e-01 7.348469228349534255e-02 5.026415040000000997e-13 1.000000000000000000e+02
1.035928000000000000e+07 2.891606280000000000e+08 5.416076652777777781e+04 3.221193415637859658e-01 7.800000000000000000e+01 7.800000000000000266e-01 8.831760866327847959e-02 7.260377280000001103e-13 1.000000000000000000e+02
1.035938000000000000e+07 2.891607280000000000e+08 5.416076768518518656e+04 3.222479423868307435e-01 5.000000000000000000e+01 5.000000000000000000e-01 7.071067811865475172e-02 4.654088000000000474e-13 1.000000000000000000e+02
1.035948000000000000e+07 2.891608280000000000e+08 5.416076884259259532e+04 3.223765432098772976e-01 6.400000000000000000e+01 6.400000000000000133e-01 8.000000000000000167e-02 5.957232640000000284e-13 1.000000000000000000e+02
1.035958000000000000e+07 2.891609280000000000e+08 5.416076999999999680e+04 3.225051440329220753e-01 5.600000000000000000e+01 5.600000000000000533e-01 7.483314773547883325e-02 5.212578560000001258e-13 1.000000000000000000e+02
1.035968000000000000e+07 2.891610280000000000e+08 5.416077115740740555e+04 3.226337448559668530e-01 5.300000000000000000e+01 5.300000000000000266e-01 7.280109889280518554e-02 4.933333280000000866e-13 1.000000000000000000e+02
1.035978000000000000e+07 2.891611280000000000e+08 5.416077231481481431e+04 3.227623456790116308e-01 4.500000000000000000e+01 4.500000000000000111e-01 6.708203932499369471e-02 4.188679200000000326e-13 1.000000000000000000e+02
1.035988000000000000e+07 2.891612280000000000e+08 5.416077347222222306e+04 3.228909465020581848e-01 5.500000000000000000e+01 5.500000000000000444e-01 7.416198487095662650e-02 5.119496800000001128e-13 1.000000000000000000e+02
1.035998000000000000e+07 2.891613280000000000e+08 5.416077462962963182e+04 3.230195473251029625e-01 4.700000000000000000e+01 4.699999999999999734e-01 6.855654600401044074e-02 4.374842720000000082e-13 1.000000000000000000e+02
1.036008000000000000e+07 2.891614280000000000e+08 5.416077578703704057e+04 3.231481481481477402e-01 6.200000000000000000e+01 6.199999999999999956e-01 7.874007874011811070e-02 5.771069120000001032e-13 1.000000000000000000e+02
1.036018000000000000e+07 2.891615280000000000e+08 5.416077694444444205e+04 3.232767489711942943e-01 5.500000000000000000e+01 5.500000000000000444e-01 7.416198487095662650e-02 5.119496800000001128e-13 1.000000000000000000e+02
1.036028000000000000e+07 2.891616280000000000e+08 5.416077810185185081e+04 3.234053497942390720e-01 5.400000000000000000e+01 5.400000000000000355e-01 7.348469228349534255e-02 5.026415040000000997e-13 1.000000000000000000e+02
1.036038000000000000e+07 2.891617280000000000e+08 5.416077925925925956e+04 3.235339506172838497e-01 5.300000000000000000e+01 5.300000000000000266e-01 7.280109889280518554e-02 4.933333280000000866e-13 1.000000000000000000e+02
1.036048000000000000e+07 2.891618280000000000e+08 5.416078041666666832e+04 3.236625514403286275e-01 5.900000000000000000e+01 5.899999999999999689e-01 7.681145747868607654e-02 5.491823840000000640e-13 1.000000000000000000e+02
1.036058000000000000e+07 2.891619280000000000e+08 5.416078157407407707e+04 3.237911522633751815e-01 5.900000000000000000e+01 5.899999999999999689e-01 7.681145747868607654e-02 5.491823840000000640e-13 1.000000000000000000e+02
1.036068000000000000e+07 2.891620280000000000e+08 5.416078273148147855e+04 3.239197530864199592e-01 6.300000000000000000e+01 6.300000000000000044e-01 7.937253933193771926e-02 5.864150880000000153e-13 1.000000000000000000e+02
1.036078000000000000e+07 2.891621280000000000e+08 5.416078388888888730e+04 3.240483539094647369e-01 4.700000000000000000e+01 4.699999999999999734e-01 6.855654600401044074e-02 4.374842720000000082e-13 1.000000000000000000e+02
1.036088000000000000e+07 2.891622280000000000e+08 5.416078504629629606e+04 3.241769547325095147e-01 6.200000000000000000e+01 6.199999999999999956e-01 7.874007874011811070e-02 5.771069120000001032e-13 1.000000000000000000e+02
1.036098000000000000e+07 2.891623280000000000e+08 5.416078620370370481e+04 3.243055555555560687e-01 5.800000000000000000e+01 5.799999999999999600e-01 7.615773105863908599e-02 5.398742080000000510e-13 1.000000000000000000e+02
1.036108000000000000e+07 2.891624280000000000e+08 5.416078736111111357e+04 3.244341563786008464e-01 6.500000000000000000e+01 6.500000000000000222e-01 8.062257748298548576e-02 6.050314400000000415e-13 1.000000000000000000e+02
1.036118000000000000e+07 2.891625280000000000e+08 5.416078851851851505e+04 3.245627572016456241e-01 5.000000000000000000e+01 5.000000000000000000e-01 7.071067811865475172e-02 4.654088000000000474e-13 1.000000000000000000e+02
1.036128000000000000e+07 2.891626280000000000e+08 5.416078967592592380e+04 3.246913580246921782e-01 6.500000000000000000e+01 6.500000000000000222e-01 8.062257748298548576e-02 6.050314400000000415e-13 1.000000000000000000e+02
1.036138000000000000e+07 2.891627280000000000e+08 5.416079083333333256e+04 3.248199588477369559e-01 5.700000000000000000e+01 5.699999999999999512e-01 7.549834435270749711e-02 5.305660320000000379e-13 1.000000000000000000e+02
1.036148000000000000e+07 2.891628280000000000e+08 5.416079199074074131e+04 3.249485596707817336e-01 5.900000000000000000e+01 5.899999999999999689e-01 7.681145747868607654e-02 5.491823840000000640e-13 1.000000000000000000e+02
1.036158000000000000e+07 2.891629280000000000e+08 5.416079314814815007e+04 3.250771604938265114e-01 4.900000000000000000e+01 4.899999999999999911e-01 7.000000000000000666e-02 4.561006240000000344e-13 1.000000000000000000e+02
1.036168000000000000e+07 2.891630280000000000e+08 5.416079430555555882e+04 3.252057613168730654e-01 5.600000000000000000e+01 5.600000000000000533e-01 7.483314773547883325e-02 5.212578560000001258e-13 1.000000000000000000e+02
1.036178000000000000e+07 2.891631280000000000e+08 5.416079546296296030e+04 3.253343621399178431e-01 6.300000000000000000e+01 6.300000000000000044e-01 7.937253933193771926e-02 5.864150880000000153e-13 1.000000000000000000e+02
1.036188000000000000e+07 2.891632280000000000e+08 5.416079662037036906e+04 3.254629629629626208e-01 5.500000000000000000e+01 5.500000000000000444e-01 7.416198487095662650e-02 5.119496800000001128e-13 1.000000000000000000e+02
1.036198000000000000e+07 2.891633280000000000e+08 5.416079777777777781e+04 3.255915637860073986e-01 5.700000000000000000e+01 5.699999999999999512e-01 7.549834435270749711e-02 5.305660320000000379e-13 1.000000000000000000e+02
1.036208000000000000e+07 2.891634280000000000e+08 5.416079893518518656e+04 3.257201646090539526e-01 8.800000000000000000e+01 8.800000000000000044e-01 9.380831519646859462e-02 8.191194880000000390e-13 1.000000000000000000e+02
1.036218000000000000e+07 2.891635280000000000e+08 5.416080009259259532e+04 3.258487654320987303e-01 5.900000000000000000e+01 5.899999999999999689e-01 7.681145747868607654e-02 5.491823840000000640e-13 1.000000000000000000e+02
1.036228000000000000e+07 2.891636280000000000e+08 5.416080124999999680e+04 3.259773662551435081e-01 6.500000000000000000e+01 6.500000000000000222e-01 8.062257748298548576e-02 6.050314400000000415e-13 1.000000000000000000e+02
1.036238000000000000e+07 2.891637280000000000e+08 5.416080240740740555e+04 3.261059670781900621e-01 5.400000000000000000e+01 5.400000000000000355e-01 7.348469228349534255e-02 5.026415040000000997e-13 1.000000000000000000e+02
1.036248000000000000e+07 2.891638280000000000e+08 5.416080356481481431e+04 3.262345679012348398e-01 6.900000000000000000e+01 6.899999999999999467e-01 8.306623862918074974e-02 6.422641439999999928e-13 1.000000000000000000e+02
1.036258000000000000e+07 2.891639280000000000e+08 5.416080472222222306e+04 3.263631687242796175e-01 5.100000000000000000e+01 5.100000000000000089e-01 7.141428428542850870e-02 4.747169760000000605e-13 1.000000000000000000e+02
1.036268000000000000e+07 2.891640280000000000e+08 5.416080587962963182e+04 3.264917695473243953e-01 5.500000000000000000e+01 5.500000000000000444e-01 7.416198487095662650e-02 5.119496800000001128e-13 1.000000000000000000e+02
1.036278000000000000e+07 2.891641280000000000e+08 5.416080703703704057e+04 3.266203703703709493e-01 5.200000000000000000e+01 5.200000000000000178e-01 7.211102550927978028e-02 4.840251520000000736e-13 1.000000000000000000e+02
1.036288000000000000e+07 2.891642280000000000e+08 5.416080819444444205e+04 3.267489711934157270e-01 6.500000000000000000e+01 6.500000000000000222e-01 8.062257748298548576e-02 6.050314400000000415e-13 1.000000000000000000e+02
1.036298000000000000e+07 2.891643280000000000e+08 5.416080935185185081e+04 3.268775720164605048e-01 5.300000000000000000e+01 5.300000000000000266e-01 7.280109889280518554e-02 4.933333280000000866e-13 1.000000000000000000e+02
1.036308000000000000e+07 2.891644280000000000e+08 5.416081050925925956e+04 3.270061728395070588e-01 5.500000000000000000e+01 5.500000000000000444e-01 7.416198487095662650e-02 5.119496800000001128e-13 1.000000000000000000e+02
1.036318000000000000e+07 2.891645280000000000e+08 5.416081166666666832e+04 3.271347736625518365e-01 6.300000000000000000e+01 6.300000000000000044e-01 7.937253933193771926e-02 5.864150880000000153e-13 1.000000000000000000e+02
1.036328000000000000e+07 2.891646280000000000e+08 5.416081282407407707e+04 3.272633744855966142e-01 6.300000000000000000e+01 6.300000000000000044e-01 7.937253933193771926e-02 5.864150880000000153e-13 1.000000000000000000e+02
1.036338000000000000e+07 2.891647280000000000e+08 5.416081398148147855e+04 3.273919753086413920e-01 5.000000000000000000e+01 5.000000000000000000e-01 7.071067811865475172e-02 4.654088000000000474e-13 1.000000000000000000e+02
1.036348000000000000e+07 2.891648280000000000e+08 5.416081513888888730e+04 3.275205761316879460e-01 5.000000000000000000e+01 5.000000000000000000e-01 7.071067811865475172e-02 4.654088000000000474e-13 1.000000000000000000e+02
1.036358000000000000e+07 2.891649280000000000e+08 5.416081629629629606e+04 3.276491769547327237e-01 6.200000000000000000e+01 6.199999999999999956e-01 7.874007874011811070e-02 5.771069120000001032e-13 1.000000000000000000e+02
1.036368000000000000e+07 2.891650280000000000e+08 5.416081745370370481e+04 3.277777777777775015e-01 4.800000000000000000e+01 4.799999999999999822e-01 6.928203230275509217e-02 4.467924480000000213e-13 1.000000000000000000e+02
1.036378000000000000e+07 2.891651280000000000e+08 5.416081861111111357e+04 3.279063786008222792e-01 6.900000000000000000e+01 6.899999999999999467e-01 8.306623862918074974e-02 6.422641439999999928e-13 1.000000000000000000e+02
1.036388000000000000e+07 2.891652280000000000e+08 5.416081976851851505e+04 3.280349794238688332e-01 6.300000000000000000e+01 6.300000000000000044e-01 7.937253933193771926e-02 5.864150880000000153e-13 1.000000000000000000e+02
1.036398000000000000e+07 2.891653280000000000e+08 5.416082092592592380e+04 3.281635802469136109e-01 4.500000000000000000e+01 4.500000000000000111e-01 6.708203932499369471e-02 4.188679200000000326e-13 1.000000000000000000e+02
1.036408000000000000e+07 2.891654280000000000e+08 5.416082208333333256e+04 3.282921810699583887e-01 6.200000000000000000e+01 6.199999999999999956e-01 7.874007874011811070e-02 5.771069120000001032e-13 1.000000000000000000e+02
1.036418000000000000e+07 2.891655280000000000e+08 5.416082324074074131e+04 3.284207818930049427e-01 5.200000000000000000e+01 5.200000000000000178e-01 7.211102550927978028e-02 4.840251520000000736e-13 1.000000000000000000e+02
1.036428000000000000e+07 2.891656280000000000e+08 5.416082439814815007e+04 3.285493827160497204e-01 5.000000000000000000e+01 5.000000000000000000e-01 7.071067811865475172e-02 4.654088000000000474e-13 1.000000000000000000e+02
1.036438000000000000e+07 2.891657280000000000e+08 5.416082555555555882e+04 3.286779835390944982e-01 5.700000000000000000e+01 5.699999999999999512e-01 7.549834435270749711e-02 5.305660320000000379e-13 1.000000000000000000e+02
1.036448000000000000e+07 2.891658280000000000e+08 5.416082671296296030e+04 3.288065843621392759e-01 5.900000000000000000e+01 5.899999999999999689e-01 7.681145747868607654e-02 5.491823840000000640e-13 1.000000000000000000e+02
1.036458000000000000e+07 2.891659280000000000e+08 5.416082787037036906e+04 3.289351851851858299e-01 4.600000000000000000e+01 4.600000000000000200e-01 6.782329983125268136e-02 4.281760960000000457e-13 1.000000000000000000e+02
1.036468000000000000e+07 2.891660280000000000e+08 5.416082902777777781e+04 3.290637860082306076e-01 5.200000000000000000e+01 5.200000000000000178e-01 7.211102550927978028e-02 4.840251520000000736e-13 1.000000000000000000e+02
1.036478000000000000e+07 2.891661280000000000e+08 5.416083018518518656e+04 3.291923868312753854e-01 5.200000000000000000e+01 5.200000000000000178e-01 7.211102550927978028e-02 4.840251520000000736e-13 1.000000000000000000e+02
1.036488000000000000e+07 2.891662280000000000e+08 5.416083134259259532e+04 3.293209876543201631e-01 6.200000000000000000e+01 6.199999999999999956e-01 7.874007874011811070e-02 5.771069120000001032e-13 1.000000000000000000e+02
1.036498000000000000e+07 2.891663280000000000e+08 5.416083249999999680e+04 3.294495884773667171e-01 5.400000000000000000e+01 5.400000000000000355e-01 7.348469228349534255e-02 5.026415040000000997e-13 1.000000000000000000e+02
1.036508000000000000e+07 2.891664280000000000e+08 5.416083365740740555e+04 3.295781893004114949e-01 5.300000000000000000e+01 5.300000000000000266e-01 7.280109889280518554e-02 4.933333280000000866e-13 1.000000000000000000e+02
1.036518000000000000e+07 2.891665280000000000e+08 5.416083481481481431e+04 3.297067901234562726e-01 5.900000000000000000e+01 5.899999999999999689e-01 7.681145747868607654e-02 5.491823840000000640e-13 1.000000000000000000e+02
1.036528000000000000e+07 2.891666280000000000e+08 5.416083597222222306e+04 3.298353909465028266e-01 6.400000000000000000e+01 6.400000000000000133e-01 8.000000000000000167e-02 5.957232640000000284e-13 1.000000000000000000e+02
1.036538000000000000e+07 2.891667280000000000e+08 5.416083712962963182e+04 3.299639917695476043e-01 5.700000000000000000e+01 5.699999999999999512e-01 7.549834435270749711e-02 5.305660320000000379e-13 1.000000000000000000e+02
1.036548000000000000e+07 2.891668280000000000e+08 5.416083828703704057e+04 3.300925925925923821e-01 5.600000000000000000e+01 5.600000000000000533e-01 7.483314773547883325e-02 5.212578560000001258e-13 1.000000000000000000e+02
1.036558000000000000e+07 2.891669280000000000e+08 5.416083944444444205e+04 3.302211934156371598e-01 6.100000000000000000e+01 6.099999999999999867e-01 7.810249675906653921e-02 5.677987360000000902e-13 1.000000000000000000e+02
1.036568000000000000e+07 2.891670280000000000e+08 5.416084060185185081e+04 3.303497942386837138e-01 4.500000000000000000e+01 4.500000000000000111e-01 6.708203932499369471e-02 4.188679200000000326e-13 1.000000000000000000e+02
1.036578000000000000e+07 2.891671280000000000e+08 5.416084175925925956e+04 3.304783950617284916e-01 5.600000000000000000e+01 5.600000000000000533e-01 7.483314773547883325e-02 5.212578560000001258e-13 1.000000000000000000e+02
1.036588000000000000e+07 2.891672280000000000e+08 5.416084291666666832e+04 3.306069958847732693e-01 5.800000000000000000e+01 5.799999999999999600e-01 7.615773105863908599e-02 5.398742080000000510e-13 1.000000000000000000e+02
1.036598000000000000e+07 2.891673280000000000e+08 5.416084407407407707e+04 3.307355967078180470e-01 4.000000000000000000e+01 4.000000000000000222e-01 6.324555320336759656e-02 3.723270400000000682e-13 1.000000000000000000e+02
1.036608000000000000e+07 2.891674280000000000e+08 5.416084523148147855e+04 3.308641975308646010e-01 6.000000000000000000e+01 5.999999999999999778e-01 7.745966692414833765e-02 5.584905600000000771e-13 1.000000000000000000e+02
1.036618000000000000e+07 2.891675280000000000e+08 5.416084638888888730e+04 3.309927983539093788e-01 6.000000000000000000e+01 5.999999999999999778e-01 7.745966692414833765e-02 5.584905600000000771e-13 1.000000000000000000e+02
1.036628000000000000e+07 2.891676280000000000e+08 5.416084754629629606e+04 3.311213991769541565e-01 5.400000000000000000e+01 5.400000000000000355e-01 7.348469228349534255e-02 5.026415040000000997e-13 1.000000000000000000e+02
1.036638000000000000e+07 2.891677280000000000e+08 5.416084870370370481e+04 3.312500000000007105e-01 5.800000000000000000e+01 5.799999999999999600e-01 7.615773105863908599e-02 5.398742080000000510e-13 1.000000000000000000e+02
1.036648000000000000e+07 2.891678280000000000e+08 5.416084986111111357e+04 3.313786008230454883e-01 4.000000000000000000e+01 4.000000000000000222e-01 6.324555320336759656e-02 3.723270400000000682e-13 1.000000000000000000e+02
1.036658000000000000e+07 2.891679280000000000e+08 5.416085101851851505e+04 3.315072016460902660e-01 4.500000000000000000e+01 4.500000000000000111e-01 6.708203932499369471e-02 4.188679200000000326e-13 1.000000000000000000e+02
1.036668000000000000e+07 2.891680280000000000e+08 5.416085217592592380e+04 3.316358024691350437e-01 6.200000000000000000e+01 6.199999999999999956e-01 7.874007874011811070e-02 5.771069120000001032e-13 1.000000000000000000e+02
1.036678000000000000e+07 2.891681280000000000e+08 5.416085333333333256e+04 3.317644032921815977e-01 6.700000000000000000e+01 6.700000000000000400e-01 8.185352771872450584e-02 6.236477920000000676e-13 1.000000000000000000e+02
1.036688000000000000e+07 2.891682280000000000e+08 5.416085449074074131e+04 3.318930041152263755e-01 4.300000000000000000e+01 4.299999999999999933e-01 6.557438524302000582e-02 4.002515680000000569e-13 1.000000000000000000e+02
1.036698000000000000e+07 2.891683280000000000e+08 5.416085564814815007e+04 3.320216049382711532e-01 6.300000000000000000e+01 6.300000000000000044e-01 7.937253933193771926e-02 5.864150880000000153e-13 1.000000000000000000e+02
1.036708000000000000e+07 2.891684280000000000e+08 5.416085680555555882e+04 3.321502057613177072e-01 5.800000000000000000e+01 5.799999999999999600e-01 7.615773105863908599e-02 5.398742080000000510e-13 1.000000000000000000e+02
1.036718000000000000e+07 2.891685280000000000e+08 5.416085796296296030e+04 3.322788065843624850e-01 5.300000000000000000e+01 5.300000000000000266e-01 7.280109889280518554e-02 4.933333280000000866e-13 1.000000000000000000e+02
1.036728000000000000e+07 2.891686280000000000e+08 5.416085912037036906e+04 3.324074074074072627e-01 6.600000000000000000e+01 6.600000000000000311e-01 8.124038404635960942e-02 6.143396160000000545e-13 1.000000000000000000e+02
1.036738000000000000e+07 2.891687280000000000e+08 5.416086027777777781e+04 3.325360082304520404e-01 5.400000000000000000e+01 5.400000000000000355e-01 7.348469228349534255e-02 5.026415040000000997e-13 1.000000000000000000e+02
1.036748000000000000e+07 2.891688280000000000e+08 5.416086143518518656e+04 3.326646090534985944e-01 4.900000000000000000e+01 4.899999999999999911e-01 7.000000000000000666e-02 4.561006240000000344e-13 1.000000000000000000e+02
1.036758000000000000e+07 2.891689280000000000e+08 5.416086259259259532e+04 3.327932098765433722e-01 6.100000000000000000e+01 6.099999999999999867e-01 7.810249675906653921e-02 5.677987360000000902e-13 1.000000000000000000e+02
1.036768000000000000e+07 2.891690280000000000e+08 5.416086374999999680e+04 3.329218106995881499e-01 4.300000000000000000e+01 4.299999999999999933e-01 6.557438524302000582e-02 4.002515680000000569e-13 1.000000000000000000e+02
1.036778000000000000e+07 2.891691280000000000e+08 5.416086490740740555e+04 3.330504115226329276e-01 5.100000000000000000e+01 5.100000000000000089e-01 7.141428428542850870e-02 4.747169760000000605e-13 1.000000000000000000e+02
1.036788000000000000e+07 2.891692280000000000e+08 5.416086606481481431e+04 3.331790123456794817e-01 4.600000000000000000e+01 4.600000000000000200e-01 6.782329983125268136e-02 4.281760960000000457e-13 1.000000000000000000e+02
1.036798000000000000e+07 2.891693280000000000e+08 5.416086722222222306e+04 3.333076131687242594e-01 5.400000000000000000e+01 5.400000000000000355e-01 7.348469228349534255e-02 5.026415040000000997e-13 1.000000000000000000e+02
1.036808000000000000e+07 2.891694280000000000e+08 5.416086837962963182e+04 3.334362139917690371e-01 3.400000000000000000e+01 3.400000000000000244e-01 5.830951894845300826e-02 3.164779840000000403e-13 1.000000000000000000e+02
1.036818000000000000e+07 2.891695280000000000e+08 5.416086953703704057e+04 3.335648148148155911e-01 5.500000000000000000e+01 5.500000000000000444e-01 7.416198487095662650e-02 5.119496800000001128e-13 1.000000000000000000e+02
1.037128000000000000e+07 2.891726280000000000e+08 5.416090541666666832e+04 3.375514403292179111e-01 5.900000000000000000e+01 5.899999999999999689e-01 7.681145747868607654e-02 5.491823840000000640e-13 1.000000000000000000e+02
1.037138000000000000e+07 2.891727280000000000e+08 5.416090657407407707e+04 3.376800411522626888e-01 6.200000000000000000e+01 6.199999999999999956e-01 7.874007874011811070e-02 5.771069120000001032e-13 1.000000000000000000e+02
1.037148000000000000e+07 2.891728280000000000e+08 5.416090773148147855e+04 3.378086419753092429e-01 5.200000000000000000e+01 5.200000000000000178e-01 7.211102550927978028e-02 4.840251520000000736e-13 1.000000000000000000e+02
1.037158000000000000e+07 2.891729280000000000e+08 5.416090888888888730e+04 3.379372427983540206e-01 4.400000000000000000e+01 4.400000000000000022e-01 6.633249580710799675e-02 4.095597440000000195e-13 1.000000000000000000e+02
1.037168000000000000e+07 2.891730280000000000e+08 5.416091004629629606e+04 3.380658436213987983e-01 5.500000000000000000e+01 5.500000000000000444e-01 7.416198487095662650e-02 5.119496800000001128e-13 1.000000000000000000e+02
1.037178000000000000e+07 2.891731280000000000e+08 5.416091120370370481e+04 3.381944444444435760e-01 5.700000000000000000e+01 5.699999999999999512e-01 7.549834435270749711e-02 5.305660320000000379e-13 1.000000000000000000e+02
1.037188000000000000e+07 2.891732280000000000e+08 5.416091236111111357e+04 3.383230452674901301e-01 5.500000000000000000e+01 5.500000000000000444e-01 7.416198487095662650e-02 5.119496800000001128e-13 1.000000000000000000e+02
1.037198000000000000e+07 2.891733280000000000e+08 5.416091351851851505e+04 3.384516460905349078e-01 5.200000000000000000e+01 5.200000000000000178e-01 7.211102550927978028e-02 4.840251520000000736e-13 1.000000000000000000e+02
1.037208000000000000e+07 2.891734280000000000e+08 5.416091467592592380e+04 3.385802469135796855e-01 5.900000000000000000e+01 5.899999999999999689e-01 7.681145747868607654e-02 5.491823840000000640e-13 1.000000000000000000e+02
1.037218000000000000e+07 2.891735280000000000e+08 5.416091583333333256e+04 3.387088477366262396e-01 4.800000000000000000e+01 4.799999999999999822e-01 6.928203230275509217e-02 4.467924480000000213e-13 1.000000000000000000e+02
1.037228000000000000e+07 2.891736280000000000e+08 5.416091699074074131e+04 3.388374485596710173e-01 5.600000000000000000e+01 5.600000000000000533e-01 7.483314773547883325e-02 5.212578560000001258e-13 1.000000000000000000e+02
1.037238000000000000e+07 2.891737280000000000e+08 5.416091814814815007e+04 3.389660493827157950e-01 4.200000000000000000e+01 4.199999999999999845e-01 6.480740698407860823e-02 3.909433920000000439e-13 1.000000000000000000e+02
1.037248000000000000e+07 2.891738280000000000e+08 5.416091930555555882e+04 3.390946502057605727e-01 5.700000000000000000e+01 5.699999999999999512e-01 7.549834435270749711e-02 5.305660320000000379e-13 1.000000000000000000e+02
1.037258000000000000e+07 2.891739280000000000e+08 5.416092046296296030e+04 3.392232510288071268e-01 4.800000000000000000e+01 4.799999999999999822e-01 6.928203230275509217e-02 4.467924480000000213e-13 1.000000000000000000e+02
1.037268000000000000e+07 2.891740280000000000e+08 5.416092162037036906e+04 3.393518518518519045e-01 6.600000000000000000e+01 6.600000000000000311e-01 8.124038404635960942e-02 6.143396160000000545e-13 1.000000000000000000e+02
1.037278000000000000e+07 2.891741280000000000e+08 5.416092277777777781e+04 3.394804526748966822e-01 4.300000000000000000e+01 4.299999999999999933e-01 6.557438524302000582e-02 4.002515680000000569e-13 1.000000000000000000e+02
1.037288000000000000e+07 2.891742280000000000e+08 5.416092393518518656e+04 3.396090534979432363e-01 4.800000000000000000e+01 4.799999999999999822e-01 6.928203230275509217e-02 4.467924480000000213e-13 1.000000000000000000e+02
1.037298000000000000e+07 2.891743280000000000e+08 5.416092509259259532e+04 3.397376543209880140e-01 4.400000000000000000e+01 4.400000000000000022e-01 6.633249580710799675e-02 4.095597440000000195e-13 1.000000000000000000e+02
1.037308000000000000e+07 2.891744280000000000e+08 5.416092624999999680e+04 3.398662551440327917e-01 5.400000000000000000e+01 5.400000000000000355e-01 7.348469228349534255e-02 5.026415040000000997e-13 1.000000000000000000e+02
1.037318000000000000e+07 2.891745280000000000e+08 5.416092740740740555e+04 3.399948559670775694e-01 4.900000000000000000e+01 4.899999999999999911e-01 7.000000000000000666e-02 4.561006240000000344e-13 1.000000000000000000e+02
1.037328000000000000e+07 2.891746280000000000e+08 5.416092856481481431e+04 3.401234567901241235e-01 4.600000000000000000e+01 4.600000000000000200e-01 6.782329983125268136e-02 4.281760960000000457e-13 1.000000000000000000e+02
1.037338000000000000e+07 2.891747280000000000e+08 5.416092972222222306e+04 3.402520576131689012e-01 5.800000000000000000e+01 5.799999999999999600e-01 7.615773105863908599e-02 5.398742080000000510e-13 1.000000000000000000e+02
1.037348000000000000e+07 2.891748280000000000e+08 5.416093087962963182e+04 3.403806584362136789e-01 7.100000000000000000e+01 7.099999999999999645e-01 8.426149773176358493e-02 6.608804960000000189e-13 1.000000000000000000e+02
1.037358000000000000e+07 2.891749280000000000e+08 5.416093203703704057e+04 3.405092592592584566e-01 6.200000000000000000e+01 6.199999999999999956e-01 7.874007874011811070e-02 5.771069120000001032e-13 1.000000000000000000e+02
1.037368000000000000e+07 2.891750280000000000e+08 5.416093319444444205e+04 3.406378600823050107e-01 4.000000000000000000e+01 4.000000000000000222e-01 6.324555320336759656e-02 3.723270400000000682e-13 1.000000000000000000e+02
1.037378000000000000e+07 2.891751280000000000e+08 5.416093435185185081e+04 3.407664609053497884e-01 5.700000000000000000e+01 5.699999999999999512e-01 7.549834435270749711e-02 5.305660320000000379e-13 1.000000000000000000e+02
1.037388000000000000e+07 2.891752280000000000e+08 5.416093550925925956e+04 3.408950617283945661e-01 4.900000000000000000e+01 4.899999999999999911e-01 7.000000000000000666e-02 4.561006240000000344e-13 1.000000000000000000e+02
1.037398000000000000e+07 2.891753280000000000e+08 5.416093666666666832e+04 3.410236625514411202e-01 4.600000000000000000e+01 4.600000000000000200e-01 6.782329983125268136e-02 4.281760960000000457e-13 1.000000000000000000e+02
1.037408000000000000e+07 2.891754280000000000e+08 5.416093782407407707e+04 3.411522633744858979e-01 5.000000000000000000e+01 5.000000000000000000e-01 7.071067811865475172e-02 4.654088000000000474e-13 1.000000000000000000e+02
1.037418000000000000e+07 2.891755280000000000e+08 5.416093898148147855e+04 3.412808641975306756e-01 4.900000000000000000e+01 4.899999999999999911e-01 7.000000000000000666e-02 4.561006240000000344e-13 1.000000000000000000e+02
1.037428000000000000e+07 2.891756280000000000e+08 5.416094013888888730e+04 3.414094650205754533e-01 4.300000000000000000e+01 4.299999999999999933e-01 6.557438524302000582e-02 4.002515680000000569e-13 1.000000000000000000e+02
1.037438000000000000e+07 2.891757280000000000e+08 5.416094129629629606e+04 3.415380658436220074e-01 4.600000000000000000e+01 4.600000000000000200e-01 6.782329983125268136e-02 4.281760960000000457e-13 1.000000000000000000e+02
1.037448000000000000e+07 2.891758280000000000e+08 5.416094245370370481e+04 3.416666666666667851e-01 5.900000000000000000e+01 5.899999999999999689e-01 7.681145747868607654e-02 5.491823840000000640e-13 1.000000000000000000e+02
1.037458000000000000e+07 2.891759280000000000e+08 5.416094361111111357e+04 3.417952674897115628e-01 5.100000000000000000e+01 5.100000000000000089e-01 7.141428428542850870e-02 4.747169760000000605e-13 1.000000000000000000e+02
1.037468000000000000e+07 2.891760280000000000e+08 5.416094476851851505e+04 3.419238683127563405e-01 4.500000000000000000e+01 4.500000000000000111e-01 6.708203932499369471e-02 4.188679200000000326e-13 1.000000000000000000e+02
1.037478000000000000e+07 2.891761280000000000e+08 5.416094592592592380e+04 3.420524691358028946e-01 6.000000000000000000e+01 5.999999999999999778e-01 7.745966692414833765e-02 5.584905600000000771e-13 1.000000000000000000e+02
1.037488000000000000e+07 2.891762280000000000e+08 5.416094708333333256e+04 3.421810699588476723e-01 4.800000000000000000e+01 4.799999999999999822e-01 6.928203230275509217e-02 4.467924480000000213e-13 1.000000000000000000e+02
1.037498000000000000e+07 2.891763280000000000e+08 5.416094824074074131e+04 3.423096707818924500e-01 4.900000000000000000e+01 4.899999999999999911e-01 7.000000000000000666e-02 4.561006240000000344e-13 1.000000000000000000e+02
1.037508000000000000e+07 2.891764280000000000e+08 5.416094939814815007e+04 3.424382716049390041e-01 4.400000000000000000e+01 4.400000000000000022e-01 6.633249580710799675e-02 4.095597440000000195e-13 1.000000000000000000e+02
1.037518000000000000e+07 2.891765280000000000e+08 5.416095055555555882e+04 3.425668724279837818e-01 5.200000000000000000e+01 5.200000000000000178e-01 7.211102550927978028e-02 4.840251520000000736e-13 1.000000000000000000e+02
1.037528000000000000e+07 2.891766280000000000e+08 5.416095171296296030e+04 3.426954732510285595e-01 5.200000000000000000e+01 5.200000000000000178e-01 7.211102550927978028e-02 4.840251520000000736e-13 1.000000000000000000e+02
1.037538000000000000e+07 2.891767280000000000e+08 5.416095287037036906e+04 3.428240740740733372e-01 5.400000000000000000e+01 5.400000000000000355e-01 7.348469228349534255e-02 5.026415040000000997e-13 1.000000000000000000e+02
1.037548000000000000e+07 2.891768280000000000e+08 5.416095402777777781e+04 3.429526748971198913e-01 5.300000000000000000e+01 5.300000000000000266e-01 7.280109889280518554e-02 4.933333280000000866e-13 1.000000000000000000e+02
1.037558000000000000e+07 2.891769280000000000e+08 5.416095518518518656e+04 3.430812757201646690e-01 6.100000000000000000e+01 6.099999999999999867e-01 7.810249675906653921e-02 5.677987360000000902e-13 1.000000000000000000e+02
1.037568000000000000e+07 2.891770280000000000e+08 5.416095634259259532e+04 3.432098765432094467e-01 6.700000000000000000e+01 6.700000000000000400e-01 8.185352771872450584e-02 6.236477920000000676e-13 1.000000000000000000e+02
1.037578000000000000e+07 2.891771280000000000e+08 5.416095749999999680e+04 3.433384773662560008e-01 6.100000000000000000e+01 6.099999999999999867e-01 7.810249675906653921e-02 5.677987360000000902e-13 1.000000000000000000e+02
1.037588000000000000e+07 2.891772280000000000e+08 5.416095865740740555e+04 3.434670781893007785e-01 6.600000000000000000e+01 6.600000000000000311e-01 8.124038404635960942e-02 6.143396160000000545e-13 1.000000000000000000e+02
1.037598000000000000e+07 2.891773280000000000e+08 5.416095981481481431e+04 3.435956790123455562e-01 3.900000000000000000e+01 3.900000000000000133e-01 6.244997998398398031e-02 3.630188640000000552e-13 1.000000000000000000e+02
1.037608000000000000e+07 2.891774280000000000e+08 5.416096097222222306e+04 3.437242798353903339e-01 6.400000000000000000e+01 6.400000000000000133e-01 8.000000000000000167e-02 5.957232640000000284e-13 1.000000000000000000e+02
1.037618000000000000e+07 2.891775280000000000e+08 5.416096212962963182e+04 3.438528806584368880e-01 4.700000000000000000e+01 4.699999999999999734e-01 6.855654600401044074e-02 4.374842720000000082e-13 1.000000000000000000e+02
1.037628000000000000e+07 2.891776280000000000e+08 5.416096328703704057e+04 3.439814814814816657e-01 5.700000000000000000e+01 5.699999999999999512e-01 7.549834435270749711e-02 5.305660320000000379e-13 1.000000000000000000e+02
1.037638000000000000e+07 2.891777280000000000e+08 5.416096444444444205e+04 3.441100823045264434e-01 5.700000000000000000e+01 5.699999999999999512e-01 7.549834435270749711e-02 5.305660320000000379e-13 1.000000000000000000e+02
1.037648000000000000e+07 2.891778280000000000e+08 5.416096560185185081e+04 3.442386831275712211e-01 4.900000000000000000e+01 4.899999999999999911e-01 7.000000000000000666e-02 4.561006240000000344e-13 1.000000000000000000e+02
1.037658000000000000e+07 2.891779280000000000e+08 5.416096675925925956e+04 3.443672839506177752e-01 5.800000000000000000e+01 5.799999999999999600e-01 7.615773105863908599e-02 5.398742080000000510e-13 1.000000000000000000e+02
1.037668000000000000e+07 2.891780280000000000e+08 5.416096791666666832e+04 3.444958847736625529e-01 5.000000000000000000e+01 5.000000000000000000e-01 7.071067811865475172e-02 4.654088000000000474e-13 1.000000000000000000e+02
1.037678000000000000e+07 2.891781280000000000e+08 5.416096907407407707e+04 3.446244855967073306e-01 5.900000000000000000e+01 5.899999999999999689e-01 7.681145747868607654e-02 5.491823840000000640e-13 1.000000000000000000e+02
1.037688000000000000e+07 2.891782280000000000e+08 5.416097023148147855e+04 3.447530864197538847e-01 5.800000000000000000e+01 5.799999999999999600e-01 7.615773105863908599e-02 5.398742080000000510e-13 1.000000000000000000e+02
1.037698000000000000e+07 2.891783280000000000e+08 5.416097138888888730e+04 3.448816872427986624e-01 5.200000000000000000e+01 5.200000000000000178e-01 7.211102550927978028e-02 4.840251520000000736e-13 1.000000000000000000e+02
1.037708000000000000e+07 2.891784280000000000e+08 5.416097254629629606e+04 3.450102880658434401e-01 6.300000000000000000e+01 6.300000000000000044e-01 7.937253933193771926e-02 5.864150880000000153e-13 1.000000000000000000e+02
1.037718000000000000e+07 2.891785280000000000e+08 5.416097370370370481e+04 3.451388888888882178e-01 4.900000000000000000e+01 4.899999999999999911e-01 7.000000000000000666e-02 4.561006240000000344e-13 1.000000000000000000e+02
1.037728000000000000e+07 2.891786280000000000e+08 5.416097486111111357e+04 3.452674897119347719e-01 5.200000000000000000e+01 5.200000000000000178e-01 7.211102550927978028e-02 4.840251520000000736e-13 1.000000000000000000e+02
1.037738000000000000e+07 2.891787280000000000e+08 5.416097601851851505e+04 3.453960905349795496e-01 5.700000000000000000e+01 5.699999999999999512e-01 7.549834435270749711e-02 5.305660320000000379e-13 1.000000000000000000e+02
1.037748000000000000e+07 2.891788280000000000e+08 5.416097717592592380e+04 3.455246913580243273e-01 5.400000000000000000e+01 5.400000000000000355e-01 7.348469228349534255e-02 5.026415040000000997e-13 1.000000000000000000e+02
1.037758000000000000e+07 2.891789280000000000e+08 5.416097833333333256e+04 3.456532921810691050e-01 5.300000000000000000e+01 5.300000000000000266e-01 7.280109889280518554e-02 4.933333280000000866e-13 1.000000000000000000e+02
1.037768000000000000e+07 2.891790280000000000e+08 5.416097949074074131e+04 3.457818930041156591e-01 4.700000000000000000e+01 4.699999999999999734e-01 6.855654600401044074e-02 4.374842720000000082e-13 1.000000000000000000e+02
1.037778000000000000e+07 2.891791280000000000e+08 5.416098064814815007e+04 3.459104938271604368e-01 5.500000000000000000e+01 5.500000000000000444e-01 7.416198487095662650e-02 5.119496800000001128e-13 1.000000000000000000e+02
1.037788000000000000e+07 2.891792280000000000e+08 5.416098180555555882e+04 3.460390946502052145e-01 6.300000000000000000e+01 6.300000000000000044e-01 7.937253933193771926e-02 5.864150880000000153e-13 1.000000000000000000e+02
1.037798000000000000e+07 2.891793280000000000e+08 5.416098296296296030e+04 3.461676954732517686e-01 4.800000000000000000e+01 4.799999999999999822e-01 6.928203230275509217e-02 4.467924480000000213e-13 1.000000000000000000e+02
1.037808000000000000e+07 2.891794280000000000e+08 5.416098412037036906e+04 3.462962962962965463e-01 4.800000000000000000e+01 4.799999999999999822e-01 6.928203230275509217e-02 4.467924480000000213e-13 1.000000000000000000e+02
1.037818000000000000e+07 2.891795280000000000e+08 5.416098527777777781e+04 3.464248971193413240e-01 6.400000000000000000e+01 6.400000000000000133e-01 8.000000000000000167e-02 5.957232640000000284e-13 1.000000000000000000e+02
1.037828000000000000e+07 2.891796280000000000e+08 5.416098643518518656e+04 3.465534979423861017e-01 5.700000000000000000e+01 5.699999999999999512e-01 7.549834435270749711e-02 5.305660320000000379e-13 1.000000000000000000e+02
1.037838000000000000e+07 2.891797280000000000e+08 5.416098759259259532e+04 3.466820987654326558e-01 4.900000000000000000e+01 4.899999999999999911e-01 7.000000000000000666e-02 4.561006240000000344e-13 1.000000000000000000e+02
1.037848000000000000e+07 2.891798280000000000e+08 5.416098874999999680e+04 3.468106995884774335e-01 5.200000000000000000e+01 5.200000000000000178e-01 7.211102550927978028e-02 4.840251520000000736e-13 1.000000000000000000e+02
1.037858000000000000e+07 2.891799280000000000e+08 5.416098990740740555e+04 3.469393004115222112e-01 4.500000000000000000e+01 4.500000000000000111e-01 6.708203932499369471e-02 4.188679200000000326e-13 1.000000000000000000e+02
1.037868000000000000e+07 2.891800280000000000e+08 5.416099106481481431e+04 3.470679012345687653e-01 6.000000000000000000e+01 5.999999999999999778e-01 7.745966692414833765e-02 5.584905600000000771e-13 1.000000000000000000e+02
1.037878000000000000e+07 2.891801280000000000e+08 5.416099222222222306e+04 3.471965020576135430e-01 4.600000000000000000e+01 4.600000000000000200e-01 6.782329983125268136e-02 4.281760960000000457e-13 1.000000000000000000e+02
1.037888000000000000e+07 2.891802280000000000e+08 5.416099337962963182e+04 3.473251028806583207e-01 3.700000000000000000e+01 3.699999999999999956e-01 6.082762530298219117e-02 3.444025120000000290e-13 1.000000000000000000e+02
1.037898000000000000e+07 2.891803280000000000e+08 5.416099453703704057e+04 3.474537037037030984e-01 5.900000000000000000e+01 5.899999999999999689e-01 7.681145747868607654e-02 5.491823840000000640e-13 1.000000000000000000e+02
1.037908000000000000e+07 2.891804280000000000e+08 5.416099569444444205e+04 3.475823045267496525e-01 5.700000000000000000e+01 5.699999999999999512e-01 7.549834435270749711e-02 5.305660320000000379e-13 1.000000000000000000e+02
1.037918000000000000e+07 2.891805280000000000e+08 5.416099685185185081e+04 3.477109053497944302e-01 4.100000000000000000e+01 4.099999999999999756e-01 6.403124237432848698e-02 3.816352160000000308e-13 1.000000000000000000e+02
1.037928000000000000e+07 2.891806280000000000e+08 5.416099800925925956e+04 3.478395061728392079e-01 4.600000000000000000e+01 4.600000000000000200e-01 6.782329983125268136e-02 4.281760960000000457e-13 1.000000000000000000e+02
1.037938000000000000e+07 2.891807280000000000e+08 5.416099916666666832e+04 3.479681069958839856e-01 4.500000000000000000e+01 4.500000000000000111e-01 6.708203932499369471e-02 4.188679200000000326e-13 1.000000000000000000e+02
1.037948000000000000e+07 2.891808280000000000e+08 5.416100032407407707e+04 3.480967078189305397e-01 4.200000000000000000e+01 4.199999999999999845e-01 6.480740698407860823e-02 3.909433920000000439e-13 1.000000000000000000e+02
1.037958000000000000e+07 2.891809280000000000e+08 5.416100148148147855e+04 3.482253086419753174e-01 5.700000000000000000e+01 5.699999999999999512e-01 7.549834435270749711e-02 5.305660320000000379e-13 1.000000000000000000e+02
1.037968000000000000e+07 2.891810280000000000e+08 5.416100263888888730e+04 3.483539094650200951e-01 5.000000000000000000e+01 5.000000000000000000e-01 7.071067811865475172e-02 4.654088000000000474e-13 1.000000000000000000e+02
1.037978000000000000e+07 2.891811280000000000e+08 5.416100379629629606e+04 3.484825102880666492e-01 3.800000000000000000e+01 3.800000000000000044e-01 6.164414002968975764e-02 3.537106880000000421e-13 1.000000000000000000e+02
1.037988000000000000e+07 2.891812280000000000e+08 5.416100495370370481e+04 3.486111111111114269e-01 5.200000000000000000e+01 5.200000000000000178e-01 7.211102550927978028e-02 4.840251520000000736e-13 1.000000000000000000e+02
1.037998000000000000e+07 2.891813280000000000e+08 5.416100611111111357e+04 3.487397119341562046e-01 5.200000000000000000e+01 5.200000000000000178e-01 7.211102550927978028e-02 4.840251520000000736e-13 1.000000000000000000e+02
1.038008000000000000e+07 2.891814280000000000e+08 5.416100726851851505e+04 3.488683127572009823e-01 3.900000000000000000e+01 3.900000000000000133e-01 6.244997998398398031e-02 3.630188640000000552e-13 1.000000000000000000e+02
1.038018000000000000e+07 2.891815280000000000e+08 5.416100842592592380e+04 3.489969135802475364e-01 5.600000000000000000e+01 5.600000000000000533e-01 7.483314773547883325e-02 5.212578560000001258e-13 1.000000000000000000e+02
1.038028000000000000e+07 2.891816280000000000e+08 5.416100958333333256e+04 3.491255144032923141e-01 6.100000000000000000e+01 6.099999999999999867e-01 7.810249675906653921e-02 5.677987360000000902e-13 1.000000000000000000e+02
1.038038000000000000e+07 2.891817280000000000e+08 5.416101074074074131e+04 3.492541152263370918e-01 4.000000000000000000e+01 4.000000000000000222e-01 6.324555320336759656e-02 3.723270400000000682e-13 1.000000000000000000e+02
1.038048000000000000e+07 2.891818280000000000e+08 5.416101189814815007e+04 3.493827160493818695e-01 5.100000000000000000e+01 5.100000000000000089e-01 7.141428428542850870e-02 4.747169760000000605e-13 1.000000000000000000e+02
1.038058000000000000e+07 2.891819280000000000e+08 5.416101305555555882e+04 3.495113168724284236e-01 5.300000000000000000e+01 5.300000000000000266e-01 7.280109889280518554e-02 4.933333280000000866e-13 1.000000000000000000e+02
1.038068000000000000e+07 2.891820280000000000e+08 5.416101421296296030e+04 3.496399176954732013e-01 4.400000000000000000e+01 4.400000000000000022e-01 6.633249580710799675e-02 4.095597440000000195e-13 1.000000000000000000e+02
1.038078000000000000e+07 2.891821280000000000e+08 5.416101537037036906e+04 3.497685185185179790e-01 4.700000000000000000e+01 4.699999999999999734e-01 6.855654600401044074e-02 4.374842720000000082e-13 1.000000000000000000e+02
1.038088000000000000e+07 2.891822280000000000e+08 5.416101652777777781e+04 3.498971193415645331e-01 4.400000000000000000e+01 4.400000000000000022e-01 6.633249580710799675e-02 4.095597440000000195e-13 1.000000000000000000e+02
1.038098000000000000e+07 2.891823280000000000e+08 5.416101768518518656e+04 3.500257201646093108e-01 5.200000000000000000e+01 5.200000000000000178e-01 7.211102550927978028e-02 4.840251520000000736e-13 1.000000000000000000e+02
1.038108000000000000e+07 2.891824280000000000e+08 5.416101884259259532e+04 3.501543209876540885e-01 7.000000000000000000e+01 6.999999999999999556e-01 8.366600265340755349e-02 6.515723200000000058e-13 1.000000000000000000e+02
1.038118000000000000e+07 2.891825280000000000e+08 5.416101999999999680e+04 3.502829218106988662e-01 6.100000000000000000e+01 6.099999999999999867e-01 7.810249675906653921e-02 5.677987360000000902e-13 1.000000000000000000e+02
1.038128000000000000e+07 2.891826280000000000e+08 5.416102115740740555e+04 3.504115226337454203e-01 7.500000000000000000e+01 7.500000000000000000e-01 8.660254037844387909e-02 6.981132000000000711e-13 1.000000000000000000e+02
1.038138000000000000e+07 2.891827280000000000e+08 5.416102231481481431e+04 3.505401234567901980e-01 5.200000000000000000e+01 5.200000000000000178e-01 7.211102550927978028e-02 4.840251520000000736e-13 1.000000000000000000e+02
1.038148000000000000e+07 2.891828280000000000e+08 5.416102347222222306e+04 3.506687242798349757e-01 5.100000000000000000e+01 5.100000000000000089e-01 7.141428428542850870e-02 4.747169760000000605e-13 1.000000000000000000e+02
1.038158000000000000e+07 2.891829280000000000e+08 5.416102462962963182e+04 3.507973251028815298e-01 5.000000000000000000e+01 5.000000000000000000e-01 7.071067811865475172e-02 4.654088000000000474e-13 1.000000000000000000e+02
1.038168000000000000e+07 2.891830280000000000e+08 5.416102578703704057e+04 3.509259259259263075e-01 5.300000000000000000e+01 5.300000000000000266e-01 7.280109889280518554e-02 4.933333280000000866e-13 1.000000000000000000e+02
1.038178000000000000e+07 2.891831280000000000e+08 5.416102694444444205e+04 3.510545267489710852e-01 4.600000000000000000e+01 4.600000000000000200e-01 6.782329983125268136e-02 4.281760960000000457e-13 1.000000000000000000e+02
1.038188000000000000e+07 2.891832280000000000e+08 5.416102810185185081e+04 3.511831275720158629e-01 5.200000000000000000e+01 5.200000000000000178e-01 7.211102550927978028e-02 4.840251520000000736e-13 1.000000000000000000e+02
1.038198000000000000e+07 2.891833280000000000e+08 5.416102925925925956e+04 3.513117283950624170e-01 4.600000000000000000e+01 4.600000000000000200e-01 6.782329983125268136e-02 4.281760960000000457e-13 1.000000000000000000e+02
1.038208000000000000e+07 2.891834280000000000e+08 5.416103041666666832e+04 3.514403292181071947e-01 4.200000000000000000e+01 4.199999999999999845e-01 6.480740698407860823e-02 3.909433920000000439e-13 1.000000000000000000e+02
1.038218000000000000e+07 2.891835280000000000e+08 5.416103157407407707e+04 3.515689300411519724e-01 5.900000000000000000e+01 5.899999999999999689e-01 7.681145747868607654e-02 5.491823840000000640e-13 1.000000000000000000e+02
1.038228000000000000e+07 2.891836280000000000e+08 5.416103273148147855e+04 3.516975308641967501e-01 7.100000000000000000e+01 7.099999999999999645e-01 8.426149773176358493e-02 6.608804960000000189e-13 1.000000000000000000e+02
1.038238000000000000e+07 2.891837280000000000e+08 5.416103388888888730e+04 3.518261316872433042e-01 5.000000000000000000e+01 5.000000000000000000e-01 7.071067811865475172e-02 4.654088000000000474e-13 1.000000000000000000e+02
1.038248000000000000e+07 2.891838280000000000e+08 5.416103504629629606e+04 3.519547325102880819e-01 4.100000000000000000e+01 4.099999999999999756e-01 6.403124237432848698e-02 3.816352160000000308e-13 1.000000000000000000e+02
1.038258000000000000e+07 2.891839280000000000e+08 5.416103620370370481e+04 3.520833333333328596e-01 5.500000000000000000e+01 5.500000000000000444e-01 7.416198487095662650e-02 5.119496800000001128e-13 1.000000000000000000e+02
1.038268000000000000e+07 2.891840280000000000e+08 5.416103736111111357e+04 3.522119341563794137e-01 5.700000000000000000e+01 5.699999999999999512e-01 7.549834435270749711e-02 5.305660320000000379e-13 1.000000000000000000e+02
1.038278000000000000e+07 2.891841280000000000e+08 5.416103851851851505e+04 3.523405349794241914e-01 5.200000000000000000e+01 5.200000000000000178e-01 7.211102550927978028e-02 4.840251520000000736e-13 1.000000000000000000e+02
1.038288000000000000e+07 2.891842280000000000e+08 5.416103967592592380e+04 3.524691358024689691e-01 6.600000000000000000e+01 6.600000000000000311e-01 8.124038404635960942e-02 6.143396160000000545e-13 1.000000000000000000e+02
1.038298000000000000e+07 2.891843280000000000e+08 5.416104083333333256e+04 3.525977366255137468e-01 5.300000000000000000e+01 5.300000000000000266e-01 7.280109889280518554e-02 4.933333280000000866e-13 1.000000000000000000e+02
1.038308000000000000e+07 2.891844280000000000e+08 5.416104199074074131e+04 3.527263374485603009e-01 4.900000000000000000e+01 4.899999999999999911e-01 7.000000000000000666e-02 4.561006240000000344e-13 1.000000000000000000e+02
1.038318000000000000e+07 2.891845280000000000e+08 5.416104314814815007e+04 3.528549382716050786e-01 4.900000000000000000e+01 4.899999999999999911e-01 7.000000000000000666e-02 4.561006240000000344e-13 1.000000000000000000e+02
1.038328000000000000e+07 2.891846280000000000e+08 5.416104430555555882e+04 3.529835390946498563e-01 5.300000000000000000e+01 5.300000000000000266e-01 7.280109889280518554e-02 4.933333280000000866e-13 1.000000000000000000e+02
1.038338000000000000e+07 2.891847280000000000e+08 5.416104546296296030e+04 3.531121399176946341e-01 5.400000000000000000e+01 5.400000000000000355e-01 7.348469228349534255e-02 5.026415040000000997e-13 1.000000000000000000e+02
1.038348000000000000e+07 2.891848280000000000e+08 5.416104662037036906e+04 3.532407407407411881e-01 5.600000000000000000e+01 5.600000000000000533e-01 7.483314773547883325e-02 5.212578560000001258e-13 1.000000000000000000e+02
1.038358000000000000e+07 2.891849280000000000e+08 5.416104777777777781e+04 3.533693415637859658e-01 6.000000000000000000e+01 5.999999999999999778e-01 7.745966692414833765e-02 5.584905600000000771e-13 1.000000000000000000e+02
1.038368000000000000e+07 2.891850280000000000e+08 5.416104893518518656e+04 3.534979423868307435e-01 6.200000000000000000e+01 6.199999999999999956e-01 7.874007874011811070e-02 5.771069120000001032e-13 1.000000000000000000e+02
1.038378000000000000e+07 2.891851280000000000e+08 5.416105009259259532e+04 3.536265432098772976e-01 5.700000000000000000e+01 5.699999999999999512e-01 7.549834435270749711e-02 5.305660320000000379e-13 1.000000000000000000e+02
1.038388000000000000e+07 2.891852280000000000e+08 5.416105124999999680e+04 3.537551440329220753e-01 5.800000000000000000e+01 5.799999999999999600e-01 7.615773105863908599e-02 5.398742080000000510e-13 1.000000000000000000e+02
1.038398000000000000e+07 2.891853280000000000e+08 5.416105240740740555e+04 3.538837448559668530e-01 4.600000000000000000e+01 4.600000000000000200e-01 6.782329983125268136e-02 4.281760960000000457e-13 1.000000000000000000e+02
1.038408000000000000e+07 2.891854280000000000e+08 5.416105356481481431e+04 3.540123456790116308e-01 4.100000000000000000e+01 4.099999999999999756e-01 6.403124237432848698e-02 3.816352160000000308e-13 1.000000000000000000e+02
1.038418000000000000e+07 2.891855280000000000e+08 5.416105472222222306e+04 3.541409465020581848e-01 4.600000000000000000e+01 4.600000000000000200e-01 6.782329983125268136e-02 4.281760960000000457e-13 1.000000000000000000e+02
1.038428000000000000e+07 2.891856280000000000e+08 5.416105587962963182e+04 3.542695473251029625e-01 5.300000000000000000e+01 5.300000000000000266e-01 7.280109889280518554e-02 4.933333280000000866e-13 1.000000000000000000e+02
1.038438000000000000e+07 2.891857280000000000e+08 5.416105703703704057e+04 3.543981481481477402e-01 4.600000000000000000e+01 4.600000000000000200e-01 6.782329983125268136e-02 4.281760960000000457e-13 1.000000000000000000e+02
1.038448000000000000e+07 2.891858280000000000e+08 5.416105819444444205e+04 3.545267489711942943e-01 4.600000000000000000e+01 4.600000000000000200e-01 6.782329983125268136e-02 4.281760960000000457e-13 1.000000000000000000e+02
1.038458000000000000e+07 2.891859280000000000e+08 5.416105935185185081e+04 3.546553497942390720e-01 4.200000000000000000e+01 4.199999999999999845e-01 6.480740698407860823e-02 3.909433920000000439e-13 1.000000000000000000e+02
1.038468000000000000e+07 2.891860280000000000e+08 5.416106050925925956e+04 3.547839506172838497e-01 4.100000000000000000e+01 4.099999999999999756e-01 6.403124237432848698e-02 3.816352160000000308e-13 1.000000000000000000e+02
1.038478000000000000e+07 2.891861280000000000e+08 5.416106166666666832e+04 3.549125514403286275e-01 3.900000000000000000e+01 3.900000000000000133e-01 6.244997998398398031e-02 3.630188640000000552e-13 1.000000000000000000e+02
1.038488000000000000e+07 2.891862280000000000e+08 5.416106282407407707e+04 3.550411522633751815e-01 6.600000000000000000e+01 6.600000000000000311e-01 8.124038404635960942e-02 6.143396160000000545e-13 1.000000000000000000e+02
1.038498000000000000e+07 2.891863280000000000e+08 5.416106398148147855e+04 3.551697530864199592e-01 4.000000000000000000e+01 4.000000000000000222e-01 6.324555320336759656e-02 3.723270400000000682e-13 1.000000000000000000e+02
1.038508000000000000e+07 2.891864280000000000e+08 5.416106513888888730e+04 3.552983539094647369e-01 5.400000000000000000e+01 5.400000000000000355e-01 7.348469228349534255e-02 5.026415040000000997e-13 1.000000000000000000e+02
1.038518000000000000e+07 2.891865280000000000e+08 5.416106629629629606e+04 3.554269547325095147e-01 4.500000000000000000e+01 4.500000000000000111e-01 6.708203932499369471e-02 4.188679200000000326e-13 1.000000000000000000e+02
1.038528000000000000e+07 2.891866280000000000e+08 5.416106745370370481e+04 3.555555555555560687e-01 3.400000000000000000e+01 3.400000000000000244e-01 5.830951894845300826e-02 3.164779840000000403e-13 1.000000000000000000e+02
1.038538000000000000e+07 2.891867280000000000e+08 5.416106861111111357e+04 3.556841563786008464e-01 5.300000000000000000e+01 5.300000000000000266e-01 7.280109889280518554e-02 4.933333280000000866e-13 1.000000000000000000e+02
1.038548000000000000e+07 2.891868280000000000e+08 5.416106976851851505e+04 3.558127572016456241e-01 5.200000000000000000e+01 5.200000000000000178e-01 7.211102550927978028e-02 4.840251520000000736e-13 1.000000000000000000e+02
1.038558000000000000e+07 2.891869280000000000e+08 5.416107092592592380e+04 3.559413580246921782e-01 6.500000000000000000e+01 6.500000000000000222e-01 8.062257748298548576e-02 6.050314400000000415e-13 1.000000000000000000e+02
1.038568000000000000e+07 2.891870280000000000e+08 5.416107208333333256e+04 3.560699588477369559e-01 4.700000000000000000e+01 4.699999999999999734e-01 6.855654600401044074e-02 4.374842720000000082e-13 1.000000000000000000e+02
1.038578000000000000e+07 2.891871280000000000e+08 5.416107324074074131e+04 3.561985596707817336e-01 5.300000000000000000e+01 5.300000000000000266e-01 7.280109889280518554e-02 4.933333280000000866e-13 1.000000000000000000e+02
1.038588000000000000e+07 2.891872280000000000e+08 5.416107439814815007e+04 3.563271604938265114e-01 4.400000000000000000e+01 4.400000000000000022e-01 6.633249580710799675e-02 4.095597440000000195e-13 1.000000000000000000e+02
1.038598000000000000e+07 2.891873280000000000e+08 5.416107555555555882e+04 3.564557613168730654e-01 4.900000000000000000e+01 4.899999999999999911e-01 7.000000000000000666e-02 4.561006240000000344e-13 1.000000000000000000e+02
1.038608000000000000e+07 2.891874280000000000e+08 5.416107671296296030e+04 3.565843621399178431e-01 3.800000000000000000e+01 3.800000000000000044e-01 6.164414002968975764e-02 3.537106880000000421e-13 1.000000000000000000e+02
1.038618000000000000e+07 2.891875280000000000e+08 5.416107787037036906e+04 3.567129629629626208e-01 5.200000000000000000e+01 5.200000000000000178e-01 7.211102550927978028e-02 4.840251520000000736e-13 1.000000000000000000e+02
1.038628000000000000e+07 2.891876280000000000e+08 5.416107902777777781e+04 3.568415637860073986e-01 5.700000000000000000e+01 5.699999999999999512e-01 7.549834435270749711e-02 5.305660320000000379e-13 1.000000000000000000e+02
1.038638000000000000e+07 2.891877280000000000e+08 5.416108018518518656e+04 3.569701646090539526e-01 5.200000000000000000e+01 5.200000000000000178e-01 7.211102550927978028e-02 4.840251520000000736e-13 1.000000000000000000e+02
1.038648000000000000e+07 2.891878280000000000e+08 5.416108134259259532e+04 3.570987654320987303e-01 5.600000000000000000e+01 5.600000000000000533e-01 7.483314773547883325e-02 5.212578560000001258e-13 1.000000000000000000e+02
1.038658000000000000e+07 2.891879280000000000e+08 5.416108249999999680e+04 3.572273662551435081e-01 4.700000000000000000e+01 4.699999999999999734e-01 6.855654600401044074e-02 4.374842720000000082e-13 1.000000000000000000e+02
1.038668000000000000e+07 2.891880280000000000e+08 5.416108365740740555e+04 3.573559670781900621e-01 5.200000000000000000e+01 5.200000000000000178e-01 7.211102550927978028e-02 4.840251520000000736e-13 1.000000000000000000e+02
1.038678000000000000e+07 2.891881280000000000e+08 5.416108481481481431e+04 3.574845679012348398e-01 5.800000000000000000e+01 5.799999999999999600e-01 7.615773105863908599e-02 5.398742080000000510e-13 1.000000000000000000e+02
1.038688000000000000e+07 2.891882280000000000e+08 5.416108597222222306e+04 3.576131687242796175e-01 4.600000000000000000e+01 4.600000000000000200e-01 6.782329983125268136e-02 4.281760960000000457e-13 1.000000000000000000e+02
1.038698000000000000e+07 2.891883280000000000e+08 5.416108712962963182e+04 3.577417695473243953e-01 4.000000000000000000e+01 4.000000000000000222e-01 6.324555320336759656e-02 3.723270400000000682e-13 1.000000000000000000e+02
1.038708000000000000e+07 2.891884280000000000e+08 5.416108828703704057e+04 3.578703703703709493e-01 4.600000000000000000e+01 4.600000000000000200e-01 6.782329983125268136e-02 4.281760960000000457e-13 1.000000000000000000e+02
1.038718000000000000e+07 2.891885280000000000e+08 5.416108944444444205e+04 3.579989711934157270e-01 5.300000000000000000e+01 5.300000000000000266e-01 7.280109889280518554e-02 4.933333280000000866e-13 1.000000000000000000e+02
1.038728000000000000e+07 2.891886280000000000e+08 5.416109060185185081e+04 3.581275720164605048e-01 5.000000000000000000e+01 5.000000000000000000e-01 7.071067811865475172e-02 4.654088000000000474e-13 1.000000000000000000e+02
1.038738000000000000e+07 2.891887280000000000e+08 5.416109175925925956e+04 3.582561728395070588e-01 4.800000000000000000e+01 4.799999999999999822e-01 6.928203230275509217e-02 4.467924480000000213e-13 1.000000000000000000e+02
1.038748000000000000e+07 2.891888280000000000e+08 5.416109291666666832e+04 3.583847736625518365e-01 3.800000000000000000e+01 3.800000000000000044e-01 6.164414002968975764e-02 3.537106880000000421e-13 1.000000000000000000e+02
1.038758000000000000e+07 2.891889280000000000e+08 5.416109407407407707e+04 3.585133744855966142e-01 4.200000000000000000e+01 4.199999999999999845e-01 6.480740698407860823e-02 3.909433920000000439e-13 1.000000000000000000e+02
1.038768000000000000e+07 2.891890280000000000e+08 5.416109523148147855e+04 3.586419753086413920e-01 4.000000000000000000e+01 4.000000000000000222e-01 6.324555320336759656e-02 3.723270400000000682e-13 1.000000000000000000e+02
1.038778000000000000e+07 2.891891280000000000e+08 5.416109638888888730e+04 3.587705761316879460e-01 5.000000000000000000e+01 5.000000000000000000e-01 7.071067811865475172e-02 4.654088000000000474e-13 1.000000000000000000e+02
1.038788000000000000e+07 2.891892280000000000e+08 5.416109754629629606e+04 3.588991769547327237e-01 5.500000000000000000e+01 5.500000000000000444e-01 7.416198487095662650e-02 5.119496800000001128e-13 1.000000000000000000e+02
1.038798000000000000e+07 2.891893280000000000e+08 5.416109870370370481e+04 3.590277777777775015e-01 4.700000000000000000e+01 4.699999999999999734e-01 6.855654600401044074e-02 4.374842720000000082e-13 1.000000000000000000e+02
1.038808000000000000e+07 2.891894280000000000e+08 5.416109986111111357e+04 3.591563786008222792e-01 5.200000000000000000e+01 5.200000000000000178e-01 7.211102550927978028e-02 4.840251520000000736e-13 1.000000000000000000e+02
1.038818000000000000e+07 2.891895280000000000e+08 5.416110101851851505e+04 3.592849794238688332e-01 6.000000000000000000e+01 5.999999999999999778e-01 7.745966692414833765e-02 5.584905600000000771e-13 1.000000000000000000e+02
1.038828000000000000e+07 2.891896280000000000e+08 5.416110217592592380e+04 3.594135802469136109e-01 4.600000000000000000e+01 4.600000000000000200e-01 6.782329983125268136e-02 4.281760960000000457e-13 1.000000000000000000e+02
1.038838000000000000e+07 2.891897280000000000e+08 5.416110333333333256e+04 3.595421810699583887e-01 4.900000000000000000e+01 4.899999999999999911e-01 7.000000000000000666e-02 4.561006240000000344e-13 1.000000000000000000e+02
1.038848000000000000e+07 2.891898280000000000e+08 5.416110449074074131e+04 3.596707818930049427e-01 5.200000000000000000e+01 5.200000000000000178e-01 7.211102550927978028e-02 4.840251520000000736e-13 1.000000000000000000e+02
1.038858000000000000e+07 2.891899280000000000e+08 5.416110564814815007e+04 3.597993827160497204e-01 4.800000000000000000e+01 4.799999999999999822e-01 6.928203230275509217e-02 4.467924480000000213e-13 1.000000000000000000e+02
1.038868000000000000e+07 2.891900280000000000e+08 5.416110680555555882e+04 3.599279835390944982e-01 4.800000000000000000e+01 4.799999999999999822e-01 6.928203230275509217e-02 4.467924480000000213e-13 1.000000000000000000e+02
1.038878000000000000e+07 2.891901280000000000e+08 5.416110796296296030e+04 3.600565843621392759e-01 4.500000000000000000e+01 4.500000000000000111e-01 6.708203932499369471e-02 4.188679200000000326e-13 1.000000000000000000e+02
1.038888000000000000e+07 2.891902280000000000e+08 5.416110912037036906e+04 3.601851851851858299e-01 4.300000000000000000e+01 4.299999999999999933e-01 6.557438524302000582e-02 4.002515680000000569e-13 1.000000000000000000e+02
1.038898000000000000e+07 2.891903280000000000e+08 5.416111027777777781e+04 3.603137860082306076e-01 5.500000000000000000e+01 5.500000000000000444e-01 7.416198487095662650e-02 5.119496800000001128e-13 1.000000000000000000e+02
1.038908000000000000e+07 2.891904280000000000e+08 5.416111143518518656e+04 3.604423868312753854e-01 5.200000000000000000e+01 5.200000000000000178e-01 7.211102550927978028e-02 4.840251520000000736e-13 1.000000000000000000e+02
1.038918000000000000e+07 2.891905280000000000e+08 5.416111259259259532e+04 3.605709876543201631e-01 5.100000000000000000e+01 5.100000000000000089e-01 7.141428428542850870e-02 4.747169760000000605e-13 1.000000000000000000e+02
1.038928000000000000e+07 2.891906280000000000e+08 5.416111374999999680e+04 3.606995884773667171e-01 5.700000000000000000e+01 5.699999999999999512e-01 7.549834435270749711e-02 5.305660320000000379e-13 1.000000000000000000e+02
1.038938000000000000e+07 2.891907280000000000e+08 5.416111490740740555e+04 3.608281893004114949e-01 4.300000000000000000e+01 4.299999999999999933e-01 6.557438524302000582e-02 4.002515680000000569e-13 1.000000000000000000e+02
1.038948000000000000e+07 2.891908280000000000e+08 5.416111606481481431e+04 3.609567901234562726e-01 5.600000000000000000e+01 5.600000000000000533e-01 7.483314773547883325e-02 5.212578560000001258e-13 1.000000000000000000e+02
1.038958000000000000e+07 2.891909280000000000e+08 5.416111722222222306e+04 3.610853909465028266e-01 4.400000000000000000e+01 4.400000000000000022e-01 6.633249580710799675e-02 4.095597440000000195e-13 1.000000000000000000e+02
1.038968000000000000e+07 2.891910280000000000e+08 5.416111837962963182e+04 3.612139917695476043e-01 4.800000000000000000e+01 4.799999999999999822e-01 6.928203230275509217e-02 4.467924480000000213e-13 1.000000000000000000e+02
1.038978000000000000e+07 2.891911280000000000e+08 5.416111953703704057e+04 3.613425925925923821e-01 4.100000000000000000e+01 4.099999999999999756e-01 6.403124237432848698e-02 3.816352160000000308e-13 1.000000000000000000e+02
1.038988000000000000e+07 2.891912280000000000e+08 5.416112069444444205e+04 3.614711934156371598e-01 3.500000000000000000e+01 3.499999999999999778e-01 5.916079783099616185e-02 3.257861600000000029e-13 1.000000000000000000e+02
1.038998000000000000e+07 2.891913280000000000e+08 5.416112185185185081e+04 3.615997942386837138e-01 5.000000000000000000e+01 5.000000000000000000e-01 7.071067811865475172e-02 4.654088000000000474e-13 1.000000000000000000e+02
1.039008000000000000e+07 2.891914280000000000e+08 5.416112300925925956e+04 3.617283950617284916e-01 4.500000000000000000e+01 4.500000000000000111e-01 6.708203932499369471e-02 4.188679200000000326e-13 1.000000000000000000e+02
1.039018000000000000e+07 2.891915280000000000e+08 5.416112416666666832e+04 3.618569958847732693e-01 5.300000000000000000e+01 5.300000000000000266e-01 7.280109889280518554e-02 4.933333280000000866e-13 1.000000000000000000e+02
1.039028000000000000e+07 2.891916280000000000e+08 5.416112532407407707e+04 3.619855967078180470e-01 4.300000000000000000e+01 4.299999999999999933e-01 6.557438524302000582e-02 4.002515680000000569e-13 1.000000000000000000e+02
1.039038000000000000e+07 2.891917280000000000e+08 5.416112648148147855e+04 3.621141975308646010e-01 4.600000000000000000e+01 4.600000000000000200e-01 6.782329983125268136e-02 4.281760960000000457e-13 1.000000000000000000e+02
1.039048000000000000e+07 2.891918280000000000e+08 5.416112763888888730e+04 3.622427983539093788e-01 3.700000000000000000e+01 3.699999999999999956e-01 6.082762530298219117e-02 3.444025120000000290e-13 1.000000000000000000e+02
1.039058000000000000e+07 2.891919280000000000e+08 5.416112879629629606e+04 3.623713991769541565e-01 5.000000000000000000e+01 5.000000000000000000e-01 7.071067811865475172e-02 4.654088000000000474e-13 1.000000000000000000e+02
1.039068000000000000e+07 2.891920280000000000e+08 5.416112995370370481e+04 3.625000000000007105e-01 3.500000000000000000e+01 3.499999999999999778e-01 5.916079783099616185e-02 3.257861600000000029e-13 1.000000000000000000e+02
1.039078000000000000e+07 2.891921280000000000e+08 5.416113111111111357e+04 3.626286008230454883e-01 5.200000000000000000e+01 5.200000000000000178e-01 7.211102550927978028e-02 4.840251520000000736e-13 1.000000000000000000e+02
1.039088000000000000e+07 2.891922280000000000e+08 5.416113226851851505e+04 3.627572016460902660e-01 4.900000000000000000e+01 4.899999999999999911e-01 7.000000000000000666e-02 4.561006240000000344e-13 1.000000000000000000e+02
1.039098000000000000e+07 2.891923280000000000e+08 5.416113342592592380e+04 3.628858024691350437e-01 3.900000000000000000e+01 3.900000000000000133e-01 6.244997998398398031e-02 3.630188640000000552e-13 1.000000000000000000e+02
1.039108000000000000e+07 2.891924280000000000e+08 5.416113458333333256e+04 3.630144032921815977e-01 5.400000000000000000e+01 5.400000000000000355e-01 7.348469228349534255e-02 5.026415040000000997e-13 1.000000000000000000e+02
1.039118000000000000e+07 2.891925280000000000e+08 5.416113574074074131e+04 3.631430041152263755e-01 4.700000000000000000e+01 4.699999999999999734e-01 6.855654600401044074e-02 4.374842720000000082e-13 1.000000000000000000e+02
1.039128000000000000e+07 2.891926280000000000e+08 5.416113689814815007e+04 3.632716049382711532e-01 5.100000000000000000e+01 5.100000000000000089e-01 7.141428428542850870e-02 4.747169760000000605e-13 1.000000000000000000e+02
1.039138000000000000e+07 2.891927280000000000e+08 5.416113805555555882e+04 3.634002057613177072e-01 3.900000000000000000e+01 3.900000000000000133e-01 6.244997998398398031e-02 3.630188640000000552e-13 1.000000000000000000e+02
1.039148000000000000e+07 2.891928280000000000e+08 5.416113921296296030e+04 3.635288065843624850e-01 5.500000000000000000e+01 5.500000000000000444e-01 7.416198487095662650e-02 5.119496800000001128e-13 1.000000000000000000e+02
1.039158000000000000e+07 2.891929280000000000e+08 5.416114037037036906e+04 3.636574074074072627e-01 5.000000000000000000e+01 5.000000000000000000e-01 7.071067811865475172e-02 4.654088000000000474e-13 1.000000000000000000e+02
1.039168000000000000e+07 2.891930280000000000e+08 5.416114152777777781e+04 3.637860082304520404e-01 5.000000000000000000e+01 5.000000000000000000e-01 7.071067811865475172e-02 4.654088000000000474e-13 1.000000000000000000e+02
1.039178000000000000e+07 2.891931280000000000e+08 5.416114268518518656e+04 3.639146090534985944e-01 5.200000000000000000e+01 5.200000000000000178e-01 7.211102550927978028e-02 4.840251520000000736e-13 1.000000000000000000e+02
1.039188000000000000e+07 2.891932280000000000e+08 5.416114384259259532e+04 3.640432098765433722e-01 3.200000000000000000e+01 3.200000000000000067e-01 5.656854249492380277e-02 2.978616320000000142e-13 1.000000000000000000e+02
1.039198000000000000e+07 2.891933280000000000e+08 5.416114499999999680e+04 3.641718106995881499e-01 5.100000000000000000e+01 5.100000000000000089e-01 7.141428428542850870e-02 4.747169760000000605e-13 1.000000000000000000e+02
1.039208000000000000e+07 2.891934280000000000e+08 5.416114615740740555e+04 3.643004115226329276e-01 3.700000000000000000e+01 3.699999999999999956e-01 6.082762530298219117e-02 3.444025120000000290e-13 1.000000000000000000e+02
1.039218000000000000e+07 2.891935280000000000e+08 5.416114731481481431e+04 3.644290123456794817e-01 4.800000000000000000e+01 4.799999999999999822e-01 6.928203230275509217e-02 4.467924480000000213e-13 1.000000000000000000e+02
1.039228000000000000e+07 2.891936280000000000e+08 5.416114847222222306e+04 3.645576131687242594e-01 3.600000000000000000e+01 3.599999999999999867e-01 5.999999999999999778e-02 3.350943360000000160e-13 1.000000000000000000e+02
1.039238000000000000e+07 2.891937280000000000e+08 5.416114962962963182e+04 3.646862139917690371e-01 5.400000000000000000e+01 5.400000000000000355e-01 7.348469228349534255e-02 5.026415040000000997e-13 1.000000000000000000e+02
1.039248000000000000e+07 2.891938280000000000e+08 5.416115078703704057e+04 3.648148148148155911e-01 4.100000000000000000e+01 4.099999999999999756e-01 6.403124237432848698e-02 3.816352160000000308e-13 1.000000000000000000e+02
1.039258000000000000e+07 2.891939280000000000e+08 5.416115194444444205e+04 3.649434156378603689e-01 5.000000000000000000e+01 5.000000000000000000e-01 7.071067811865475172e-02 4.654088000000000474e-13 1.000000000000000000e+02
1.039268000000000000e+07 2.891940280000000000e+08 5.416115310185185081e+04 3.650720164609051466e-01 4.700000000000000000e+01 4.699999999999999734e-01 6.855654600401044074e-02 4.374842720000000082e-13 1.000000000000000000e+02
1.039278000000000000e+07 2.891941280000000000e+08 5.416115425925925956e+04 3.652006172839499243e-01 3.800000000000000000e+01 3.800000000000000044e-01 6.164414002968975764e-02 3.537106880000000421e-13 1.000000000000000000e+02
1.039288000000000000e+07 2.891942280000000000e+08 5.416115541666666832e+04 3.653292181069964784e-01 4.400000000000000000e+01 4.400000000000000022e-01 6.633249580710799675e-02 4.095597440000000195e-13 1.000000000000000000e+02
1.039298000000000000e+07 2.891943280000000000e+08 5.416115657407407707e+04 3.654578189300412561e-01 3.400000000000000000e+01 3.400000000000000244e-01 5.830951894845300826e-02 3.164779840000000403e-13 1.000000000000000000e+02
1.039308000000000000e+07 2.891944280000000000e+08 5.416115773148147855e+04 3.655864197530860338e-01 4.300000000000000000e+01 4.299999999999999933e-01 6.557438524302000582e-02 4.002515680000000569e-13 1.000000000000000000e+02
1.039318000000000000e+07 2.891945280000000000e+08 5.416115888888888730e+04 3.657150205761308115e-01 5.400000000000000000e+01 5.400000000000000355e-01 7.348469228349534255e-02 5.026415040000000997e-13 1.000000000000000000e+02
1.039328000000000000e+07 2.891946280000000000e+08 5.416116004629629606e+04 3.658436213991773656e-01 4.900000000000000000e+01 4.899999999999999911e-01 7.000000000000000666e-02 4.561006240000000344e-13 1.000000000000000000e+02
1.039338000000000000e+07 2.891947280000000000e+08 5.416116120370370481e+04 3.659722222222221433e-01 5.500000000000000000e+01 5.500000000000000444e-01 7.416198487095662650e-02 5.119496800000001128e-13 1.000000000000000000e+02
1.039348000000000000e+07 2.891948280000000000e+08 5.416116236111111357e+04 3.661008230452669210e-01 5.100000000000000000e+01 5.100000000000000089e-01 7.141428428542850870e-02 4.747169760000000605e-13 1.000000000000000000e+02
1.039358000000000000e+07 2.891949280000000000e+08 5.416116351851851505e+04 3.662294238683134751e-01 3.300000000000000000e+01 3.300000000000000155e-01 5.744562646538028949e-02 3.071698080000000273e-13 1.000000000000000000e+02
1.039368000000000000e+07 2.891950280000000000e+08 5.416116467592592380e+04 3.663580246913582528e-01 4.100000000000000000e+01 4.099999999999999756e-01 6.403124237432848698e-02 3.816352160000000308e-13 1.000000000000000000e+02
1.039378000000000000e+07 2.891951280000000000e+08 5.416116583333333256e+04 3.664866255144030305e-01 5.300000000000000000e+01 5.300000000000000266e-01 7.280109889280518554e-02 4.933333280000000866e-13 1.000000000000000000e+02
1.039388000000000000e+07 2.891952280000000000e+08 5.416116699074074131e+04 3.666152263374478082e-01 4.500000000000000000e+01 4.500000000000000111e-01 6.708203932499369471e-02 4.188679200000000326e-13 1.000000000000000000e+02
1.039398000000000000e+07 2.891953280000000000e+08 5.416116814814815007e+04 3.667438271604943623e-01 4.700000000000000000e+01 4.699999999999999734e-01 6.855654600401044074e-02 4.374842720000000082e-13 1.000000000000000000e+02
1.039408000000000000e+07 2.891954280000000000e+08 5.416116930555555882e+04 3.668724279835391400e-01 4.900000000000000000e+01 4.899999999999999911e-01 7.000000000000000666e-02 4.561006240000000344e-13 1.000000000000000000e+02
1.039418000000000000e+07 2.891955280000000000e+08 5.416117046296296030e+04 3.670010288065839177e-01 5.400000000000000000e+01 5.400000000000000355e-01 7.348469228349534255e-02 5.026415040000000997e-13 1.000000000000000000e+02
1.039428000000000000e+07 2.891956280000000000e+08 5.416117162037036906e+04 3.671296296296304718e-01 5.400000000000000000e+01 5.400000000000000355e-01 7.348469228349534255e-02 5.026415040000000997e-13 1.000000000000000000e+02
1.039438000000000000e+07 2.891957280000000000e+08 5.416117277777777781e+04 3.672582304526752495e-01 5.900000000000000000e+01 5.899999999999999689e-01 7.681145747868607654e-02 5.491823840000000640e-13 1.000000000000000000e+02
1.039448000000000000e+07 2.891958280000000000e+08 5.416117393518518656e+04 3.673868312757200272e-01 4.800000000000000000e+01 4.799999999999999822e-01 6.928203230275509217e-02 4.467924480000000213e-13 1.000000000000000000e+02
1.039458000000000000e+07 2.891959280000000000e+08 5.416117509259259532e+04 3.675154320987648049e-01 4.300000000000000000e+01 4.299999999999999933e-01 6.557438524302000582e-02 4.002515680000000569e-13 1.000000000000000000e+02
1.039468000000000000e+07 2.891960280000000000e+08 5.416117624999999680e+04 3.676440329218113590e-01 3.300000000000000000e+01 3.300000000000000155e-01 5.744562646538028949e-02 3.071698080000000273e-13 1.000000000000000000e+02
1.039478000000000000e+07 2.891961280000000000e+08 5.416117740740740555e+04 3.677726337448561367e-01 5.700000000000000000e+01 5.699999999999999512e-01 7.549834435270749711e-02 5.305660320000000379e-13 1.000000000000000000e+02
1.039488000000000000e+07 2.891962280000000000e+08 5.416117856481481431e+04 3.679012345679009144e-01 5.100000000000000000e+01 5.100000000000000089e-01 7.141428428542850870e-02 4.747169760000000605e-13 1.000000000000000000e+02
1.039498000000000000e+07 2.891963280000000000e+08 5.416117972222222306e+04 3.680298353909456921e-01 5.300000000000000000e+01 5.300000000000000266e-01 7.280109889280518554e-02 4.933333280000000866e-13 1.000000000000000000e+02
1.039508000000000000e+07 2.891964280000000000e+08 5.416118087962963182e+04 3.681584362139922462e-01 4.700000000000000000e+01 4.699999999999999734e-01 6.855654600401044074e-02 4.374842720000000082e-13 1.000000000000000000e+02
1.039518000000000000e+07 2.891965280000000000e+08 5.416118203703704057e+04 3.682870370370370239e-01 5.000000000000000000e+01 5.000000000000000000e-01 7.071067811865475172e-02 4.654088000000000474e-13 1.000000000000000000e+02
1.039528000000000000e+07 2.891966280000000000e+08 5.416118319444444205e+04 3.684156378600818016e-01 4.700000000000000000e+01 4.699999999999999734e-01 6.855654600401044074e-02 4.374842720000000082e-13 1.000000000000000000e+02
1.039538000000000000e+07 2.891967280000000000e+08 5.416118435185185081e+04 3.685442386831283557e-01 3.400000000000000000e+01 3.400000000000000244e-01 5.830951894845300826e-02 3.164779840000000403e-13 1.000000000000000000e+02
1.039548000000000000e+07 2.891968280000000000e+08 5.416118550925925956e+04 3.686728395061731334e-01 5.500000000000000000e+01 5.500000000000000444e-01 7.416198487095662650e-02 5.119496800000001128e-13 1.000000000000000000e+02
1.039558000000000000e+07 2.891969280000000000e+08 5.416118666666666832e+04 3.688014403292179111e-01 4.700000000000000000e+01 4.699999999999999734e-01 6.855654600401044074e-02 4.374842720000000082e-13 1.000000000000000000e+02
1.039568000000000000e+07 2.891970280000000000e+08 5.416118782407407707e+04 3.689300411522626888e-01 5.200000000000000000e+01 5.200000000000000178e-01 7.211102550927978028e-02 4.840251520000000736e-13 1.000000000000000000e+02
1.039578000000000000e+07 2.891971280000000000e+08 5.416118898148147855e+04 3.690586419753092429e-01 4.700000000000000000e+01 4.699999999999999734e-01 6.855654600401044074e-02 4.374842720000000082e-13 1.000000000000000000e+02
1.039588000000000000e+07 2.891972280000000000e+08 5.416119013888888730e+04 3.691872427983540206e-01 4.900000000000000000e+01 4.899999999999999911e-01 7.000000000000000666e-02 4.561006240000000344e-13 1.000000000000000000e+02
1.039598000000000000e+07 2.891973280000000000e+08 5.416119129629629606e+04 3.693158436213987983e-01 3.900000000000000000e+01 3.900000000000000133e-01 6.244997998398398031e-02 3.630188640000000552e-13 1.000000000000000000e+02
1.039608000000000000e+07 2.891974280000000000e+08 5.416119245370370481e+04 3.694444444444435760e-01 4.100000000000000000e+01 4.099999999999999756e-01 6.403124237432848698e-02 3.816352160000000308e-13 1.000000000000000000e+02
1.039618000000000000e+07 2.891975280000000000e+08 5.416119361111111357e+04 3.695730452674901301e-01 5.400000000000000000e+01 5.400000000000000355e-01 7.348469228349534255e-02 5.026415040000000997e-13 1.000000000000000000e+02
1.039628000000000000e+07 2.891976280000000000e+08 5.416119476851851505e+04 3.697016460905349078e-01 4.800000000000000000e+01 4.799999999999999822e-01 6.928203230275509217e-02 4.467924480000000213e-13 1.000000000000000000e+02
1.039638000000000000e+07 2.891977280000000000e+08 5.416119592592592380e+04 3.698302469135796855e-01 4.400000000000000000e+01 4.400000000000000022e-01 6.633249580710799675e-02 4.095597440000000195e-13 1.000000000000000000e+02
1.039648000000000000e+07 2.891978280000000000e+08 5.416119708333333256e+04 3.699588477366262396e-01 4.100000000000000000e+01 4.099999999999999756e-01 6.403124237432848698e-02 3.816352160000000308e-13 1.000000000000000000e+02
1.039658000000000000e+07 2.891979280000000000e+08 5.416119824074074131e+04 3.700874485596710173e-01 4.700000000000000000e+01 4.699999999999999734e-01 6.855654600401044074e-02 4.374842720000000082e-13 1.000000000000000000e+02
1.039668000000000000e+07 2.891980280000000000e+08 5.416119939814815007e+04 3.702160493827157950e-01 4.600000000000000000e+01 4.600000000000000200e-01 6.782329983125268136e-02 4.281760960000000457e-13 1.000000000000000000e+02
1.039678000000000000e+07 2.891981280000000000e+08 5.416120055555555882e+04 3.703446502057605727e-01 4.000000000000000000e+01 4.000000000000000222e-01 6.324555320336759656e-02 3.723270400000000682e-13 1.000000000000000000e+02
1.039688000000000000e+07 2.891982280000000000e+08 5.416120171296296030e+04 3.704732510288071268e-01 4.100000000000000000e+01 4.099999999999999756e-01 6.403124237432848698e-02 3.816352160000000308e-13 1.000000000000000000e+02
1.039698000000000000e+07 2.891983280000000000e+08 5.416120287037036906e+04 3.706018518518519045e-01 3.800000000000000000e+01 3.800000000000000044e-01 6.164414002968975764e-02 3.537106880000000421e-13 1.000000000000000000e+02
1.039708000000000000e+07 2.891984280000000000e+08 5.416120402777777781e+04 3.707304526748966822e-01 3.900000000000000000e+01 3.900000000000000133e-01 6.244997998398398031e-02 3.630188640000000552e-13 1.000000000000000000e+02
1.039718000000000000e+07 2.891985280000000000e+08 5.416120518518518656e+04 3.708590534979432363e-01 5.400000000000000000e+01 5.400000000000000355e-01 7.348469228349534255e-02 5.026415040000000997e-13 1.000000000000000000e+02
1.039728000000000000e+07 2.891986280000000000e+08 5.416120634259259532e+04 3.709876543209880140e-01 5.300000000000000000e+01 5.300000000000000266e-01 7.280109889280518554e-02 4.933333280000000866e-13 1.000000000000000000e+02
1.039738000000000000e+07 2.891987280000000000e+08 5.416120749999999680e+04 3.711162551440327917e-01 4.600000000000000000e+01 4.600000000000000200e-01 6.782329983125268136e-02 4.281760960000000457e-13 1.000000000000000000e+02
1.039748000000000000e+07 2.891988280000000000e+08 5.416120865740740555e+04 3.712448559670775694e-01 4.200000000000000000e+01 4.199999999999999845e-01 6.480740698407860823e-02 3.909433920000000439e-13 1.000000000000000000e+02
1.039758000000000000e+07 2.891989280000000000e+08 5.416120981481481431e+04 3.713734567901241235e-01 5.400000000000000000e+01 5.400000000000000355e-01 7.348469228349534255e-02 5.026415040000000997e-13 1.000000000000000000e+02
1.039768000000000000e+07 2.891990280000000000e+08 5.416121097222222306e+04 3.715020576131689012e-01 4.600000000000000000e+01 4.600000000000000200e-01 6.782329983125268136e-02 4.281760960000000457e-13 1.000000000000000000e+02
1.039778000000000000e+07 2.891991280000000000e+08 5.416121212962963182e+04 3.716306584362136789e-01 4.500000000000000000e+01 4.500000000000000111e-01 6.708203932499369471e-02 4.188679200000000326e-13 1.000000000000000000e+02
1.039788000000000000e+07 2.891992280000000000e+08 5.416121328703704057e+04 3.717592592592584566e-01 5.700000000000000000e+01 5.699999999999999512e-01 7.549834435270749711e-02 5.305660320000000379e-13 1.000000000000000000e+02
1.039798000000000000e+07 2.891993280000000000e+08 5.416121444444444205e+04 3.718878600823050107e-01 3.100000000000000000e+01 3.099999999999999978e-01 5.567764362830021629e-02 2.885534560000000516e-13 1.000000000000000000e+02
1.039808000000000000e+07 2.891994280000000000e+08 5.416121560185185081e+04 3.720164609053497884e-01 4.300000000000000000e+01 4.299999999999999933e-01 6.557438524302000582e-02 4.002515680000000569e-13 1.000000000000000000e+02
1.039818000000000000e+07 2.891995280000000000e+08 5.416121675925925956e+04 3.721450617283945661e-01 4.200000000000000000e+01 4.199999999999999845e-01 6.480740698407860823e-02 3.909433920000000439e-13 1.000000000000000000e+02
1.039828000000000000e+07 2.891996280000000000e+08 5.416121791666666832e+04 3.722736625514411202e-01 2.900000000000000000e+01 2.899999999999999800e-01 5.385164807134503601e-02 2.699371040000000255e-13 1.000000000000000000e+02
1.039838000000000000e+07 2.891997280000000000e+08 5.416121907407407707e+04 3.724022633744858979e-01 4.900000000000000000e+01 4.899999999999999911e-01 7.000000000000000666e-02 4.561006240000000344e-13 1.000000000000000000e+02
1.039848000000000000e+07 2.891998280000000000e+08 5.416122023148147855e+04 3.725308641975306756e-01 5.100000000000000000e+01 5.100000000000000089e-01 7.141428428542850870e-02 4.747169760000000605e-13 1.000000000000000000e+02
1.039858000000000000e+07 2.891999280000000000e+08 5.416122138888888730e+04 3.726594650205754533e-01 3.700000000000000000e+01 3.699999999999999956e-01 6.082762530298219117e-02 3.444025120000000290e-13 1.000000000000000000e+02
1.039868000000000000e+07 2.892000280000000000e+08 5.416122254629629606e+04 3.727880658436220074e-01 4.900000000000000000e+01 4.899999999999999911e-01 7.000000000000000666e-02 4.561006240000000344e-13 1.000000000000000000e+02
1.039878000000000000e+07 2.892001280000000000e+08 5.416122370370370481e+04 3.729166666666667851e-01 3.700000000000000000e+01 3.699999999999999956e-01 6.082762530298219117e-02 3.444025120000000290e-13 1.000000000000000000e+02
1.039888000000000000e+07 2.892002280000000000e+08 5.416122486111111357e+04 3.730452674897115628e-01 4.300000000000000000e+01 4.299999999999999933e-01 6.557438524302000582e-02 4.002515680000000569e-13 1.000000000000000000e+02
1.039898000000000000e+07 2.892003280000000000e+08 5.416122601851851505e+04 3.731738683127563405e-01 4.300000000000000000e+01 4.299999999999999933e-01 6.557438524302000582e-02 4.002515680000000569e-13 1.000000000000000000e+02
1.039908000000000000e+07 2.892004280000000000e+08 5.416122717592592380e+04 3.733024691358028946e-01 3.500000000000000000e+01 3.499999999999999778e-01 5.916079783099616185e-02 3.257861600000000029e-13 1.000000000000000000e+02
1.039918000000000000e+07 2.892005280000000000e+08 5.416122833333333256e+04 3.734310699588476723e-01 3.600000000000000000e+01 3.599999999999999867e-01 5.999999999999999778e-02 3.350943360000000160e-13 1.000000000000000000e+02
1.039928000000000000e+07 2.892006280000000000e+08 5.416122949074074131e+04 3.735596707818924500e-01 5.400000000000000000e+01 5.400000000000000355e-01 7.348469228349534255e-02 5.026415040000000997e-13 1.000000000000000000e+02
1.039938000000000000e+07 2.892007280000000000e+08 5.416123064814815007e+04 3.736882716049390041e-01 4.600000000000000000e+01 4.600000000000000200e-01 6.782329983125268136e-02 4.281760960000000457e-13 1.000000000000000000e+02
1.039948000000000000e+07 2.892008280000000000e+08 5.416123180555555882e+04 3.738168724279837818e-01 4.300000000000000000e+01 4.299999999999999933e-01 6.557438524302000582e-02 4.002515680000000569e-13 1.000000000000000000e+02
1.039958000000000000e+07 2.892009280000000000e+08 5.416123296296296030e+04 3.739454732510285595e-01 5.300000000000000000e+01 5.300000000000000266e-01 7.280109889280518554e-02 4.933333280000000866e-13 1.000000000000000000e+02
1.039968000000000000e+07 2.892010280000000000e+08 5.416123412037036906e+04 3.740740740740733372e-01 3.400000000000000000e+01 3.400000000000000244e-01 5.830951894845300826e-02 3.164779840000000403e-13 1.000000000000000000e+02
1.039978000000000000e+07 2.892011280000000000e+08 5.416123527777777781e+04 3.742026748971198913e-01 4.900000000000000000e+01 4.899999999999999911e-01 7.000000000000000666e-02 4.561006240000000344e-13 1.000000000000000000e+02
1.039988000000000000e+07 2.892012280000000000e+08 5.416123643518518656e+04 3.743312757201646690e-01 4.500000000000000000e+01 4.500000000000000111e-01 6.708203932499369471e-02 4.188679200000000326e-13 1.000000000000000000e+02
1.039998000000000000e+07 2.892013280000000000e+08 5.416123759259259532e+04 3.744598765432094467e-01 4.100000000000000000e+01 4.099999999999999756e-01 6.403124237432848698e-02 3.816352160000000308e-13 1.000000000000000000e+02
1.040008000000000000e+07 2.892014280000000000e+08 5.416123874999999680e+04 3.745884773662560008e-01 5.500000000000000000e+01 5.500000000000000444e-01 7.416198487095662650e-02 5.119496800000001128e-13 1.000000000000000000e+02
1.040018000000000000e+07 2.892015280000000000e+08 5.416123990740740555e+04 3.747170781893007785e-01 5.500000000000000000e+01 5.500000000000000444e-01 7.416198487095662650e-02 5.119496800000001128e-13 1.000000000000000000e+02
1.040028000000000000e+07 2.892016280000000000e+08 5.416124106481481431e+04 3.748456790123455562e-01 4.600000000000000000e+01 4.600000000000000200e-01 6.782329983125268136e-02 4.281760960000000457e-13 1.000000000000000000e+02
1.040038000000000000e+07 2.892017280000000000e+08 5.416124222222222306e+04 3.749742798353903339e-01 4.400000000000000000e+01 4.400000000000000022e-01 6.633249580710799675e-02 4.095597440000000195e-13 1.000000000000000000e+02
1.040048000000000000e+07 2.892018280000000000e+08 5.416124337962963182e+04 3.751028806584368880e-01 4.000000000000000000e+01 4.000000000000000222e-01 6.324555320336759656e-02 3.723270400000000682e-13 1.000000000000000000e+02
1.040058000000000000e+07 2.892019280000000000e+08 5.416124453703704057e+04 3.752314814814816657e-01 3.700000000000000000e+01 3.699999999999999956e-01 6.082762530298219117e-02 3.444025120000000290e-13 1.000000000000000000e+02
1.040068000000000000e+07 2.892020280000000000e+08 5.416124569444444205e+04 3.753600823045264434e-01 3.400000000000000000e+01 3.400000000000000244e-01 5.830951894845300826e-02 3.164779840000000403e-13 1.000000000000000000e+02
1.040078000000000000e+07 2.892021280000000000e+08 5.416124685185185081e+04 3.754886831275712211e-01 4.100000000000000000e+01 4.099999999999999756e-01 6.403124237432848698e-02 3.816352160000000308e-13 1.000000000000000000e+02
1.040088000000000000e+07 2.892022280000000000e+08 5.416124800925925956e+04 3.756172839506177752e-01 4.600000000000000000e+01 4.600000000000000200e-01 6.782329983125268136e-02 4.281760960000000457e-13 1.000000000000000000e+02
1.040098000000000000e+07 2.892023280000000000e+08 5.416124916666666832e+04 3.757458847736625529e-01 4.500000000000000000e+01 4.500000000000000111e-01 6.708203932499369471e-02 4.188679200000000326e-13 1.000000000000000000e+02
1.040108000000000000e+07 2.892024280000000000e+08 5.416125032407407707e+04 3.758744855967073306e-01 3.900000000000000000e+01 3.900000000000000133e-01 6.244997998398398031e-02 3.630188640000000552e-13 1.000000000000000000e+02
1.040118000000000000e+07 2.892025280000000000e+08 5.416125148148147855e+04 3.760030864197538847e-01 4.400000000000000000e+01 4.400000000000000022e-01 6.633249580710799675e-02 4.095597440000000195e-13 1.000000000000000000e+02
1.040128000000000000e+07 2.892026280000000000e+08 5.416125263888888730e+04 3.761316872427986624e-01 5.200000000000000000e+01 5.200000000000000178e-01 7.211102550927978028e-02 4.840251520000000736e-13 1.000000000000000000e+02
1.040138000000000000e+07 2.892027280000000000e+08 5.416125379629629606e+04 3.762602880658434401e-01 4.800000000000000000e+01 4.799999999999999822e-01 6.928203230275509217e-02 4.467924480000000213e-13 1.000000000000000000e+02
1.040148000000000000e+07 2.892028280000000000e+08 5.416125495370370481e+04 3.763888888888882178e-01 5.100000000000000000e+01 5.100000000000000089e-01 7.141428428542850870e-02 4.747169760000000605e-13 1.000000000000000000e+02
1.040158000000000000e+07 2.892029280000000000e+08 5.416125611111111357e+04 3.765174897119347719e-01 5.200000000000000000e+01 5.200000000000000178e-01 7.211102550927978028e-02 4.840251520000000736e-13 1.000000000000000000e+02
1.040168000000000000e+07 2.892030280000000000e+08 5.416125726851851505e+04 3.766460905349795496e-01 4.000000000000000000e+01 4.000000000000000222e-01 6.324555320336759656e-02 3.723270400000000682e-13 1.000000000000000000e+02
1.040178000000000000e+07 2.892031280000000000e+08 5.416125842592592380e+04 3.767746913580243273e-01 4.100000000000000000e+01 4.099999999999999756e-01 6.403124237432848698e-02 3.816352160000000308e-13 1.000000000000000000e+02
1.040188000000000000e+07 2.892032280000000000e+08 5.416125958333333256e+04 3.769032921810691050e-01 4.500000000000000000e+01 4.500000000000000111e-01 6.708203932499369471e-02 4.188679200000000326e-13 1.000000000000000000e+02
1.040198000000000000e+07 2.892033280000000000e+08 5.416126074074074131e+04 3.770318930041156591e-01 3.700000000000000000e+01 3.699999999999999956e-01 6.082762530298219117e-02 3.444025120000000290e-13 1.000000000000000000e+02
1.368576000000000000e+07 2.924871080000000000e+08 5.419926745370370190e+04 6.000000000000014211e-01 3.100000000000000000e+01 3.099999999999999978e-01 5.567764362830021629e-02 2.885534560000000516e-13 1.000000000000000000e+02
1.368586000000000000e+07 2.924872080000000000e+08 5.419926861111111066e+04 6.001286008230444224e-01 3.800000000000000000e+01 3.800000000000000044e-01 6.164414002968975764e-02 3.537106880000000421e-13 1.000000000000000000e+02
1.368596000000000000e+07 2.924873080000000000e+08 5.419926976851851941e+04 6.002572016460909765e-01 2.800000000000000000e+01 2.800000000000000266e-01 5.291502622129181516e-02 2.606289280000000629e-13 1.000000000000000000e+02
1.368606000000000000e+07 2.924874080000000000e+08 5.419927092592592817e+04 6.003858024691375306e-01 3.600000000000000000e+01 3.599999999999999867e-01 5.999999999999999778e-02 3.350943360000000160e-13 1.000000000000000000e+02
1.368616000000000000e+07 2.924875080000000000e+08 5.419927208333332965e+04 6.005144032921805319e-01 3.500000000000000000e+01 3.499999999999999778e-01 5.916079783099616185e-02 3.257861600000000029e-13 1.000000000000000000e+02
1.368626000000000000e+07 2.924876080000000000e+08 5.419927324074073840e+04 6.006430041152270860e-01 3.300000000000000000e+01 3.300000000000000155e-01 5.744562646538028949e-02 3.071698080000000273e-13 1.000000000000000000e+02
1.368636000000000000e+07 2.924877080000000000e+08 5.419927439814814716e+04 6.007716049382700874e-01 4.000000000000000000e+01 4.000000000000000222e-01 6.324555320336759656e-02 3.723270400000000682e-13 1.000000000000000000e+02
1.368646000000000000e+07 2.924878080000000000e+08 5.419927555555555591e+04 6.009002057613166414e-01 3.100000000000000000e+01 3.099999999999999978e-01 5.567764362830021629e-02 2.885534560000000516e-13 1.000000000000000000e+02
1.368656000000000000e+07 2.924879080000000000e+08 5.419927671296296467e+04 6.010288065843631955e-01 4.100000000000000000e+01 4.099999999999999756e-01 6.403124237432848698e-02 3.816352160000000308e-13 1.000000000000000000e+02
1.368666000000000000e+07 2.924880080000000000e+08 5.419927787037037342e+04 6.011574074074061969e-01 3.600000000000000000e+01 3.599999999999999867e-01 5.999999999999999778e-02 3.350943360000000160e-13 1.000000000000000000e+02
1.368676000000000000e+07 2.924881080000000000e+08 5.419927902777777490e+04 6.012860082304527509e-01 3.800000000000000000e+01 3.800000000000000044e-01 6.164414002968975764e-02 3.537106880000000421e-13 1.000000000000000000e+02
1.368686000000000000e+07 2.924882080000000000e+08 5.419928018518518365e+04 6.014146090534993050e-01 3.700000000000000000e+01 3.699999999999999956e-01 6.082762530298219117e-02 3.444025120000000290e-13 1.000000000000000000e+02
1.368696000000000000e+07 2.924883080000000000e+08 5.419928134259259241e+04 6.015432098765423063e-01 4.100000000000000000e+01 4.099999999999999756e-01 6.403124237432848698e-02 3.816352160000000308e-13 1.000000000000000000e+02
1.368706000000000000e+07 2.924884080000000000e+08 5.419928250000000116e+04 6.016718106995888604e-01 4.200000000000000000e+01 4.199999999999999845e-01 6.480740698407860823e-02 3.909433920000000439e-13 1.000000000000000000e+02
1.368716000000000000e+07 2.924885080000000000e+08 5.419928365740740992e+04 6.018004115226354145e-01 3.600000000000000000e+01 3.599999999999999867e-01 5.999999999999999778e-02 3.350943360000000160e-13 1.000000000000000000e+02
1.368726000000000000e+07 2.924886080000000000e+08 5.419928481481481867e+04 6.019290123456784158e-01 4.100000000000000000e+01 4.099999999999999756e-01 6.403124237432848698e-02 3.816352160000000308e-13 1.000000000000000000e+02
1.368736000000000000e+07 2.924887080000000000e+08 5.419928597222222015e+04 6.020576131687249699e-01 4.500000000000000000e+01 4.500000000000000111e-01 6.708203932499369471e-02 4.188679200000000326e-13 1.000000000000000000e+02
1.368746000000000000e+07 2.924888080000000000e+08 5.419928712962962891e+04 6.021862139917679713e-01 3.600000000000000000e+01 3.599999999999999867e-01 5.999999999999999778e-02 3.350943360000000160e-13 1.000000000000000000e+02
1.368756000000000000e+07 2.924889080000000000e+08 5.419928828703703766e+04 6.023148148148145253e-01 3.400000000000000000e+01 3.400000000000000244e-01 5.830951894845300826e-02 3.164779840000000403e-13 1.000000000000000000e+02
1.368766000000000000e+07 2.924890080000000000e+08 5.419928944444444642e+04 6.024434156378610794e-01 3.100000000000000000e+01 3.099999999999999978e-01 5.567764362830021629e-02 2.885534560000000516e-13 1.000000000000000000e+02
1.368776000000000000e+07 2.924891080000000000e+08 5.419929060185185517e+04 6.025720164609040808e-01 3.500000000000000000e+01 3.499999999999999778e-01 5.916079783099616185e-02 3.257861600000000029e-13 1.000000000000000000e+02
1.368786000000000000e+07 2.924892080000000000e+08 5.419929175925925665e+04 6.027006172839506348e-01 3.500000000000000000e+01 3.499999999999999778e-01 5.916079783099616185e-02 3.257861600000000029e-13 1.000000000000000000e+02
1.368796000000000000e+07 2.924893080000000000e+08 5.419929291666666541e+04 6.028292181069971889e-01 3.200000000000000000e+01 3.200000000000000067e-01 5.656854249492380277e-02 2.978616320000000142e-13 1.000000000000000000e+02
1.368806000000000000e+07 2.924894080000000000e+08 5.419929407407407416e+04 6.029578189300401903e-01 3.600000000000000000e+01 3.599999999999999867e-01 5.999999999999999778e-02 3.350943360000000160e-13 1.000000000000000000e+02
1.368816000000000000e+07 2.924895080000000000e+08 5.419929523148148292e+04 6.030864197530867443e-01 3.400000000000000000e+01 3.400000000000000244e-01 5.830951894845300826e-02 3.164779840000000403e-13 1.000000000000000000e+02
1.368826000000000000e+07 2.924896080000000000e+08 5.419929638888889167e+04 6.032150205761332984e-01 3.600000000000000000e+01 3.599999999999999867e-01 5.999999999999999778e-02 3.350943360000000160e-13 1.000000000000000000e+02
1.368836000000000000e+07 2.924897080000000000e+08 5.419929754629629315e+04 6.033436213991762997e-01 3.800000000000000000e+01 3.800000000000000044e-01 6.164414002968975764e-02 3.537106880000000421e-13 1.000000000000000000e+02
1.368846000000000000e+07 2.924898080000000000e+08 5.419929870370370190e+04 6.034722222222228538e-01 4.900000000000000000e+01 4.899999999999999911e-01 7.000000000000000666e-02 4.561006240000000344e-13 1.000000000000000000e+02
1.368856000000000000e+07 2.924899080000000000e+08 5.419929986111111066e+04 6.036008230452658552e-01 3.600000000000000000e+01 3.599999999999999867e-01 5.999999999999999778e-02 3.350943360000000160e-13 1.000000000000000000e+02
1.368866000000000000e+07 2.924900080000000000e+08 5.419930101851851941e+04 6.037294238683124092e-01 3.800000000000000000e+01 3.800000000000000044e-01 6.164414002968975764e-02 3.537106880000000421e-13 1.000000000000000000e+02
1.368876000000000000e+07 2.924901080000000000e+08 5.419930217592592817e+04 6.038580246913589633e-01 3.500000000000000000e+01 3.499999999999999778e-01 5.916079783099616185e-02 3.257861600000000029e-13 1.000000000000000000e+02
1.368886000000000000e+07 2.924902080000000000e+08 5.419930333333332965e+04 6.039866255144019647e-01 4.700000000000000000e+01 4.699999999999999734e-01 6.855654600401044074e-02 4.374842720000000082e-13 1.000000000000000000e+02
1.368896000000000000e+07 2.924903080000000000e+08 5.419930449074073840e+04 6.041152263374485187e-01 3.700000000000000000e+01 3.699999999999999956e-01 6.082762530298219117e-02 3.444025120000000290e-13 1.000000000000000000e+02
1.368906000000000000e+07 2.924904080000000000e+08 5.419930564814814716e+04 6.042438271604950728e-01 4.800000000000000000e+01 4.799999999999999822e-01 6.928203230275509217e-02 4.467924480000000213e-13 1.000000000000000000e+02
1.368916000000000000e+07 2.924905080000000000e+08 5.419930680555555591e+04 6.043724279835380742e-01 4.400000000000000000e+01 4.400000000000000022e-01 6.633249580710799675e-02 4.095597440000000195e-13 1.000000000000000000e+02
1.368926000000000000e+07 2.924906080000000000e+08 5.419930796296296467e+04 6.045010288065846282e-01 3.800000000000000000e+01 3.800000000000000044e-01 6.164414002968975764e-02 3.537106880000000421e-13 1.000000000000000000e+02
1.368936000000000000e+07 2.924907080000000000e+08 5.419930912037037342e+04 6.046296296296311823e-01 2.400000000000000000e+01 2.399999999999999911e-01 4.898979485566355707e-02 2.233962240000000106e-13 1.000000000000000000e+02
1.368946000000000000e+07 2.924908080000000000e+08 5.419931027777777490e+04 6.047582304526741837e-01 4.700000000000000000e+01 4.699999999999999734e-01 6.855654600401044074e-02 4.374842720000000082e-13 1.000000000000000000e+02
1.368956000000000000e+07 2.924909080000000000e+08 5.419931143518518365e+04 6.048868312757207377e-01 4.400000000000000000e+01 4.400000000000000022e-01 6.633249580710799675e-02 4.095597440000000195e-13 1.000000000000000000e+02
1.368966000000000000e+07 2.924910080000000000e+08 5.419931259259259241e+04 6.050154320987637391e-01 3.100000000000000000e+01 3.099999999999999978e-01 5.567764362830021629e-02 2.885534560000000516e-13 1.000000000000000000e+02
1.368976000000000000e+07 2.924911080000000000e+08 5.419931375000000116e+04 6.051440329218102931e-01 2.700000000000000000e+01 2.700000000000000178e-01 5.196152422706631913e-02 2.513207520000000498e-13 1.000000000000000000e+02
1.368986000000000000e+07 2.924912080000000000e+08 5.419931490740740992e+04 6.052726337448568472e-01 4.500000000000000000e+01 4.500000000000000111e-01 6.708203932499369471e-02 4.188679200000000326e-13 1.000000000000000000e+02
1.368996000000000000e+07 2.924913080000000000e+08 5.419931606481481867e+04 6.054012345678998486e-01 2.900000000000000000e+01 2.899999999999999800e-01 5.385164807134503601e-02 2.699371040000000255e-13 1.000000000000000000e+02
1.369006000000000000e+07 2.924914080000000000e+08 5.419931722222222015e+04 6.055298353909464026e-01 2.900000000000000000e+01 2.899999999999999800e-01 5.385164807134503601e-02 2.699371040000000255e-13 1.000000000000000000e+02
1.369016000000000000e+07 2.924915080000000000e+08 5.419931837962962891e+04 6.056584362139929567e-01 3.900000000000000000e+01 3.900000000000000133e-01 6.244997998398398031e-02 3.630188640000000552e-13 1.000000000000000000e+02
1.369026000000000000e+07 2.924916080000000000e+08 5.419931953703703766e+04 6.057870370370359581e-01 4.100000000000000000e+01 4.099999999999999756e-01 6.403124237432848698e-02 3.816352160000000308e-13 1.000000000000000000e+02
1.369036000000000000e+07 2.924917080000000000e+08 5.419932069444444642e+04 6.059156378600825121e-01 3.600000000000000000e+01 3.599999999999999867e-01 5.999999999999999778e-02 3.350943360000000160e-13 1.000000000000000000e+02
1.369046000000000000e+07 2.924918080000000000e+08 5.419932185185185517e+04 6.060442386831290662e-01 4.200000000000000000e+01 4.199999999999999845e-01 6.480740698407860823e-02 3.909433920000000439e-13 1.000000000000000000e+02
1.369056000000000000e+07 2.924919080000000000e+08 5.419932300925925665e+04 6.061728395061720676e-01 2.800000000000000000e+01 2.800000000000000266e-01 5.291502622129181516e-02 2.606289280000000629e-13 1.000000000000000000e+02
1.369066000000000000e+07 2.924920080000000000e+08 5.419932416666666541e+04 6.063014403292186216e-01 3.800000000000000000e+01 3.800000000000000044e-01 6.164414002968975764e-02 3.537106880000000421e-13 1.000000000000000000e+02
1.369076000000000000e+07 2.924921080000000000e+08 5.419932532407407416e+04 6.064300411522616230e-01 3.300000000000000000e+01 3.300000000000000155e-01 5.744562646538028949e-02 3.071698080000000273e-13 1.000000000000000000e+02
1.369086000000000000e+07 2.924922080000000000e+08 5.419932648148148292e+04 6.065586419753081771e-01 3.100000000000000000e+01 3.099999999999999978e-01 5.567764362830021629e-02 2.885534560000000516e-13 1.000000000000000000e+02
1.369096000000000000e+07 2.924923080000000000e+08 5.419932763888889167e+04 6.066872427983547311e-01 3.400000000000000000e+01 3.400000000000000244e-01 5.830951894845300826e-02 3.164779840000000403e-13 1.000000000000000000e+02
1.369106000000000000e+07 2.924924080000000000e+08 5.419932879629629315e+04 6.068158436213977325e-01 4.400000000000000000e+01 4.400000000000000022e-01 6.633249580710799675e-02 4.095597440000000195e-13 1.000000000000000000e+02
1.369116000000000000e+07 2.924925080000000000e+08 5.419932995370370190e+04 6.069444444444442865e-01 2.200000000000000000e+01 2.200000000000000011e-01 4.690415759823429731e-02 2.047798720000000098e-13 1.000000000000000000e+02
1.369126000000000000e+07 2.924926080000000000e+08 5.419933111111111066e+04 6.070730452674908406e-01 2.600000000000000000e+01 2.600000000000000089e-01 5.099019513592784741e-02 2.420125760000000368e-13 1.000000000000000000e+02
1.369136000000000000e+07 2.924927080000000000e+08 5.419933226851851941e+04 6.072016460905338420e-01 3.400000000000000000e+01 3.400000000000000244e-01 5.830951894845300826e-02 3.164779840000000403e-13 1.000000000000000000e+02
1.369146000000000000e+07 2.924928080000000000e+08 5.419933342592592817e+04 6.073302469135803960e-01 3.800000000000000000e+01 3.800000000000000044e-01 6.164414002968975764e-02 3.537106880000000421e-13 1.000000000000000000e+02
1.369156000000000000e+07 2.924929080000000000e+08 5.419933458333332965e+04 6.074588477366269501e-01 4.400000000000000000e+01 4.400000000000000022e-01 6.633249580710799675e-02 4.095597440000000195e-13 1.000000000000000000e+02
1.369166000000000000e+07 2.924930080000000000e+08 5.419933574074073840e+04 6.075874485596699515e-01 3.900000000000000000e+01 3.900000000000000133e-01 6.244997998398398031e-02 3.630188640000000552e-13 1.000000000000000000e+02
1.369176000000000000e+07 2.924931080000000000e+08 5.419933689814814716e+04 6.077160493827165055e-01 2.500000000000000000e+01 2.500000000000000000e-01 5.000000000000000278e-02 2.327044000000000237e-13 1.000000000000000000e+02
1.369186000000000000e+07 2.924932080000000000e+08 5.419933805555555591e+04 6.078446502057630596e-01 2.900000000000000000e+01 2.899999999999999800e-01 5.385164807134503601e-02 2.699371040000000255e-13 1.000000000000000000e+02
1.369196000000000000e+07 2.924933080000000000e+08 5.419933921296296467e+04 6.079732510288060610e-01 2.800000000000000000e+01 2.800000000000000266e-01 5.291502622129181516e-02 2.606289280000000629e-13 1.000000000000000000e+02
1.369206000000000000e+07 2.924934080000000000e+08 5.419934037037037342e+04 6.081018518518526150e-01 4.100000000000000000e+01 4.099999999999999756e-01 6.403124237432848698e-02 3.816352160000000308e-13 1.000000000000000000e+02
1.369216000000000000e+07 2.924935080000000000e+08 5.419934152777777490e+04 6.082304526748956164e-01 2.200000000000000000e+01 2.200000000000000011e-01 4.690415759823429731e-02 2.047798720000000098e-13 1.000000000000000000e+02
1.369226000000000000e+07 2.924936080000000000e+08 5.419934268518518365e+04 6.083590534979421705e-01 4.100000000000000000e+01 4.099999999999999756e-01 6.403124237432848698e-02 3.816352160000000308e-13 1.000000000000000000e+02
1.369236000000000000e+07 2.924937080000000000e+08 5.419934384259259241e+04 6.084876543209887245e-01 3.000000000000000000e+01 2.999999999999999889e-01 5.477225575051661299e-02 2.792452800000000386e-13 1.000000000000000000e+02
1.369246000000000000e+07 2.924938080000000000e+08 5.419934500000000116e+04 6.086162551440317259e-01 4.100000000000000000e+01 4.099999999999999756e-01 6.403124237432848698e-02 3.816352160000000308e-13 1.000000000000000000e+02
1.369256000000000000e+07 2.924939080000000000e+08 5.419934615740740992e+04 6.087448559670782799e-01 3.100000000000000000e+01 3.099999999999999978e-01 5.567764362830021629e-02 2.885534560000000516e-13 1.000000000000000000e+02
1.369266000000000000e+07 2.924940080000000000e+08 5.419934731481481867e+04 6.088734567901248340e-01 3.400000000000000000e+01 3.400000000000000244e-01 5.830951894845300826e-02 3.164779840000000403e-13 1.000000000000000000e+02
1.369276000000000000e+07 2.924941080000000000e+08 5.419934847222222015e+04 6.090020576131678354e-01 4.000000000000000000e+01 4.000000000000000222e-01 6.324555320336759656e-02 3.723270400000000682e-13 1.000000000000000000e+02
1.369286000000000000e+07 2.924942080000000000e+08 5.419934962962962891e+04 6.091306584362143894e-01 3.600000000000000000e+01 3.599999999999999867e-01 5.999999999999999778e-02 3.350943360000000160e-13 1.000000000000000000e+02
1.369296000000000000e+07 2.924943080000000000e+08 5.419935078703703766e+04 6.092592592592609435e-01 4.700000000000000000e+01 4.699999999999999734e-01 6.855654600401044074e-02 4.374842720000000082e-13 1.000000000000000000e+02
1.369306000000000000e+07 2.924944080000000000e+08 5.419935194444444642e+04 6.093878600823039449e-01 3.600000000000000000e+01 3.599999999999999867e-01 5.999999999999999778e-02 3.350943360000000160e-13 1.000000000000000000e+02
1.369316000000000000e+07 2.924945080000000000e+08 5.419935310185185517e+04 6.095164609053504989e-01 4.800000000000000000e+01 4.799999999999999822e-01 6.928203230275509217e-02 4.467924480000000213e-13 1.000000000000000000e+02
1.369326000000000000e+07 2.924946080000000000e+08 5.419935425925925665e+04 6.096450617283935003e-01 4.200000000000000000e+01 4.199999999999999845e-01 6.480740698407860823e-02 3.909433920000000439e-13 1.000000000000000000e+02
1.369336000000000000e+07 2.924947080000000000e+08 5.419935541666666541e+04 6.097736625514400544e-01 4.800000000000000000e+01 4.799999999999999822e-01 6.928203230275509217e-02 4.467924480000000213e-13 1.000000000000000000e+02
1.369346000000000000e+07 2.924948080000000000e+08 5.419935657407407416e+04 6.099022633744866084e-01 4.600000000000000000e+01 4.600000000000000200e-01 6.782329983125268136e-02 4.281760960000000457e-13 1.000000000000000000e+02
1.369356000000000000e+07 2.924949080000000000e+08 5.419935773148148292e+04 6.100308641975296098e-01 5.000000000000000000e+01 5.000000000000000000e-01 7.071067811865475172e-02 4.654088000000000474e-13 1.000000000000000000e+02
1.369366000000000000e+07 2.924950080000000000e+08 5.419935888888889167e+04 6.101594650205761639e-01 4.200000000000000000e+01 4.199999999999999845e-01 6.480740698407860823e-02 3.909433920000000439e-13 1.000000000000000000e+02
1.369376000000000000e+07 2.924951080000000000e+08 5.419936004629629315e+04 6.102880658436227179e-01 4.900000000000000000e+01 4.899999999999999911e-01 7.000000000000000666e-02 4.561006240000000344e-13 1.000000000000000000e+02
1.369386000000000000e+07 2.924952080000000000e+08 5.419936120370370190e+04 6.104166666666657193e-01 4.400000000000000000e+01 4.400000000000000022e-01 6.633249580710799675e-02 4.095597440000000195e-13 1.000000000000000000e+02
1.369396000000000000e+07 2.924953080000000000e+08 5.419936236111111066e+04 6.105452674897122733e-01 3.900000000000000000e+01 3.900000000000000133e-01 6.244997998398398031e-02 3.630188640000000552e-13 1.000000000000000000e+02
1.369706000000000000e+07 2.924984080000000000e+08 5.419939824074073840e+04 6.145318930041163696e-01 3.400000000000000000e+01 3.400000000000000244e-01 5.830951894845300826e-02 3.164779840000000403e-13 1.000000000000000000e+02
1.369716000000000000e+07 2.924985080000000000e+08 5.419939939814814716e+04 6.146604938271593710e-01 2.700000000000000000e+01 2.700000000000000178e-01 5.196152422706631913e-02 2.513207520000000498e-13 1.000000000000000000e+02
1.369726000000000000e+07 2.924986080000000000e+08 5.419940055555555591e+04 6.147890946502059251e-01 3.900000000000000000e+01 3.900000000000000133e-01 6.244997998398398031e-02 3.630188640000000552e-13 1.000000000000000000e+02
1.369736000000000000e+07 2.924987080000000000e+08 5.419940171296296467e+04 6.149176954732524791e-01 4.300000000000000000e+01 4.299999999999999933e-01 6.557438524302000582e-02 4.002515680000000569e-13 1.000000000000000000e+02
1.369746000000000000e+07 2.924988080000000000e+08 5.419940287037037342e+04 6.150462962962954805e-01 4.300000000000000000e+01 4.299999999999999933e-01 6.557438524302000582e-02 4.002515680000000569e-13 1.000000000000000000e+02
1.369756000000000000e+07 2.924989080000000000e+08 5.419940402777777490e+04 6.151748971193420346e-01 5.400000000000000000e+01 5.400000000000000355e-01 7.348469228349534255e-02 5.026415040000000997e-13 1.000000000000000000e+02
1.369766000000000000e+07 2.924990080000000000e+08 5.419940518518518365e+04 6.153034979423885886e-01 3.800000000000000000e+01 3.800000000000000044e-01 6.164414002968975764e-02 3.537106880000000421e-13 1.000000000000000000e+02
1.369776000000000000e+07 2.924991080000000000e+08 5.419940634259259241e+04 6.154320987654315900e-01 4.400000000000000000e+01 4.400000000000000022e-01 6.633249580710799675e-02 4.095597440000000195e-13 1.000000000000000000e+02
1.369786000000000000e+07 2.924992080000000000e+08 5.419940750000000116e+04 6.155606995884781441e-01 4.700000000000000000e+01 4.699999999999999734e-01 6.855654600401044074e-02 4.374842720000000082e-13 1.000000000000000000e+02
1.369796000000000000e+07 2.924993080000000000e+08 5.419940865740740992e+04 6.156893004115211454e-01 4.300000000000000000e+01 4.299999999999999933e-01 6.557438524302000582e-02 4.002515680000000569e-13 1.000000000000000000e+02
1.369806000000000000e+07 2.924994080000000000e+08 5.419940981481481867e+04 6.158179012345676995e-01 3.800000000000000000e+01 3.800000000000000044e-01 6.164414002968975764e-02 3.537106880000000421e-13 1.000000000000000000e+02
1.369816000000000000e+07 2.924995080000000000e+08 5.419941097222222015e+04 6.159465020576142535e-01 5.000000000000000000e+01 5.000000000000000000e-01 7.071067811865475172e-02 4.654088000000000474e-13 1.000000000000000000e+02
1.369826000000000000e+07 2.924996080000000000e+08 5.419941212962962891e+04 6.160751028806572549e-01 4.600000000000000000e+01 4.600000000000000200e-01 6.782329983125268136e-02 4.281760960000000457e-13 1.000000000000000000e+02
1.369836000000000000e+07 2.924997080000000000e+08 5.419941328703703766e+04 6.162037037037038090e-01 3.800000000000000000e+01 3.800000000000000044e-01 6.164414002968975764e-02 3.537106880000000421e-13 1.000000000000000000e+02
1.369846000000000000e+07 2.924998080000000000e+08 5.419941444444444642e+04 6.163323045267503630e-01 4.700000000000000000e+01 4.699999999999999734e-01 6.855654600401044074e-02 4.374842720000000082e-13 1.000000000000000000e+02
1.369856000000000000e+07 2.924999080000000000e+08 5.419941560185185517e+04 6.164609053497933644e-01 3.500000000000000000e+01 3.499999999999999778e-01 5.916079783099616185e-02 3.257861600000000029e-13 1.000000000000000000e+02
1.369866000000000000e+07 2.925000080000000000e+08 5.419941675925925665e+04 6.165895061728399185e-01 4.500000000000000000e+01 4.500000000000000111e-01 6.708203932499369471e-02 4.188679200000000326e-13 1.000000000000000000e+02
1.369876000000000000e+07 2.925001080000000000e+08 5.419941791666666541e+04 6.167181069958864725e-01 3.300000000000000000e+01 3.300000000000000155e-01 5.744562646538028949e-02 3.071698080000000273e-13 1.000000000000000000e+02
1.369886000000000000e+07 2.925002080000000000e+08 5.419941907407407416e+04 6.168467078189294739e-01 3.800000000000000000e+01 3.800000000000000044e-01 6.164414002968975764e-02 3.537106880000000421e-13 1.000000000000000000e+02
1.369896000000000000e+07 2.925003080000000000e+08 5.419942023148148292e+04 6.169753086419760280e-01 3.000000000000000000e+01 2.999999999999999889e-01 5.477225575051661299e-02 2.792452800000000386e-13 1.000000000000000000e+02
1.369906000000000000e+07 2.925004080000000000e+08 5.419942138888889167e+04 6.171039094650190293e-01 4.300000000000000000e+01 4.299999999999999933e-01 6.557438524302000582e-02 4.002515680000000569e-13 1.000000000000000000e+02
1.369916000000000000e+07 2.925005080000000000e+08 5.419942254629629315e+04 6.172325102880655834e-01 3.600000000000000000e+01 3.599999999999999867e-01 5.999999999999999778e-02 3.350943360000000160e-13 1.000000000000000000e+02
1.369926000000000000e+07 2.925006080000000000e+08 5.419942370370370190e+04 6.173611111111121375e-01 4.300000000000000000e+01 4.299999999999999933e-01 6.557438524302000582e-02 4.002515680000000569e-13 1.000000000000000000e+02
1.369936000000000000e+07 2.925007080000000000e+08 5.419942486111111066e+04 6.174897119341551388e-01 3.800000000000000000e+01 3.800000000000000044e-01 6.164414002968975764e-02 3.537106880000000421e-13 1.000000000000000000e+02
1.369946000000000000e+07 2.925008080000000000e+08 5.419942601851851941e+04 6.176183127572016929e-01 3.800000000000000000e+01 3.800000000000000044e-01 6.164414002968975764e-02 3.537106880000000421e-13 1.000000000000000000e+02
1.369956000000000000e+07 2.925009080000000000e+08 5.419942717592592817e+04 6.177469135802482469e-01 5.000000000000000000e+01 5.000000000000000000e-01 7.071067811865475172e-02 4.654088000000000474e-13 1.000000000000000000e+02
1.369966000000000000e+07 2.925010080000000000e+08 5.419942833333332965e+04 6.178755144032912483e-01 4.500000000000000000e+01 4.500000000000000111e-01 6.708203932499369471e-02 4.188679200000000326e-13 1.000000000000000000e+02
1.369976000000000000e+07 2.925011080000000000e+08 5.419942949074073840e+04 6.180041152263378024e-01 4.900000000000000000e+01 4.899999999999999911e-01 7.000000000000000666e-02 4.561006240000000344e-13 1.000000000000000000e+02
1.369986000000000000e+07 2.925012080000000000e+08 5.419943064814814716e+04 6.181327160493843564e-01 3.700000000000000000e+01 3.699999999999999956e-01 6.082762530298219117e-02 3.444025120000000290e-13 1.000000000000000000e+02
1.369996000000000000e+07 2.925013080000000000e+08 5.419943180555555591e+04 6.182613168724273578e-01 4.100000000000000000e+01 4.099999999999999756e-01 6.403124237432848698e-02 3.816352160000000308e-13 1.000000000000000000e+02
1.370006000000000000e+07 2.925014080000000000e+08 5.419943296296296467e+04 6.183899176954739119e-01 3.800000000000000000e+01 3.800000000000000044e-01 6.164414002968975764e-02 3.537106880000000421e-13 1.000000000000000000e+02
1.370016000000000000e+07 2.925015080000000000e+08 5.419943412037037342e+04 6.185185185185169132e-01 5.000000000000000000e+01 5.000000000000000000e-01 7.071067811865475172e-02 4.654088000000000474e-13 1.000000000000000000e+02
1.370026000000000000e+07 2.925016080000000000e+08 5.419943527777777490e+04 6.186471193415634673e-01 4.700000000000000000e+01 4.699999999999999734e-01 6.855654600401044074e-02 4.374842720000000082e-13 1.000000000000000000e+02
1.370036000000000000e+07 2.925017080000000000e+08 5.419943643518518365e+04 6.187757201646100214e-01 3.500000000000000000e+01 3.499999999999999778e-01 5.916079783099616185e-02 3.257861600000000029e-13 1.000000000000000000e+02
1.370046000000000000e+07 2.925018080000000000e+08 5.419943759259259241e+04 6.189043209876530227e-01 4.400000000000000000e+01 4.400000000000000022e-01 6.633249580710799675e-02 4.095597440000000195e-13 1.000000000000000000e+02
1.370056000000000000e+07 2.925019080000000000e+08 5.419943875000000116e+04 6.190329218106995768e-01 4.400000000000000000e+01 4.400000000000000022e-01 6.633249580710799675e-02 4.095597440000000195e-13 1.000000000000000000e+02
1.370066000000000000e+07 2.925020080000000000e+08 5.419943990740740992e+04 6.191615226337461309e-01 3.600000000000000000e+01 3.599999999999999867e-01 5.999999999999999778e-02 3.350943360000000160e-13 1.000000000000000000e+02
1.370076000000000000e+07 2.925021080000000000e+08 5.419944106481481867e+04 6.192901234567891322e-01 4.200000000000000000e+01 4.199999999999999845e-01 6.480740698407860823e-02 3.909433920000000439e-13 1.000000000000000000e+02
1.370086000000000000e+07 2.925022080000000000e+08 5.419944222222222015e+04 6.194187242798356863e-01 4.400000000000000000e+01 4.400000000000000022e-01 6.633249580710799675e-02 4.095597440000000195e-13 1.000000000000000000e+02
1.370096000000000000e+07 2.925023080000000000e+08 5.419944337962962891e+04 6.195473251028822403e-01 4.200000000000000000e+01 4.199999999999999845e-01 6.480740698407860823e-02 3.909433920000000439e-13 1.000000000000000000e+02
1.370106000000000000e+07 2.925024080000000000e+08 5.419944453703703766e+04 6.196759259259252417e-01 4.700000000000000000e+01 4.699999999999999734e-01 6.855654600401044074e-02 4.374842720000000082e-13 1.000000000000000000e+02
1.370116000000000000e+07 2.925025080000000000e+08 5.419944569444444642e+04 6.198045267489717958e-01 4.300000000000000000e+01 4.299999999999999933e-01 6.557438524302000582e-02 4.002515680000000569e-13 1.000000000000000000e+02
1.370126000000000000e+07 2.925026080000000000e+08 5.419944685185185517e+04 6.199331275720147971e-01 4.300000000000000000e+01 4.299999999999999933e-01 6.557438524302000582e-02 4.002515680000000569e-13 1.000000000000000000e+02
1.370136000000000000e+07 2.925027080000000000e+08 5.419944800925925665e+04 6.200617283950613512e-01 4.200000000000000000e+01 4.199999999999999845e-01 6.480740698407860823e-02 3.909433920000000439e-13 1.000000000000000000e+02
1.370146000000000000e+07 2.925028080000000000e+08 5.419944916666666541e+04 6.201903292181079053e-01 3.400000000000000000e+01 3.400000000000000244e-01 5.830951894845300826e-02 3.164779840000000403e-13 1.000000000000000000e+02
1.370156000000000000e+07 2.925029080000000000e+08 5.419945032407407416e+04 6.203189300411509066e-01 5.600000000000000000e+01 5.600000000000000533e-01 7.483314773547883325e-02 5.212578560000001258e-13 1.000000000000000000e+02
1.370166000000000000e+07 2.925030080000000000e+08 5.419945148148148292e+04 6.204475308641974607e-01 4.400000000000000000e+01 4.400000000000000022e-01 6.633249580710799675e-02 4.095597440000000195e-13 1.000000000000000000e+02
1.370176000000000000e+07 2.925031080000000000e+08 5.419945263888889167e+04 6.205761316872440148e-01 4.200000000000000000e+01 4.199999999999999845e-01 6.480740698407860823e-02 3.909433920000000439e-13 1.000000000000000000e+02
1.370186000000000000e+07 2.925032080000000000e+08 5.419945379629629315e+04 6.207047325102870161e-01 5.000000000000000000e+01 5.000000000000000000e-01 7.071067811865475172e-02 4.654088000000000474e-13 1.000000000000000000e+02
1.370196000000000000e+07 2.925033080000000000e+08 5.419945495370370190e+04 6.208333333333335702e-01 3.100000000000000000e+01 3.099999999999999978e-01 5.567764362830021629e-02 2.885534560000000516e-13 1.000000000000000000e+02
1.370206000000000000e+07 2.925034080000000000e+08 5.419945611111111066e+04 6.209619341563801243e-01 3.300000000000000000e+01 3.300000000000000155e-01 5.744562646538028949e-02 3.071698080000000273e-13 1.000000000000000000e+02
1.370216000000000000e+07 2.925035080000000000e+08 5.419945726851851941e+04 6.210905349794231256e-01 4.600000000000000000e+01 4.600000000000000200e-01 6.782329983125268136e-02 4.281760960000000457e-13 1.000000000000000000e+02
1.370226000000000000e+07 2.925036080000000000e+08 5.419945842592592817e+04 6.212191358024696797e-01 4.100000000000000000e+01 4.099999999999999756e-01 6.403124237432848698e-02 3.816352160000000308e-13 1.000000000000000000e+02
1.370236000000000000e+07 2.925037080000000000e+08 5.419945958333332965e+04 6.213477366255126810e-01 4.000000000000000000e+01 4.000000000000000222e-01 6.324555320336759656e-02 3.723270400000000682e-13 1.000000000000000000e+02
1.370246000000000000e+07 2.925038080000000000e+08 5.419946074074073840e+04 6.214763374485592351e-01 3.300000000000000000e+01 3.300000000000000155e-01 5.744562646538028949e-02 3.071698080000000273e-13 1.000000000000000000e+02
1.370256000000000000e+07 2.925039080000000000e+08 5.419946189814814716e+04 6.216049382716057892e-01 3.100000000000000000e+01 3.099999999999999978e-01 5.567764362830021629e-02 2.885534560000000516e-13 1.000000000000000000e+02
1.370266000000000000e+07 2.925040080000000000e+08 5.419946305555555591e+04 6.217335390946487905e-01 3.500000000000000000e+01 3.499999999999999778e-01 5.916079783099616185e-02 3.257861600000000029e-13 1.000000000000000000e+02
1.370276000000000000e+07 2.925041080000000000e+08 5.419946421296296467e+04 6.218621399176953446e-01 3.400000000000000000e+01 3.400000000000000244e-01 5.830951894845300826e-02 3.164779840000000403e-13 1.000000000000000000e+02
1.370286000000000000e+07 2.925042080000000000e+08 5.419946537037037342e+04 6.219907407407418987e-01 3.300000000000000000e+01 3.300000000000000155e-01 5.744562646538028949e-02 3.071698080000000273e-13 1.000000000000000000e+02
1.370296000000000000e+07 2.925043080000000000e+08 5.419946652777777490e+04 6.221193415637849000e-01 3.300000000000000000e+01 3.300000000000000155e-01 5.744562646538028949e-02 3.071698080000000273e-13 1.000000000000000000e+02
1.370306000000000000e+07 2.925044080000000000e+08 5.419946768518518365e+04 6.222479423868314541e-01 3.600000000000000000e+01 3.599999999999999867e-01 5.999999999999999778e-02 3.350943360000000160e-13 1.000000000000000000e+02
1.370316000000000000e+07 2.925045080000000000e+08 5.419946884259259241e+04 6.223765432098780082e-01 4.100000000000000000e+01 4.099999999999999756e-01 6.403124237432848698e-02 3.816352160000000308e-13 1.000000000000000000e+02
1.370326000000000000e+07 2.925046080000000000e+08 5.419947000000000116e+04 6.225051440329210095e-01 4.700000000000000000e+01 4.699999999999999734e-01 6.855654600401044074e-02 4.374842720000000082e-13 1.000000000000000000e+02
1.370336000000000000e+07 2.925047080000000000e+08 5.419947115740740992e+04 6.226337448559675636e-01 3.900000000000000000e+01 3.900000000000000133e-01 6.244997998398398031e-02 3.630188640000000552e-13 1.000000000000000000e+02
1.370346000000000000e+07 2.925048080000000000e+08 5.419947231481481867e+04 6.227623456790141176e-01 4.300000000000000000e+01 4.299999999999999933e-01 6.557438524302000582e-02 4.002515680000000569e-13 1.000000000000000000e+02
1.370356000000000000e+07 2.925049080000000000e+08 5.419947347222222015e+04 6.228909465020571190e-01 4.000000000000000000e+01 4.000000000000000222e-01 6.324555320336759656e-02 3.723270400000000682e-13 1.000000000000000000e+02
1.370366000000000000e+07 2.925050080000000000e+08 5.419947462962962891e+04 6.230195473251036731e-01 2.700000000000000000e+01 2.700000000000000178e-01 5.196152422706631913e-02 2.513207520000000498e-13 1.000000000000000000e+02
1.370376000000000000e+07 2.925051080000000000e+08 5.419947578703703766e+04 6.231481481481466744e-01 4.900000000000000000e+01 4.899999999999999911e-01 7.000000000000000666e-02 4.561006240000000344e-13 1.000000000000000000e+02
1.370386000000000000e+07 2.925052080000000000e+08 5.419947694444444642e+04 6.232767489711932285e-01 5.100000000000000000e+01 5.100000000000000089e-01 7.141428428542850870e-02 4.747169760000000605e-13 1.000000000000000000e+02
1.370396000000000000e+07 2.925053080000000000e+08 5.419947810185185517e+04 6.234053497942397826e-01 4.200000000000000000e+01 4.199999999999999845e-01 6.480740698407860823e-02 3.909433920000000439e-13 1.000000000000000000e+02
1.370406000000000000e+07 2.925054080000000000e+08 5.419947925925925665e+04 6.235339506172827839e-01 3.500000000000000000e+01 3.499999999999999778e-01 5.916079783099616185e-02 3.257861600000000029e-13 1.000000000000000000e+02
1.370416000000000000e+07 2.925055080000000000e+08 5.419948041666666541e+04 6.236625514403293380e-01 4.400000000000000000e+01 4.400000000000000022e-01 6.633249580710799675e-02 4.095597440000000195e-13 1.000000000000000000e+02
1.370426000000000000e+07 2.925056080000000000e+08 5.419948157407407416e+04 6.237911522633758921e-01 4.500000000000000000e+01 4.500000000000000111e-01 6.708203932499369471e-02 4.188679200000000326e-13 1.000000000000000000e+02
1.370436000000000000e+07 2.925057080000000000e+08 5.419948273148148292e+04 6.239197530864188934e-01 3.300000000000000000e+01 3.300000000000000155e-01 5.744562646538028949e-02 3.071698080000000273e-13 1.000000000000000000e+02
1.370446000000000000e+07 2.925058080000000000e+08 5.419948388888889167e+04 6.240483539094654475e-01 4.600000000000000000e+01 4.600000000000000200e-01 6.782329983125268136e-02 4.281760960000000457e-13 1.000000000000000000e+02
1.370456000000000000e+07 2.925059080000000000e+08 5.419948504629629315e+04 6.241769547325120016e-01 3.700000000000000000e+01 3.699999999999999956e-01 6.082762530298219117e-02 3.444025120000000290e-13 1.000000000000000000e+02
1.370466000000000000e+07 2.925060080000000000e+08 5.419948620370370190e+04 6.243055555555550029e-01 4.700000000000000000e+01 4.699999999999999734e-01 6.855654600401044074e-02 4.374842720000000082e-13 1.000000000000000000e+02
1.370476000000000000e+07 2.925061080000000000e+08 5.419948736111111066e+04 6.244341563786015570e-01 5.600000000000000000e+01 5.600000000000000533e-01 7.483314773547883325e-02 5.212578560000001258e-13 1.000000000000000000e+02
1.370486000000000000e+07 2.925062080000000000e+08 5.419948851851851941e+04 6.245627572016445583e-01 4.900000000000000000e+01 4.899999999999999911e-01 7.000000000000000666e-02 4.561006240000000344e-13 1.000000000000000000e+02
1.370496000000000000e+07 2.925063080000000000e+08 5.419948967592592817e+04 6.246913580246911124e-01 5.200000000000000000e+01 5.200000000000000178e-01 7.211102550927978028e-02 4.840251520000000736e-13 1.000000000000000000e+02
1.370506000000000000e+07 2.925064080000000000e+08 5.419949083333332965e+04 6.248199588477376665e-01 5.200000000000000000e+01 5.200000000000000178e-01 7.211102550927978028e-02 4.840251520000000736e-13 1.000000000000000000e+02
1.370516000000000000e+07 2.925065080000000000e+08 5.419949199074073840e+04 6.249485596707806678e-01 3.600000000000000000e+01 3.599999999999999867e-01 5.999999999999999778e-02 3.350943360000000160e-13 1.000000000000000000e+02
1.370526000000000000e+07 2.925066080000000000e+08 5.419949314814814716e+04 6.250771604938272219e-01 4.500000000000000000e+01 4.500000000000000111e-01 6.708203932499369471e-02 4.188679200000000326e-13 1.000000000000000000e+02
1.370536000000000000e+07 2.925067080000000000e+08 5.419949430555555591e+04 6.252057613168737760e-01 4.400000000000000000e+01 4.400000000000000022e-01 6.633249580710799675e-02 4.095597440000000195e-13 1.000000000000000000e+02
1.370546000000000000e+07 2.925068080000000000e+08 5.419949546296296467e+04 6.253343621399167773e-01 4.600000000000000000e+01 4.600000000000000200e-01 6.782329983125268136e-02 4.281760960000000457e-13 1.000000000000000000e+02
1.370556000000000000e+07 2.925069080000000000e+08 5.419949662037037342e+04 6.254629629629633314e-01 4.400000000000000000e+01 4.400000000000000022e-01 6.633249580710799675e-02 4.095597440000000195e-13 1.000000000000000000e+02
1.370566000000000000e+07 2.925070080000000000e+08 5.419949777777777490e+04 6.255915637860098855e-01 3.700000000000000000e+01 3.699999999999999956e-01 6.082762530298219117e-02 3.444025120000000290e-13 1.000000000000000000e+02
1.370576000000000000e+07 2.925071080000000000e+08 5.419949893518518365e+04 6.257201646090528868e-01 4.900000000000000000e+01 4.899999999999999911e-01 7.000000000000000666e-02 4.561006240000000344e-13 1.000000000000000000e+02
1.370586000000000000e+07 2.925072080000000000e+08 5.419950009259259241e+04 6.258487654320994409e-01 5.300000000000000000e+01 5.300000000000000266e-01 7.280109889280518554e-02 4.933333280000000866e-13 1.000000000000000000e+02
1.370596000000000000e+07 2.925073080000000000e+08 5.419950125000000116e+04 6.259773662551424422e-01 4.500000000000000000e+01 4.500000000000000111e-01 6.708203932499369471e-02 4.188679200000000326e-13 1.000000000000000000e+02
1.370606000000000000e+07 2.925074080000000000e+08 5.419950240740740992e+04 6.261059670781889963e-01 5.400000000000000000e+01 5.400000000000000355e-01 7.348469228349534255e-02 5.026415040000000997e-13 1.000000000000000000e+02
1.370616000000000000e+07 2.925075080000000000e+08 5.419950356481481867e+04 6.262345679012355504e-01 5.200000000000000000e+01 5.200000000000000178e-01 7.211102550927978028e-02 4.840251520000000736e-13 1.000000000000000000e+02
1.370626000000000000e+07 2.925076080000000000e+08 5.419950472222222015e+04 6.263631687242785517e-01 4.400000000000000000e+01 4.400000000000000022e-01 6.633249580710799675e-02 4.095597440000000195e-13 1.000000000000000000e+02
1.370636000000000000e+07 2.925077080000000000e+08 5.419950587962962891e+04 6.264917695473251058e-01 5.000000000000000000e+01 5.000000000000000000e-01 7.071067811865475172e-02 4.654088000000000474e-13 1.000000000000000000e+02
1.370646000000000000e+07 2.925078080000000000e+08 5.419950703703703766e+04 6.266203703703716599e-01 4.800000000000000000e+01 4.799999999999999822e-01 6.928203230275509217e-02 4.467924480000000213e-13 1.000000000000000000e+02
1.370656000000000000e+07 2.925079080000000000e+08 5.419950819444444642e+04 6.267489711934146612e-01 3.300000000000000000e+01 3.300000000000000155e-01 5.744562646538028949e-02 3.071698080000000273e-13 1.000000000000000000e+02
1.370666000000000000e+07 2.925080080000000000e+08 5.419950935185185517e+04 6.268775720164612153e-01 4.300000000000000000e+01 4.299999999999999933e-01 6.557438524302000582e-02 4.002515680000000569e-13 1.000000000000000000e+02
1.370676000000000000e+07 2.925081080000000000e+08 5.419951050925925665e+04 6.270061728395077694e-01 4.500000000000000000e+01 4.500000000000000111e-01 6.708203932499369471e-02 4.188679200000000326e-13 1.000000000000000000e+02
1.370686000000000000e+07 2.925082080000000000e+08 5.419951166666666541e+04 6.271347736625507707e-01 5.100000000000000000e+01 5.100000000000000089e-01 7.141428428542850870e-02 4.747169760000000605e-13 1.000000000000000000e+02
1.370696000000000000e+07 2.925083080000000000e+08 5.419951282407407416e+04 6.272633744855973248e-01 4.300000000000000000e+01 4.299999999999999933e-01 6.557438524302000582e-02 4.002515680000000569e-13 1.000000000000000000e+02
1.370706000000000000e+07 2.925084080000000000e+08 5.419951398148148292e+04 6.273919753086403261e-01 3.600000000000000000e+01 3.599999999999999867e-01 5.999999999999999778e-02 3.350943360000000160e-13 1.000000000000000000e+02
1.370716000000000000e+07 2.925085080000000000e+08 5.419951513888889167e+04 6.275205761316868802e-01 5.300000000000000000e+01 5.300000000000000266e-01 7.280109889280518554e-02 4.933333280000000866e-13 1.000000000000000000e+02
1.370726000000000000e+07 2.925086080000000000e+08 5.419951629629629315e+04 6.276491769547334343e-01 3.700000000000000000e+01 3.699999999999999956e-01 6.082762530298219117e-02 3.444025120000000290e-13 1.000000000000000000e+02
1.370736000000000000e+07 2.925087080000000000e+08 5.419951745370370190e+04 6.277777777777764356e-01 4.400000000000000000e+01 4.400000000000000022e-01 6.633249580710799675e-02 4.095597440000000195e-13 1.000000000000000000e+02
1.370746000000000000e+07 2.925088080000000000e+08 5.419951861111111066e+04 6.279063786008229897e-01 3.500000000000000000e+01 3.499999999999999778e-01 5.916079783099616185e-02 3.257861600000000029e-13 1.000000000000000000e+02
1.370756000000000000e+07 2.925089080000000000e+08 5.419951976851851941e+04 6.280349794238695438e-01 4.900000000000000000e+01 4.899999999999999911e-01 7.000000000000000666e-02 4.561006240000000344e-13 1.000000000000000000e+02
1.370766000000000000e+07 2.925090080000000000e+08 5.419952092592592817e+04 6.281635802469125451e-01 4.700000000000000000e+01 4.699999999999999734e-01 6.855654600401044074e-02 4.374842720000000082e-13 1.000000000000000000e+02
1.370776000000000000e+07 2.925091080000000000e+08 5.419952208333332965e+04 6.282921810699590992e-01 4.700000000000000000e+01 4.699999999999999734e-01 6.855654600401044074e-02 4.374842720000000082e-13 1.000000000000000000e+02
1.370786000000000000e+07 2.925092080000000000e+08 5.419952324074073840e+04 6.284207818930056533e-01 4.400000000000000000e+01 4.400000000000000022e-01 6.633249580710799675e-02 4.095597440000000195e-13 1.000000000000000000e+02
1.370796000000000000e+07 2.925093080000000000e+08 5.419952439814814716e+04 6.285493827160486546e-01 5.000000000000000000e+01 5.000000000000000000e-01 7.071067811865475172e-02 4.654088000000000474e-13 1.000000000000000000e+02
1.370806000000000000e+07 2.925094080000000000e+08 5.419952555555555591e+04 6.286779835390952087e-01 5.600000000000000000e+01 5.600000000000000533e-01 7.483314773547883325e-02 5.212578560000001258e-13 1.000000000000000000e+02
1.370816000000000000e+07 2.925095080000000000e+08 5.419952671296296467e+04 6.288065843621382101e-01 5.100000000000000000e+01 5.100000000000000089e-01 7.141428428542850870e-02 4.747169760000000605e-13 1.000000000000000000e+02
1.370826000000000000e+07 2.925096080000000000e+08 5.419952787037037342e+04 6.289351851851847641e-01 4.900000000000000000e+01 4.899999999999999911e-01 7.000000000000000666e-02 4.561006240000000344e-13 1.000000000000000000e+02
1.370836000000000000e+07 2.925097080000000000e+08 5.419952902777777490e+04 6.290637860082313182e-01 5.400000000000000000e+01 5.400000000000000355e-01 7.348469228349534255e-02 5.026415040000000997e-13 1.000000000000000000e+02
1.370846000000000000e+07 2.925098080000000000e+08 5.419953018518518365e+04 6.291923868312743195e-01 5.300000000000000000e+01 5.300000000000000266e-01 7.280109889280518554e-02 4.933333280000000866e-13 1.000000000000000000e+02
1.370856000000000000e+07 2.925099080000000000e+08 5.419953134259259241e+04 6.293209876543208736e-01 4.300000000000000000e+01 4.299999999999999933e-01 6.557438524302000582e-02 4.002515680000000569e-13 1.000000000000000000e+02
1.370866000000000000e+07 2.925100080000000000e+08 5.419953250000000116e+04 6.294495884773674277e-01 4.400000000000000000e+01 4.400000000000000022e-01 6.633249580710799675e-02 4.095597440000000195e-13 1.000000000000000000e+02
1.370876000000000000e+07 2.925101080000000000e+08 5.419953365740740992e+04 6.295781893004104290e-01 4.300000000000000000e+01 4.299999999999999933e-01 6.557438524302000582e-02 4.002515680000000569e-13 1.000000000000000000e+02
1.370886000000000000e+07 2.925102080000000000e+08 5.419953481481481867e+04 6.297067901234569831e-01 4.400000000000000000e+01 4.400000000000000022e-01 6.633249580710799675e-02 4.095597440000000195e-13 1.000000000000000000e+02
1.370896000000000000e+07 2.925103080000000000e+08 5.419953597222222015e+04 6.298353909465035372e-01 5.600000000000000000e+01 5.600000000000000533e-01 7.483314773547883325e-02 5.212578560000001258e-13 1.000000000000000000e+02
1.370906000000000000e+07 2.925104080000000000e+08 5.419953712962962891e+04 6.299639917695465385e-01 5.000000000000000000e+01 5.000000000000000000e-01 7.071067811865475172e-02 4.654088000000000474e-13 1.000000000000000000e+02
1.370916000000000000e+07 2.925105080000000000e+08 5.419953828703703766e+04 6.300925925925930926e-01 4.500000000000000000e+01 4.500000000000000111e-01 6.708203932499369471e-02 4.188679200000000326e-13 1.000000000000000000e+02
1.370926000000000000e+07 2.925106080000000000e+08 5.419953944444444642e+04 6.302211934156360940e-01 4.900000000000000000e+01 4.899999999999999911e-01 7.000000000000000666e-02 4.561006240000000344e-13 1.000000000000000000e+02
1.370936000000000000e+07 2.925107080000000000e+08 5.419954060185185517e+04 6.303497942386826480e-01 5.100000000000000000e+01 5.100000000000000089e-01 7.141428428542850870e-02 4.747169760000000605e-13 1.000000000000000000e+02
1.370946000000000000e+07 2.925108080000000000e+08 5.419954175925925665e+04 6.304783950617292021e-01 5.500000000000000000e+01 5.500000000000000444e-01 7.416198487095662650e-02 5.119496800000001128e-13 1.000000000000000000e+02
1.370956000000000000e+07 2.925109080000000000e+08 5.419954291666666541e+04 6.306069958847722035e-01 6.000000000000000000e+01 5.999999999999999778e-01 7.745966692414833765e-02 5.584905600000000771e-13 1.000000000000000000e+02
1.370966000000000000e+07 2.925110080000000000e+08 5.419954407407407416e+04 6.307355967078187575e-01 4.200000000000000000e+01 4.199999999999999845e-01 6.480740698407860823e-02 3.909433920000000439e-13 1.000000000000000000e+02
1.370976000000000000e+07 2.925111080000000000e+08 5.419954523148148292e+04 6.308641975308653116e-01 5.100000000000000000e+01 5.100000000000000089e-01 7.141428428542850870e-02 4.747169760000000605e-13 1.000000000000000000e+02
1.370986000000000000e+07 2.925112080000000000e+08 5.419954638888889167e+04 6.309927983539083129e-01 4.400000000000000000e+01 4.400000000000000022e-01 6.633249580710799675e-02 4.095597440000000195e-13 1.000000000000000000e+02
1.370996000000000000e+07 2.925113080000000000e+08 5.419954754629629315e+04 6.311213991769548670e-01 3.700000000000000000e+01 3.699999999999999956e-01 6.082762530298219117e-02 3.444025120000000290e-13 1.000000000000000000e+02
1.371006000000000000e+07 2.925114080000000000e+08 5.419954870370370190e+04 6.312500000000014211e-01 4.900000000000000000e+01 4.899999999999999911e-01 7.000000000000000666e-02 4.561006240000000344e-13 1.000000000000000000e+02
1.371016000000000000e+07 2.925115080000000000e+08 5.419954986111111066e+04 6.313786008230444224e-01 5.300000000000000000e+01 5.300000000000000266e-01 7.280109889280518554e-02 4.933333280000000866e-13 1.000000000000000000e+02
1.371026000000000000e+07 2.925116080000000000e+08 5.419955101851851941e+04 6.315072016460909765e-01 4.400000000000000000e+01 4.400000000000000022e-01 6.633249580710799675e-02 4.095597440000000195e-13 1.000000000000000000e+02
1.371036000000000000e+07 2.925117080000000000e+08 5.419955217592592817e+04 6.316358024691375306e-01 4.300000000000000000e+01 4.299999999999999933e-01 6.557438524302000582e-02 4.002515680000000569e-13 1.000000000000000000e+02
1.371046000000000000e+07 2.925118080000000000e+08 5.419955333333332965e+04 6.317644032921805319e-01 4.500000000000000000e+01 4.500000000000000111e-01 6.708203932499369471e-02 4.188679200000000326e-13 1.000000000000000000e+02
1.371056000000000000e+07 2.925119080000000000e+08 5.419955449074073840e+04 6.318930041152270860e-01 4.000000000000000000e+01 4.000000000000000222e-01 6.324555320336759656e-02 3.723270400000000682e-13 1.000000000000000000e+02
1.371066000000000000e+07 2.925120080000000000e+08 5.419955564814814716e+04 6.320216049382700874e-01 5.700000000000000000e+01 5.699999999999999512e-01 7.549834435270749711e-02 5.305660320000000379e-13 1.000000000000000000e+02
1.371076000000000000e+07 2.925121080000000000e+08 5.419955680555555591e+04 6.321502057613166414e-01 4.800000000000000000e+01 4.799999999999999822e-01 6.928203230275509217e-02 4.467924480000000213e-13 1.000000000000000000e+02
1.371086000000000000e+07 2.925122080000000000e+08 5.419955796296296467e+04 6.322788065843631955e-01 5.300000000000000000e+01 5.300000000000000266e-01 7.280109889280518554e-02 4.933333280000000866e-13 1.000000000000000000e+02
1.371096000000000000e+07 2.925123080000000000e+08 5.419955912037037342e+04 6.324074074074061969e-01 4.200000000000000000e+01 4.199999999999999845e-01 6.480740698407860823e-02 3.909433920000000439e-13 1.000000000000000000e+02
1.371106000000000000e+07 2.925124080000000000e+08 5.419956027777777490e+04 6.325360082304527509e-01 4.500000000000000000e+01 4.500000000000000111e-01 6.708203932499369471e-02 4.188679200000000326e-13 1.000000000000000000e+02
1.371116000000000000e+07 2.925125080000000000e+08 5.419956143518518365e+04 6.326646090534993050e-01 6.700000000000000000e+01 6.700000000000000400e-01 8.185352771872450584e-02 6.236477920000000676e-13 1.000000000000000000e+02
1.371126000000000000e+07 2.925126080000000000e+08 5.419956259259259241e+04 6.327932098765423063e-01 4.400000000000000000e+01 4.400000000000000022e-01 6.633249580710799675e-02 4.095597440000000195e-13 1.000000000000000000e+02
1.371136000000000000e+07 2.925127080000000000e+08 5.419956375000000116e+04 6.329218106995888604e-01 4.700000000000000000e+01 4.699999999999999734e-01 6.855654600401044074e-02 4.374842720000000082e-13 1.000000000000000000e+02
1.371146000000000000e+07 2.925128080000000000e+08 5.419956490740740992e+04 6.330504115226354145e-01 3.700000000000000000e+01 3.699999999999999956e-01 6.082762530298219117e-02 3.444025120000000290e-13 1.000000000000000000e+02
1.371156000000000000e+07 2.925129080000000000e+08 5.419956606481481867e+04 6.331790123456784158e-01 3.900000000000000000e+01 3.900000000000000133e-01 6.244997998398398031e-02 3.630188640000000552e-13 1.000000000000000000e+02
1.371166000000000000e+07 2.925130080000000000e+08 5.419956722222222015e+04 6.333076131687249699e-01 4.800000000000000000e+01 4.799999999999999822e-01 6.928203230275509217e-02 4.467924480000000213e-13 1.000000000000000000e+02
1.371176000000000000e+07 2.925131080000000000e+08 5.419956837962962891e+04 6.334362139917679713e-01 5.300000000000000000e+01 5.300000000000000266e-01 7.280109889280518554e-02 4.933333280000000866e-13 1.000000000000000000e+02
1.371186000000000000e+07 2.925132080000000000e+08 5.419956953703703766e+04 6.335648148148145253e-01 3.800000000000000000e+01 3.800000000000000044e-01 6.164414002968975764e-02 3.537106880000000421e-13 1.000000000000000000e+02
1.371196000000000000e+07 2.925133080000000000e+08 5.419957069444444642e+04 6.336934156378610794e-01 4.900000000000000000e+01 4.899999999999999911e-01 7.000000000000000666e-02 4.561006240000000344e-13 1.000000000000000000e+02
1.371206000000000000e+07 2.925134080000000000e+08 5.419957185185185517e+04 6.338220164609040808e-01 4.200000000000000000e+01 4.199999999999999845e-01 6.480740698407860823e-02 3.909433920000000439e-13 1.000000000000000000e+02
1.371216000000000000e+07 2.925135080000000000e+08 5.419957300925925665e+04 6.339506172839506348e-01 4.700000000000000000e+01 4.699999999999999734e-01 6.855654600401044074e-02 4.374842720000000082e-13 1.000000000000000000e+02
1.371226000000000000e+07 2.925136080000000000e+08 5.419957416666666541e+04 6.340792181069971889e-01 4.900000000000000000e+01 4.899999999999999911e-01 7.000000000000000666e-02 4.561006240000000344e-13 1.000000000000000000e+02
1.371236000000000000e+07 2.925137080000000000e+08 5.419957532407407416e+04 6.342078189300401903e-01 4.300000000000000000e+01 4.299999999999999933e-01 6.557438524302000582e-02 4.002515680000000569e-13 1.000000000000000000e+02
1.371246000000000000e+07 2.925138080000000000e+08 5.419957648148148292e+04 6.343364197530867443e-01 3.700000000000000000e+01 3.699999999999999956e-01 6.082762530298219117e-02 3.444025120000000290e-13 1.000000000000000000e+02
1.371256000000000000e+07 2.925139080000000000e+08 5.419957763888889167e+04 6.344650205761332984e-01 3.300000000000000000e+01 3.300000000000000155e-01 5.744562646538028949e-02 3.071698080000000273e-13 1.000000000000000000e+02
1.371266000000000000e+07 2.925140080000000000e+08 5.419957879629629315e+04 6.345936213991762997e-01 4.900000000000000000e+01 4.899999999999999911e-01 7.000000000000000666e-02 4.561006240000000344e-13 1.000000000000000000e+02
1.371276000000000000e+07 2.925141080000000000e+08 5.419957995370370190e+04 6.347222222222228538e-01 4.500000000000000000e+01 4.500000000000000111e-01 6.708203932499369471e-02 4.188679200000000326e-13 1.000000000000000000e+02
1.371286000000000000e+07 2.925142080000000000e+08 5.419958111111111066e+04 6.348508230452658552e-01 4.400000000000000000e+01 4.400000000000000022e-01 6.633249580710799675e-02 4.095597440000000195e-13 1.000000000000000000e+02
1.371296000000000000e+07 2.925143080000000000e+08 5.419958226851851941e+04 6.349794238683124092e-01 5.300000000000000000e+01 5.300000000000000266e-01 7.280109889280518554e-02 4.933333280000000866e-13 1.000000000000000000e+02
1.371306000000000000e+07 2.925144080000000000e+08 5.419958342592592817e+04 6.351080246913589633e-01 5.000000000000000000e+01 5.000000000000000000e-01 7.071067811865475172e-02 4.654088000000000474e-13 1.000000000000000000e+02
1.371316000000000000e+07 2.925145080000000000e+08 5.419958458333332965e+04 6.352366255144019647e-01 4.600000000000000000e+01 4.600000000000000200e-01 6.782329983125268136e-02 4.281760960000000457e-13 1.000000000000000000e+02
1.371326000000000000e+07 2.925146080000000000e+08 5.419958574074073840e+04 6.353652263374485187e-01 4.200000000000000000e+01 4.199999999999999845e-01 6.480740698407860823e-02 3.909433920000000439e-13 1.000000000000000000e+02
1.371336000000000000e+07 2.925147080000000000e+08 5.419958689814814716e+04 6.354938271604950728e-01 6.800000000000000000e+01 6.800000000000000488e-01 8.246211251235320561e-02 6.329559680000000807e-13 1.000000000000000000e+02
1.371346000000000000e+07 2.925148080000000000e+08 5.419958805555555591e+04 6.356224279835380742e-01 5.000000000000000000e+01 5.000000000000000000e-01 7.071067811865475172e-02 4.654088000000000474e-13 1.000000000000000000e+02
1.371356000000000000e+07 2.925149080000000000e+08 5.419958921296296467e+04 6.357510288065846282e-01 5.500000000000000000e+01 5.500000000000000444e-01 7.416198487095662650e-02 5.119496800000001128e-13 1.000000000000000000e+02
1.371366000000000000e+07 2.925150080000000000e+08 5.419959037037037342e+04 6.358796296296311823e-01 5.000000000000000000e+01 5.000000000000000000e-01 7.071067811865475172e-02 4.654088000000000474e-13 1.000000000000000000e+02
1.371376000000000000e+07 2.925151080000000000e+08 5.419959152777777490e+04 6.360082304526741837e-01 6.500000000000000000e+01 6.500000000000000222e-01 8.062257748298548576e-02 6.050314400000000415e-13 1.000000000000000000e+02
1.371386000000000000e+07 2.925152080000000000e+08 5.419959268518518365e+04 6.361368312757207377e-01 5.900000000000000000e+01 5.899999999999999689e-01 7.681145747868607654e-02 5.491823840000000640e-13 1.000000000000000000e+02
1.371396000000000000e+07 2.925153080000000000e+08 5.419959384259259241e+04 6.362654320987637391e-01 3.000000000000000000e+01 2.999999999999999889e-01 5.477225575051661299e-02 2.792452800000000386e-13 1.000000000000000000e+02
1.371406000000000000e+07 2.925154080000000000e+08 5.419959500000000116e+04 6.363940329218102931e-01 4.800000000000000000e+01 4.799999999999999822e-01 6.928203230275509217e-02 4.467924480000000213e-13 1.000000000000000000e+02
1.371416000000000000e+07 2.925155080000000000e+08 5.419959615740740992e+04 6.365226337448568472e-01 4.000000000000000000e+01 4.000000000000000222e-01 6.324555320336759656e-02 3.723270400000000682e-13 1.000000000000000000e+02
1.371426000000000000e+07 2.925156080000000000e+08 5.419959731481481867e+04 6.366512345678998486e-01 5.100000000000000000e+01 5.100000000000000089e-01 7.141428428542850870e-02 4.747169760000000605e-13 1.000000000000000000e+02
1.371436000000000000e+07 2.925157080000000000e+08 5.419959847222222015e+04 6.367798353909464026e-01 6.000000000000000000e+01 5.999999999999999778e-01 7.745966692414833765e-02 5.584905600000000771e-13 1.000000000000000000e+02
1.371446000000000000e+07 2.925158080000000000e+08 5.419959962962962891e+04 6.369084362139929567e-01 4.300000000000000000e+01 4.299999999999999933e-01 6.557438524302000582e-02 4.002515680000000569e-13 1.000000000000000000e+02
1.371456000000000000e+07 2.925159080000000000e+08 5.419960078703703766e+04 6.370370370370359581e-01 4.500000000000000000e+01 4.500000000000000111e-01 6.708203932499369471e-02 4.188679200000000326e-13 1.000000000000000000e+02
1.371466000000000000e+07 2.925160080000000000e+08 5.419960194444444642e+04 6.371656378600825121e-01 4.300000000000000000e+01 4.299999999999999933e-01 6.557438524302000582e-02 4.002515680000000569e-13 1.000000000000000000e+02
1.371476000000000000e+07 2.925161080000000000e+08 5.419960310185185517e+04 6.372942386831290662e-01 4.500000000000000000e+01 4.500000000000000111e-01 6.708203932499369471e-02 4.188679200000000326e-13 1.000000000000000000e+02
1.371486000000000000e+07 2.925162080000000000e+08 5.419960425925925665e+04 6.374228395061720676e-01 5.000000000000000000e+01 5.000000000000000000e-01 7.071067811865475172e-02 4.654088000000000474e-13 1.000000000000000000e+02
1.371496000000000000e+07 2.925163080000000000e+08 5.419960541666666541e+04 6.375514403292186216e-01 4.800000000000000000e+01 4.799999999999999822e-01 6.928203230275509217e-02 4.467924480000000213e-13 1.000000000000000000e+02
1.371506000000000000e+07 2.925164080000000000e+08 5.419960657407407416e+04 6.376800411522616230e-01 3.900000000000000000e+01 3.900000000000000133e-01 6.244997998398398031e-02 3.630188640000000552e-13 1.000000000000000000e+02
1.371516000000000000e+07 2.925165080000000000e+08 5.419960773148148292e+04 6.378086419753081771e-01 3.800000000000000000e+01 3.800000000000000044e-01 6.164414002968975764e-02 3.537106880000000421e-13 1.000000000000000000e+02
1.371526000000000000e+07 2.925166080000000000e+08 5.419960888888889167e+04 6.379372427983547311e-01 4.700000000000000000e+01 4.699999999999999734e-01 6.855654600401044074e-02 4.374842720000000082e-13 1.000000000000000000e+02
1.371536000000000000e+07 2.925167080000000000e+08 5.419961004629629315e+04 6.380658436213977325e-01 3.600000000000000000e+01 3.599999999999999867e-01 5.999999999999999778e-02 3.350943360000000160e-13 1.000000000000000000e+02
1.371546000000000000e+07 2.925168080000000000e+08 5.419961120370370190e+04 6.381944444444442865e-01 4.500000000000000000e+01 4.500000000000000111e-01 6.708203932499369471e-02 4.188679200000000326e-13 1.000000000000000000e+02
1.371556000000000000e+07 2.925169080000000000e+08 5.419961236111111066e+04 6.383230452674908406e-01 4.600000000000000000e+01 4.600000000000000200e-01 6.782329983125268136e-02 4.281760960000000457e-13 1.000000000000000000e+02
1.371566000000000000e+07 2.925170080000000000e+08 5.419961351851851941e+04 6.384516460905338420e-01 3.600000000000000000e+01 3.599999999999999867e-01 5.999999999999999778e-02 3.350943360000000160e-13 1.000000000000000000e+02
1.371576000000000000e+07 2.925171080000000000e+08 5.419961467592592817e+04 6.385802469135803960e-01 6.100000000000000000e+01 6.099999999999999867e-01 7.810249675906653921e-02 5.677987360000000902e-13 1.000000000000000000e+02
1.371586000000000000e+07 2.925172080000000000e+08 5.419961583333332965e+04 6.387088477366269501e-01 4.800000000000000000e+01 4.799999999999999822e-01 6.928203230275509217e-02 4.467924480000000213e-13 1.000000000000000000e+02
1.371596000000000000e+07 2.925173080000000000e+08 5.419961699074073840e+04 6.388374485596699515e-01 6.300000000000000000e+01 6.300000000000000044e-01 7.937253933193771926e-02 5.864150880000000153e-13 1.000000000000000000e+02
1.371606000000000000e+07 2.925174080000000000e+08 5.419961814814814716e+04 6.389660493827165055e-01 5.600000000000000000e+01 5.600000000000000533e-01 7.483314773547883325e-02 5.212578560000001258e-13 1.000000000000000000e+02
1.371616000000000000e+07 2.925175080000000000e+08 5.419961930555555591e+04 6.390946502057630596e-01 4.300000000000000000e+01 4.299999999999999933e-01 6.557438524302000582e-02 4.002515680000000569e-13 1.000000000000000000e+02
1.371626000000000000e+07 2.925176080000000000e+08 5.419962046296296467e+04 6.392232510288060610e-01 5.100000000000000000e+01 5.100000000000000089e-01 7.141428428542850870e-02 4.747169760000000605e-13 1.000000000000000000e+02
1.371636000000000000e+07 2.925177080000000000e+08 5.419962162037037342e+04 6.393518518518526150e-01 4.900000000000000000e+01 4.899999999999999911e-01 7.000000000000000666e-02 4.561006240000000344e-13 1.000000000000000000e+02
1.371646000000000000e+07 2.925178080000000000e+08 5.419962277777777490e+04 6.394804526748956164e-01 5.200000000000000000e+01 5.200000000000000178e-01 7.211102550927978028e-02 4.840251520000000736e-13 1.000000000000000000e+02
1.371656000000000000e+07 2.925179080000000000e+08 5.419962393518518365e+04 6.396090534979421705e-01 4.100000000000000000e+01 4.099999999999999756e-01 6.403124237432848698e-02 3.816352160000000308e-13 1.000000000000000000e+02
1.371666000000000000e+07 2.925180080000000000e+08 5.419962509259259241e+04 6.397376543209887245e-01 4.800000000000000000e+01 4.799999999999999822e-01 6.928203230275509217e-02 4.467924480000000213e-13 1.000000000000000000e+02
1.371676000000000000e+07 2.925181080000000000e+08 5.419962625000000116e+04 6.398662551440317259e-01 4.500000000000000000e+01 4.500000000000000111e-01 6.708203932499369471e-02 4.188679200000000326e-13 1.000000000000000000e+02
1.371686000000000000e+07 2.925182080000000000e+08 5.419962740740740992e+04 6.399948559670782799e-01 4.500000000000000000e+01 4.500000000000000111e-01 6.708203932499369471e-02 4.188679200000000326e-13 1.000000000000000000e+02
1.371696000000000000e+07 2.925183080000000000e+08 5.419962856481481867e+04 6.401234567901248340e-01 5.300000000000000000e+01 5.300000000000000266e-01 7.280109889280518554e-02 4.933333280000000866e-13 1.000000000000000000e+02
1.371706000000000000e+07 2.925184080000000000e+08 5.419962972222222015e+04 6.402520576131678354e-01 4.800000000000000000e+01 4.799999999999999822e-01 6.928203230275509217e-02 4.467924480000000213e-13 1.000000000000000000e+02
1.371716000000000000e+07 2.925185080000000000e+08 5.419963087962962891e+04 6.403806584362143894e-01 6.000000000000000000e+01 5.999999999999999778e-01 7.745966692414833765e-02 5.584905600000000771e-13 1.000000000000000000e+02
1.371726000000000000e+07 2.925186080000000000e+08 5.419963203703703766e+04 6.405092592592609435e-01 5.800000000000000000e+01 5.799999999999999600e-01 7.615773105863908599e-02 5.398742080000000510e-13 1.000000000000000000e+02
1.371736000000000000e+07 2.925187080000000000e+08 5.419963319444444642e+04 6.406378600823039449e-01 5.200000000000000000e+01 5.200000000000000178e-01 7.211102550927978028e-02 4.840251520000000736e-13 1.000000000000000000e+02
1.371746000000000000e+07 2.925188080000000000e+08 5.419963435185185517e+04 6.407664609053504989e-01 5.700000000000000000e+01 5.699999999999999512e-01 7.549834435270749711e-02 5.305660320000000379e-13 1.000000000000000000e+02
1.371756000000000000e+07 2.925189080000000000e+08 5.419963550925925665e+04 6.408950617283935003e-01 5.000000000000000000e+01 5.000000000000000000e-01 7.071067811865475172e-02 4.654088000000000474e-13 1.000000000000000000e+02
1.371766000000000000e+07 2.925190080000000000e+08 5.419963666666666541e+04 6.410236625514400544e-01 4.600000000000000000e+01 4.600000000000000200e-01 6.782329983125268136e-02 4.281760960000000457e-13 1.000000000000000000e+02
1.371776000000000000e+07 2.925191080000000000e+08 5.419963782407407416e+04 6.411522633744866084e-01 4.500000000000000000e+01 4.500000000000000111e-01 6.708203932499369471e-02 4.188679200000000326e-13 1.000000000000000000e+02
1.371786000000000000e+07 2.925192080000000000e+08 5.419963898148148292e+04 6.412808641975296098e-01 6.000000000000000000e+01 5.999999999999999778e-01 7.745966692414833765e-02 5.584905600000000771e-13 1.000000000000000000e+02
1.371796000000000000e+07 2.925193080000000000e+08 5.419964013888889167e+04 6.414094650205761639e-01 5.100000000000000000e+01 5.100000000000000089e-01 7.141428428542850870e-02 4.747169760000000605e-13 1.000000000000000000e+02
1.371806000000000000e+07 2.925194080000000000e+08 5.419964129629629315e+04 6.415380658436227179e-01 6.900000000000000000e+01 6.899999999999999467e-01 8.306623862918074974e-02 6.422641439999999928e-13 1.000000000000000000e+02
1.371816000000000000e+07 2.925195080000000000e+08 5.419964245370370190e+04 6.416666666666657193e-01 4.200000000000000000e+01 4.199999999999999845e-01 6.480740698407860823e-02 3.909433920000000439e-13 1.000000000000000000e+02
1.371826000000000000e+07 2.925196080000000000e+08 5.419964361111111066e+04 6.417952674897122733e-01 5.200000000000000000e+01 5.200000000000000178e-01 7.211102550927978028e-02 4.840251520000000736e-13 1.000000000000000000e+02
1.371836000000000000e+07 2.925197080000000000e+08 5.419964476851851941e+04 6.419238683127588274e-01 4.700000000000000000e+01 4.699999999999999734e-01 6.855654600401044074e-02 4.374842720000000082e-13 1.000000000000000000e+02
1.371846000000000000e+07 2.925198080000000000e+08 5.419964592592592817e+04 6.420524691358018288e-01 4.900000000000000000e+01 4.899999999999999911e-01 7.000000000000000666e-02 4.561006240000000344e-13 1.000000000000000000e+02
1.371856000000000000e+07 2.925199080000000000e+08 5.419964708333332965e+04 6.421810699588483828e-01 5.500000000000000000e+01 5.500000000000000444e-01 7.416198487095662650e-02 5.119496800000001128e-13 1.000000000000000000e+02
1.371866000000000000e+07 2.925200080000000000e+08 5.419964824074073840e+04 6.423096707818913842e-01 5.400000000000000000e+01 5.400000000000000355e-01 7.348469228349534255e-02 5.026415040000000997e-13 1.000000000000000000e+02
1.371876000000000000e+07 2.925201080000000000e+08 5.419964939814814716e+04 6.424382716049379383e-01 3.800000000000000000e+01 3.800000000000000044e-01 6.164414002968975764e-02 3.537106880000000421e-13 1.000000000000000000e+02
1.371886000000000000e+07 2.925202080000000000e+08 5.419965055555555591e+04 6.425668724279844923e-01 4.400000000000000000e+01 4.400000000000000022e-01 6.633249580710799675e-02 4.095597440000000195e-13 1.000000000000000000e+02
1.371896000000000000e+07 2.925203080000000000e+08 5.419965171296296467e+04 6.426954732510274937e-01 3.400000000000000000e+01 3.400000000000000244e-01 5.830951894845300826e-02 3.164779840000000403e-13 1.000000000000000000e+02
1.371906000000000000e+07 2.925204080000000000e+08 5.419965287037037342e+04 6.428240740740740478e-01 5.400000000000000000e+01 5.400000000000000355e-01 7.348469228349534255e-02 5.026415040000000997e-13 1.000000000000000000e+02
1.371916000000000000e+07 2.925205080000000000e+08 5.419965402777777490e+04 6.429526748971206018e-01 4.900000000000000000e+01 4.899999999999999911e-01 7.000000000000000666e-02 4.561006240000000344e-13 1.000000000000000000e+02
1.371926000000000000e+07 2.925206080000000000e+08 5.419965518518518365e+04 6.430812757201636032e-01 5.600000000000000000e+01 5.600000000000000533e-01 7.483314773547883325e-02 5.212578560000001258e-13 1.000000000000000000e+02
1.371936000000000000e+07 2.925207080000000000e+08 5.419965634259259241e+04 6.432098765432101573e-01 4.000000000000000000e+01 4.000000000000000222e-01 6.324555320336759656e-02 3.723270400000000682e-13 1.000000000000000000e+02
1.371946000000000000e+07 2.925208080000000000e+08 5.419965750000000116e+04 6.433384773662567113e-01 5.200000000000000000e+01 5.200000000000000178e-01 7.211102550927978028e-02 4.840251520000000736e-13 1.000000000000000000e+02
1.371956000000000000e+07 2.925209080000000000e+08 5.419965865740740992e+04 6.434670781892997127e-01 4.600000000000000000e+01 4.600000000000000200e-01 6.782329983125268136e-02 4.281760960000000457e-13 1.000000000000000000e+02
1.371966000000000000e+07 2.925210080000000000e+08 5.419965981481481867e+04 6.435956790123462667e-01 5.900000000000000000e+01 5.899999999999999689e-01 7.681145747868607654e-02 5.491823840000000640e-13 1.000000000000000000e+02
1.371976000000000000e+07 2.925211080000000000e+08 5.419966097222222015e+04 6.437242798353892681e-01 5.000000000000000000e+01 5.000000000000000000e-01 7.071067811865475172e-02 4.654088000000000474e-13 1.000000000000000000e+02
1.371986000000000000e+07 2.925212080000000000e+08 5.419966212962962891e+04 6.438528806584358222e-01 5.100000000000000000e+01 5.100000000000000089e-01 7.141428428542850870e-02 4.747169760000000605e-13 1.000000000000000000e+02
1.371996000000000000e+07 2.925213080000000000e+08 5.419966328703703766e+04 6.439814814814823762e-01 4.900000000000000000e+01 4.899999999999999911e-01 7.000000000000000666e-02 4.561006240000000344e-13 1.000000000000000000e+02
1.372006000000000000e+07 2.925214080000000000e+08 5.419966444444444642e+04 6.441100823045253776e-01 5.300000000000000000e+01 5.300000000000000266e-01 7.280109889280518554e-02 4.933333280000000866e-13 1.000000000000000000e+02
1.372016000000000000e+07 2.925215080000000000e+08 5.419966560185185517e+04 6.442386831275719317e-01 5.700000000000000000e+01 5.699999999999999512e-01 7.549834435270749711e-02 5.305660320000000379e-13 1.000000000000000000e+02
1.372026000000000000e+07 2.925216080000000000e+08 5.419966675925925665e+04 6.443672839506184857e-01 5.400000000000000000e+01 5.400000000000000355e-01 7.348469228349534255e-02 5.026415040000000997e-13 1.000000000000000000e+02
1.372036000000000000e+07 2.925217080000000000e+08 5.419966791666666541e+04 6.444958847736614871e-01 5.000000000000000000e+01 5.000000000000000000e-01 7.071067811865475172e-02 4.654088000000000474e-13 1.000000000000000000e+02
1.372046000000000000e+07 2.925218080000000000e+08 5.419966907407407416e+04 6.446244855967080412e-01 4.500000000000000000e+01 4.500000000000000111e-01 6.708203932499369471e-02 4.188679200000000326e-13 1.000000000000000000e+02
1.372056000000000000e+07 2.925219080000000000e+08 5.419967023148148292e+04 6.447530864197545952e-01 4.400000000000000000e+01 4.400000000000000022e-01 6.633249580710799675e-02 4.095597440000000195e-13 1.000000000000000000e+02
1.372066000000000000e+07 2.925220080000000000e+08 5.419967138888889167e+04 6.448816872427975966e-01 5.400000000000000000e+01 5.400000000000000355e-01 7.348469228349534255e-02 5.026415040000000997e-13 1.000000000000000000e+02
1.372076000000000000e+07 2.925221080000000000e+08 5.419967254629629315e+04 6.450102880658441507e-01 5.700000000000000000e+01 5.699999999999999512e-01 7.549834435270749711e-02 5.305660320000000379e-13 1.000000000000000000e+02
1.372086000000000000e+07 2.925222080000000000e+08 5.419967370370370190e+04 6.451388888888871520e-01 4.800000000000000000e+01 4.799999999999999822e-01 6.928203230275509217e-02 4.467924480000000213e-13 1.000000000000000000e+02
1.372096000000000000e+07 2.925223080000000000e+08 5.419967486111111066e+04 6.452674897119337061e-01 5.300000000000000000e+01 5.300000000000000266e-01 7.280109889280518554e-02 4.933333280000000866e-13 1.000000000000000000e+02
1.372106000000000000e+07 2.925224080000000000e+08 5.419967601851851941e+04 6.453960905349802601e-01 6.300000000000000000e+01 6.300000000000000044e-01 7.937253933193771926e-02 5.864150880000000153e-13 1.000000000000000000e+02
1.372116000000000000e+07 2.925225080000000000e+08 5.419967717592592817e+04 6.455246913580232615e-01 5.700000000000000000e+01 5.699999999999999512e-01 7.549834435270749711e-02 5.305660320000000379e-13 1.000000000000000000e+02
1.372126000000000000e+07 2.925226080000000000e+08 5.419967833333332965e+04 6.456532921810698156e-01 4.100000000000000000e+01 4.099999999999999756e-01 6.403124237432848698e-02 3.816352160000000308e-13 1.000000000000000000e+02
1.372136000000000000e+07 2.925227080000000000e+08 5.419967949074073840e+04 6.457818930041163696e-01 4.800000000000000000e+01 4.799999999999999822e-01 6.928203230275509217e-02 4.467924480000000213e-13 1.000000000000000000e+02
1.372146000000000000e+07 2.925228080000000000e+08 5.419968064814814716e+04 6.459104938271593710e-01 5.400000000000000000e+01 5.400000000000000355e-01 7.348469228349534255e-02 5.026415040000000997e-13 1.000000000000000000e+02
1.372156000000000000e+07 2.925229080000000000e+08 5.419968180555555591e+04 6.460390946502059251e-01 6.100000000000000000e+01 6.099999999999999867e-01 7.810249675906653921e-02 5.677987360000000902e-13 1.000000000000000000e+02
1.372166000000000000e+07 2.925230080000000000e+08 5.419968296296296467e+04 6.461676954732524791e-01 3.700000000000000000e+01 3.699999999999999956e-01 6.082762530298219117e-02 3.444025120000000290e-13 1.000000000000000000e+02
1.372176000000000000e+07 2.925231080000000000e+08 5.419968412037037342e+04 6.462962962962954805e-01 4.600000000000000000e+01 4.600000000000000200e-01 6.782329983125268136e-02 4.281760960000000457e-13 1.000000000000000000e+02
1.372186000000000000e+07 2.925232080000000000e+08 5.419968527777777490e+04 6.464248971193420346e-01 4.600000000000000000e+01 4.600000000000000200e-01 6.782329983125268136e-02 4.281760960000000457e-13 1.000000000000000000e+02
1.372196000000000000e+07 2.925233080000000000e+08 5.419968643518518365e+04 6.465534979423885886e-01 4.700000000000000000e+01 4.699999999999999734e-01 6.855654600401044074e-02 4.374842720000000082e-13 1.000000000000000000e+02
1.372206000000000000e+07 2.925234080000000000e+08 5.419968759259259241e+04 6.466820987654315900e-01 4.500000000000000000e+01 4.500000000000000111e-01 6.708203932499369471e-02 4.188679200000000326e-13 1.000000000000000000e+02
1.372216000000000000e+07 2.925235080000000000e+08 5.419968875000000116e+04 6.468106995884781441e-01 5.900000000000000000e+01 5.899999999999999689e-01 7.681145747868607654e-02 5.491823840000000640e-13 1.000000000000000000e+02
1.372226000000000000e+07 2.925236080000000000e+08 5.419968990740740992e+04 6.469393004115211454e-01 5.900000000000000000e+01 5.899999999999999689e-01 7.681145747868607654e-02 5.491823840000000640e-13 1.000000000000000000e+02
1.372236000000000000e+07 2.925237080000000000e+08 5.419969106481481867e+04 6.470679012345676995e-01 4.500000000000000000e+01 4.500000000000000111e-01 6.708203932499369471e-02 4.188679200000000326e-13 1.000000000000000000e+02
1.372246000000000000e+07 2.925238080000000000e+08 5.419969222222222015e+04 6.471965020576142535e-01 5.400000000000000000e+01 5.400000000000000355e-01 7.348469228349534255e-02 5.026415040000000997e-13 1.000000000000000000e+02
1.372256000000000000e+07 2.925239080000000000e+08 5.419969337962962891e+04 6.473251028806572549e-01 3.900000000000000000e+01 3.900000000000000133e-01 6.244997998398398031e-02 3.630188640000000552e-13 1.000000000000000000e+02
1.372266000000000000e+07 2.925240080000000000e+08 5.419969453703703766e+04 6.474537037037038090e-01 5.300000000000000000e+01 5.300000000000000266e-01 7.280109889280518554e-02 4.933333280000000866e-13 1.000000000000000000e+02
1.372276000000000000e+07 2.925241080000000000e+08 5.419969569444444642e+04 6.475823045267503630e-01 4.800000000000000000e+01 4.799999999999999822e-01 6.928203230275509217e-02 4.467924480000000213e-13 1.000000000000000000e+02
1.372286000000000000e+07 2.925242080000000000e+08 5.419969685185185517e+04 6.477109053497933644e-01 5.900000000000000000e+01 5.899999999999999689e-01 7.681145747868607654e-02 5.491823840000000640e-13 1.000000000000000000e+02
1.372296000000000000e+07 2.925243080000000000e+08 5.419969800925925665e+04 6.478395061728399185e-01 5.400000000000000000e+01 5.400000000000000355e-01 7.348469228349534255e-02 5.026415040000000997e-13 1.000000000000000000e+02
1.372306000000000000e+07 2.925244080000000000e+08 5.419969916666666541e+04 6.479681069958864725e-01 5.000000000000000000e+01 5.000000000000000000e-01 7.071067811865475172e-02 4.654088000000000474e-13 1.000000000000000000e+02
1.372316000000000000e+07 2.925245080000000000e+08 5.419970032407407416e+04 6.480967078189294739e-01 6.400000000000000000e+01 6.400000000000000133e-01 8.000000000000000167e-02 5.957232640000000284e-13 1.000000000000000000e+02
1.372326000000000000e+07 2.925246080000000000e+08 5.419970148148148292e+04 6.482253086419760280e-01 4.000000000000000000e+01 4.000000000000000222e-01 6.324555320336759656e-02 3.723270400000000682e-13 1.000000000000000000e+02
1.372336000000000000e+07 2.925247080000000000e+08 5.419970263888889167e+04 6.483539094650190293e-01 4.800000000000000000e+01 4.799999999999999822e-01 6.928203230275509217e-02 4.467924480000000213e-13 1.000000000000000000e+02
1.372346000000000000e+07 2.925248080000000000e+08 5.419970379629629315e+04 6.484825102880655834e-01 4.100000000000000000e+01 4.099999999999999756e-01 6.403124237432848698e-02 3.816352160000000308e-13 1.000000000000000000e+02
1.372356000000000000e+07 2.925249080000000000e+08 5.419970495370370190e+04 6.486111111111121375e-01 5.500000000000000000e+01 5.500000000000000444e-01 7.416198487095662650e-02 5.119496800000001128e-13 1.000000000000000000e+02
1.372366000000000000e+07 2.925250080000000000e+08 5.419970611111111066e+04 6.487397119341551388e-01 5.300000000000000000e+01 5.300000000000000266e-01 7.280109889280518554e-02 4.933333280000000866e-13 1.000000000000000000e+02
1.372376000000000000e+07 2.925251080000000000e+08 5.419970726851851941e+04 6.488683127572016929e-01 5.200000000000000000e+01 5.200000000000000178e-01 7.211102550927978028e-02 4.840251520000000736e-13 1.000000000000000000e+02
1.372386000000000000e+07 2.925252080000000000e+08 5.419970842592592817e+04 6.489969135802482469e-01 4.700000000000000000e+01 4.699999999999999734e-01 6.855654600401044074e-02 4.374842720000000082e-13 1.000000000000000000e+02
1.372396000000000000e+07 2.925253080000000000e+08 5.419970958333332965e+04 6.491255144032912483e-01 4.800000000000000000e+01 4.799999999999999822e-01 6.928203230275509217e-02 4.467924480000000213e-13 1.000000000000000000e+02
1.372406000000000000e+07 2.925254080000000000e+08 5.419971074074073840e+04 6.492541152263378024e-01 3.900000000000000000e+01 3.900000000000000133e-01 6.244997998398398031e-02 3.630188640000000552e-13 1.000000000000000000e+02
1.372416000000000000e+07 2.925255080000000000e+08 5.419971189814814716e+04 6.493827160493843564e-01 5.000000000000000000e+01 5.000000000000000000e-01 7.071067811865475172e-02 4.654088000000000474e-13 1.000000000000000000e+02
1.372426000000000000e+07 2.925256080000000000e+08 5.419971305555555591e+04 6.495113168724273578e-01 5.300000000000000000e+01 5.300000000000000266e-01 7.280109889280518554e-02 4.933333280000000866e-13 1.000000000000000000e+02
1.372436000000000000e+07 2.925257080000000000e+08 5.419971421296296467e+04 6.496399176954739119e-01 4.300000000000000000e+01 4.299999999999999933e-01 6.557438524302000582e-02 4.002515680000000569e-13 1.000000000000000000e+02
1.372446000000000000e+07 2.925258080000000000e+08 5.419971537037037342e+04 6.497685185185169132e-01 5.000000000000000000e+01 5.000000000000000000e-01 7.071067811865475172e-02 4.654088000000000474e-13 1.000000000000000000e+02
1.372456000000000000e+07 2.925259080000000000e+08 5.419971652777777490e+04 6.498971193415634673e-01 4.400000000000000000e+01 4.400000000000000022e-01 6.633249580710799675e-02 4.095597440000000195e-13 1.000000000000000000e+02
1.372466000000000000e+07 2.925260080000000000e+08 5.419971768518518365e+04 6.500257201646100214e-01 4.500000000000000000e+01 4.500000000000000111e-01 6.708203932499369471e-02 4.188679200000000326e-13 1.000000000000000000e+02
1.372476000000000000e+07 2.925261080000000000e+08 5.419971884259259241e+04 6.501543209876530227e-01 5.100000000000000000e+01 5.100000000000000089e-01 7.141428428542850870e-02 4.747169760000000605e-13 1.000000000000000000e+02
1.372486000000000000e+07 2.925262080000000000e+08 5.419972000000000116e+04 6.502829218106995768e-01 5.200000000000000000e+01 5.200000000000000178e-01 7.211102550927978028e-02 4.840251520000000736e-13 1.000000000000000000e+02
1.372496000000000000e+07 2.925263080000000000e+08 5.419972115740740992e+04 6.504115226337461309e-01 4.900000000000000000e+01 4.899999999999999911e-01 7.000000000000000666e-02 4.561006240000000344e-13 1.000000000000000000e+02
1.372506000000000000e+07 2.925264080000000000e+08 5.419972231481481867e+04 6.505401234567891322e-01 6.200000000000000000e+01 6.199999999999999956e-01 7.874007874011811070e-02 5.771069120000001032e-13 1.000000000000000000e+02
1.372516000000000000e+07 2.925265080000000000e+08 5.419972347222222015e+04 6.506687242798356863e-01 5.600000000000000000e+01 5.600000000000000533e-01 7.483314773547883325e-02 5.212578560000001258e-13 1.000000000000000000e+02
1.372526000000000000e+07 2.925266080000000000e+08 5.419972462962962891e+04 6.507973251028822403e-01 5.300000000000000000e+01 5.300000000000000266e-01 7.280109889280518554e-02 4.933333280000000866e-13 1.000000000000000000e+02
1.372536000000000000e+07 2.925267080000000000e+08 5.419972578703703766e+04 6.509259259259252417e-01 5.300000000000000000e+01 5.300000000000000266e-01 7.280109889280518554e-02 4.933333280000000866e-13 1.000000000000000000e+02
1.372546000000000000e+07 2.925268080000000000e+08 5.419972694444444642e+04 6.510545267489717958e-01 5.200000000000000000e+01 5.200000000000000178e-01 7.211102550927978028e-02 4.840251520000000736e-13 1.000000000000000000e+02
1.372556000000000000e+07 2.925269080000000000e+08 5.419972810185185517e+04 6.511831275720147971e-01 4.600000000000000000e+01 4.600000000000000200e-01 6.782329983125268136e-02 4.281760960000000457e-13 1.000000000000000000e+02
1.372566000000000000e+07 2.925270080000000000e+08 5.419972925925925665e+04 6.513117283950613512e-01 4.700000000000000000e+01 4.699999999999999734e-01 6.855654600401044074e-02 4.374842720000000082e-13 1.000000000000000000e+02
1.372576000000000000e+07 2.925271080000000000e+08 5.419973041666666541e+04 6.514403292181079053e-01 4.900000000000000000e+01 4.899999999999999911e-01 7.000000000000000666e-02 4.561006240000000344e-13 1.000000000000000000e+02
1.372586000000000000e+07 2.925272080000000000e+08 5.419973157407407416e+04 6.515689300411509066e-01 5.500000000000000000e+01 5.500000000000000444e-01 7.416198487095662650e-02 5.119496800000001128e-13 1.000000000000000000e+02
1.372596000000000000e+07 2.925273080000000000e+08 5.419973273148148292e+04 6.516975308641974607e-01 5.900000000000000000e+01 5.899999999999999689e-01 7.681145747868607654e-02 5.491823840000000640e-13 1.000000000000000000e+02
1.372606000000000000e+07 2.925274080000000000e+08 5.419973388888889167e+04 6.518261316872440148e-01 5.800000000000000000e+01 5.799999999999999600e-01 7.615773105863908599e-02 5.398742080000000510e-13 1.000000000000000000e+02
1.372616000000000000e+07 2.925275080000000000e+08 5.419973504629629315e+04 6.519547325102870161e-01 5.200000000000000000e+01 5.200000000000000178e-01 7.211102550927978028e-02 4.840251520000000736e-13 1.000000000000000000e+02
1.372626000000000000e+07 2.925276080000000000e+08 5.419973620370370190e+04 6.520833333333335702e-01 5.200000000000000000e+01 5.200000000000000178e-01 7.211102550927978028e-02 4.840251520000000736e-13 1.000000000000000000e+02
1.372636000000000000e+07 2.925277080000000000e+08 5.419973736111111066e+04 6.522119341563801243e-01 5.400000000000000000e+01 5.400000000000000355e-01 7.348469228349534255e-02 5.026415040000000997e-13 1.000000000000000000e+02
1.372646000000000000e+07 2.925278080000000000e+08 5.419973851851851941e+04 6.523405349794231256e-01 5.200000000000000000e+01 5.200000000000000178e-01 7.211102550927978028e-02 4.840251520000000736e-13 1.000000000000000000e+02
1.372656000000000000e+07 2.925279080000000000e+08 5.419973967592592817e+04 6.524691358024696797e-01 6.000000000000000000e+01 5.999999999999999778e-01 7.745966692414833765e-02 5.584905600000000771e-13 1.000000000000000000e+02
1.372666000000000000e+07 2.925280080000000000e+08 5.419974083333332965e+04 6.525977366255126810e-01 5.800000000000000000e+01 5.799999999999999600e-01 7.615773105863908599e-02 5.398742080000000510e-13 1.000000000000000000e+02
1.372676000000000000e+07 2.925281080000000000e+08 5.419974199074073840e+04 6.527263374485592351e-01 5.000000000000000000e+01 5.000000000000000000e-01 7.071067811865475172e-02 4.654088000000000474e-13 1.000000000000000000e+02
1.372686000000000000e+07 2.925282080000000000e+08 5.419974314814814716e+04 6.528549382716057892e-01 5.800000000000000000e+01 5.799999999999999600e-01 7.615773105863908599e-02 5.398742080000000510e-13 1.000000000000000000e+02
1.372696000000000000e+07 2.925283080000000000e+08 5.419974430555555591e+04 6.529835390946487905e-01 5.100000000000000000e+01 5.100000000000000089e-01 7.141428428542850870e-02 4.747169760000000605e-13 1.000000000000000000e+02
1.372706000000000000e+07 2.925284080000000000e+08 5.419974546296296467e+04 6.531121399176953446e-01 4.400000000000000000e+01 4.400000000000000022e-01 6.633249580710799675e-02 4.095597440000000195e-13 1.000000000000000000e+02
1.372716000000000000e+07 2.925285080000000000e+08 5.419974662037037342e+04 6.532407407407418987e-01 5.200000000000000000e+01 5.200000000000000178e-01 7.211102550927978028e-02 4.840251520000000736e-13 1.000000000000000000e+02
1.372726000000000000e+07 2.925286080000000000e+08 5.419974777777777490e+04 6.533693415637849000e-01 5.600000000000000000e+01 5.600000000000000533e-01 7.483314773547883325e-02 5.212578560000001258e-13 1.000000000000000000e+02
1.372736000000000000e+07 2.925287080000000000e+08 5.419974893518518365e+04 6.534979423868314541e-01 5.200000000000000000e+01 5.200000000000000178e-01 7.211102550927978028e-02 4.840251520000000736e-13 1.000000000000000000e+02
1.372746000000000000e+07 2.925288080000000000e+08 5.419975009259259241e+04 6.536265432098780082e-01 3.700000000000000000e+01 3.699999999999999956e-01 6.082762530298219117e-02 3.444025120000000290e-13 1.000000000000000000e+02
1.372756000000000000e+07 2.925289080000000000e+08 5.419975125000000116e+04 6.537551440329210095e-01 5.300000000000000000e+01 5.300000000000000266e-01 7.280109889280518554e-02 4.933333280000000866e-13 1.000000000000000000e+02
1.372766000000000000e+07 2.925290080000000000e+08 5.419975240740740992e+04 6.538837448559675636e-01 5.600000000000000000e+01 5.600000000000000533e-01 7.483314773547883325e-02 5.212578560000001258e-13 1.000000000000000000e+02
1.372776000000000000e+07 2.925291080000000000e+08 5.419975356481481867e+04 6.540123456790141176e-01 5.200000000000000000e+01 5.200000000000000178e-01 7.211102550927978028e-02 4.840251520000000736e-13 1.000000000000000000e+02
1.372786000000000000e+07 2.925292080000000000e+08 5.419975472222222015e+04 6.541409465020571190e-01 4.000000000000000000e+01 4.000000000000000222e-01 6.324555320336759656e-02 3.723270400000000682e-13 1.000000000000000000e+02
1.372796000000000000e+07 2.925293080000000000e+08 5.419975587962962891e+04 6.542695473251036731e-01 5.600000000000000000e+01 5.600000000000000533e-01 7.483314773547883325e-02 5.212578560000001258e-13 1.000000000000000000e+02
1.372806000000000000e+07 2.925294080000000000e+08 5.419975703703703766e+04 6.543981481481466744e-01 5.100000000000000000e+01 5.100000000000000089e-01 7.141428428542850870e-02 4.747169760000000605e-13 1.000000000000000000e+02
1.372816000000000000e+07 2.925295080000000000e+08 5.419975819444444642e+04 6.545267489711932285e-01 5.800000000000000000e+01 5.799999999999999600e-01 7.615773105863908599e-02 5.398742080000000510e-13 1.000000000000000000e+02
1.372826000000000000e+07 2.925296080000000000e+08 5.419975935185185517e+04 6.546553497942397826e-01 4.300000000000000000e+01 4.299999999999999933e-01 6.557438524302000582e-02 4.002515680000000569e-13 1.000000000000000000e+02
1.372836000000000000e+07 2.925297080000000000e+08 5.419976050925925665e+04 6.547839506172827839e-01 5.400000000000000000e+01 5.400000000000000355e-01 7.348469228349534255e-02 5.026415040000000997e-13 1.000000000000000000e+02
1.372846000000000000e+07 2.925298080000000000e+08 5.419976166666666541e+04 6.549125514403293380e-01 7.300000000000000000e+01 7.299999999999999822e-01 8.544003745317529930e-02 6.794968480000000450e-13 1.000000000000000000e+02
1.372856000000000000e+07 2.925299080000000000e+08 5.419976282407407416e+04 6.550411522633758921e-01 5.500000000000000000e+01 5.500000000000000444e-01 7.416198487095662650e-02 5.119496800000001128e-13 1.000000000000000000e+02
1.372866000000000000e+07 2.925300080000000000e+08 5.419976398148148292e+04 6.551697530864188934e-01 6.300000000000000000e+01 6.300000000000000044e-01 7.937253933193771926e-02 5.864150880000000153e-13 1.000000000000000000e+02
1.372876000000000000e+07 2.925301080000000000e+08 5.419976513888889167e+04 6.552983539094654475e-01 5.500000000000000000e+01 5.500000000000000444e-01 7.416198487095662650e-02 5.119496800000001128e-13 1.000000000000000000e+02
1.372886000000000000e+07 2.925302080000000000e+08 5.419976629629629315e+04 6.554269547325120016e-01 5.600000000000000000e+01 5.600000000000000533e-01 7.483314773547883325e-02 5.212578560000001258e-13 1.000000000000000000e+02
1.372896000000000000e+07 2.925303080000000000e+08 5.419976745370370190e+04 6.555555555555550029e-01 6.400000000000000000e+01 6.400000000000000133e-01 8.000000000000000167e-02 5.957232640000000284e-13 1.000000000000000000e+02
1.372906000000000000e+07 2.925304080000000000e+08 5.419976861111111066e+04 6.556841563786015570e-01 5.300000000000000000e+01 5.300000000000000266e-01 7.280109889280518554e-02 4.933333280000000866e-13 1.000000000000000000e+02
1.372916000000000000e+07 2.925305080000000000e+08 5.419976976851851941e+04 6.558127572016445583e-01 5.700000000000000000e+01 5.699999999999999512e-01 7.549834435270749711e-02 5.305660320000000379e-13 1.000000000000000000e+02
1.372926000000000000e+07 2.925306080000000000e+08 5.419977092592592817e+04 6.559413580246911124e-01 5.300000000000000000e+01 5.300000000000000266e-01 7.280109889280518554e-02 4.933333280000000866e-13 1.000000000000000000e+02
1.372936000000000000e+07 2.925307080000000000e+08 5.419977208333332965e+04 6.560699588477376665e-01 5.800000000000000000e+01 5.799999999999999600e-01 7.615773105863908599e-02 5.398742080000000510e-13 1.000000000000000000e+02
1.372946000000000000e+07 2.925308080000000000e+08 5.419977324074073840e+04 6.561985596707806678e-01 5.400000000000000000e+01 5.400000000000000355e-01 7.348469228349534255e-02 5.026415040000000997e-13 1.000000000000000000e+02
1.372956000000000000e+07 2.925309080000000000e+08 5.419977439814814716e+04 6.563271604938272219e-01 4.300000000000000000e+01 4.299999999999999933e-01 6.557438524302000582e-02 4.002515680000000569e-13 1.000000000000000000e+02
1.372966000000000000e+07 2.925310080000000000e+08 5.419977555555555591e+04 6.564557613168737760e-01 5.200000000000000000e+01 5.200000000000000178e-01 7.211102550927978028e-02 4.840251520000000736e-13 1.000000000000000000e+02
1.372976000000000000e+07 2.925311080000000000e+08 5.419977671296296467e+04 6.565843621399167773e-01 5.200000000000000000e+01 5.200000000000000178e-01 7.211102550927978028e-02 4.840251520000000736e-13 1.000000000000000000e+02
1.372986000000000000e+07 2.925312080000000000e+08 5.419977787037037342e+04 6.567129629629633314e-01 5.100000000000000000e+01 5.100000000000000089e-01 7.141428428542850870e-02 4.747169760000000605e-13 1.000000000000000000e+02
1.372996000000000000e+07 2.925313080000000000e+08 5.419977902777777490e+04 6.568415637860098855e-01 4.900000000000000000e+01 4.899999999999999911e-01 7.000000000000000666e-02 4.561006240000000344e-13 1.000000000000000000e+02
1.373006000000000000e+07 2.925314080000000000e+08 5.419978018518518365e+04 6.569701646090528868e-01 5.000000000000000000e+01 5.000000000000000000e-01 7.071067811865475172e-02 4.654088000000000474e-13 1.000000000000000000e+02
1.373016000000000000e+07 2.925315080000000000e+08 5.419978134259259241e+04 6.570987654320994409e-01 5.500000000000000000e+01 5.500000000000000444e-01 7.416198487095662650e-02 5.119496800000001128e-13 1.000000000000000000e+02
1.373026000000000000e+07 2.925316080000000000e+08 5.419978250000000116e+04 6.572273662551424422e-01 4.600000000000000000e+01 4.600000000000000200e-01 6.782329983125268136e-02 4.281760960000000457e-13 1.000000000000000000e+02
1.373036000000000000e+07 2.925317080000000000e+08 5.419978365740740992e+04 6.573559670781889963e-01 6.500000000000000000e+01 6.500000000000000222e-01 8.062257748298548576e-02 6.050314400000000415e-13 1.000000000000000000e+02
1.373046000000000000e+07 2.925318080000000000e+08 5.419978481481481867e+04 6.574845679012355504e-01 5.200000000000000000e+01 5.200000000000000178e-01 7.211102550927978028e-02 4.840251520000000736e-13 1.000000000000000000e+02
1.373056000000000000e+07 2.925319080000000000e+08 5.419978597222222015e+04 6.576131687242785517e-01 6.000000000000000000e+01 5.999999999999999778e-01 7.745966692414833765e-02 5.584905600000000771e-13 1.000000000000000000e+02
1.373066000000000000e+07 2.925320080000000000e+08 5.419978712962962891e+04 6.577417695473251058e-01 6.100000000000000000e+01 6.099999999999999867e-01 7.810249675906653921e-02 5.677987360000000902e-13 1.000000000000000000e+02
1.373076000000000000e+07 2.925321080000000000e+08 5.419978828703703766e+04 6.578703703703716599e-01 4.700000000000000000e+01 4.699999999999999734e-01 6.855654600401044074e-02 4.374842720000000082e-13 1.000000000000000000e+02
1.373086000000000000e+07 2.925322080000000000e+08 5.419978944444444642e+04 6.579989711934146612e-01 5.500000000000000000e+01 5.500000000000000444e-01 7.416198487095662650e-02 5.119496800000001128e-13 1.000000000000000000e+02
1.373096000000000000e+07 2.925323080000000000e+08 5.419979060185185517e+04 6.581275720164612153e-01 5.500000000000000000e+01 5.500000000000000444e-01 7.416198487095662650e-02 5.119496800000001128e-13 1.000000000000000000e+02
1.373106000000000000e+07 2.925324080000000000e+08 5.419979175925925665e+04 6.582561728395077694e-01 6.200000000000000000e+01 6.199999999999999956e-01 7.874007874011811070e-02 5.771069120000001032e-13 1.000000000000000000e+02
1.373116000000000000e+07 2.925325080000000000e+08 5.419979291666666541e+04 6.583847736625507707e-01 5.800000000000000000e+01 5.799999999999999600e-01 7.615773105863908599e-02 5.398742080000000510e-13 1.000000000000000000e+02
1.373126000000000000e+07 2.925326080000000000e+08 5.419979407407407416e+04 6.585133744855973248e-01 6.100000000000000000e+01 6.099999999999999867e-01 7.810249675906653921e-02 5.677987360000000902e-13 1.000000000000000000e+02
1.373136000000000000e+07 2.925327080000000000e+08 5.419979523148148292e+04 6.586419753086403261e-01 5.700000000000000000e+01 5.699999999999999512e-01 7.549834435270749711e-02 5.305660320000000379e-13 1.000000000000000000e+02
1.373146000000000000e+07 2.925328080000000000e+08 5.419979638888889167e+04 6.587705761316868802e-01 6.400000000000000000e+01 6.400000000000000133e-01 8.000000000000000167e-02 5.957232640000000284e-13 1.000000000000000000e+02
1.373156000000000000e+07 2.925329080000000000e+08 5.419979754629629315e+04 6.588991769547334343e-01 4.700000000000000000e+01 4.699999999999999734e-01 6.855654600401044074e-02 4.374842720000000082e-13 1.000000000000000000e+02
1.373166000000000000e+07 2.925330080000000000e+08 5.419979870370370190e+04 6.590277777777764356e-01 6.700000000000000000e+01 6.700000000000000400e-01 8.185352771872450584e-02 6.236477920000000676e-13 1.000000000000000000e+02
1.373176000000000000e+07 2.925331080000000000e+08 5.419979986111111066e+04 6.591563786008229897e-01 4.400000000000000000e+01 4.400000000000000022e-01 6.633249580710799675e-02 4.095597440000000195e-13 1.000000000000000000e+02
1.373186000000000000e+07 2.925332080000000000e+08 5.419980101851851941e+04 6.592849794238695438e-01 4.700000000000000000e+01 4.699999999999999734e-01 6.855654600401044074e-02 4.374842720000000082e-13 1.000000000000000000e+02
1.373196000000000000e+07 2.925333080000000000e+08 5.419980217592592817e+04 6.594135802469125451e-01 5.000000000000000000e+01 5.000000000000000000e-01 7.071067811865475172e-02 4.654088000000000474e-13 1.000000000000000000e+02
1.373206000000000000e+07 2.925334080000000000e+08 5.419980333333332965e+04 6.595421810699590992e-01 5.000000000000000000e+01 5.000000000000000000e-01 7.071067811865475172e-02 4.654088000000000474e-13 1.000000000000000000e+02
1.373216000000000000e+07 2.925335080000000000e+08 5.419980449074073840e+04 6.596707818930056533e-01 6.100000000000000000e+01 6.099999999999999867e-01 7.810249675906653921e-02 5.677987360000000902e-13 1.000000000000000000e+02
1.373226000000000000e+07 2.925336080000000000e+08 5.419980564814814716e+04 6.597993827160486546e-01 5.700000000000000000e+01 5.699999999999999512e-01 7.549834435270749711e-02 5.305660320000000379e-13 1.000000000000000000e+02
1.373236000000000000e+07 2.925337080000000000e+08 5.419980680555555591e+04 6.599279835390952087e-01 5.700000000000000000e+01 5.699999999999999512e-01 7.549834435270749711e-02 5.305660320000000379e-13 1.000000000000000000e+02
1.373246000000000000e+07 2.925338080000000000e+08 5.419980796296296467e+04 6.600565843621382101e-01 5.600000000000000000e+01 5.600000000000000533e-01 7.483314773547883325e-02 5.212578560000001258e-13 1.000000000000000000e+02
1.373256000000000000e+07 2.925339080000000000e+08 5.419980912037037342e+04 6.601851851851847641e-01 5.100000000000000000e+01 5.100000000000000089e-01 7.141428428542850870e-02 4.747169760000000605e-13 1.000000000000000000e+02
1.373266000000000000e+07 2.925340080000000000e+08 5.419981027777777490e+04 6.603137860082313182e-01 6.600000000000000000e+01 6.600000000000000311e-01 8.124038404635960942e-02 6.143396160000000545e-13 1.000000000000000000e+02
1.373276000000000000e+07 2.925341080000000000e+08 5.419981143518518365e+04 6.604423868312743195e-01 5.600000000000000000e+01 5.600000000000000533e-01 7.483314773547883325e-02 5.212578560000001258e-13 1.000000000000000000e+02
1.373286000000000000e+07 2.925342080000000000e+08 5.419981259259259241e+04 6.605709876543208736e-01 4.900000000000000000e+01 4.899999999999999911e-01 7.000000000000000666e-02 4.561006240000000344e-13 1.000000000000000000e+02
1.373296000000000000e+07 2.925343080000000000e+08 5.419981375000000116e+04 6.606995884773674277e-01 5.700000000000000000e+01 5.699999999999999512e-01 7.549834435270749711e-02 5.305660320000000379e-13 1.000000000000000000e+02
1.373306000000000000e+07 2.925344080000000000e+08 5.419981490740740992e+04 6.608281893004104290e-01 5.600000000000000000e+01 5.600000000000000533e-01 7.483314773547883325e-02 5.212578560000001258e-13 1.000000000000000000e+02
1.373316000000000000e+07 2.925345080000000000e+08 5.419981606481481867e+04 6.609567901234569831e-01 4.800000000000000000e+01 4.799999999999999822e-01 6.928203230275509217e-02 4.467924480000000213e-13 1.000000000000000000e+02
1.373326000000000000e+07 2.925346080000000000e+08 5.419981722222222015e+04 6.610853909465035372e-01 6.200000000000000000e+01 6.199999999999999956e-01 7.874007874011811070e-02 5.771069120000001032e-13 1.000000000000000000e+02
1.373336000000000000e+07 2.925347080000000000e+08 5.419981837962962891e+04 6.612139917695465385e-01 5.100000000000000000e+01 5.100000000000000089e-01 7.141428428542850870e-02 4.747169760000000605e-13 1.000000000000000000e+02
1.373346000000000000e+07 2.925348080000000000e+08 5.419981953703703766e+04 6.613425925925930926e-01 4.800000000000000000e+01 4.799999999999999822e-01 6.928203230275509217e-02 4.467924480000000213e-13 1.000000000000000000e+02
1.373356000000000000e+07 2.925349080000000000e+08 5.419982069444444642e+04 6.614711934156360940e-01 6.200000000000000000e+01 6.199999999999999956e-01 7.874007874011811070e-02 5.771069120000001032e-13 1.000000000000000000e+02
1.373366000000000000e+07 2.925350080000000000e+08 5.419982185185185517e+04 6.615997942386826480e-01 6.300000000000000000e+01 6.300000000000000044e-01 7.937253933193771926e-02 5.864150880000000153e-13 1.000000000000000000e+02
1.373376000000000000e+07 2.925351080000000000e+08 5.419982300925925665e+04 6.617283950617292021e-01 4.600000000000000000e+01 4.600000000000000200e-01 6.782329983125268136e-02 4.281760960000000457e-13 1.000000000000000000e+02
1.373386000000000000e+07 2.925352080000000000e+08 5.419982416666666541e+04 6.618569958847722035e-01 5.100000000000000000e+01 5.100000000000000089e-01 7.141428428542850870e-02 4.747169760000000605e-13 1.000000000000000000e+02
1.373396000000000000e+07 2.925353080000000000e+08 5.419982532407407416e+04 6.619855967078187575e-01 5.800000000000000000e+01 5.799999999999999600e-01 7.615773105863908599e-02 5.398742080000000510e-13 1.000000000000000000e+02
1.373406000000000000e+07 2.925354080000000000e+08 5.419982648148148292e+04 6.621141975308653116e-01 5.100000000000000000e+01 5.100000000000000089e-01 7.141428428542850870e-02 4.747169760000000605e-13 1.000000000000000000e+02
1.373416000000000000e+07 2.925355080000000000e+08 5.419982763888889167e+04 6.622427983539083129e-01 5.000000000000000000e+01 5.000000000000000000e-01 7.071067811865475172e-02 4.654088000000000474e-13 1.000000000000000000e+02
1.373426000000000000e+07 2.925356080000000000e+08 5.419982879629629315e+04 6.623713991769548670e-01 6.500000000000000000e+01 6.500000000000000222e-01 8.062257748298548576e-02 6.050314400000000415e-13 1.000000000000000000e+02
1.373436000000000000e+07 2.925357080000000000e+08 5.419982995370370190e+04 6.625000000000014211e-01 7.100000000000000000e+01 7.099999999999999645e-01 8.426149773176358493e-02 6.608804960000000189e-13 1.000000000000000000e+02
1.373446000000000000e+07 2.925358080000000000e+08 5.419983111111111066e+04 6.626286008230444224e-01 4.600000000000000000e+01 4.600000000000000200e-01 6.782329983125268136e-02 4.281760960000000457e-13 1.000000000000000000e+02
1.373456000000000000e+07 2.925359080000000000e+08 5.419983226851851941e+04 6.627572016460909765e-01 5.400000000000000000e+01 5.400000000000000355e-01 7.348469228349534255e-02 5.026415040000000997e-13 1.000000000000000000e+02
1.373466000000000000e+07 2.925360080000000000e+08 5.419983342592592817e+04 6.628858024691375306e-01 5.500000000000000000e+01 5.500000000000000444e-01 7.416198487095662650e-02 5.119496800000001128e-13 1.000000000000000000e+02
1.373476000000000000e+07 2.925361080000000000e+08 5.419983458333332965e+04 6.630144032921805319e-01 5.700000000000000000e+01 5.699999999999999512e-01 7.549834435270749711e-02 5.305660320000000379e-13 1.000000000000000000e+02
1.373486000000000000e+07 2.925362080000000000e+08 5.419983574074073840e+04 6.631430041152270860e-01 4.400000000000000000e+01 4.400000000000000022e-01 6.633249580710799675e-02 4.095597440000000195e-13 1.000000000000000000e+02
1.373496000000000000e+07 2.925363080000000000e+08 5.419983689814814716e+04 6.632716049382700874e-01 5.800000000000000000e+01 5.799999999999999600e-01 7.615773105863908599e-02 5.398742080000000510e-13 1.000000000000000000e+02
1.373506000000000000e+07 2.925364080000000000e+08 5.419983805555555591e+04 6.634002057613166414e-01 6.400000000000000000e+01 6.400000000000000133e-01 8.000000000000000167e-02 5.957232640000000284e-13 1.000000000000000000e+02
1.373516000000000000e+07 2.925365080000000000e+08 5.419983921296296467e+04 6.635288065843631955e-01 5.700000000000000000e+01 5.699999999999999512e-01 7.549834435270749711e-02 5.305660320000000379e-13 1.000000000000000000e+02
1.373526000000000000e+07 2.925366080000000000e+08 5.419984037037037342e+04 6.636574074074061969e-01 5.700000000000000000e+01 5.699999999999999512e-01 7.549834435270749711e-02 5.305660320000000379e-13 1.000000000000000000e+02
1.373536000000000000e+07 2.925367080000000000e+08 5.419984152777777490e+04 6.637860082304527509e-01 5.300000000000000000e+01 5.300000000000000266e-01 7.280109889280518554e-02 4.933333280000000866e-13 1.000000000000000000e+02
1.373546000000000000e+07 2.925368080000000000e+08 5.419984268518518365e+04 6.639146090534993050e-01 6.500000000000000000e+01 6.500000000000000222e-01 8.062257748298548576e-02 6.050314400000000415e-13 1.000000000000000000e+02
1.373556000000000000e+07 2.925369080000000000e+08 5.419984384259259241e+04 6.640432098765423063e-01 6.400000000000000000e+01 6.400000000000000133e-01 8.000000000000000167e-02 5.957232640000000284e-13 1.000000000000000000e+02
1.373566000000000000e+07 2.925370080000000000e+08 5.419984500000000116e+04 6.641718106995888604e-01 4.300000000000000000e+01 4.299999999999999933e-01 6.557438524302000582e-02 4.002515680000000569e-13 1.000000000000000000e+02
1.373576000000000000e+07 2.925371080000000000e+08 5.419984615740740992e+04 6.643004115226354145e-01 4.700000000000000000e+01 4.699999999999999734e-01 6.855654600401044074e-02 4.374842720000000082e-13 1.000000000000000000e+02
1.373586000000000000e+07 2.925372080000000000e+08 5.419984731481481867e+04 6.644290123456784158e-01 6.700000000000000000e+01 6.700000000000000400e-01 8.185352771872450584e-02 6.236477920000000676e-13 1.000000000000000000e+02
1.373596000000000000e+07 2.925373080000000000e+08 5.419984847222222015e+04 6.645576131687249699e-01 6.000000000000000000e+01 5.999999999999999778e-01 7.745966692414833765e-02 5.584905600000000771e-13 1.000000000000000000e+02
1.373606000000000000e+07 2.925374080000000000e+08 5.419984962962962891e+04 6.646862139917679713e-01 5.300000000000000000e+01 5.300000000000000266e-01 7.280109889280518554e-02 4.933333280000000866e-13 1.000000000000000000e+02
1.373616000000000000e+07 2.925375080000000000e+08 5.419985078703703766e+04 6.648148148148145253e-01 5.800000000000000000e+01 5.799999999999999600e-01 7.615773105863908599e-02 5.398742080000000510e-13 1.000000000000000000e+02
1.373626000000000000e+07 2.925376080000000000e+08 5.419985194444444642e+04 6.649434156378610794e-01 5.400000000000000000e+01 5.400000000000000355e-01 7.348469228349534255e-02 5.026415040000000997e-13 1.000000000000000000e+02
1.373636000000000000e+07 2.925377080000000000e+08 5.419985310185185517e+04 6.650720164609040808e-01 5.700000000000000000e+01 5.699999999999999512e-01 7.549834435270749711e-02 5.305660320000000379e-13 1.000000000000000000e+02
1.373646000000000000e+07 2.925378080000000000e+08 5.419985425925925665e+04 6.652006172839506348e-01 5.800000000000000000e+01 5.799999999999999600e-01 7.615773105863908599e-02 5.398742080000000510e-13 1.000000000000000000e+02
1.373656000000000000e+07 2.925379080000000000e+08 5.419985541666666541e+04 6.653292181069971889e-01 5.400000000000000000e+01 5.400000000000000355e-01 7.348469228349534255e-02 5.026415040000000997e-13 1.000000000000000000e+02
1.373666000000000000e+07 2.925380080000000000e+08 5.419985657407407416e+04 6.654578189300401903e-01 5.800000000000000000e+01 5.799999999999999600e-01 7.615773105863908599e-02 5.398742080000000510e-13 1.000000000000000000e+02
1.373676000000000000e+07 2.925381080000000000e+08 5.419985773148148292e+04 6.655864197530867443e-01 5.700000000000000000e+01 5.699999999999999512e-01 7.549834435270749711e-02 5.305660320000000379e-13 1.000000000000000000e+02
1.373686000000000000e+07 2.925382080000000000e+08 5.419985888888889167e+04 6.657150205761332984e-01 5.700000000000000000e+01 5.699999999999999512e-01 7.549834435270749711e-02 5.305660320000000379e-13 1.000000000000000000e+02
1.373696000000000000e+07 2.925383080000000000e+08 5.419986004629629315e+04 6.658436213991762997e-01 4.800000000000000000e+01 4.799999999999999822e-01 6.928203230275509217e-02 4.467924480000000213e-13 1.000000000000000000e+02
1.373706000000000000e+07 2.925384080000000000e+08 5.419986120370370190e+04 6.659722222222228538e-01 6.300000000000000000e+01 6.300000000000000044e-01 7.937253933193771926e-02 5.864150880000000153e-13 1.000000000000000000e+02
1.373716000000000000e+07 2.925385080000000000e+08 5.419986236111111066e+04 6.661008230452658552e-01 5.300000000000000000e+01 5.300000000000000266e-01 7.280109889280518554e-02 4.933333280000000866e-13 1.000000000000000000e+02
1.373726000000000000e+07 2.925386080000000000e+08 5.419986351851851941e+04 6.662294238683124092e-01 5.700000000000000000e+01 5.699999999999999512e-01 7.549834435270749711e-02 5.305660320000000379e-13 1.000000000000000000e+02
1.373736000000000000e+07 2.925387080000000000e+08 5.419986467592592817e+04 6.663580246913589633e-01 4.800000000000000000e+01 4.799999999999999822e-01 6.928203230275509217e-02 4.467924480000000213e-13 1.000000000000000000e+02
1.373746000000000000e+07 2.925388080000000000e+08 5.419986583333332965e+04 6.664866255144019647e-01 4.000000000000000000e+01 4.000000000000000222e-01 6.324555320336759656e-02 3.723270400000000682e-13 1.000000000000000000e+02
1.373756000000000000e+07 2.925389080000000000e+08 5.419986699074073840e+04 6.666152263374485187e-01 6.600000000000000000e+01 6.600000000000000311e-01 8.124038404635960942e-02 6.143396160000000545e-13 1.000000000000000000e+02
1.373766000000000000e+07 2.925390080000000000e+08 5.419986814814814716e+04 6.667438271604950728e-01 5.200000000000000000e+01 5.200000000000000178e-01 7.211102550927978028e-02 4.840251520000000736e-13 1.000000000000000000e+02
1.373776000000000000e+07 2.925391080000000000e+08 5.419986930555555591e+04 6.668724279835380742e-01 5.500000000000000000e+01 5.500000000000000444e-01 7.416198487095662650e-02 5.119496800000001128e-13 1.000000000000000000e+02
1.373786000000000000e+07 2.925392080000000000e+08 5.419987046296296467e+04 6.670010288065846282e-01 5.800000000000000000e+01 5.799999999999999600e-01 7.615773105863908599e-02 5.398742080000000510e-13 1.000000000000000000e+02
1.373796000000000000e+07 2.925393080000000000e+08 5.419987162037037342e+04 6.671296296296311823e-01 5.800000000000000000e+01 5.799999999999999600e-01 7.615773105863908599e-02 5.398742080000000510e-13 1.000000000000000000e+02
1.373806000000000000e+07 2.925394080000000000e+08 5.419987277777777490e+04 6.672582304526741837e-01 6.500000000000000000e+01 6.500000000000000222e-01 8.062257748298548576e-02 6.050314400000000415e-13 1.000000000000000000e+02
1.373816000000000000e+07 2.925395080000000000e+08 5.419987393518518365e+04 6.673868312757207377e-01 4.600000000000000000e+01 4.600000000000000200e-01 6.782329983125268136e-02 4.281760960000000457e-13 1.000000000000000000e+02
1.373826000000000000e+07 2.925396080000000000e+08 5.419987509259259241e+04 6.675154320987637391e-01 6.900000000000000000e+01 6.899999999999999467e-01 8.306623862918074974e-02 6.422641439999999928e-13 1.000000000000000000e+02
1.373836000000000000e+07 2.925397080000000000e+08 5.419987625000000116e+04 6.676440329218102931e-01 5.800000000000000000e+01 5.799999999999999600e-01 7.615773105863908599e-02 5.398742080000000510e-13 1.000000000000000000e+02
1.373846000000000000e+07 2.925398080000000000e+08 5.419987740740740992e+04 6.677726337448568472e-01 6.300000000000000000e+01 6.300000000000000044e-01 7.937253933193771926e-02 5.864150880000000153e-13 1.000000000000000000e+02
1.373856000000000000e+07 2.925399080000000000e+08 5.419987856481481867e+04 6.679012345678998486e-01 5.800000000000000000e+01 5.799999999999999600e-01 7.615773105863908599e-02 5.398742080000000510e-13 1.000000000000000000e+02
1.373866000000000000e+07 2.925400080000000000e+08 5.419987972222222015e+04 6.680298353909464026e-01 4.400000000000000000e+01 4.400000000000000022e-01 6.633249580710799675e-02 4.095597440000000195e-13 1.000000000000000000e+02
1.373876000000000000e+07 2.925401080000000000e+08 5.419988087962962891e+04 6.681584362139929567e-01 5.900000000000000000e+01 5.899999999999999689e-01 7.681145747868607654e-02 5.491823840000000640e-13 1.000000000000000000e+02
1.373886000000000000e+07 2.925402080000000000e+08 5.419988203703703766e+04 6.682870370370359581e-01 6.300000000000000000e+01 6.300000000000000044e-01 7.937253933193771926e-02 5.864150880000000153e-13 1.000000000000000000e+02
1.373896000000000000e+07 2.925403080000000000e+08 5.419988319444444642e+04 6.684156378600825121e-01 4.600000000000000000e+01 4.600000000000000200e-01 6.782329983125268136e-02 4.281760960000000457e-13 1.000000000000000000e+02
1.373906000000000000e+07 2.925404080000000000e+08 5.419988435185185517e+04 6.685442386831290662e-01 4.000000000000000000e+01 4.000000000000000222e-01 6.324555320336759656e-02 3.723270400000000682e-13 1.000000000000000000e+02
1.373916000000000000e+07 2.925405080000000000e+08 5.419988550925925665e+04 6.686728395061720676e-01 5.800000000000000000e+01 5.799999999999999600e-01 7.615773105863908599e-02 5.398742080000000510e-13 1.000000000000000000e+02
1.373926000000000000e+07 2.925406080000000000e+08 5.419988666666666541e+04 6.688014403292186216e-01 6.500000000000000000e+01 6.500000000000000222e-01 8.062257748298548576e-02 6.050314400000000415e-13 1.000000000000000000e+02
1.373936000000000000e+07 2.925407080000000000e+08 5.419988782407407416e+04 6.689300411522616230e-01 4.900000000000000000e+01 4.899999999999999911e-01 7.000000000000000666e-02 4.561006240000000344e-13 1.000000000000000000e+02
1.373946000000000000e+07 2.925408080000000000e+08 5.419988898148148292e+04 6.690586419753081771e-01 5.400000000000000000e+01 5.400000000000000355e-01 7.348469228349534255e-02 5.026415040000000997e-13 1.000000000000000000e+02
1.373956000000000000e+07 2.925409080000000000e+08 5.419989013888889167e+04 6.691872427983547311e-01 6.100000000000000000e+01 6.099999999999999867e-01 7.810249675906653921e-02 5.677987360000000902e-13 1.000000000000000000e+02
1.373966000000000000e+07 2.925410080000000000e+08 5.419989129629629315e+04 6.693158436213977325e-01 5.100000000000000000e+01 5.100000000000000089e-01 7.141428428542850870e-02 4.747169760000000605e-13 1.000000000000000000e+02
1.373976000000000000e+07 2.925411080000000000e+08 5.419989245370370190e+04 6.694444444444442865e-01 4.100000000000000000e+01 4.099999999999999756e-01 6.403124237432848698e-02 3.816352160000000308e-13 1.000000000000000000e+02
1.373986000000000000e+07 2.925412080000000000e+08 5.419989361111111066e+04 6.695730452674908406e-01 7.100000000000000000e+01 7.099999999999999645e-01 8.426149773176358493e-02 6.608804960000000189e-13 1.000000000000000000e+02
1.373996000000000000e+07 2.925413080000000000e+08 5.419989476851851941e+04 6.697016460905338420e-01 5.300000000000000000e+01 5.300000000000000266e-01 7.280109889280518554e-02 4.933333280000000866e-13 1.000000000000000000e+02
1.374006000000000000e+07 2.925414080000000000e+08 5.419989592592592817e+04 6.698302469135803960e-01 6.800000000000000000e+01 6.800000000000000488e-01 8.246211251235320561e-02 6.329559680000000807e-13 1.000000000000000000e+02
1.374016000000000000e+07 2.925415080000000000e+08 5.419989708333332965e+04 6.699588477366269501e-01 5.200000000000000000e+01 5.200000000000000178e-01 7.211102550927978028e-02 4.840251520000000736e-13 1.000000000000000000e+02
1.374026000000000000e+07 2.925416080000000000e+08 5.419989824074073840e+04 6.700874485596699515e-01 5.700000000000000000e+01 5.699999999999999512e-01 7.549834435270749711e-02 5.305660320000000379e-13 1.000000000000000000e+02
1.374036000000000000e+07 2.925417080000000000e+08 5.419989939814814716e+04 6.702160493827165055e-01 4.500000000000000000e+01 4.500000000000000111e-01 6.708203932499369471e-02 4.188679200000000326e-13 1.000000000000000000e+02
1.374046000000000000e+07 2.925418080000000000e+08 5.419990055555555591e+04 6.703446502057630596e-01 5.300000000000000000e+01 5.300000000000000266e-01 7.280109889280518554e-02 4.933333280000000866e-13 1.000000000000000000e+02
1.374056000000000000e+07 2.925419080000000000e+08 5.419990171296296467e+04 6.704732510288060610e-01 4.800000000000000000e+01 4.799999999999999822e-01 6.928203230275509217e-02 4.467924480000000213e-13 1.000000000000000000e+02
1.374066000000000000e+07 2.925420080000000000e+08 5.419990287037037342e+04 6.706018518518526150e-01 5.100000000000000000e+01 5.100000000000000089e-01 7.141428428542850870e-02 4.747169760000000605e-13 1.000000000000000000e+02
1.374076000000000000e+07 2.925421080000000000e+08 5.419990402777777490e+04 6.707304526748956164e-01 6.900000000000000000e+01 6.899999999999999467e-01 8.306623862918074974e-02 6.422641439999999928e-13 1.000000000000000000e+02
1.374086000000000000e+07 2.925422080000000000e+08 5.419990518518518365e+04 6.708590534979421705e-01 5.500000000000000000e+01 5.500000000000000444e-01 7.416198487095662650e-02 5.119496800000001128e-13 1.000000000000000000e+02
1.374096000000000000e+07 2.925423080000000000e+08 5.419990634259259241e+04 6.709876543209887245e-01 5.700000000000000000e+01 5.699999999999999512e-01 7.549834435270749711e-02 5.305660320000000379e-13 1.000000000000000000e+02
1.374106000000000000e+07 2.925424080000000000e+08 5.419990750000000116e+04 6.711162551440317259e-01 5.800000000000000000e+01 5.799999999999999600e-01 7.615773105863908599e-02 5.398742080000000510e-13 1.000000000000000000e+02
1.374116000000000000e+07 2.925425080000000000e+08 5.419990865740740992e+04 6.712448559670782799e-01 5.700000000000000000e+01 5.699999999999999512e-01 7.549834435270749711e-02 5.305660320000000379e-13 1.000000000000000000e+02
1.374126000000000000e+07 2.925426080000000000e+08 5.419990981481481867e+04 6.713734567901248340e-01 5.700000000000000000e+01 5.699999999999999512e-01 7.549834435270749711e-02 5.305660320000000379e-13 1.000000000000000000e+02
1.374136000000000000e+07 2.925427080000000000e+08 5.419991097222222015e+04 6.715020576131678354e-01 5.500000000000000000e+01 5.500000000000000444e-01 7.416198487095662650e-02 5.119496800000001128e-13 1.000000000000000000e+02
1.374146000000000000e+07 2.925428080000000000e+08 5.419991212962962891e+04 6.716306584362143894e-01 6.100000000000000000e+01 6.099999999999999867e-01 7.810249675906653921e-02 5.677987360000000902e-13 1.000000000000000000e+02
1.374156000000000000e+07 2.925429080000000000e+08 5.419991328703703766e+04 6.717592592592609435e-01 5.000000000000000000e+01 5.000000000000000000e-01 7.071067811865475172e-02 4.654088000000000474e-13 1.000000000000000000e+02
1.374166000000000000e+07 2.925430080000000000e+08 5.419991444444444642e+04 6.718878600823039449e-01 6.000000000000000000e+01 5.999999999999999778e-01 7.745966692414833765e-02 5.584905600000000771e-13 1.000000000000000000e+02
1.374176000000000000e+07 2.925431080000000000e+08 5.419991560185185517e+04 6.720164609053504989e-01 5.700000000000000000e+01 5.699999999999999512e-01 7.549834435270749711e-02 5.305660320000000379e-13 1.000000000000000000e+02
1.374186000000000000e+07 2.925432080000000000e+08 5.419991675925925665e+04 6.721450617283935003e-01 5.200000000000000000e+01 5.200000000000000178e-01 7.211102550927978028e-02 4.840251520000000736e-13 1.000000000000000000e+02
1.374196000000000000e+07 2.925433080000000000e+08 5.419991791666666541e+04 6.722736625514400544e-01 4.600000000000000000e+01 4.600000000000000200e-01 6.782329983125268136e-02 4.281760960000000457e-13 1.000000000000000000e+02
1.374506000000000000e+07 2.925464080000000000e+08 5.419995379629629315e+04 6.762602880658441507e-01 5.200000000000000000e+01 5.200000000000000178e-01 7.211102550927978028e-02 4.840251520000000736e-13 1.000000000000000000e+02
1.374516000000000000e+07 2.925465080000000000e+08 5.419995495370370190e+04 6.763888888888871520e-01 5.000000000000000000e+01 5.000000000000000000e-01 7.071067811865475172e-02 4.654088000000000474e-13 1.000000000000000000e+02
1.374526000000000000e+07 2.925466080000000000e+08 5.419995611111111066e+04 6.765174897119337061e-01 6.400000000000000000e+01 6.400000000000000133e-01 8.000000000000000167e-02 5.957232640000000284e-13 1.000000000000000000e+02
1.374536000000000000e+07 2.925467080000000000e+08 5.419995726851851941e+04 6.766460905349802601e-01 6.300000000000000000e+01 6.300000000000000044e-01 7.937253933193771926e-02 5.864150880000000153e-13 1.000000000000000000e+02
1.374546000000000000e+07 2.925468080000000000e+08 5.419995842592592817e+04 6.767746913580232615e-01 6.000000000000000000e+01 5.999999999999999778e-01 7.745966692414833765e-02 5.584905600000000771e-13 1.000000000000000000e+02
1.374556000000000000e+07 2.925469080000000000e+08 5.419995958333332965e+04 6.769032921810698156e-01 6.100000000000000000e+01 6.099999999999999867e-01 7.810249675906653921e-02 5.677987360000000902e-13 1.000000000000000000e+02
1.374566000000000000e+07 2.925470080000000000e+08 5.419996074074073840e+04 6.770318930041163696e-01 4.800000000000000000e+01 4.799999999999999822e-01 6.928203230275509217e-02 4.467924480000000213e-13 1.000000000000000000e+02
