# Synthetic light curve from cloak.kernel (cloak/synthetic/lightcurve.py)
# band hard; wind_model smooth_pl; phase_shift 0.02; scatter 7.56553e-14; intrinsic_scatter 0.1; flux_per_rate 1.58151e-11; orbital_period 138240; seed 11
# Columns: dt, t_raw, mjd, phase, counts, rate, rate_err, flux_t, exposure
# 
0.000000000000000000e+00 2.788013480000000000e+08 5.404086745370370045e+04 0.000000000000000000e+00 1.400000000000000000e+01 1.400000000000000133e-01 3.741657386773941663e-02 2.214111200000000030e-12 1.000000000000000000e+02
1.000000000000000000e+02 2.788014480000000000e+08 5.404086861111110920e+04 7.233796296296295895e-04 1.100000000000000000e+01 1.100000000000000006e-01 3.316624790355399838e-02 1.739658799999999995e-12 1.000000000000000000e+02
2.000000000000000000e+02 2.788015480000000000e+08 5.404086976851851796e+04 1.446759259259259179e-03 1.900000000000000000e+01 1.900000000000000022e-01 4.358898943540674004e-02 3.004865199999999954e-12 1.000000000000000000e+02
3.000000000000000000e+02 2.788016480000000000e+08 5.404087092592592671e+04 2.170138888888888985e-03 1.000000000000000000e+01 1.000000000000000056e-01 3.162277660168379828e-02 1.581508000000000050e-12 1.000000000000000000e+02
4.000000000000000000e+02 2.788017480000000000e+08 5.404087208333333547e+04 2.893518518518518358e-03 2.700000000000000000e+01 2.700000000000000178e-01 5.196152422706631913e-02 4.270071600000000317e-12 1.000000000000000000e+02
5.000000000000000000e+02 2.788018480000000000e+08 5.404087324074073695e+04 3.616898148148148164e-03 2.200000000000000000e+01 2.200000000000000011e-01 4.690415759823429731e-02 3.479317599999999989e-12 1.000000000000000000e+02
6.000000000000000000e+02 2.788019480000000000e+08 5.404087439814814570e+04 4.340277777777777971e-03 1.600000000000000000e+01 1.600000000000000033e-01 4.000000000000000083e-02 2.530412799999999919e-12 1.000000000000000000e+02
7.000000000000000000e+02 2.788020480000000000e+08 5.404087555555555446e+04 5.063657407407407343e-03 1.500000000000000000e+01 1.499999999999999944e-01 3.872983346207416883e-02 2.372261999999999772e-12 1.000000000000000000e+02
8.000000000000000000e+02 2.788021480000000000e+08 5.404087671296296321e+04 5.787037037037036716e-03 1.600000000000000000e+01 1.600000000000000033e-01 4.000000000000000083e-02 2.530412799999999919e-12 1.000000000000000000e+02
9.000000000000000000e+02 2.788022480000000000e+08 5.404087787037037197e+04 6.510416666666666956e-03 1.700000000000000000e+01 1.700000000000000122e-01 4.123105625617660280e-02 2.688563600000000065e-12 1.000000000000000000e+02
1.000000000000000000e+03 2.788023480000000000e+08 5.404087902777778072e+04 7.233796296296296328e-03 1.700000000000000000e+01 1.700000000000000122e-01 4.123105625617660280e-02 2.688563600000000065e-12 1.000000000000000000e+02
1.100000000000000000e+03 2.788024480000000000e+08 5.404088018518518220e+04 7.957175925925926568e-03 1.400000000000000000e+01 1.400000000000000133e-01 3.741657386773941663e-02 2.214111200000000030e-12 1.000000000000000000e+02
1.200000000000000000e+03 2.788025480000000000e+08 5.404088134259259095e+04 8.680555555555555941e-03 1.500000000000000000e+01 1.499999999999999944e-01 3.872983346207416883e-02 2.372261999999999772e-12 1.000000000000000000e+02
1.300000000000000000e+03 2.788026480000000000e+08 5.404088249999999971e+04 9.403935185185185314e-03 2.200000000000000000e+01 2.200000000000000011e-01 4.690415759823429731e-02 3.479317599999999989e-12 1.000000000000000000e+02
1.400000000000000000e+03 2.788027480000000000e+08 5.404088365740740846e+04 1.012731481481481469e-02 1.400000000000000000e+01 1.400000000000000133e-01 3.741657386773941663e-02 2.214111200000000030e-12 1.000000000000000000e+02
1.500000000000000000e+03 2.788028480000000000e+08 5.404088481481481722e+04 1.085069444444444406e-02 1.800000000000000000e+01 1.799999999999999933e-01 4.242640687119284687e-02 2.846714399999999808e-12 1.000000000000000000e+02
1.600000000000000000e+03 2.788029480000000000e+08 5.404088597222222597e+04 1.157407407407407343e-02 1.800000000000000000e+01 1.799999999999999933e-01 4.242640687119284687e-02 2.846714399999999808e-12 1.000000000000000000e+02
1.700000000000000000e+03 2.788030480000000000e+08 5.404088712962962745e+04 1.229745370370370454e-02 1.500000000000000000e+01 1.499999999999999944e-01 3.872983346207416883e-02 2.372261999999999772e-12 1.000000000000000000e+02
1.800000000000000000e+03 2.788031480000000000e+08 5.404088828703703621e+04 1.302083333333333391e-02 1.800000000000000000e+01 1.799999999999999933e-01 4.242640687119284687e-02 2.846714399999999808e-12 1.000000000000000000e+02
1.900000000000000000e+03 2.788032480000000000e+08 5.404088944444444496e+04 1.374421296296296328e-02 1.000000000000000000e+01 1.000000000000000056e-01 3.162277660168379828e-02 1.581508000000000050e-12 1.000000000000000000e+02
2.000000000000000000e+03 2.788033480000000000e+08 5.404089060185185372e+04 1.446759259259259266e-02 1.300000000000000000e+01 1.300000000000000044e-01 3.605551275463989014e-02 2.055960399999999884e-12 1.000000000000000000e+02
2.100000000000000000e+03 2.788034480000000000e+08 5.404089175925926247e+04 1.519097222222222203e-02 1.200000000000000000e+01 1.199999999999999956e-01 3.464101615137754608e-02 1.897809600000000141e-12 1.000000000000000000e+02
2.200000000000000000e+03 2.788035480000000000e+08 5.404089291666666395e+04 1.591435185185185314e-02 1.200000000000000000e+01 1.199999999999999956e-01 3.464101615137754608e-02 1.897809600000000141e-12 1.000000000000000000e+02
2.300000000000000000e+03 2.788036480000000000e+08 5.404089407407407271e+04 1.663773148148148251e-02 1.500000000000000000e+01 1.499999999999999944e-01 3.872983346207416883e-02 2.372261999999999772e-12 1.000000000000000000e+02
2.400000000000000000e+03 2.788037480000000000e+08 5.404089523148148146e+04 1.736111111111111188e-02 1.900000000000000000e+01 1.900000000000000022e-01 4.358898943540674004e-02 3.004865199999999954e-12 1.000000000000000000e+02
2.500000000000000000e+03 2.788038480000000000e+08 5.404089638888889021e+04 1.808449074074074125e-02 2.400000000000000000e+01 2.399999999999999911e-01 4.898979485566355707e-02 3.795619200000000282e-12 1.000000000000000000e+02
2.600000000000000000e+03 2.788039480000000000e+08 5.404089754629629897e+04 1.880787037037037063e-02 1.500000000000000000e+01 1.499999999999999944e-01 3.872983346207416883e-02 2.372261999999999772e-12 1.000000000000000000e+02
2.700000000000000000e+03 2.788040480000000000e+08 5.404089870370370045e+04 1.953125000000000000e-02 1.300000000000000000e+01 1.300000000000000044e-01 3.605551275463989014e-02 2.055960399999999884e-12 1.000000000000000000e+02
2.800000000000000000e+03 2.788041480000000000e+08 5.404089986111110920e+04 2.025462962962962937e-02 2.100000000000000000e+01 2.099999999999999922e-01 4.582575694955839940e-02 3.321166799999999843e-12 1.000000000000000000e+02
2.900000000000000000e+03 2.788042480000000000e+08 5.404090101851851796e+04 2.097800925925925875e-02 1.800000000000000000e+01 1.799999999999999933e-01 4.242640687119284687e-02 2.846714399999999808e-12 1.000000000000000000e+02
3.000000000000000000e+03 2.788043480000000000e+08 5.404090217592592671e+04 2.170138888888888812e-02 1.700000000000000000e+01 1.700000000000000122e-01 4.123105625617660280e-02 2.688563600000000065e-12 1.000000000000000000e+02
3.100000000000000000e+03 2.788044480000000000e+08 5.404090333333333547e+04 2.242476851851851749e-02 1.500000000000000000e+01 1.499999999999999944e-01 3.872983346207416883e-02 2.372261999999999772e-12 1.000000000000000000e+02
3.200000000000000000e+03 2.788045480000000000e+08 5.404090449074073695e+04 2.314814814814814686e-02 1.700000000000000000e+01 1.700000000000000122e-01 4.123105625617660280e-02 2.688563600000000065e-12 1.000000000000000000e+02
3.300000000000000000e+03 2.788046480000000000e+08 5.404090564814814570e+04 2.387152777777777624e-02 1.000000000000000000e+01 1.000000000000000056e-01 3.162277660168379828e-02 1.581508000000000050e-12 1.000000000000000000e+02
3.400000000000000000e+03 2.788047480000000000e+08 5.404090680555555446e+04 2.459490740740740908e-02 1.500000000000000000e+01 1.499999999999999944e-01 3.872983346207416883e-02 2.372261999999999772e-12 1.000000000000000000e+02
3.500000000000000000e+03 2.788048480000000000e+08 5.404090796296296321e+04 2.531828703703703845e-02 1.600000000000000000e+01 1.600000000000000033e-01 4.000000000000000083e-02 2.530412799999999919e-12 1.000000000000000000e+02
3.600000000000000000e+03 2.788049480000000000e+08 5.404090912037037197e+04 2.604166666666666782e-02 1.600000000000000000e+01 1.600000000000000033e-01 4.000000000000000083e-02 2.530412799999999919e-12 1.000000000000000000e+02
3.700000000000000000e+03 2.788050480000000000e+08 5.404091027777778072e+04 2.676504629629629720e-02 8.000000000000000000e+00 8.000000000000000167e-02 2.828427124746190138e-02 1.265206399999999959e-12 1.000000000000000000e+02
3.800000000000000000e+03 2.788051480000000000e+08 5.404091143518518220e+04 2.748842592592592657e-02 1.900000000000000000e+01 1.900000000000000022e-01 4.358898943540674004e-02 3.004865199999999954e-12 1.000000000000000000e+02
3.900000000000000000e+03 2.788052480000000000e+08 5.404091259259259095e+04 2.821180555555555594e-02 2.000000000000000000e+01 2.000000000000000111e-01 4.472135954999579416e-02 3.163016000000000100e-12 1.000000000000000000e+02
4.000000000000000000e+03 2.788053480000000000e+08 5.404091374999999971e+04 2.893518518518518531e-02 1.400000000000000000e+01 1.400000000000000133e-01 3.741657386773941663e-02 2.214111200000000030e-12 1.000000000000000000e+02
4.100000000000000000e+03 2.788054480000000000e+08 5.404091490740740846e+04 2.965856481481481469e-02 2.000000000000000000e+01 2.000000000000000111e-01 4.472135954999579416e-02 3.163016000000000100e-12 1.000000000000000000e+02
4.200000000000000000e+03 2.788055480000000000e+08 5.404091606481481722e+04 3.038194444444444406e-02 1.400000000000000000e+01 1.400000000000000133e-01 3.741657386773941663e-02 2.214111200000000030e-12 1.000000000000000000e+02
4.300000000000000000e+03 2.788056480000000000e+08 5.404091722222222597e+04 3.110532407407407343e-02 1.000000000000000000e+01 1.000000000000000056e-01 3.162277660168379828e-02 1.581508000000000050e-12 1.000000000000000000e+02
4.400000000000000000e+03 2.788057480000000000e+08 5.404091837962962745e+04 3.182870370370370627e-02 1.800000000000000000e+01 1.799999999999999933e-01 4.242640687119284687e-02 2.846714399999999808e-12 1.000000000000000000e+02
4.500000000000000000e+03 2.788058480000000000e+08 5.404091953703703621e+04 3.255208333333333565e-02 1.700000000000000000e+01 1.700000000000000122e-01 4.123105625617660280e-02 2.688563600000000065e-12 1.000000000000000000e+02
4.600000000000000000e+03 2.788059480000000000e+08 5.404092069444444496e+04 3.327546296296296502e-02 2.000000000000000000e+01 2.000000000000000111e-01 4.472135954999579416e-02 3.163016000000000100e-12 1.000000000000000000e+02
7.900000000000000000e+03 2.788092480000000000e+08 5.404095888888889021e+04 5.714699074074074125e-02 2.800000000000000000e+01 2.800000000000000266e-01 5.291502622129181516e-02 4.428222400000000060e-12 1.000000000000000000e+02
8.000000000000000000e+03 2.788093480000000000e+08 5.404096004629629897e+04 5.787037037037037063e-02 1.900000000000000000e+01 1.900000000000000022e-01 4.358898943540674004e-02 3.004865199999999954e-12 1.000000000000000000e+02
8.100000000000000000e+03 2.788094480000000000e+08 5.404096120370370045e+04 5.859375000000000000e-02 1.000000000000000000e+01 1.000000000000000056e-01 3.162277660168379828e-02 1.581508000000000050e-12 1.000000000000000000e+02
8.200000000000000000e+03 2.788095480000000000e+08 5.404096236111110920e+04 5.931712962962962937e-02 1.300000000000000000e+01 1.300000000000000044e-01 3.605551275463989014e-02 2.055960399999999884e-12 1.000000000000000000e+02
8.300000000000000000e+03 2.788096480000000000e+08 5.404096351851851796e+04 6.004050925925925875e-02 1.300000000000000000e+01 1.300000000000000044e-01 3.605551275463989014e-02 2.055960399999999884e-12 1.000000000000000000e+02
8.400000000000000000e+03 2.788097480000000000e+08 5.404096467592592671e+04 6.076388888888888812e-02 1.800000000000000000e+01 1.799999999999999933e-01 4.242640687119284687e-02 2.846714399999999808e-12 1.000000000000000000e+02
8.500000000000000000e+03 2.788098480000000000e+08 5.404096583333333547e+04 6.148726851851851749e-02 1.300000000000000000e+01 1.300000000000000044e-01 3.605551275463989014e-02 2.055960399999999884e-12 1.000000000000000000e+02
8.600000000000000000e+03 2.788099480000000000e+08 5.404096699074073695e+04 6.221064814814814686e-02 7.000000000000000000e+00 7.000000000000000666e-02 2.645751311064590758e-02 1.107055600000000015e-12 1.000000000000000000e+02
8.700000000000000000e+03 2.788100480000000000e+08 5.404096814814814570e+04 6.293402777777777624e-02 1.900000000000000000e+01 1.900000000000000022e-01 4.358898943540674004e-02 3.004865199999999954e-12 1.000000000000000000e+02
8.800000000000000000e+03 2.788101480000000000e+08 5.404096930555555446e+04 6.365740740740741255e-02 2.200000000000000000e+01 2.200000000000000011e-01 4.690415759823429731e-02 3.479317599999999989e-12 1.000000000000000000e+02
8.900000000000000000e+03 2.788102480000000000e+08 5.404097046296296321e+04 6.438078703703703498e-02 2.000000000000000000e+01 2.000000000000000111e-01 4.472135954999579416e-02 3.163016000000000100e-12 1.000000000000000000e+02
9.000000000000000000e+03 2.788103480000000000e+08 5.404097162037037197e+04 6.510416666666667129e-02 1.500000000000000000e+01 1.499999999999999944e-01 3.872983346207416883e-02 2.372261999999999772e-12 1.000000000000000000e+02
9.100000000000000000e+03 2.788104480000000000e+08 5.404097277777778072e+04 6.582754629629629373e-02 1.200000000000000000e+01 1.199999999999999956e-01 3.464101615137754608e-02 1.897809600000000141e-12 1.000000000000000000e+02
9.200000000000000000e+03 2.788105480000000000e+08 5.404097393518518220e+04 6.655092592592593004e-02 2.000000000000000000e+01 2.000000000000000111e-01 4.472135954999579416e-02 3.163016000000000100e-12 1.000000000000000000e+02
9.300000000000000000e+03 2.788106480000000000e+08 5.404097509259259095e+04 6.727430555555555247e-02 9.000000000000000000e+00 8.999999999999999667e-02 2.999999999999999889e-02 1.423357199999999904e-12 1.000000000000000000e+02
9.400000000000000000e+03 2.788107480000000000e+08 5.404097624999999971e+04 6.799768518518518878e-02 1.900000000000000000e+01 1.900000000000000022e-01 4.358898943540674004e-02 3.004865199999999954e-12 1.000000000000000000e+02
9.500000000000000000e+03 2.788108480000000000e+08 5.404097740740740846e+04 6.872106481481481122e-02 1.900000000000000000e+01 1.900000000000000022e-01 4.358898943540674004e-02 3.004865199999999954e-12 1.000000000000000000e+02
9.600000000000000000e+03 2.788109480000000000e+08 5.404097856481481722e+04 6.944444444444444753e-02 1.500000000000000000e+01 1.499999999999999944e-01 3.872983346207416883e-02 2.372261999999999772e-12 1.000000000000000000e+02
9.700000000000000000e+03 2.788110480000000000e+08 5.404097972222222597e+04 7.016782407407406996e-02 1.900000000000000000e+01 1.900000000000000022e-01 4.358898943540674004e-02 3.004865199999999954e-12 1.000000000000000000e+02
9.800000000000000000e+03 2.788111480000000000e+08 5.404098087962962745e+04 7.089120370370370627e-02 1.700000000000000000e+01 1.700000000000000122e-01 4.123105625617660280e-02 2.688563600000000065e-12 1.000000000000000000e+02
9.900000000000000000e+03 2.788112480000000000e+08 5.404098203703703621e+04 7.161458333333332871e-02 2.900000000000000000e+01 2.899999999999999800e-01 5.385164807134503601e-02 4.586373199999999802e-12 1.000000000000000000e+02
1.000000000000000000e+04 2.788113480000000000e+08 5.404098319444444496e+04 7.233796296296296502e-02 1.400000000000000000e+01 1.400000000000000133e-01 3.741657386773941663e-02 2.214111200000000030e-12 1.000000000000000000e+02
1.010000000000000000e+04 2.788114480000000000e+08 5.404098435185185372e+04 7.306134259259258745e-02 1.500000000000000000e+01 1.499999999999999944e-01 3.872983346207416883e-02 2.372261999999999772e-12 1.000000000000000000e+02
1.020000000000000000e+04 2.788115480000000000e+08 5.404098550925926247e+04 7.378472222222222376e-02 1.500000000000000000e+01 1.499999999999999944e-01 3.872983346207416883e-02 2.372261999999999772e-12 1.000000000000000000e+02
1.030000000000000000e+04 2.788116480000000000e+08 5.404098666666666395e+04 7.450810185185184620e-02 2.100000000000000000e+01 2.099999999999999922e-01 4.582575694955839940e-02 3.321166799999999843e-12 1.000000000000000000e+02
1.040000000000000000e+04 2.788117480000000000e+08 5.404098782407407271e+04 7.523148148148148251e-02 1.900000000000000000e+01 1.900000000000000022e-01 4.358898943540674004e-02 3.004865199999999954e-12 1.000000000000000000e+02
1.050000000000000000e+04 2.788118480000000000e+08 5.404098898148148146e+04 7.595486111111110494e-02 1.400000000000000000e+01 1.400000000000000133e-01 3.741657386773941663e-02 2.214111200000000030e-12 1.000000000000000000e+02
1.060000000000000000e+04 2.788119480000000000e+08 5.404099013888889021e+04 7.667824074074074125e-02 1.400000000000000000e+01 1.400000000000000133e-01 3.741657386773941663e-02 2.214111200000000030e-12 1.000000000000000000e+02
1.070000000000000000e+04 2.788120480000000000e+08 5.404099129629629897e+04 7.740162037037036369e-02 1.300000000000000000e+01 1.300000000000000044e-01 3.605551275463989014e-02 2.055960399999999884e-12 1.000000000000000000e+02
1.080000000000000000e+04 2.788121480000000000e+08 5.404099245370370045e+04 7.812500000000000000e-02 1.600000000000000000e+01 1.600000000000000033e-01 4.000000000000000083e-02 2.530412799999999919e-12 1.000000000000000000e+02
1.090000000000000000e+04 2.788122480000000000e+08 5.404099361111110920e+04 7.884837962962963631e-02 2.100000000000000000e+01 2.099999999999999922e-01 4.582575694955839940e-02 3.321166799999999843e-12 1.000000000000000000e+02
1.100000000000000000e+04 2.788123480000000000e+08 5.404099476851851796e+04 7.957175925925925875e-02 2.700000000000000000e+01 2.700000000000000178e-01 5.196152422706631913e-02 4.270071600000000317e-12 1.000000000000000000e+02
1.110000000000000000e+04 2.788124480000000000e+08 5.404099592592592671e+04 8.029513888888889506e-02 2.500000000000000000e+01 2.500000000000000000e-01 5.000000000000000278e-02 3.953770000000000025e-12 1.000000000000000000e+02
1.120000000000000000e+04 2.788125480000000000e+08 5.404099708333333547e+04 8.101851851851851749e-02 1.700000000000000000e+01 1.700000000000000122e-01 4.123105625617660280e-02 2.688563600000000065e-12 1.000000000000000000e+02
1.130000000000000000e+04 2.788126480000000000e+08 5.404099824074073695e+04 8.174189814814815380e-02 8.000000000000000000e+00 8.000000000000000167e-02 2.828427124746190138e-02 1.265206399999999959e-12 1.000000000000000000e+02
1.140000000000000000e+04 2.788127480000000000e+08 5.404099939814814570e+04 8.246527777777777624e-02 1.300000000000000000e+01 1.300000000000000044e-01 3.605551275463989014e-02 2.055960399999999884e-12 1.000000000000000000e+02
1.150000000000000000e+04 2.788128480000000000e+08 5.404100055555555446e+04 8.318865740740741255e-02 1.800000000000000000e+01 1.799999999999999933e-01 4.242640687119284687e-02 2.846714399999999808e-12 1.000000000000000000e+02
1.160000000000000000e+04 2.788129480000000000e+08 5.404100171296296321e+04 8.391203703703703498e-02 2.200000000000000000e+01 2.200000000000000011e-01 4.690415759823429731e-02 3.479317599999999989e-12 1.000000000000000000e+02
1.170000000000000000e+04 2.788130480000000000e+08 5.404100287037037197e+04 8.463541666666667129e-02 1.200000000000000000e+01 1.199999999999999956e-01 3.464101615137754608e-02 1.897809600000000141e-12 1.000000000000000000e+02
1.180000000000000000e+04 2.788131480000000000e+08 5.404100402777778072e+04 8.535879629629629373e-02 1.900000000000000000e+01 1.900000000000000022e-01 4.358898943540674004e-02 3.004865199999999954e-12 1.000000000000000000e+02
1.190000000000000000e+04 2.788132480000000000e+08 5.404100518518518220e+04 8.608217592592593004e-02 2.100000000000000000e+01 2.099999999999999922e-01 4.582575694955839940e-02 3.321166799999999843e-12 1.000000000000000000e+02
1.200000000000000000e+04 2.788133480000000000e+08 5.404100634259259095e+04 8.680555555555555247e-02 1.300000000000000000e+01 1.300000000000000044e-01 3.605551275463989014e-02 2.055960399999999884e-12 1.000000000000000000e+02
1.210000000000000000e+04 2.788134480000000000e+08 5.404100749999999971e+04 8.752893518518518878e-02 2.300000000000000000e+01 2.300000000000000100e-01 4.795831523312719252e-02 3.637468400000000136e-12 1.000000000000000000e+02
1.220000000000000000e+04 2.788135480000000000e+08 5.404100865740740846e+04 8.825231481481481122e-02 1.000000000000000000e+01 1.000000000000000056e-01 3.162277660168379828e-02 1.581508000000000050e-12 1.000000000000000000e+02
1.230000000000000000e+04 2.788136480000000000e+08 5.404100981481481722e+04 8.897569444444444753e-02 1.100000000000000000e+01 1.100000000000000006e-01 3.316624790355399838e-02 1.739658799999999995e-12 1.000000000000000000e+02
1.240000000000000000e+04 2.788137480000000000e+08 5.404101097222222597e+04 8.969907407407406996e-02 1.400000000000000000e+01 1.400000000000000133e-01 3.741657386773941663e-02 2.214111200000000030e-12 1.000000000000000000e+02
1.250000000000000000e+04 2.788138480000000000e+08 5.404101212962962745e+04 9.042245370370370627e-02 1.500000000000000000e+01 1.499999999999999944e-01 3.872983346207416883e-02 2.372261999999999772e-12 1.000000000000000000e+02
1.260000000000000000e+04 2.788139480000000000e+08 5.404101328703703621e+04 9.114583333333332871e-02 1.300000000000000000e+01 1.300000000000000044e-01 3.605551275463989014e-02 2.055960399999999884e-12 1.000000000000000000e+02
1.270000000000000000e+04 2.788140480000000000e+08 5.404101444444444496e+04 9.186921296296296502e-02 1.600000000000000000e+01 1.600000000000000033e-01 4.000000000000000083e-02 2.530412799999999919e-12 1.000000000000000000e+02
1.280000000000000000e+04 2.788141480000000000e+08 5.404101560185185372e+04 9.259259259259258745e-02 1.900000000000000000e+01 1.900000000000000022e-01 4.358898943540674004e-02 3.004865199999999954e-12 1.000000000000000000e+02
1.290000000000000000e+04 2.788142480000000000e+08 5.404101675925926247e+04 9.331597222222222376e-02 1.700000000000000000e+01 1.700000000000000122e-01 4.123105625617660280e-02 2.688563600000000065e-12 1.000000000000000000e+02
1.300000000000000000e+04 2.788143480000000000e+08 5.404101791666666395e+04 9.403935185185184620e-02 1.900000000000000000e+01 1.900000000000000022e-01 4.358898943540674004e-02 3.004865199999999954e-12 1.000000000000000000e+02
1.310000000000000000e+04 2.788144480000000000e+08 5.404101907407407271e+04 9.476273148148148251e-02 1.700000000000000000e+01 1.700000000000000122e-01 4.123105625617660280e-02 2.688563600000000065e-12 1.000000000000000000e+02
1.320000000000000000e+04 2.788145480000000000e+08 5.404102023148148146e+04 9.548611111111110494e-02 2.100000000000000000e+01 2.099999999999999922e-01 4.582575694955839940e-02 3.321166799999999843e-12 1.000000000000000000e+02
1.330000000000000000e+04 2.788146480000000000e+08 5.404102138888889021e+04 9.620949074074074125e-02 2.200000000000000000e+01 2.200000000000000011e-01 4.690415759823429731e-02 3.479317599999999989e-12 1.000000000000000000e+02
1.340000000000000000e+04 2.788147480000000000e+08 5.404102254629629897e+04 9.693287037037036369e-02 1.800000000000000000e+01 1.799999999999999933e-01 4.242640687119284687e-02 2.846714399999999808e-12 1.000000000000000000e+02
1.350000000000000000e+04 2.788148480000000000e+08 5.404102370370370045e+04 9.765625000000000000e-02 2.500000000000000000e+01 2.500000000000000000e-01 5.000000000000000278e-02 3.953770000000000025e-12 1.000000000000000000e+02
1.360000000000000000e+04 2.788149480000000000e+08 5.404102486111110920e+04 9.837962962962963631e-02 1.400000000000000000e+01 1.400000000000000133e-01 3.741657386773941663e-02 2.214111200000000030e-12 1.000000000000000000e+02
1.370000000000000000e+04 2.788150480000000000e+08 5.404102601851851796e+04 9.910300925925925875e-02 1.800000000000000000e+01 1.799999999999999933e-01 4.242640687119284687e-02 2.846714399999999808e-12 1.000000000000000000e+02
1.380000000000000000e+04 2.788151480000000000e+08 5.404102717592592671e+04 9.982638888888889506e-02 1.800000000000000000e+01 1.799999999999999933e-01 4.242640687119284687e-02 2.846714399999999808e-12 1.000000000000000000e+02
1.390000000000000000e+04 2.788152480000000000e+08 5.404102833333333547e+04 1.005497685185185175e-01 1.000000000000000000e+01 1.000000000000000056e-01 3.162277660168379828e-02 1.581508000000000050e-12 1.000000000000000000e+02
1.400000000000000000e+04 2.788153480000000000e+08 5.404102949074073695e+04 1.012731481481481538e-01 1.800000000000000000e+01 1.799999999999999933e-01 4.242640687119284687e-02 2.846714399999999808e-12 1.000000000000000000e+02
1.410000000000000000e+04 2.788154480000000000e+08 5.404103064814814570e+04 1.019965277777777762e-01 1.100000000000000000e+01 1.100000000000000006e-01 3.316624790355399838e-02 1.739658799999999995e-12 1.000000000000000000e+02
1.420000000000000000e+04 2.788155480000000000e+08 5.404103180555555446e+04 1.027199074074074125e-01 2.200000000000000000e+01 2.200000000000000011e-01 4.690415759823429731e-02 3.479317599999999989e-12 1.000000000000000000e+02
1.430000000000000000e+04 2.788156480000000000e+08 5.404103296296296321e+04 1.034432870370370350e-01 1.200000000000000000e+01 1.199999999999999956e-01 3.464101615137754608e-02 1.897809600000000141e-12 1.000000000000000000e+02
1.440000000000000000e+04 2.788157480000000000e+08 5.404103412037037197e+04 1.041666666666666713e-01 1.500000000000000000e+01 1.499999999999999944e-01 3.872983346207416883e-02 2.372261999999999772e-12 1.000000000000000000e+02
1.450000000000000000e+04 2.788158480000000000e+08 5.404103527777778072e+04 1.048900462962962937e-01 1.900000000000000000e+01 1.900000000000000022e-01 4.358898943540674004e-02 3.004865199999999954e-12 1.000000000000000000e+02
1.460000000000000000e+04 2.788159480000000000e+08 5.404103643518518220e+04 1.056134259259259300e-01 1.200000000000000000e+01 1.199999999999999956e-01 3.464101615137754608e-02 1.897809600000000141e-12 1.000000000000000000e+02
1.470000000000000000e+04 2.788160480000000000e+08 5.404103759259259095e+04 1.063368055555555525e-01 1.800000000000000000e+01 1.799999999999999933e-01 4.242640687119284687e-02 2.846714399999999808e-12 1.000000000000000000e+02
1.480000000000000000e+04 2.788161480000000000e+08 5.404103874999999971e+04 1.070601851851851888e-01 1.400000000000000000e+01 1.400000000000000133e-01 3.741657386773941663e-02 2.214111200000000030e-12 1.000000000000000000e+02
1.490000000000000000e+04 2.788162480000000000e+08 5.404103990740740846e+04 1.077835648148148112e-01 1.700000000000000000e+01 1.700000000000000122e-01 4.123105625617660280e-02 2.688563600000000065e-12 1.000000000000000000e+02
1.500000000000000000e+04 2.788163480000000000e+08 5.404104106481481722e+04 1.085069444444444475e-01 7.000000000000000000e+00 7.000000000000000666e-02 2.645751311064590758e-02 1.107055600000000015e-12 1.000000000000000000e+02
1.510000000000000000e+04 2.788164480000000000e+08 5.404104222222222597e+04 1.092303240740740700e-01 1.800000000000000000e+01 1.799999999999999933e-01 4.242640687119284687e-02 2.846714399999999808e-12 1.000000000000000000e+02
1.520000000000000000e+04 2.788165480000000000e+08 5.404104337962962745e+04 1.099537037037037063e-01 2.000000000000000000e+01 2.000000000000000111e-01 4.472135954999579416e-02 3.163016000000000100e-12 1.000000000000000000e+02
1.530000000000000000e+04 2.788166480000000000e+08 5.404104453703703621e+04 1.106770833333333287e-01 2.100000000000000000e+01 2.099999999999999922e-01 4.582575694955839940e-02 3.321166799999999843e-12 1.000000000000000000e+02
1.540000000000000000e+04 2.788167480000000000e+08 5.404104569444444496e+04 1.114004629629629650e-01 1.300000000000000000e+01 1.300000000000000044e-01 3.605551275463989014e-02 2.055960399999999884e-12 1.000000000000000000e+02
1.550000000000000000e+04 2.788168480000000000e+08 5.404104685185185372e+04 1.121238425925925875e-01 1.300000000000000000e+01 1.300000000000000044e-01 3.605551275463989014e-02 2.055960399999999884e-12 1.000000000000000000e+02
1.560000000000000000e+04 2.788169480000000000e+08 5.404104800925926247e+04 1.128472222222222238e-01 1.300000000000000000e+01 1.300000000000000044e-01 3.605551275463989014e-02 2.055960399999999884e-12 1.000000000000000000e+02
1.570000000000000000e+04 2.788170480000000000e+08 5.404104916666666395e+04 1.135706018518518462e-01 1.200000000000000000e+01 1.199999999999999956e-01 3.464101615137754608e-02 1.897809600000000141e-12 1.000000000000000000e+02
1.580000000000000000e+04 2.788171480000000000e+08 5.404105032407407271e+04 1.142939814814814825e-01 1.400000000000000000e+01 1.400000000000000133e-01 3.741657386773941663e-02 2.214111200000000030e-12 1.000000000000000000e+02
1.590000000000000000e+04 2.788172480000000000e+08 5.404105148148148146e+04 1.150173611111111049e-01 8.000000000000000000e+00 8.000000000000000167e-02 2.828427124746190138e-02 1.265206399999999959e-12 1.000000000000000000e+02
1.600000000000000000e+04 2.788173480000000000e+08 5.404105263888889021e+04 1.157407407407407413e-01 2.000000000000000000e+01 2.000000000000000111e-01 4.472135954999579416e-02 3.163016000000000100e-12 1.000000000000000000e+02
1.610000000000000000e+04 2.788174480000000000e+08 5.404105379629629897e+04 1.164641203703703637e-01 1.300000000000000000e+01 1.300000000000000044e-01 3.605551275463989014e-02 2.055960399999999884e-12 1.000000000000000000e+02
1.620000000000000000e+04 2.788175480000000000e+08 5.404105495370370045e+04 1.171875000000000000e-01 3.200000000000000000e+01 3.200000000000000067e-01 5.656854249492380277e-02 5.060825599999999838e-12 1.000000000000000000e+02
1.630000000000000000e+04 2.788176480000000000e+08 5.404105611111110920e+04 1.179108796296296363e-01 1.000000000000000000e+01 1.000000000000000056e-01 3.162277660168379828e-02 1.581508000000000050e-12 1.000000000000000000e+02
1.640000000000000000e+04 2.788177480000000000e+08 5.404105726851851796e+04 1.186342592592592587e-01 1.900000000000000000e+01 1.900000000000000022e-01 4.358898943540674004e-02 3.004865199999999954e-12 1.000000000000000000e+02
1.650000000000000000e+04 2.788178480000000000e+08 5.404105842592592671e+04 1.193576388888888951e-01 1.700000000000000000e+01 1.700000000000000122e-01 4.123105625617660280e-02 2.688563600000000065e-12 1.000000000000000000e+02
1.660000000000000000e+04 2.788179480000000000e+08 5.404105958333333547e+04 1.200810185185185175e-01 1.100000000000000000e+01 1.100000000000000006e-01 3.316624790355399838e-02 1.739658799999999995e-12 1.000000000000000000e+02
1.670000000000000000e+04 2.788180480000000000e+08 5.404106074074073695e+04 1.208043981481481538e-01 1.500000000000000000e+01 1.499999999999999944e-01 3.872983346207416883e-02 2.372261999999999772e-12 1.000000000000000000e+02
1.680000000000000000e+04 2.788181480000000000e+08 5.404106189814814570e+04 1.215277777777777762e-01 1.300000000000000000e+01 1.300000000000000044e-01 3.605551275463989014e-02 2.055960399999999884e-12 1.000000000000000000e+02
1.690000000000000000e+04 2.788182480000000000e+08 5.404106305555555446e+04 1.222511574074074125e-01 1.400000000000000000e+01 1.400000000000000133e-01 3.741657386773941663e-02 2.214111200000000030e-12 1.000000000000000000e+02
1.700000000000000000e+04 2.788183480000000000e+08 5.404106421296296321e+04 1.229745370370370350e-01 1.700000000000000000e+01 1.700000000000000122e-01 4.123105625617660280e-02 2.688563600000000065e-12 1.000000000000000000e+02
1.710000000000000000e+04 2.788184480000000000e+08 5.404106537037037197e+04 1.236979166666666713e-01 1.600000000000000000e+01 1.600000000000000033e-01 4.000000000000000083e-02 2.530412799999999919e-12 1.000000000000000000e+02
1.720000000000000000e+04 2.788185480000000000e+08 5.404106652777778072e+04 1.244212962962962937e-01 1.100000000000000000e+01 1.100000000000000006e-01 3.316624790355399838e-02 1.739658799999999995e-12 1.000000000000000000e+02
1.730000000000000000e+04 2.788186480000000000e+08 5.404106768518518220e+04 1.251446759259259300e-01 1.500000000000000000e+01 1.499999999999999944e-01 3.872983346207416883e-02 2.372261999999999772e-12 1.000000000000000000e+02
1.740000000000000000e+04 2.788187480000000000e+08 5.404106884259259095e+04 1.258680555555555525e-01 1.600000000000000000e+01 1.600000000000000033e-01 4.000000000000000083e-02 2.530412799999999919e-12 1.000000000000000000e+02
1.750000000000000000e+04 2.788188480000000000e+08 5.404106999999999971e+04 1.265914351851851749e-01 1.500000000000000000e+01 1.499999999999999944e-01 3.872983346207416883e-02 2.372261999999999772e-12 1.000000000000000000e+02
1.760000000000000000e+04 2.788189480000000000e+08 5.404107115740740846e+04 1.273148148148148251e-01 1.700000000000000000e+01 1.700000000000000122e-01 4.123105625617660280e-02 2.688563600000000065e-12 1.000000000000000000e+02
1.770000000000000000e+04 2.788190480000000000e+08 5.404107231481481722e+04 1.280381944444444475e-01 8.000000000000000000e+00 8.000000000000000167e-02 2.828427124746190138e-02 1.265206399999999959e-12 1.000000000000000000e+02
1.780000000000000000e+04 2.788191480000000000e+08 5.404107347222222597e+04 1.287615740740740700e-01 1.600000000000000000e+01 1.600000000000000033e-01 4.000000000000000083e-02 2.530412799999999919e-12 1.000000000000000000e+02
1.790000000000000000e+04 2.788192480000000000e+08 5.404107462962962745e+04 1.294849537037036924e-01 9.000000000000000000e+00 8.999999999999999667e-02 2.999999999999999889e-02 1.423357199999999904e-12 1.000000000000000000e+02
1.800000000000000000e+04 2.788193480000000000e+08 5.404107578703703621e+04 1.302083333333333426e-01 1.900000000000000000e+01 1.900000000000000022e-01 4.358898943540674004e-02 3.004865199999999954e-12 1.000000000000000000e+02
1.810000000000000000e+04 2.788194480000000000e+08 5.404107694444444496e+04 1.309317129629629650e-01 1.100000000000000000e+01 1.100000000000000006e-01 3.316624790355399838e-02 1.739658799999999995e-12 1.000000000000000000e+02
1.820000000000000000e+04 2.788195480000000000e+08 5.404107810185185372e+04 1.316550925925925875e-01 2.100000000000000000e+01 2.099999999999999922e-01 4.582575694955839940e-02 3.321166799999999843e-12 1.000000000000000000e+02
1.830000000000000000e+04 2.788196480000000000e+08 5.404107925925926247e+04 1.323784722222222099e-01 1.400000000000000000e+01 1.400000000000000133e-01 3.741657386773941663e-02 2.214111200000000030e-12 1.000000000000000000e+02
1.840000000000000000e+04 2.788197480000000000e+08 5.404108041666666395e+04 1.331018518518518601e-01 2.500000000000000000e+01 2.500000000000000000e-01 5.000000000000000278e-02 3.953770000000000025e-12 1.000000000000000000e+02
1.850000000000000000e+04 2.788198480000000000e+08 5.404108157407407271e+04 1.338252314814814825e-01 1.700000000000000000e+01 1.700000000000000122e-01 4.123105625617660280e-02 2.688563600000000065e-12 1.000000000000000000e+02
1.860000000000000000e+04 2.788199480000000000e+08 5.404108273148148146e+04 1.345486111111111049e-01 1.500000000000000000e+01 1.499999999999999944e-01 3.872983346207416883e-02 2.372261999999999772e-12 1.000000000000000000e+02
1.870000000000000000e+04 2.788200480000000000e+08 5.404108388888889021e+04 1.352719907407407274e-01 2.500000000000000000e+01 2.500000000000000000e-01 5.000000000000000278e-02 3.953770000000000025e-12 1.000000000000000000e+02
1.880000000000000000e+04 2.788201480000000000e+08 5.404108504629629897e+04 1.359953703703703776e-01 1.800000000000000000e+01 1.799999999999999933e-01 4.242640687119284687e-02 2.846714399999999808e-12 1.000000000000000000e+02
1.890000000000000000e+04 2.788202480000000000e+08 5.404108620370370045e+04 1.367187500000000000e-01 2.000000000000000000e+01 2.000000000000000111e-01 4.472135954999579416e-02 3.163016000000000100e-12 1.000000000000000000e+02
1.900000000000000000e+04 2.788203480000000000e+08 5.404108736111110920e+04 1.374421296296296224e-01 1.600000000000000000e+01 1.600000000000000033e-01 4.000000000000000083e-02 2.530412799999999919e-12 1.000000000000000000e+02
1.910000000000000000e+04 2.788204480000000000e+08 5.404108851851851796e+04 1.381655092592592726e-01 2.100000000000000000e+01 2.099999999999999922e-01 4.582575694955839940e-02 3.321166799999999843e-12 1.000000000000000000e+02
1.920000000000000000e+04 2.788205480000000000e+08 5.404108967592592671e+04 1.388888888888888951e-01 1.400000000000000000e+01 1.400000000000000133e-01 3.741657386773941663e-02 2.214111200000000030e-12 1.000000000000000000e+02
1.930000000000000000e+04 2.788206480000000000e+08 5.404109083333333547e+04 1.396122685185185175e-01 1.200000000000000000e+01 1.199999999999999956e-01 3.464101615137754608e-02 1.897809600000000141e-12 1.000000000000000000e+02
1.940000000000000000e+04 2.788207480000000000e+08 5.404109199074073695e+04 1.403356481481481399e-01 1.700000000000000000e+01 1.700000000000000122e-01 4.123105625617660280e-02 2.688563600000000065e-12 1.000000000000000000e+02
1.950000000000000000e+04 2.788208480000000000e+08 5.404109314814814570e+04 1.410590277777777901e-01 1.400000000000000000e+01 1.400000000000000133e-01 3.741657386773941663e-02 2.214111200000000030e-12 1.000000000000000000e+02
1.960000000000000000e+04 2.788209480000000000e+08 5.404109430555555446e+04 1.417824074074074125e-01 2.100000000000000000e+01 2.099999999999999922e-01 4.582575694955839940e-02 3.321166799999999843e-12 1.000000000000000000e+02
1.970000000000000000e+04 2.788210480000000000e+08 5.404109546296296321e+04 1.425057870370370350e-01 1.200000000000000000e+01 1.199999999999999956e-01 3.464101615137754608e-02 1.897809600000000141e-12 1.000000000000000000e+02
1.980000000000000000e+04 2.788211480000000000e+08 5.404109662037037197e+04 1.432291666666666574e-01 2.000000000000000000e+01 2.000000000000000111e-01 4.472135954999579416e-02 3.163016000000000100e-12 1.000000000000000000e+02
1.990000000000000000e+04 2.788212480000000000e+08 5.404109777777778072e+04 1.439525462962963076e-01 2.000000000000000000e+01 2.000000000000000111e-01 4.472135954999579416e-02 3.163016000000000100e-12 1.000000000000000000e+02
2.000000000000000000e+04 2.788213480000000000e+08 5.404109893518518220e+04 1.446759259259259300e-01 1.700000000000000000e+01 1.700000000000000122e-01 4.123105625617660280e-02 2.688563600000000065e-12 1.000000000000000000e+02
2.010000000000000000e+04 2.788214480000000000e+08 5.404110009259259095e+04 1.453993055555555525e-01 1.200000000000000000e+01 1.199999999999999956e-01 3.464101615137754608e-02 1.897809600000000141e-12 1.000000000000000000e+02
2.020000000000000000e+04 2.788215480000000000e+08 5.404110124999999971e+04 1.461226851851851749e-01 1.300000000000000000e+01 1.300000000000000044e-01 3.605551275463989014e-02 2.055960399999999884e-12 1.000000000000000000e+02
2.030000000000000000e+04 2.788216480000000000e+08 5.404110240740740846e+04 1.468460648148148251e-01 2.200000000000000000e+01 2.200000000000000011e-01 4.690415759823429731e-02 3.479317599999999989e-12 1.000000000000000000e+02
2.040000000000000000e+04 2.788217480000000000e+08 5.404110356481481722e+04 1.475694444444444475e-01 1.400000000000000000e+01 1.400000000000000133e-01 3.741657386773941663e-02 2.214111200000000030e-12 1.000000000000000000e+02
2.050000000000000000e+04 2.788218480000000000e+08 5.404110472222222597e+04 1.482928240740740700e-01 1.500000000000000000e+01 1.499999999999999944e-01 3.872983346207416883e-02 2.372261999999999772e-12 1.000000000000000000e+02
2.060000000000000000e+04 2.788219480000000000e+08 5.404110587962962745e+04 1.490162037037036924e-01 1.700000000000000000e+01 1.700000000000000122e-01 4.123105625617660280e-02 2.688563600000000065e-12 1.000000000000000000e+02
2.070000000000000000e+04 2.788220480000000000e+08 5.404110703703703621e+04 1.497395833333333426e-01 1.600000000000000000e+01 1.600000000000000033e-01 4.000000000000000083e-02 2.530412799999999919e-12 1.000000000000000000e+02
2.080000000000000000e+04 2.788221480000000000e+08 5.404110819444444496e+04 1.504629629629629650e-01 1.200000000000000000e+01 1.199999999999999956e-01 3.464101615137754608e-02 1.897809600000000141e-12 1.000000000000000000e+02
2.090000000000000000e+04 2.788222480000000000e+08 5.404110935185185372e+04 1.511863425925925875e-01 1.100000000000000000e+01 1.100000000000000006e-01 3.316624790355399838e-02 1.739658799999999995e-12 1.000000000000000000e+02
2.100000000000000000e+04 2.788223480000000000e+08 5.404111050925926247e+04 1.519097222222222099e-01 2.300000000000000000e+01 2.300000000000000100e-01 4.795831523312719252e-02 3.637468400000000136e-12 1.000000000000000000e+02
2.110000000000000000e+04 2.788224480000000000e+08 5.404111166666666395e+04 1.526331018518518601e-01 2.100000000000000000e+01 2.099999999999999922e-01 4.582575694955839940e-02 3.321166799999999843e-12 1.000000000000000000e+02
2.120000000000000000e+04 2.788225480000000000e+08 5.404111282407407271e+04 1.533564814814814825e-01 1.500000000000000000e+01 1.499999999999999944e-01 3.872983346207416883e-02 2.372261999999999772e-12 1.000000000000000000e+02
2.130000000000000000e+04 2.788226480000000000e+08 5.404111398148148146e+04 1.540798611111111049e-01 1.300000000000000000e+01 1.300000000000000044e-01 3.605551275463989014e-02 2.055960399999999884e-12 1.000000000000000000e+02
2.140000000000000000e+04 2.788227480000000000e+08 5.404111513888889021e+04 1.548032407407407274e-01 1.600000000000000000e+01 1.600000000000000033e-01 4.000000000000000083e-02 2.530412799999999919e-12 1.000000000000000000e+02
2.150000000000000000e+04 2.788228480000000000e+08 5.404111629629629897e+04 1.555266203703703776e-01 2.000000000000000000e+01 2.000000000000000111e-01 4.472135954999579416e-02 3.163016000000000100e-12 1.000000000000000000e+02
2.160000000000000000e+04 2.788229480000000000e+08 5.404111745370370045e+04 1.562500000000000000e-01 1.400000000000000000e+01 1.400000000000000133e-01 3.741657386773941663e-02 2.214111200000000030e-12 1.000000000000000000e+02
2.170000000000000000e+04 2.788230480000000000e+08 5.404111861111110920e+04 1.569733796296296224e-01 1.300000000000000000e+01 1.300000000000000044e-01 3.605551275463989014e-02 2.055960399999999884e-12 1.000000000000000000e+02
2.180000000000000000e+04 2.788231480000000000e+08 5.404111976851851796e+04 1.576967592592592726e-01 1.600000000000000000e+01 1.600000000000000033e-01 4.000000000000000083e-02 2.530412799999999919e-12 1.000000000000000000e+02
2.190000000000000000e+04 2.788232480000000000e+08 5.404112092592592671e+04 1.584201388888888951e-01 2.000000000000000000e+01 2.000000000000000111e-01 4.472135954999579416e-02 3.163016000000000100e-12 1.000000000000000000e+02
2.200000000000000000e+04 2.788233480000000000e+08 5.404112208333333547e+04 1.591435185185185175e-01 1.600000000000000000e+01 1.600000000000000033e-01 4.000000000000000083e-02 2.530412799999999919e-12 1.000000000000000000e+02
2.210000000000000000e+04 2.788234480000000000e+08 5.404112324074073695e+04 1.598668981481481399e-01 1.700000000000000000e+01 1.700000000000000122e-01 4.123105625617660280e-02 2.688563600000000065e-12 1.000000000000000000e+02
2.220000000000000000e+04 2.788235480000000000e+08 5.404112439814814570e+04 1.605902777777777901e-01 1.400000000000000000e+01 1.400000000000000133e-01 3.741657386773941663e-02 2.214111200000000030e-12 1.000000000000000000e+02
2.230000000000000000e+04 2.788236480000000000e+08 5.404112555555555446e+04 1.613136574074074125e-01 2.100000000000000000e+01 2.099999999999999922e-01 4.582575694955839940e-02 3.321166799999999843e-12 1.000000000000000000e+02
2.240000000000000000e+04 2.788237480000000000e+08 5.404112671296296321e+04 1.620370370370370350e-01 1.700000000000000000e+01 1.700000000000000122e-01 4.123105625617660280e-02 2.688563600000000065e-12 1.000000000000000000e+02
2.250000000000000000e+04 2.788238480000000000e+08 5.404112787037037197e+04 1.627604166666666574e-01 1.600000000000000000e+01 1.600000000000000033e-01 4.000000000000000083e-02 2.530412799999999919e-12 1.000000000000000000e+02
2.260000000000000000e+04 2.788239480000000000e+08 5.404112902777778072e+04 1.634837962962963076e-01 1.400000000000000000e+01 1.400000000000000133e-01 3.741657386773941663e-02 2.214111200000000030e-12 1.000000000000000000e+02
2.270000000000000000e+04 2.788240480000000000e+08 5.404113018518518220e+04 1.642071759259259300e-01 1.000000000000000000e+01 1.000000000000000056e-01 3.162277660168379828e-02 1.581508000000000050e-12 1.000000000000000000e+02
2.280000000000000000e+04 2.788241480000000000e+08 5.404113134259259095e+04 1.649305555555555525e-01 1.500000000000000000e+01 1.499999999999999944e-01 3.872983346207416883e-02 2.372261999999999772e-12 1.000000000000000000e+02
2.290000000000000000e+04 2.788242480000000000e+08 5.404113249999999971e+04 1.656539351851851749e-01 2.100000000000000000e+01 2.099999999999999922e-01 4.582575694955839940e-02 3.321166799999999843e-12 1.000000000000000000e+02
2.300000000000000000e+04 2.788243480000000000e+08 5.404113365740740846e+04 1.663773148148148251e-01 1.500000000000000000e+01 1.499999999999999944e-01 3.872983346207416883e-02 2.372261999999999772e-12 1.000000000000000000e+02
2.310000000000000000e+04 2.788244480000000000e+08 5.404113481481481722e+04 1.671006944444444475e-01 1.300000000000000000e+01 1.300000000000000044e-01 3.605551275463989014e-02 2.055960399999999884e-12 1.000000000000000000e+02
2.320000000000000000e+04 2.788245480000000000e+08 5.404113597222222597e+04 1.678240740740740700e-01 1.900000000000000000e+01 1.900000000000000022e-01 4.358898943540674004e-02 3.004865199999999954e-12 1.000000000000000000e+02
2.330000000000000000e+04 2.788246480000000000e+08 5.404113712962962745e+04 1.685474537037036924e-01 1.500000000000000000e+01 1.499999999999999944e-01 3.872983346207416883e-02 2.372261999999999772e-12 1.000000000000000000e+02
2.340000000000000000e+04 2.788247480000000000e+08 5.404113828703703621e+04 1.692708333333333426e-01 2.500000000000000000e+01 2.500000000000000000e-01 5.000000000000000278e-02 3.953770000000000025e-12 1.000000000000000000e+02
2.350000000000000000e+04 2.788248480000000000e+08 5.404113944444444496e+04 1.699942129629629650e-01 1.100000000000000000e+01 1.100000000000000006e-01 3.316624790355399838e-02 1.739658799999999995e-12 1.000000000000000000e+02
2.360000000000000000e+04 2.788249480000000000e+08 5.404114060185185372e+04 1.707175925925925875e-01 1.800000000000000000e+01 1.799999999999999933e-01 4.242640687119284687e-02 2.846714399999999808e-12 1.000000000000000000e+02
2.370000000000000000e+04 2.788250480000000000e+08 5.404114175925926247e+04 1.714409722222222099e-01 1.200000000000000000e+01 1.199999999999999956e-01 3.464101615137754608e-02 1.897809600000000141e-12 1.000000000000000000e+02
2.380000000000000000e+04 2.788251480000000000e+08 5.404114291666666395e+04 1.721643518518518601e-01 2.000000000000000000e+01 2.000000000000000111e-01 4.472135954999579416e-02 3.163016000000000100e-12 1.000000000000000000e+02
2.390000000000000000e+04 2.788252480000000000e+08 5.404114407407407271e+04 1.728877314814814825e-01 1.400000000000000000e+01 1.400000000000000133e-01 3.741657386773941663e-02 2.214111200000000030e-12 1.000000000000000000e+02
2.400000000000000000e+04 2.788253480000000000e+08 5.404114523148148146e+04 1.736111111111111049e-01 1.200000000000000000e+01 1.199999999999999956e-01 3.464101615137754608e-02 1.897809600000000141e-12 1.000000000000000000e+02
2.410000000000000000e+04 2.788254480000000000e+08 5.404114638888889021e+04 1.743344907407407274e-01 2.000000000000000000e+01 2.000000000000000111e-01 4.472135954999579416e-02 3.163016000000000100e-12 1.000000000000000000e+02
2.420000000000000000e+04 2.788255480000000000e+08 5.404114754629629897e+04 1.750578703703703776e-01 2.000000000000000000e+01 2.000000000000000111e-01 4.472135954999579416e-02 3.163016000000000100e-12 1.000000000000000000e+02
2.430000000000000000e+04 2.788256480000000000e+08 5.404114870370370045e+04 1.757812500000000000e-01 2.000000000000000000e+01 2.000000000000000111e-01 4.472135954999579416e-02 3.163016000000000100e-12 1.000000000000000000e+02
2.440000000000000000e+04 2.788257480000000000e+08 5.404114986111110920e+04 1.765046296296296224e-01 1.900000000000000000e+01 1.900000000000000022e-01 4.358898943540674004e-02 3.004865199999999954e-12 1.000000000000000000e+02
2.450000000000000000e+04 2.788258480000000000e+08 5.404115101851851796e+04 1.772280092592592726e-01 2.000000000000000000e+01 2.000000000000000111e-01 4.472135954999579416e-02 3.163016000000000100e-12 1.000000000000000000e+02
2.460000000000000000e+04 2.788259480000000000e+08 5.404115217592592671e+04 1.779513888888888951e-01 2.000000000000000000e+01 2.000000000000000111e-01 4.472135954999579416e-02 3.163016000000000100e-12 1.000000000000000000e+02
2.470000000000000000e+04 2.788260480000000000e+08 5.404115333333333547e+04 1.786747685185185175e-01 6.000000000000000000e+00 5.999999999999999778e-02 2.449489742783177854e-02 9.489048000000000705e-13 1.000000000000000000e+02
2.480000000000000000e+04 2.788261480000000000e+08 5.404115449074073695e+04 1.793981481481481399e-01 1.600000000000000000e+01 1.600000000000000033e-01 4.000000000000000083e-02 2.530412799999999919e-12 1.000000000000000000e+02
2.490000000000000000e+04 2.788262480000000000e+08 5.404115564814814570e+04 1.801215277777777901e-01 1.000000000000000000e+01 1.000000000000000056e-01 3.162277660168379828e-02 1.581508000000000050e-12 1.000000000000000000e+02
2.500000000000000000e+04 2.788263480000000000e+08 5.404115680555555446e+04 1.808449074074074125e-01 1.500000000000000000e+01 1.499999999999999944e-01 3.872983346207416883e-02 2.372261999999999772e-12 1.000000000000000000e+02
2.510000000000000000e+04 2.788264480000000000e+08 5.404115796296296321e+04 1.815682870370370350e-01 2.500000000000000000e+01 2.500000000000000000e-01 5.000000000000000278e-02 3.953770000000000025e-12 1.000000000000000000e+02
2.520000000000000000e+04 2.788265480000000000e+08 5.404115912037037197e+04 1.822916666666666574e-01 1.400000000000000000e+01 1.400000000000000133e-01 3.741657386773941663e-02 2.214111200000000030e-12 1.000000000000000000e+02
2.530000000000000000e+04 2.788266480000000000e+08 5.404116027777778072e+04 1.830150462962963076e-01 1.300000000000000000e+01 1.300000000000000044e-01 3.605551275463989014e-02 2.055960399999999884e-12 1.000000000000000000e+02
2.540000000000000000e+04 2.788267480000000000e+08 5.404116143518518220e+04 1.837384259259259300e-01 1.700000000000000000e+01 1.700000000000000122e-01 4.123105625617660280e-02 2.688563600000000065e-12 1.000000000000000000e+02
2.550000000000000000e+04 2.788268480000000000e+08 5.404116259259259095e+04 1.844618055555555525e-01 9.000000000000000000e+00 8.999999999999999667e-02 2.999999999999999889e-02 1.423357199999999904e-12 1.000000000000000000e+02
2.560000000000000000e+04 2.788269480000000000e+08 5.404116374999999971e+04 1.851851851851851749e-01 9.000000000000000000e+00 8.999999999999999667e-02 2.999999999999999889e-02 1.423357199999999904e-12 1.000000000000000000e+02
2.570000000000000000e+04 2.788270480000000000e+08 5.404116490740740846e+04 1.859085648148148251e-01 1.800000000000000000e+01 1.799999999999999933e-01 4.242640687119284687e-02 2.846714399999999808e-12 1.000000000000000000e+02
2.580000000000000000e+04 2.788271480000000000e+08 5.404116606481481722e+04 1.866319444444444475e-01 2.200000000000000000e+01 2.200000000000000011e-01 4.690415759823429731e-02 3.479317599999999989e-12 1.000000000000000000e+02
2.590000000000000000e+04 2.788272480000000000e+08 5.404116722222222597e+04 1.873553240740740700e-01 2.100000000000000000e+01 2.099999999999999922e-01 4.582575694955839940e-02 3.321166799999999843e-12 1.000000000000000000e+02
2.600000000000000000e+04 2.788273480000000000e+08 5.404116837962962745e+04 1.880787037037036924e-01 1.800000000000000000e+01 1.799999999999999933e-01 4.242640687119284687e-02 2.846714399999999808e-12 1.000000000000000000e+02
2.610000000000000000e+04 2.788274480000000000e+08 5.404116953703703621e+04 1.888020833333333426e-01 1.800000000000000000e+01 1.799999999999999933e-01 4.242640687119284687e-02 2.846714399999999808e-12 1.000000000000000000e+02
2.620000000000000000e+04 2.788275480000000000e+08 5.404117069444444496e+04 1.895254629629629650e-01 1.000000000000000000e+01 1.000000000000000056e-01 3.162277660168379828e-02 1.581508000000000050e-12 1.000000000000000000e+02
2.630000000000000000e+04 2.788276480000000000e+08 5.404117185185185372e+04 1.902488425925925875e-01 1.100000000000000000e+01 1.100000000000000006e-01 3.316624790355399838e-02 1.739658799999999995e-12 1.000000000000000000e+02
2.640000000000000000e+04 2.788277480000000000e+08 5.404117300925926247e+04 1.909722222222222099e-01 2.300000000000000000e+01 2.300000000000000100e-01 4.795831523312719252e-02 3.637468400000000136e-12 1.000000000000000000e+02
2.650000000000000000e+04 2.788278480000000000e+08 5.404117416666666395e+04 1.916956018518518601e-01 1.200000000000000000e+01 1.199999999999999956e-01 3.464101615137754608e-02 1.897809600000000141e-12 1.000000000000000000e+02
2.660000000000000000e+04 2.788279480000000000e+08 5.404117532407407271e+04 1.924189814814814825e-01 1.700000000000000000e+01 1.700000000000000122e-01 4.123105625617660280e-02 2.688563600000000065e-12 1.000000000000000000e+02
2.670000000000000000e+04 2.788280480000000000e+08 5.404117648148148146e+04 1.931423611111111049e-01 1.400000000000000000e+01 1.400000000000000133e-01 3.741657386773941663e-02 2.214111200000000030e-12 1.000000000000000000e+02
2.680000000000000000e+04 2.788281480000000000e+08 5.404117763888889021e+04 1.938657407407407274e-01 1.400000000000000000e+01 1.400000000000000133e-01 3.741657386773941663e-02 2.214111200000000030e-12 1.000000000000000000e+02
2.690000000000000000e+04 2.788282480000000000e+08 5.404117879629629897e+04 1.945891203703703776e-01 9.000000000000000000e+00 8.999999999999999667e-02 2.999999999999999889e-02 1.423357199999999904e-12 1.000000000000000000e+02
2.700000000000000000e+04 2.788283480000000000e+08 5.404117995370370045e+04 1.953125000000000000e-01 1.300000000000000000e+01 1.300000000000000044e-01 3.605551275463989014e-02 2.055960399999999884e-12 1.000000000000000000e+02
2.710000000000000000e+04 2.788284480000000000e+08 5.404118111111110920e+04 1.960358796296296224e-01 9.000000000000000000e+00 8.999999999999999667e-02 2.999999999999999889e-02 1.423357199999999904e-12 1.000000000000000000e+02
2.720000000000000000e+04 2.788285480000000000e+08 5.404118226851851796e+04 1.967592592592592726e-01 1.600000000000000000e+01 1.600000000000000033e-01 4.000000000000000083e-02 2.530412799999999919e-12 1.000000000000000000e+02
2.730000000000000000e+04 2.788286480000000000e+08 5.404118342592592671e+04 1.974826388888888951e-01 1.700000000000000000e+01 1.700000000000000122e-01 4.123105625617660280e-02 2.688563600000000065e-12 1.000000000000000000e+02
2.740000000000000000e+04 2.788287480000000000e+08 5.404118458333333547e+04 1.982060185185185175e-01 1.500000000000000000e+01 1.499999999999999944e-01 3.872983346207416883e-02 2.372261999999999772e-12 1.000000000000000000e+02
2.750000000000000000e+04 2.788288480000000000e+08 5.404118574074073695e+04 1.989293981481481399e-01 1.700000000000000000e+01 1.700000000000000122e-01 4.123105625617660280e-02 2.688563600000000065e-12 1.000000000000000000e+02
2.760000000000000000e+04 2.788289480000000000e+08 5.404118689814814570e+04 1.996527777777777901e-01 1.200000000000000000e+01 1.199999999999999956e-01 3.464101615137754608e-02 1.897809600000000141e-12 1.000000000000000000e+02
2.770000000000000000e+04 2.788290480000000000e+08 5.404118805555555446e+04 2.003761574074074125e-01 2.100000000000000000e+01 2.099999999999999922e-01 4.582575694955839940e-02 3.321166799999999843e-12 1.000000000000000000e+02
2.780000000000000000e+04 2.788291480000000000e+08 5.404118921296296321e+04 2.010995370370370350e-01 1.700000000000000000e+01 1.700000000000000122e-01 4.123105625617660280e-02 2.688563600000000065e-12 1.000000000000000000e+02
2.790000000000000000e+04 2.788292480000000000e+08 5.404119037037037197e+04 2.018229166666666574e-01 1.000000000000000000e+01 1.000000000000000056e-01 3.162277660168379828e-02 1.581508000000000050e-12 1.000000000000000000e+02
2.800000000000000000e+04 2.788293480000000000e+08 5.404119152777778072e+04 2.025462962962963076e-01 1.000000000000000000e+01 1.000000000000000056e-01 3.162277660168379828e-02 1.581508000000000050e-12 1.000000000000000000e+02
2.810000000000000000e+04 2.788294480000000000e+08 5.404119268518518220e+04 2.032696759259259300e-01 3.000000000000000000e+01 2.999999999999999889e-01 5.477225575051661299e-02 4.744523999999999545e-12 1.000000000000000000e+02
2.820000000000000000e+04 2.788295480000000000e+08 5.404119384259259095e+04 2.039930555555555525e-01 1.600000000000000000e+01 1.600000000000000033e-01 4.000000000000000083e-02 2.530412799999999919e-12 1.000000000000000000e+02
2.830000000000000000e+04 2.788296480000000000e+08 5.404119499999999971e+04 2.047164351851851749e-01 8.000000000000000000e+00 8.000000000000000167e-02 2.828427124746190138e-02 1.265206399999999959e-12 1.000000000000000000e+02
2.840000000000000000e+04 2.788297480000000000e+08 5.404119615740740846e+04 2.054398148148148251e-01 1.600000000000000000e+01 1.600000000000000033e-01 4.000000000000000083e-02 2.530412799999999919e-12 1.000000000000000000e+02
2.850000000000000000e+04 2.788298480000000000e+08 5.404119731481481722e+04 2.061631944444444475e-01 1.800000000000000000e+01 1.799999999999999933e-01 4.242640687119284687e-02 2.846714399999999808e-12 1.000000000000000000e+02
2.860000000000000000e+04 2.788299480000000000e+08 5.404119847222222597e+04 2.068865740740740700e-01 2.300000000000000000e+01 2.300000000000000100e-01 4.795831523312719252e-02 3.637468400000000136e-12 1.000000000000000000e+02
2.870000000000000000e+04 2.788300480000000000e+08 5.404119962962962745e+04 2.076099537037036924e-01 1.600000000000000000e+01 1.600000000000000033e-01 4.000000000000000083e-02 2.530412799999999919e-12 1.000000000000000000e+02
2.880000000000000000e+04 2.788301480000000000e+08 5.404120078703703621e+04 2.083333333333333426e-01 2.100000000000000000e+01 2.099999999999999922e-01 4.582575694955839940e-02 3.321166799999999843e-12 1.000000000000000000e+02
2.890000000000000000e+04 2.788302480000000000e+08 5.404120194444444496e+04 2.090567129629629650e-01 2.300000000000000000e+01 2.300000000000000100e-01 4.795831523312719252e-02 3.637468400000000136e-12 1.000000000000000000e+02
2.900000000000000000e+04 2.788303480000000000e+08 5.404120310185185372e+04 2.097800925925925875e-01 1.200000000000000000e+01 1.199999999999999956e-01 3.464101615137754608e-02 1.897809600000000141e-12 1.000000000000000000e+02
2.910000000000000000e+04 2.788304480000000000e+08 5.404120425925926247e+04 2.105034722222222099e-01 1.700000000000000000e+01 1.700000000000000122e-01 4.123105625617660280e-02 2.688563600000000065e-12 1.000000000000000000e+02
2.920000000000000000e+04 2.788305480000000000e+08 5.404120541666666395e+04 2.112268518518518601e-01 1.700000000000000000e+01 1.700000000000000122e-01 4.123105625617660280e-02 2.688563600000000065e-12 1.000000000000000000e+02
2.930000000000000000e+04 2.788306480000000000e+08 5.404120657407407271e+04 2.119502314814814825e-01 2.500000000000000000e+01 2.500000000000000000e-01 5.000000000000000278e-02 3.953770000000000025e-12 1.000000000000000000e+02
2.940000000000000000e+04 2.788307480000000000e+08 5.404120773148148146e+04 2.126736111111111049e-01 2.100000000000000000e+01 2.099999999999999922e-01 4.582575694955839940e-02 3.321166799999999843e-12 1.000000000000000000e+02
3.250000000000000000e+04 2.788338480000000000e+08 5.404124361111110920e+04 2.350983796296296224e-01 1.100000000000000000e+01 1.100000000000000006e-01 3.316624790355399838e-02 1.739658799999999995e-12 1.000000000000000000e+02
3.260000000000000000e+04 2.788339480000000000e+08 5.404124476851851796e+04 2.358217592592592726e-01 1.800000000000000000e+01 1.799999999999999933e-01 4.242640687119284687e-02 2.846714399999999808e-12 1.000000000000000000e+02
3.270000000000000000e+04 2.788340480000000000e+08 5.404124592592592671e+04 2.365451388888888951e-01 2.400000000000000000e+01 2.399999999999999911e-01 4.898979485566355707e-02 3.795619200000000282e-12 1.000000000000000000e+02
3.280000000000000000e+04 2.788341480000000000e+08 5.404124708333333547e+04 2.372685185185185175e-01 1.100000000000000000e+01 1.100000000000000006e-01 3.316624790355399838e-02 1.739658799999999995e-12 1.000000000000000000e+02
3.290000000000000000e+04 2.788342480000000000e+08 5.404124824074073695e+04 2.379918981481481399e-01 1.600000000000000000e+01 1.600000000000000033e-01 4.000000000000000083e-02 2.530412799999999919e-12 1.000000000000000000e+02
3.300000000000000000e+04 2.788343480000000000e+08 5.404124939814814570e+04 2.387152777777777901e-01 2.100000000000000000e+01 2.099999999999999922e-01 4.582575694955839940e-02 3.321166799999999843e-12 1.000000000000000000e+02
3.310000000000000000e+04 2.788344480000000000e+08 5.404125055555555446e+04 2.394386574074074125e-01 1.700000000000000000e+01 1.700000000000000122e-01 4.123105625617660280e-02 2.688563600000000065e-12 1.000000000000000000e+02
3.320000000000000000e+04 2.788345480000000000e+08 5.404125171296296321e+04 2.401620370370370350e-01 1.800000000000000000e+01 1.799999999999999933e-01 4.242640687119284687e-02 2.846714399999999808e-12 1.000000000000000000e+02
3.330000000000000000e+04 2.788346480000000000e+08 5.404125287037037197e+04 2.408854166666666574e-01 1.200000000000000000e+01 1.199999999999999956e-01 3.464101615137754608e-02 1.897809600000000141e-12 1.000000000000000000e+02
3.340000000000000000e+04 2.788347480000000000e+08 5.404125402777778072e+04 2.416087962962963076e-01 1.200000000000000000e+01 1.199999999999999956e-01 3.464101615137754608e-02 1.897809600000000141e-12 1.000000000000000000e+02
3.350000000000000000e+04 2.788348480000000000e+08 5.404125518518518220e+04 2.423321759259259300e-01 1.300000000000000000e+01 1.300000000000000044e-01 3.605551275463989014e-02 2.055960399999999884e-12 1.000000000000000000e+02
3.360000000000000000e+04 2.788349480000000000e+08 5.404125634259259095e+04 2.430555555555555525e-01 1.900000000000000000e+01 1.900000000000000022e-01 4.358898943540674004e-02 3.004865199999999954e-12 1.000000000000000000e+02
3.370000000000000000e+04 2.788350480000000000e+08 5.404125749999999971e+04 2.437789351851851749e-01 2.100000000000000000e+01 2.099999999999999922e-01 4.582575694955839940e-02 3.321166799999999843e-12 1.000000000000000000e+02
3.380000000000000000e+04 2.788351480000000000e+08 5.404125865740740846e+04 2.445023148148148251e-01 1.100000000000000000e+01 1.100000000000000006e-01 3.316624790355399838e-02 1.739658799999999995e-12 1.000000000000000000e+02
3.390000000000000000e+04 2.788352480000000000e+08 5.404125981481481722e+04 2.452256944444444475e-01 1.900000000000000000e+01 1.900000000000000022e-01 4.358898943540674004e-02 3.004865199999999954e-12 1.000000000000000000e+02
3.400000000000000000e+04 2.788353480000000000e+08 5.404126097222222597e+04 2.459490740740740700e-01 1.300000000000000000e+01 1.300000000000000044e-01 3.605551275463989014e-02 2.055960399999999884e-12 1.000000000000000000e+02
3.410000000000000000e+04 2.788354480000000000e+08 5.404126212962962745e+04 2.466724537037036924e-01 1.800000000000000000e+01 1.799999999999999933e-01 4.242640687119284687e-02 2.846714399999999808e-12 1.000000000000000000e+02
3.420000000000000000e+04 2.788355480000000000e+08 5.404126328703703621e+04 2.473958333333333426e-01 1.400000000000000000e+01 1.400000000000000133e-01 3.741657386773941663e-02 2.214111200000000030e-12 1.000000000000000000e+02
3.430000000000000000e+04 2.788356480000000000e+08 5.404126444444444496e+04 2.481192129629629650e-01 1.700000000000000000e+01 1.700000000000000122e-01 4.123105625617660280e-02 2.688563600000000065e-12 1.000000000000000000e+02
3.440000000000000000e+04 2.788357480000000000e+08 5.404126560185185372e+04 2.488425925925925875e-01 1.500000000000000000e+01 1.499999999999999944e-01 3.872983346207416883e-02 2.372261999999999772e-12 1.000000000000000000e+02
3.450000000000000000e+04 2.788358480000000000e+08 5.404126675925926247e+04 2.495659722222222099e-01 1.600000000000000000e+01 1.600000000000000033e-01 4.000000000000000083e-02 2.530412799999999919e-12 1.000000000000000000e+02
3.460000000000000000e+04 2.788359480000000000e+08 5.404126791666666395e+04 2.502893518518518601e-01 1.600000000000000000e+01 1.600000000000000033e-01 4.000000000000000083e-02 2.530412799999999919e-12 1.000000000000000000e+02
3.470000000000000000e+04 2.788360480000000000e+08 5.404126907407407271e+04 2.510127314814814548e-01 1.700000000000000000e+01 1.700000000000000122e-01 4.123105625617660280e-02 2.688563600000000065e-12 1.000000000000000000e+02
3.480000000000000000e+04 2.788361480000000000e+08 5.404127023148148146e+04 2.517361111111111049e-01 1.200000000000000000e+01 1.199999999999999956e-01 3.464101615137754608e-02 1.897809600000000141e-12 1.000000000000000000e+02
3.490000000000000000e+04 2.788362480000000000e+08 5.404127138888889021e+04 2.524594907407407551e-01 1.700000000000000000e+01 1.700000000000000122e-01 4.123105625617660280e-02 2.688563600000000065e-12 1.000000000000000000e+02
3.500000000000000000e+04 2.788363480000000000e+08 5.404127254629629897e+04 2.531828703703703498e-01 1.200000000000000000e+01 1.199999999999999956e-01 3.464101615137754608e-02 1.897809600000000141e-12 1.000000000000000000e+02
3.510000000000000000e+04 2.788364480000000000e+08 5.404127370370370045e+04 2.539062500000000000e-01 2.000000000000000000e+01 2.000000000000000111e-01 4.472135954999579416e-02 3.163016000000000100e-12 1.000000000000000000e+02
3.520000000000000000e+04 2.788365480000000000e+08 5.404127486111110920e+04 2.546296296296296502e-01 1.500000000000000000e+01 1.499999999999999944e-01 3.872983346207416883e-02 2.372261999999999772e-12 1.000000000000000000e+02
3.530000000000000000e+04 2.788366480000000000e+08 5.404127601851851796e+04 2.553530092592592449e-01 1.700000000000000000e+01 1.700000000000000122e-01 4.123105625617660280e-02 2.688563600000000065e-12 1.000000000000000000e+02
3.540000000000000000e+04 2.788367480000000000e+08 5.404127717592592671e+04 2.560763888888888951e-01 1.800000000000000000e+01 1.799999999999999933e-01 4.242640687119284687e-02 2.846714399999999808e-12 1.000000000000000000e+02
3.550000000000000000e+04 2.788368480000000000e+08 5.404127833333333547e+04 2.567997685185185452e-01 1.900000000000000000e+01 1.900000000000000022e-01 4.358898943540674004e-02 3.004865199999999954e-12 1.000000000000000000e+02
3.560000000000000000e+04 2.788369480000000000e+08 5.404127949074073695e+04 2.575231481481481399e-01 2.200000000000000000e+01 2.200000000000000011e-01 4.690415759823429731e-02 3.479317599999999989e-12 1.000000000000000000e+02
3.570000000000000000e+04 2.788370480000000000e+08 5.404128064814814570e+04 2.582465277777777901e-01 1.700000000000000000e+01 1.700000000000000122e-01 4.123105625617660280e-02 2.688563600000000065e-12 1.000000000000000000e+02
3.580000000000000000e+04 2.788371480000000000e+08 5.404128180555555446e+04 2.589699074074073848e-01 2.200000000000000000e+01 2.200000000000000011e-01 4.690415759823429731e-02 3.479317599999999989e-12 1.000000000000000000e+02
3.590000000000000000e+04 2.788372480000000000e+08 5.404128296296296321e+04 2.596932870370370350e-01 2.400000000000000000e+01 2.399999999999999911e-01 4.898979485566355707e-02 3.795619200000000282e-12 1.000000000000000000e+02
3.600000000000000000e+04 2.788373480000000000e+08 5.404128412037037197e+04 2.604166666666666852e-01 1.100000000000000000e+01 1.100000000000000006e-01 3.316624790355399838e-02 1.739658799999999995e-12 1.000000000000000000e+02
3.610000000000000000e+04 2.788374480000000000e+08 5.404128527777778072e+04 2.611400462962962798e-01 1.800000000000000000e+01 1.799999999999999933e-01 4.242640687119284687e-02 2.846714399999999808e-12 1.000000000000000000e+02
3.620000000000000000e+04 2.788375480000000000e+08 5.404128643518518220e+04 2.618634259259259300e-01 2.200000000000000000e+01 2.200000000000000011e-01 4.690415759823429731e-02 3.479317599999999989e-12 1.000000000000000000e+02
3.630000000000000000e+04 2.788376480000000000e+08 5.404128759259259095e+04 2.625868055555555802e-01 1.700000000000000000e+01 1.700000000000000122e-01 4.123105625617660280e-02 2.688563600000000065e-12 1.000000000000000000e+02
3.640000000000000000e+04 2.788377480000000000e+08 5.404128874999999971e+04 2.633101851851851749e-01 1.000000000000000000e+01 1.000000000000000056e-01 3.162277660168379828e-02 1.581508000000000050e-12 1.000000000000000000e+02
3.650000000000000000e+04 2.788378480000000000e+08 5.404128990740740846e+04 2.640335648148148251e-01 8.000000000000000000e+00 8.000000000000000167e-02 2.828427124746190138e-02 1.265206399999999959e-12 1.000000000000000000e+02
3.660000000000000000e+04 2.788379480000000000e+08 5.404129106481481722e+04 2.647569444444444198e-01 1.200000000000000000e+01 1.199999999999999956e-01 3.464101615137754608e-02 1.897809600000000141e-12 1.000000000000000000e+02
3.670000000000000000e+04 2.788380480000000000e+08 5.404129222222222597e+04 2.654803240740740700e-01 1.200000000000000000e+01 1.199999999999999956e-01 3.464101615137754608e-02 1.897809600000000141e-12 1.000000000000000000e+02
3.680000000000000000e+04 2.788381480000000000e+08 5.404129337962962745e+04 2.662037037037037202e-01 1.800000000000000000e+01 1.799999999999999933e-01 4.242640687119284687e-02 2.846714399999999808e-12 1.000000000000000000e+02
3.690000000000000000e+04 2.788382480000000000e+08 5.404129453703703621e+04 2.669270833333333148e-01 1.800000000000000000e+01 1.799999999999999933e-01 4.242640687119284687e-02 2.846714399999999808e-12 1.000000000000000000e+02
3.700000000000000000e+04 2.788383480000000000e+08 5.404129569444444496e+04 2.676504629629629650e-01 1.800000000000000000e+01 1.799999999999999933e-01 4.242640687119284687e-02 2.846714399999999808e-12 1.000000000000000000e+02
3.710000000000000000e+04 2.788384480000000000e+08 5.404129685185185372e+04 2.683738425925926152e-01 2.100000000000000000e+01 2.099999999999999922e-01 4.582575694955839940e-02 3.321166799999999843e-12 1.000000000000000000e+02
3.720000000000000000e+04 2.788385480000000000e+08 5.404129800925926247e+04 2.690972222222222099e-01 2.100000000000000000e+01 2.099999999999999922e-01 4.582575694955839940e-02 3.321166799999999843e-12 1.000000000000000000e+02
3.730000000000000000e+04 2.788386480000000000e+08 5.404129916666666395e+04 2.698206018518518601e-01 1.400000000000000000e+01 1.400000000000000133e-01 3.741657386773941663e-02 2.214111200000000030e-12 1.000000000000000000e+02
3.740000000000000000e+04 2.788387480000000000e+08 5.404130032407407271e+04 2.705439814814814548e-01 2.000000000000000000e+01 2.000000000000000111e-01 4.472135954999579416e-02 3.163016000000000100e-12 1.000000000000000000e+02
3.750000000000000000e+04 2.788388480000000000e+08 5.404130148148148146e+04 2.712673611111111049e-01 1.500000000000000000e+01 1.499999999999999944e-01 3.872983346207416883e-02 2.372261999999999772e-12 1.000000000000000000e+02
3.760000000000000000e+04 2.788389480000000000e+08 5.404130263888889021e+04 2.719907407407407551e-01 2.100000000000000000e+01 2.099999999999999922e-01 4.582575694955839940e-02 3.321166799999999843e-12 1.000000000000000000e+02
3.770000000000000000e+04 2.788390480000000000e+08 5.404130379629629897e+04 2.727141203703703498e-01 1.300000000000000000e+01 1.300000000000000044e-01 3.605551275463989014e-02 2.055960399999999884e-12 1.000000000000000000e+02
3.780000000000000000e+04 2.788391480000000000e+08 5.404130495370370045e+04 2.734375000000000000e-01 1.600000000000000000e+01 1.600000000000000033e-01 4.000000000000000083e-02 2.530412799999999919e-12 1.000000000000000000e+02
3.790000000000000000e+04 2.788392480000000000e+08 5.404130611111110920e+04 2.741608796296296502e-01 1.000000000000000000e+01 1.000000000000000056e-01 3.162277660168379828e-02 1.581508000000000050e-12 1.000000000000000000e+02
3.800000000000000000e+04 2.788393480000000000e+08 5.404130726851851796e+04 2.748842592592592449e-01 2.300000000000000000e+01 2.300000000000000100e-01 4.795831523312719252e-02 3.637468400000000136e-12 1.000000000000000000e+02
3.810000000000000000e+04 2.788394480000000000e+08 5.404130842592592671e+04 2.756076388888888951e-01 1.500000000000000000e+01 1.499999999999999944e-01 3.872983346207416883e-02 2.372261999999999772e-12 1.000000000000000000e+02
3.820000000000000000e+04 2.788395480000000000e+08 5.404130958333333547e+04 2.763310185185185452e-01 1.500000000000000000e+01 1.499999999999999944e-01 3.872983346207416883e-02 2.372261999999999772e-12 1.000000000000000000e+02
3.830000000000000000e+04 2.788396480000000000e+08 5.404131074074073695e+04 2.770543981481481399e-01 1.200000000000000000e+01 1.199999999999999956e-01 3.464101615137754608e-02 1.897809600000000141e-12 1.000000000000000000e+02
3.840000000000000000e+04 2.788397480000000000e+08 5.404131189814814570e+04 2.777777777777777901e-01 1.800000000000000000e+01 1.799999999999999933e-01 4.242640687119284687e-02 2.846714399999999808e-12 1.000000000000000000e+02
3.850000000000000000e+04 2.788398480000000000e+08 5.404131305555555446e+04 2.785011574074073848e-01 1.900000000000000000e+01 1.900000000000000022e-01 4.358898943540674004e-02 3.004865199999999954e-12 1.000000000000000000e+02
3.860000000000000000e+04 2.788399480000000000e+08 5.404131421296296321e+04 2.792245370370370350e-01 1.800000000000000000e+01 1.799999999999999933e-01 4.242640687119284687e-02 2.846714399999999808e-12 1.000000000000000000e+02
3.870000000000000000e+04 2.788400480000000000e+08 5.404131537037037197e+04 2.799479166666666852e-01 1.700000000000000000e+01 1.700000000000000122e-01 4.123105625617660280e-02 2.688563600000000065e-12 1.000000000000000000e+02
3.880000000000000000e+04 2.788401480000000000e+08 5.404131652777778072e+04 2.806712962962962798e-01 1.700000000000000000e+01 1.700000000000000122e-01 4.123105625617660280e-02 2.688563600000000065e-12 1.000000000000000000e+02
3.890000000000000000e+04 2.788402480000000000e+08 5.404131768518518220e+04 2.813946759259259300e-01 2.700000000000000000e+01 2.700000000000000178e-01 5.196152422706631913e-02 4.270071600000000317e-12 1.000000000000000000e+02
3.900000000000000000e+04 2.788403480000000000e+08 5.404131884259259095e+04 2.821180555555555802e-01 1.000000000000000000e+01 1.000000000000000056e-01 3.162277660168379828e-02 1.581508000000000050e-12 1.000000000000000000e+02
3.910000000000000000e+04 2.788404480000000000e+08 5.404131999999999971e+04 2.828414351851851749e-01 1.700000000000000000e+01 1.700000000000000122e-01 4.123105625617660280e-02 2.688563600000000065e-12 1.000000000000000000e+02
3.920000000000000000e+04 2.788405480000000000e+08 5.404132115740740846e+04 2.835648148148148251e-01 1.200000000000000000e+01 1.199999999999999956e-01 3.464101615137754608e-02 1.897809600000000141e-12 1.000000000000000000e+02
3.930000000000000000e+04 2.788406480000000000e+08 5.404132231481481722e+04 2.842881944444444198e-01 2.300000000000000000e+01 2.300000000000000100e-01 4.795831523312719252e-02 3.637468400000000136e-12 1.000000000000000000e+02
3.940000000000000000e+04 2.788407480000000000e+08 5.404132347222222597e+04 2.850115740740740700e-01 1.100000000000000000e+01 1.100000000000000006e-01 3.316624790355399838e-02 1.739658799999999995e-12 1.000000000000000000e+02
3.950000000000000000e+04 2.788408480000000000e+08 5.404132462962962745e+04 2.857349537037037202e-01 1.200000000000000000e+01 1.199999999999999956e-01 3.464101615137754608e-02 1.897809600000000141e-12 1.000000000000000000e+02
3.960000000000000000e+04 2.788409480000000000e+08 5.404132578703703621e+04 2.864583333333333148e-01 2.300000000000000000e+01 2.300000000000000100e-01 4.795831523312719252e-02 3.637468400000000136e-12 1.000000000000000000e+02
3.970000000000000000e+04 2.788410480000000000e+08 5.404132694444444496e+04 2.871817129629629650e-01 1.700000000000000000e+01 1.700000000000000122e-01 4.123105625617660280e-02 2.688563600000000065e-12 1.000000000000000000e+02
3.980000000000000000e+04 2.788411480000000000e+08 5.404132810185185372e+04 2.879050925925926152e-01 8.000000000000000000e+00 8.000000000000000167e-02 2.828427124746190138e-02 1.265206399999999959e-12 1.000000000000000000e+02
3.990000000000000000e+04 2.788412480000000000e+08 5.404132925925926247e+04 2.886284722222222099e-01 1.700000000000000000e+01 1.700000000000000122e-01 4.123105625617660280e-02 2.688563600000000065e-12 1.000000000000000000e+02
4.561920000000000000e+05 2.792575400000000000e+08 5.404614745370370656e+04 2.999999999999998224e-01 1.500000000000000000e+01 1.499999999999999944e-01 3.872983346207416883e-02 2.372261999999999772e-12 1.000000000000000000e+02
4.562920000000000000e+05 2.792576400000000000e+08 5.404614861111110804e+04 3.007233796296295836e-01 1.300000000000000000e+01 1.300000000000000044e-01 3.605551275463989014e-02 2.055960399999999884e-12 1.000000000000000000e+02
4.563920000000000000e+05 2.792577400000000000e+08 5.404614976851851679e+04 3.014467592592593448e-01 9.000000000000000000e+00 8.999999999999999667e-02 2.999999999999999889e-02 1.423357199999999904e-12 1.000000000000000000e+02
4.564920000000000000e+05 2.792578400000000000e+08 5.404615092592592555e+04 3.021701388888891060e-01 2.200000000000000000e+01 2.200000000000000011e-01 4.690415759823429731e-02 3.479317599999999989e-12 1.000000000000000000e+02
4.565920000000000000e+05 2.792579400000000000e+08 5.404615208333333430e+04 3.028935185185184231e-01 2.400000000000000000e+01 2.399999999999999911e-01 4.898979485566355707e-02 3.795619200000000282e-12 1.000000000000000000e+02
4.566920000000000000e+05 2.792580400000000000e+08 5.404615324074074306e+04 3.036168981481481843e-01 8.000000000000000000e+00 8.000000000000000167e-02 2.828427124746190138e-02 1.265206399999999959e-12 1.000000000000000000e+02
4.567920000000000000e+05 2.792581400000000000e+08 5.404615439814815181e+04 3.043402777777779455e-01 1.400000000000000000e+01 1.400000000000000133e-01 3.741657386773941663e-02 2.214111200000000030e-12 1.000000000000000000e+02
4.568920000000000000e+05 2.792582400000000000e+08 5.404615555555555329e+04 3.050636574074072627e-01 2.200000000000000000e+01 2.200000000000000011e-01 4.690415759823429731e-02 3.479317599999999989e-12 1.000000000000000000e+02
4.569920000000000000e+05 2.792583400000000000e+08 5.404615671296296205e+04 3.057870370370370239e-01 1.800000000000000000e+01 1.799999999999999933e-01 4.242640687119284687e-02 2.846714399999999808e-12 1.000000000000000000e+02
4.570920000000000000e+05 2.792584400000000000e+08 5.404615787037037080e+04 3.065104166666667851e-01 9.000000000000000000e+00 8.999999999999999667e-02 2.999999999999999889e-02 1.423357199999999904e-12 1.000000000000000000e+02
4.571920000000000000e+05 2.792585400000000000e+08 5.404615902777777956e+04 3.072337962962961022e-01 1.300000000000000000e+01 1.300000000000000044e-01 3.605551275463989014e-02 2.055960399999999884e-12 1.000000000000000000e+02
4.572920000000000000e+05 2.792586400000000000e+08 5.404616018518518831e+04 3.079571759259258634e-01 2.000000000000000000e+01 2.000000000000000111e-01 4.472135954999579416e-02 3.163016000000000100e-12 1.000000000000000000e+02
4.573920000000000000e+05 2.792587400000000000e+08 5.404616134259258979e+04 3.086805555555556246e-01 1.900000000000000000e+01 1.900000000000000022e-01 4.358898943540674004e-02 3.004865199999999954e-12 1.000000000000000000e+02
4.574920000000000000e+05 2.792588400000000000e+08 5.404616249999999854e+04 3.094039351851853858e-01 1.700000000000000000e+01 1.700000000000000122e-01 4.123105625617660280e-02 2.688563600000000065e-12 1.000000000000000000e+02
4.575920000000000000e+05 2.792589400000000000e+08 5.404616365740740730e+04 3.101273148148147030e-01 1.600000000000000000e+01 1.600000000000000033e-01 4.000000000000000083e-02 2.530412799999999919e-12 1.000000000000000000e+02
4.576920000000000000e+05 2.792590400000000000e+08 5.404616481481481605e+04 3.108506944444444642e-01 7.000000000000000000e+00 7.000000000000000666e-02 2.645751311064590758e-02 1.107055600000000015e-12 1.000000000000000000e+02
4.577920000000000000e+05 2.792591400000000000e+08 5.404616597222222481e+04 3.115740740740742254e-01 1.400000000000000000e+01 1.400000000000000133e-01 3.741657386773941663e-02 2.214111200000000030e-12 1.000000000000000000e+02
4.578920000000000000e+05 2.792592400000000000e+08 5.404616712962962629e+04 3.122974537037035425e-01 1.500000000000000000e+01 1.499999999999999944e-01 3.872983346207416883e-02 2.372261999999999772e-12 1.000000000000000000e+02
4.579920000000000000e+05 2.792593400000000000e+08 5.404616828703703504e+04 3.130208333333333037e-01 2.200000000000000000e+01 2.200000000000000011e-01 4.690415759823429731e-02 3.479317599999999989e-12 1.000000000000000000e+02
4.580920000000000000e+05 2.792594400000000000e+08 5.404616944444444380e+04 3.137442129629630649e-01 1.400000000000000000e+01 1.400000000000000133e-01 3.741657386773941663e-02 2.214111200000000030e-12 1.000000000000000000e+02
4.581920000000000000e+05 2.792595400000000000e+08 5.404617060185185255e+04 3.144675925925923821e-01 1.700000000000000000e+01 1.700000000000000122e-01 4.123105625617660280e-02 2.688563600000000065e-12 1.000000000000000000e+02
4.582920000000000000e+05 2.792596400000000000e+08 5.404617175925926131e+04 3.151909722222221433e-01 8.000000000000000000e+00 8.000000000000000167e-02 2.828427124746190138e-02 1.265206399999999959e-12 1.000000000000000000e+02
4.583920000000000000e+05 2.792597400000000000e+08 5.404617291666667006e+04 3.159143518518519045e-01 7.000000000000000000e+00 7.000000000000000666e-02 2.645751311064590758e-02 1.107055600000000015e-12 1.000000000000000000e+02
4.584920000000000000e+05 2.792598400000000000e+08 5.404617407407407154e+04 3.166377314814816657e-01 2.100000000000000000e+01 2.099999999999999922e-01 4.582575694955839940e-02 3.321166799999999843e-12 1.000000000000000000e+02
4.585920000000000000e+05 2.792599400000000000e+08 5.404617523148148030e+04 3.173611111111109828e-01 1.900000000000000000e+01 1.900000000000000022e-01 4.358898943540674004e-02 3.004865199999999954e-12 1.000000000000000000e+02
4.586920000000000000e+05 2.792600400000000000e+08 5.404617638888888905e+04 3.180844907407407440e-01 1.800000000000000000e+01 1.799999999999999933e-01 4.242640687119284687e-02 2.846714399999999808e-12 1.000000000000000000e+02
4.587920000000000000e+05 2.792601400000000000e+08 5.404617754629629781e+04 3.188078703703705052e-01 1.900000000000000000e+01 1.900000000000000022e-01 4.358898943540674004e-02 3.004865199999999954e-12 1.000000000000000000e+02
4.588920000000000000e+05 2.792602400000000000e+08 5.404617870370370656e+04 3.195312499999998224e-01 1.100000000000000000e+01 1.100000000000000006e-01 3.316624790355399838e-02 1.739658799999999995e-12 1.000000000000000000e+02
4.589920000000000000e+05 2.792603400000000000e+08 5.404617986111110804e+04 3.202546296296295836e-01 1.300000000000000000e+01 1.300000000000000044e-01 3.605551275463989014e-02 2.055960399999999884e-12 1.000000000000000000e+02
4.590920000000000000e+05 2.792604400000000000e+08 5.404618101851851679e+04 3.209780092592593448e-01 1.800000000000000000e+01 1.799999999999999933e-01 4.242640687119284687e-02 2.846714399999999808e-12 1.000000000000000000e+02
4.591920000000000000e+05 2.792605400000000000e+08 5.404618217592592555e+04 3.217013888888891060e-01 2.100000000000000000e+01 2.099999999999999922e-01 4.582575694955839940e-02 3.321166799999999843e-12 1.000000000000000000e+02
4.592920000000000000e+05 2.792606400000000000e+08 5.404618333333333430e+04 3.224247685185184231e-01 1.400000000000000000e+01 1.400000000000000133e-01 3.741657386773941663e-02 2.214111200000000030e-12 1.000000000000000000e+02
4.593920000000000000e+05 2.792607400000000000e+08 5.404618449074074306e+04 3.231481481481481843e-01 1.300000000000000000e+01 1.300000000000000044e-01 3.605551275463989014e-02 2.055960399999999884e-12 1.000000000000000000e+02
4.594920000000000000e+05 2.792608400000000000e+08 5.404618564814815181e+04 3.238715277777779455e-01 7.000000000000000000e+00 7.000000000000000666e-02 2.645751311064590758e-02 1.107055600000000015e-12 1.000000000000000000e+02
4.595920000000000000e+05 2.792609400000000000e+08 5.404618680555555329e+04 3.245949074074072627e-01 1.600000000000000000e+01 1.600000000000000033e-01 4.000000000000000083e-02 2.530412799999999919e-12 1.000000000000000000e+02
4.596920000000000000e+05 2.792610400000000000e+08 5.404618796296296205e+04 3.253182870370370239e-01 2.000000000000000000e+01 2.000000000000000111e-01 4.472135954999579416e-02 3.163016000000000100e-12 1.000000000000000000e+02
4.597920000000000000e+05 2.792611400000000000e+08 5.404618912037037080e+04 3.260416666666667851e-01 1.900000000000000000e+01 1.900000000000000022e-01 4.358898943540674004e-02 3.004865199999999954e-12 1.000000000000000000e+02
4.598920000000000000e+05 2.792612400000000000e+08 5.404619027777777956e+04 3.267650462962961022e-01 2.100000000000000000e+01 2.099999999999999922e-01 4.582575694955839940e-02 3.321166799999999843e-12 1.000000000000000000e+02
4.599920000000000000e+05 2.792613400000000000e+08 5.404619143518518831e+04 3.274884259259258634e-01 1.300000000000000000e+01 1.300000000000000044e-01 3.605551275463989014e-02 2.055960399999999884e-12 1.000000000000000000e+02
4.600920000000000000e+05 2.792614400000000000e+08 5.404619259259258979e+04 3.282118055555556246e-01 1.300000000000000000e+01 1.300000000000000044e-01 3.605551275463989014e-02 2.055960399999999884e-12 1.000000000000000000e+02
4.601920000000000000e+05 2.792615400000000000e+08 5.404619374999999854e+04 3.289351851851853858e-01 1.400000000000000000e+01 1.400000000000000133e-01 3.741657386773941663e-02 2.214111200000000030e-12 1.000000000000000000e+02
4.602920000000000000e+05 2.792616400000000000e+08 5.404619490740740730e+04 3.296585648148147030e-01 1.600000000000000000e+01 1.600000000000000033e-01 4.000000000000000083e-02 2.530412799999999919e-12 1.000000000000000000e+02
4.603920000000000000e+05 2.792617400000000000e+08 5.404619606481481605e+04 3.303819444444444642e-01 1.100000000000000000e+01 1.100000000000000006e-01 3.316624790355399838e-02 1.739658799999999995e-12 1.000000000000000000e+02
4.604920000000000000e+05 2.792618400000000000e+08 5.404619722222222481e+04 3.311053240740742254e-01 1.400000000000000000e+01 1.400000000000000133e-01 3.741657386773941663e-02 2.214111200000000030e-12 1.000000000000000000e+02
4.605920000000000000e+05 2.792619400000000000e+08 5.404619837962962629e+04 3.318287037037035425e-01 1.500000000000000000e+01 1.499999999999999944e-01 3.872983346207416883e-02 2.372261999999999772e-12 1.000000000000000000e+02
4.606920000000000000e+05 2.792620400000000000e+08 5.404619953703703504e+04 3.325520833333333037e-01 1.800000000000000000e+01 1.799999999999999933e-01 4.242640687119284687e-02 2.846714399999999808e-12 1.000000000000000000e+02
4.607920000000000000e+05 2.792621400000000000e+08 5.404620069444444380e+04 3.332754629629630649e-01 2.400000000000000000e+01 2.399999999999999911e-01 4.898979485566355707e-02 3.795619200000000282e-12 1.000000000000000000e+02
4.608920000000000000e+05 2.792622400000000000e+08 5.404620185185185255e+04 3.339988425925923821e-01 5.000000000000000000e+00 5.000000000000000278e-02 2.236067977499789708e-02 7.907540000000000251e-13 1.000000000000000000e+02
4.609920000000000000e+05 2.792623400000000000e+08 5.404620300925926131e+04 3.347222222222221433e-01 1.500000000000000000e+01 1.499999999999999944e-01 3.872983346207416883e-02 2.372261999999999772e-12 1.000000000000000000e+02
4.610920000000000000e+05 2.792624400000000000e+08 5.404620416666667006e+04 3.354456018518519045e-01 1.900000000000000000e+01 1.900000000000000022e-01 4.358898943540674004e-02 3.004865199999999954e-12 1.000000000000000000e+02
4.611920000000000000e+05 2.792625400000000000e+08 5.404620532407407154e+04 3.361689814814816657e-01 1.200000000000000000e+01 1.199999999999999956e-01 3.464101615137754608e-02 1.897809600000000141e-12 1.000000000000000000e+02
4.612920000000000000e+05 2.792626400000000000e+08 5.404620648148148030e+04 3.368923611111109828e-01 1.500000000000000000e+01 1.499999999999999944e-01 3.872983346207416883e-02 2.372261999999999772e-12 1.000000000000000000e+02
4.613920000000000000e+05 2.792627400000000000e+08 5.404620763888888905e+04 3.376157407407407440e-01 1.900000000000000000e+01 1.900000000000000022e-01 4.358898943540674004e-02 3.004865199999999954e-12 1.000000000000000000e+02
4.614920000000000000e+05 2.792628400000000000e+08 5.404620879629629781e+04 3.383391203703705052e-01 1.500000000000000000e+01 1.499999999999999944e-01 3.872983346207416883e-02 2.372261999999999772e-12 1.000000000000000000e+02
4.615920000000000000e+05 2.792629400000000000e+08 5.404620995370370656e+04 3.390624999999998224e-01 1.300000000000000000e+01 1.300000000000000044e-01 3.605551275463989014e-02 2.055960399999999884e-12 1.000000000000000000e+02
4.616920000000000000e+05 2.792630400000000000e+08 5.404621111111110804e+04 3.397858796296295836e-01 1.900000000000000000e+01 1.900000000000000022e-01 4.358898943540674004e-02 3.004865199999999954e-12 1.000000000000000000e+02
4.617920000000000000e+05 2.792631400000000000e+08 5.404621226851851679e+04 3.405092592592593448e-01 1.300000000000000000e+01 1.300000000000000044e-01 3.605551275463989014e-02 2.055960399999999884e-12 1.000000000000000000e+02
4.618920000000000000e+05 2.792632400000000000e+08 5.404621342592592555e+04 3.412326388888891060e-01 1.400000000000000000e+01 1.400000000000000133e-01 3.741657386773941663e-02 2.214111200000000030e-12 1.000000000000000000e+02
4.619920000000000000e+05 2.792633400000000000e+08 5.404621458333333430e+04 3.419560185185184231e-01 1.600000000000000000e+01 1.600000000000000033e-01 4.000000000000000083e-02 2.530412799999999919e-12 1.000000000000000000e+02
4.620920000000000000e+05 2.792634400000000000e+08 5.404621574074074306e+04 3.426793981481481843e-01 6.000000000000000000e+00 5.999999999999999778e-02 2.449489742783177854e-02 9.489048000000000705e-13 1.000000000000000000e+02
4.621920000000000000e+05 2.792635400000000000e+08 5.404621689814815181e+04 3.434027777777779455e-01 1.300000000000000000e+01 1.300000000000000044e-01 3.605551275463989014e-02 2.055960399999999884e-12 1.000000000000000000e+02
4.622920000000000000e+05 2.792636400000000000e+08 5.404621805555555329e+04 3.441261574074072627e-01 1.100000000000000000e+01 1.100000000000000006e-01 3.316624790355399838e-02 1.739658799999999995e-12 1.000000000000000000e+02
4.623920000000000000e+05 2.792637400000000000e+08 5.404621921296296205e+04 3.448495370370370239e-01 1.200000000000000000e+01 1.199999999999999956e-01 3.464101615137754608e-02 1.897809600000000141e-12 1.000000000000000000e+02
4.624920000000000000e+05 2.792638400000000000e+08 5.404622037037037080e+04 3.455729166666667851e-01 2.000000000000000000e+01 2.000000000000000111e-01 4.472135954999579416e-02 3.163016000000000100e-12 1.000000000000000000e+02
4.625920000000000000e+05 2.792639400000000000e+08 5.404622152777777956e+04 3.462962962962961022e-01 2.100000000000000000e+01 2.099999999999999922e-01 4.582575694955839940e-02 3.321166799999999843e-12 1.000000000000000000e+02
4.626920000000000000e+05 2.792640400000000000e+08 5.404622268518518831e+04 3.470196759259258634e-01 1.000000000000000000e+01 1.000000000000000056e-01 3.162277660168379828e-02 1.581508000000000050e-12 1.000000000000000000e+02
4.627920000000000000e+05 2.792641400000000000e+08 5.404622384259258979e+04 3.477430555555556246e-01 1.700000000000000000e+01 1.700000000000000122e-01 4.123105625617660280e-02 2.688563600000000065e-12 1.000000000000000000e+02
4.628920000000000000e+05 2.792642400000000000e+08 5.404622499999999854e+04 3.484664351851853858e-01 2.400000000000000000e+01 2.399999999999999911e-01 4.898979485566355707e-02 3.795619200000000282e-12 1.000000000000000000e+02
4.629920000000000000e+05 2.792643400000000000e+08 5.404622615740740730e+04 3.491898148148147030e-01 1.100000000000000000e+01 1.100000000000000006e-01 3.316624790355399838e-02 1.739658799999999995e-12 1.000000000000000000e+02
4.630920000000000000e+05 2.792644400000000000e+08 5.404622731481481605e+04 3.499131944444444642e-01 2.200000000000000000e+01 2.200000000000000011e-01 4.690415759823429731e-02 3.479317599999999989e-12 1.000000000000000000e+02
4.631920000000000000e+05 2.792645400000000000e+08 5.404622847222222481e+04 3.506365740740742254e-01 1.500000000000000000e+01 1.499999999999999944e-01 3.872983346207416883e-02 2.372261999999999772e-12 1.000000000000000000e+02
4.632920000000000000e+05 2.792646400000000000e+08 5.404622962962962629e+04 3.513599537037035425e-01 1.700000000000000000e+01 1.700000000000000122e-01 4.123105625617660280e-02 2.688563600000000065e-12 1.000000000000000000e+02
4.633920000000000000e+05 2.792647400000000000e+08 5.404623078703703504e+04 3.520833333333333037e-01 1.900000000000000000e+01 1.900000000000000022e-01 4.358898943540674004e-02 3.004865199999999954e-12 1.000000000000000000e+02
4.634920000000000000e+05 2.792648400000000000e+08 5.404623194444444380e+04 3.528067129629630649e-01 8.000000000000000000e+00 8.000000000000000167e-02 2.828427124746190138e-02 1.265206399999999959e-12 1.000000000000000000e+02
4.635920000000000000e+05 2.792649400000000000e+08 5.404623310185185255e+04 3.535300925925923821e-01 1.700000000000000000e+01 1.700000000000000122e-01 4.123105625617660280e-02 2.688563600000000065e-12 1.000000000000000000e+02
4.636920000000000000e+05 2.792650400000000000e+08 5.404623425925926131e+04 3.542534722222221433e-01 1.200000000000000000e+01 1.199999999999999956e-01 3.464101615137754608e-02 1.897809600000000141e-12 1.000000000000000000e+02
4.637920000000000000e+05 2.792651400000000000e+08 5.404623541666667006e+04 3.549768518518519045e-01 1.500000000000000000e+01 1.499999999999999944e-01 3.872983346207416883e-02 2.372261999999999772e-12 1.000000000000000000e+02
4.638920000000000000e+05 2.792652400000000000e+08 5.404623657407407154e+04 3.557002314814816657e-01 1.100000000000000000e+01 1.100000000000000006e-01 3.316624790355399838e-02 1.739658799999999995e-12 1.000000000000000000e+02
4.639920000000000000e+05 2.792653400000000000e+08 5.404623773148148030e+04 3.564236111111109828e-01 1.600000000000000000e+01 1.600000000000000033e-01 4.000000000000000083e-02 2.530412799999999919e-12 1.000000000000000000e+02
4.640920000000000000e+05 2.792654400000000000e+08 5.404623888888888905e+04 3.571469907407407440e-01 2.000000000000000000e+01 2.000000000000000111e-01 4.472135954999579416e-02 3.163016000000000100e-12 1.000000000000000000e+02
4.641920000000000000e+05 2.792655400000000000e+08 5.404624004629629781e+04 3.578703703703705052e-01 1.800000000000000000e+01 1.799999999999999933e-01 4.242640687119284687e-02 2.846714399999999808e-12 1.000000000000000000e+02
4.642920000000000000e+05 2.792656400000000000e+08 5.404624120370370656e+04 3.585937499999998224e-01 1.200000000000000000e+01 1.199999999999999956e-01 3.464101615137754608e-02 1.897809600000000141e-12 1.000000000000000000e+02
4.643920000000000000e+05 2.792657400000000000e+08 5.404624236111110804e+04 3.593171296296295836e-01 1.100000000000000000e+01 1.100000000000000006e-01 3.316624790355399838e-02 1.739658799999999995e-12 1.000000000000000000e+02
4.644920000000000000e+05 2.792658400000000000e+08 5.404624351851851679e+04 3.600405092592593448e-01 5.000000000000000000e+00 5.000000000000000278e-02 2.236067977499789708e-02 7.907540000000000251e-13 1.000000000000000000e+02
4.645920000000000000e+05 2.792659400000000000e+08 5.404624467592592555e+04 3.607638888888891060e-01 1.600000000000000000e+01 1.600000000000000033e-01 4.000000000000000083e-02 2.530412799999999919e-12 1.000000000000000000e+02
4.646920000000000000e+05 2.792660400000000000e+08 5.404624583333333430e+04 3.614872685185184231e-01 2.100000000000000000e+01 2.099999999999999922e-01 4.582575694955839940e-02 3.321166799999999843e-12 1.000000000000000000e+02
4.647920000000000000e+05 2.792661400000000000e+08 5.404624699074074306e+04 3.622106481481481843e-01 1.200000000000000000e+01 1.199999999999999956e-01 3.464101615137754608e-02 1.897809600000000141e-12 1.000000000000000000e+02
4.648920000000000000e+05 2.792662400000000000e+08 5.404624814814815181e+04 3.629340277777779455e-01 2.000000000000000000e+01 2.000000000000000111e-01 4.472135954999579416e-02 3.163016000000000100e-12 1.000000000000000000e+02
4.649920000000000000e+05 2.792663400000000000e+08 5.404624930555555329e+04 3.636574074074072627e-01 1.900000000000000000e+01 1.900000000000000022e-01 4.358898943540674004e-02 3.004865199999999954e-12 1.000000000000000000e+02
4.650920000000000000e+05 2.792664400000000000e+08 5.404625046296296205e+04 3.643807870370370239e-01 1.300000000000000000e+01 1.300000000000000044e-01 3.605551275463989014e-02 2.055960399999999884e-12 1.000000000000000000e+02
4.651920000000000000e+05 2.792665400000000000e+08 5.404625162037037080e+04 3.651041666666667851e-01 1.200000000000000000e+01 1.199999999999999956e-01 3.464101615137754608e-02 1.897809600000000141e-12 1.000000000000000000e+02
4.652920000000000000e+05 2.792666400000000000e+08 5.404625277777777956e+04 3.658275462962961022e-01 2.100000000000000000e+01 2.099999999999999922e-01 4.582575694955839940e-02 3.321166799999999843e-12 1.000000000000000000e+02
4.653920000000000000e+05 2.792667400000000000e+08 5.404625393518518831e+04 3.665509259259258634e-01 2.900000000000000000e+01 2.899999999999999800e-01 5.385164807134503601e-02 4.586373199999999802e-12 1.000000000000000000e+02
4.654920000000000000e+05 2.792668400000000000e+08 5.404625509259258979e+04 3.672743055555556246e-01 1.900000000000000000e+01 1.900000000000000022e-01 4.358898943540674004e-02 3.004865199999999954e-12 1.000000000000000000e+02
4.655920000000000000e+05 2.792669400000000000e+08 5.404625624999999854e+04 3.679976851851853858e-01 1.200000000000000000e+01 1.199999999999999956e-01 3.464101615137754608e-02 1.897809600000000141e-12 1.000000000000000000e+02
4.656920000000000000e+05 2.792670400000000000e+08 5.404625740740740730e+04 3.687210648148147030e-01 1.500000000000000000e+01 1.499999999999999944e-01 3.872983346207416883e-02 2.372261999999999772e-12 1.000000000000000000e+02
4.657920000000000000e+05 2.792671400000000000e+08 5.404625856481481605e+04 3.694444444444444642e-01 1.200000000000000000e+01 1.199999999999999956e-01 3.464101615137754608e-02 1.897809600000000141e-12 1.000000000000000000e+02
4.658920000000000000e+05 2.792672400000000000e+08 5.404625972222222481e+04 3.701678240740742254e-01 1.600000000000000000e+01 1.600000000000000033e-01 4.000000000000000083e-02 2.530412799999999919e-12 1.000000000000000000e+02
4.659920000000000000e+05 2.792673400000000000e+08 5.404626087962962629e+04 3.708912037037035425e-01 2.600000000000000000e+01 2.600000000000000089e-01 5.099019513592784741e-02 4.111920799999999767e-12 1.000000000000000000e+02
4.660920000000000000e+05 2.792674400000000000e+08 5.404626203703703504e+04 3.716145833333333037e-01 1.000000000000000000e+01 1.000000000000000056e-01 3.162277660168379828e-02 1.581508000000000050e-12 1.000000000000000000e+02
4.661920000000000000e+05 2.792675400000000000e+08 5.404626319444444380e+04 3.723379629629630649e-01 8.000000000000000000e+00 8.000000000000000167e-02 2.828427124746190138e-02 1.265206399999999959e-12 1.000000000000000000e+02
4.662920000000000000e+05 2.792676400000000000e+08 5.404626435185185255e+04 3.730613425925923821e-01 1.600000000000000000e+01 1.600000000000000033e-01 4.000000000000000083e-02 2.530412799999999919e-12 1.000000000000000000e+02
4.663920000000000000e+05 2.792677400000000000e+08 5.404626550925926131e+04 3.737847222222221433e-01 1.600000000000000000e+01 1.600000000000000033e-01 4.000000000000000083e-02 2.530412799999999919e-12 1.000000000000000000e+02
4.664920000000000000e+05 2.792678400000000000e+08 5.404626666666667006e+04 3.745081018518519045e-01 1.800000000000000000e+01 1.799999999999999933e-01 4.242640687119284687e-02 2.846714399999999808e-12 1.000000000000000000e+02
4.665920000000000000e+05 2.792679400000000000e+08 5.404626782407407154e+04 3.752314814814816657e-01 1.800000000000000000e+01 1.799999999999999933e-01 4.242640687119284687e-02 2.846714399999999808e-12 1.000000000000000000e+02
4.666920000000000000e+05 2.792680400000000000e+08 5.404626898148148030e+04 3.759548611111109828e-01 1.500000000000000000e+01 1.499999999999999944e-01 3.872983346207416883e-02 2.372261999999999772e-12 1.000000000000000000e+02
4.667920000000000000e+05 2.792681400000000000e+08 5.404627013888888905e+04 3.766782407407407440e-01 1.700000000000000000e+01 1.700000000000000122e-01 4.123105625617660280e-02 2.688563600000000065e-12 1.000000000000000000e+02
4.668920000000000000e+05 2.792682400000000000e+08 5.404627129629629781e+04 3.774016203703705052e-01 1.200000000000000000e+01 1.199999999999999956e-01 3.464101615137754608e-02 1.897809600000000141e-12 1.000000000000000000e+02
4.669920000000000000e+05 2.792683400000000000e+08 5.404627245370370656e+04 3.781249999999998224e-01 1.200000000000000000e+01 1.199999999999999956e-01 3.464101615137754608e-02 1.897809600000000141e-12 1.000000000000000000e+02
4.670920000000000000e+05 2.792684400000000000e+08 5.404627361111110804e+04 3.788483796296295836e-01 2.900000000000000000e+01 2.899999999999999800e-01 5.385164807134503601e-02 4.586373199999999802e-12 1.000000000000000000e+02
4.671920000000000000e+05 2.792685400000000000e+08 5.404627476851851679e+04 3.795717592592593448e-01 2.000000000000000000e+01 2.000000000000000111e-01 4.472135954999579416e-02 3.163016000000000100e-12 1.000000000000000000e+02
4.672920000000000000e+05 2.792686400000000000e+08 5.404627592592592555e+04 3.802951388888891060e-01 2.100000000000000000e+01 2.099999999999999922e-01 4.582575694955839940e-02 3.321166799999999843e-12 1.000000000000000000e+02
4.673920000000000000e+05 2.792687400000000000e+08 5.404627708333333430e+04 3.810185185185184231e-01 1.600000000000000000e+01 1.600000000000000033e-01 4.000000000000000083e-02 2.530412799999999919e-12 1.000000000000000000e+02
4.674920000000000000e+05 2.792688400000000000e+08 5.404627824074074306e+04 3.817418981481481843e-01 2.700000000000000000e+01 2.700000000000000178e-01 5.196152422706631913e-02 4.270071600000000317e-12 1.000000000000000000e+02
4.675920000000000000e+05 2.792689400000000000e+08 5.404627939814815181e+04 3.824652777777779455e-01 1.200000000000000000e+01 1.199999999999999956e-01 3.464101615137754608e-02 1.897809600000000141e-12 1.000000000000000000e+02
4.676920000000000000e+05 2.792690400000000000e+08 5.404628055555555329e+04 3.831886574074072627e-01 2.200000000000000000e+01 2.200000000000000011e-01 4.690415759823429731e-02 3.479317599999999989e-12 1.000000000000000000e+02
4.677920000000000000e+05 2.792691400000000000e+08 5.404628171296296205e+04 3.839120370370370239e-01 1.900000000000000000e+01 1.900000000000000022e-01 4.358898943540674004e-02 3.004865199999999954e-12 1.000000000000000000e+02
4.678920000000000000e+05 2.792692400000000000e+08 5.404628287037037080e+04 3.846354166666667851e-01 9.000000000000000000e+00 8.999999999999999667e-02 2.999999999999999889e-02 1.423357199999999904e-12 1.000000000000000000e+02
4.679920000000000000e+05 2.792693400000000000e+08 5.404628402777777956e+04 3.853587962962961022e-01 9.000000000000000000e+00 8.999999999999999667e-02 2.999999999999999889e-02 1.423357199999999904e-12 1.000000000000000000e+02
4.680920000000000000e+05 2.792694400000000000e+08 5.404628518518518831e+04 3.860821759259258634e-01 1.200000000000000000e+01 1.199999999999999956e-01 3.464101615137754608e-02 1.897809600000000141e-12 1.000000000000000000e+02
4.681920000000000000e+05 2.792695400000000000e+08 5.404628634259258979e+04 3.868055555555556246e-01 9.000000000000000000e+00 8.999999999999999667e-02 2.999999999999999889e-02 1.423357199999999904e-12 1.000000000000000000e+02
4.682920000000000000e+05 2.792696400000000000e+08 5.404628749999999854e+04 3.875289351851853858e-01 1.400000000000000000e+01 1.400000000000000133e-01 3.741657386773941663e-02 2.214111200000000030e-12 1.000000000000000000e+02
4.683920000000000000e+05 2.792697400000000000e+08 5.404628865740740730e+04 3.882523148148147030e-01 1.500000000000000000e+01 1.499999999999999944e-01 3.872983346207416883e-02 2.372261999999999772e-12 1.000000000000000000e+02
4.684920000000000000e+05 2.792698400000000000e+08 5.404628981481481605e+04 3.889756944444444642e-01 2.100000000000000000e+01 2.099999999999999922e-01 4.582575694955839940e-02 3.321166799999999843e-12 1.000000000000000000e+02
4.685920000000000000e+05 2.792699400000000000e+08 5.404629097222222481e+04 3.896990740740742254e-01 1.600000000000000000e+01 1.600000000000000033e-01 4.000000000000000083e-02 2.530412799999999919e-12 1.000000000000000000e+02
4.686920000000000000e+05 2.792700400000000000e+08 5.404629212962962629e+04 3.904224537037035425e-01 1.000000000000000000e+01 1.000000000000000056e-01 3.162277660168379828e-02 1.581508000000000050e-12 1.000000000000000000e+02
4.687920000000000000e+05 2.792701400000000000e+08 5.404629328703703504e+04 3.911458333333333037e-01 1.700000000000000000e+01 1.700000000000000122e-01 4.123105625617660280e-02 2.688563600000000065e-12 1.000000000000000000e+02
4.688920000000000000e+05 2.792702400000000000e+08 5.404629444444444380e+04 3.918692129629630649e-01 1.600000000000000000e+01 1.600000000000000033e-01 4.000000000000000083e-02 2.530412799999999919e-12 1.000000000000000000e+02
4.689920000000000000e+05 2.792703400000000000e+08 5.404629560185185255e+04 3.925925925925923821e-01 2.400000000000000000e+01 2.399999999999999911e-01 4.898979485566355707e-02 3.795619200000000282e-12 1.000000000000000000e+02
4.690920000000000000e+05 2.792704400000000000e+08 5.404629675925926131e+04 3.933159722222221433e-01 1.500000000000000000e+01 1.499999999999999944e-01 3.872983346207416883e-02 2.372261999999999772e-12 1.000000000000000000e+02
4.691920000000000000e+05 2.792705400000000000e+08 5.404629791666667006e+04 3.940393518518519045e-01 1.500000000000000000e+01 1.499999999999999944e-01 3.872983346207416883e-02 2.372261999999999772e-12 1.000000000000000000e+02
4.692920000000000000e+05 2.792706400000000000e+08 5.404629907407407154e+04 3.947627314814816657e-01 1.900000000000000000e+01 1.900000000000000022e-01 4.358898943540674004e-02 3.004865199999999954e-12 1.000000000000000000e+02
4.693920000000000000e+05 2.792707400000000000e+08 5.404630023148148030e+04 3.954861111111109828e-01 1.400000000000000000e+01 1.400000000000000133e-01 3.741657386773941663e-02 2.214111200000000030e-12 1.000000000000000000e+02
4.694920000000000000e+05 2.792708400000000000e+08 5.404630138888888905e+04 3.962094907407407440e-01 1.300000000000000000e+01 1.300000000000000044e-01 3.605551275463989014e-02 2.055960399999999884e-12 1.000000000000000000e+02
4.695920000000000000e+05 2.792709400000000000e+08 5.404630254629629781e+04 3.969328703703705052e-01 1.500000000000000000e+01 1.499999999999999944e-01 3.872983346207416883e-02 2.372261999999999772e-12 1.000000000000000000e+02
4.696920000000000000e+05 2.792710400000000000e+08 5.404630370370370656e+04 3.976562499999998224e-01 1.800000000000000000e+01 1.799999999999999933e-01 4.242640687119284687e-02 2.846714399999999808e-12 1.000000000000000000e+02
4.697920000000000000e+05 2.792711400000000000e+08 5.404630486111110804e+04 3.983796296296295836e-01 1.400000000000000000e+01 1.400000000000000133e-01 3.741657386773941663e-02 2.214111200000000030e-12 1.000000000000000000e+02
4.698920000000000000e+05 2.792712400000000000e+08 5.404630601851851679e+04 3.991030092592593448e-01 2.000000000000000000e+01 2.000000000000000111e-01 4.472135954999579416e-02 3.163016000000000100e-12 1.000000000000000000e+02
4.699920000000000000e+05 2.792713400000000000e+08 5.404630717592592555e+04 3.998263888888891060e-01 1.100000000000000000e+01 1.100000000000000006e-01 3.316624790355399838e-02 1.739658799999999995e-12 1.000000000000000000e+02
4.700920000000000000e+05 2.792714400000000000e+08 5.404630833333333430e+04 4.005497685185184231e-01 1.200000000000000000e+01 1.199999999999999956e-01 3.464101615137754608e-02 1.897809600000000141e-12 1.000000000000000000e+02
4.701920000000000000e+05 2.792715400000000000e+08 5.404630949074074306e+04 4.012731481481481843e-01 1.300000000000000000e+01 1.300000000000000044e-01 3.605551275463989014e-02 2.055960399999999884e-12 1.000000000000000000e+02
4.702920000000000000e+05 2.792716400000000000e+08 5.404631064814815181e+04 4.019965277777779455e-01 1.300000000000000000e+01 1.300000000000000044e-01 3.605551275463989014e-02 2.055960399999999884e-12 1.000000000000000000e+02
4.703920000000000000e+05 2.792717400000000000e+08 5.404631180555555329e+04 4.027199074074072627e-01 1.700000000000000000e+01 1.700000000000000122e-01 4.123105625617660280e-02 2.688563600000000065e-12 1.000000000000000000e+02
4.704920000000000000e+05 2.792718400000000000e+08 5.404631296296296205e+04 4.034432870370370239e-01 1.700000000000000000e+01 1.700000000000000122e-01 4.123105625617660280e-02 2.688563600000000065e-12 1.000000000000000000e+02
4.705920000000000000e+05 2.792719400000000000e+08 5.404631412037037080e+04 4.041666666666667851e-01 1.500000000000000000e+01 1.499999999999999944e-01 3.872983346207416883e-02 2.372261999999999772e-12 1.000000000000000000e+02
4.706920000000000000e+05 2.792720400000000000e+08 5.404631527777777956e+04 4.048900462962961022e-01 1.300000000000000000e+01 1.300000000000000044e-01 3.605551275463989014e-02 2.055960399999999884e-12 1.000000000000000000e+02
4.707920000000000000e+05 2.792721400000000000e+08 5.404631643518518831e+04 4.056134259259258634e-01 1.200000000000000000e+01 1.199999999999999956e-01 3.464101615137754608e-02 1.897809600000000141e-12 1.000000000000000000e+02
4.708920000000000000e+05 2.792722400000000000e+08 5.404631759259258979e+04 4.063368055555556246e-01 9.000000000000000000e+00 8.999999999999999667e-02 2.999999999999999889e-02 1.423357199999999904e-12 1.000000000000000000e+02
4.709920000000000000e+05 2.792723400000000000e+08 5.404631874999999854e+04 4.070601851851853858e-01 1.000000000000000000e+01 1.000000000000000056e-01 3.162277660168379828e-02 1.581508000000000050e-12 1.000000000000000000e+02
4.710920000000000000e+05 2.792724400000000000e+08 5.404631990740740730e+04 4.077835648148147030e-01 1.400000000000000000e+01 1.400000000000000133e-01 3.741657386773941663e-02 2.214111200000000030e-12 1.000000000000000000e+02
4.711920000000000000e+05 2.792725400000000000e+08 5.404632106481481605e+04 4.085069444444444642e-01 2.200000000000000000e+01 2.200000000000000011e-01 4.690415759823429731e-02 3.479317599999999989e-12 1.000000000000000000e+02
4.712920000000000000e+05 2.792726400000000000e+08 5.404632222222222481e+04 4.092303240740742254e-01 1.400000000000000000e+01 1.400000000000000133e-01 3.741657386773941663e-02 2.214111200000000030e-12 1.000000000000000000e+02
4.713920000000000000e+05 2.792727400000000000e+08 5.404632337962962629e+04 4.099537037037035425e-01 1.700000000000000000e+01 1.700000000000000122e-01 4.123105625617660280e-02 2.688563600000000065e-12 1.000000000000000000e+02
4.714920000000000000e+05 2.792728400000000000e+08 5.404632453703703504e+04 4.106770833333333037e-01 1.900000000000000000e+01 1.900000000000000022e-01 4.358898943540674004e-02 3.004865199999999954e-12 1.000000000000000000e+02
4.715920000000000000e+05 2.792729400000000000e+08 5.404632569444444380e+04 4.114004629629630649e-01 1.600000000000000000e+01 1.600000000000000033e-01 4.000000000000000083e-02 2.530412799999999919e-12 1.000000000000000000e+02
4.716920000000000000e+05 2.792730400000000000e+08 5.404632685185185255e+04 4.121238425925923821e-01 1.700000000000000000e+01 1.700000000000000122e-01 4.123105625617660280e-02 2.688563600000000065e-12 1.000000000000000000e+02
4.717920000000000000e+05 2.792731400000000000e+08 5.404632800925926131e+04 4.128472222222221433e-01 1.300000000000000000e+01 1.300000000000000044e-01 3.605551275463989014e-02 2.055960399999999884e-12 1.000000000000000000e+02
4.718920000000000000e+05 2.792732400000000000e+08 5.404632916666667006e+04 4.135706018518519045e-01 8.000000000000000000e+00 8.000000000000000167e-02 2.828427124746190138e-02 1.265206399999999959e-12 1.000000000000000000e+02
4.719920000000000000e+05 2.792733400000000000e+08 5.404633032407407154e+04 4.142939814814816657e-01 1.100000000000000000e+01 1.100000000000000006e-01 3.316624790355399838e-02 1.739658799999999995e-12 1.000000000000000000e+02
4.720920000000000000e+05 2.792734400000000000e+08 5.404633148148148030e+04 4.150173611111109828e-01 1.300000000000000000e+01 1.300000000000000044e-01 3.605551275463989014e-02 2.055960399999999884e-12 1.000000000000000000e+02
4.721920000000000000e+05 2.792735400000000000e+08 5.404633263888888905e+04 4.157407407407407440e-01 1.200000000000000000e+01 1.199999999999999956e-01 3.464101615137754608e-02 1.897809600000000141e-12 1.000000000000000000e+02
4.722920000000000000e+05 2.792736400000000000e+08 5.404633379629629781e+04 4.164641203703705052e-01 1.300000000000000000e+01 1.300000000000000044e-01 3.605551275463989014e-02 2.055960399999999884e-12 1.000000000000000000e+02
4.723920000000000000e+05 2.792737400000000000e+08 5.404633495370370656e+04 4.171874999999998224e-01 2.000000000000000000e+01 2.000000000000000111e-01 4.472135954999579416e-02 3.163016000000000100e-12 1.000000000000000000e+02
4.724920000000000000e+05 2.792738400000000000e+08 5.404633611111110804e+04 4.179108796296295836e-01 1.600000000000000000e+01 1.600000000000000033e-01 4.000000000000000083e-02 2.530412799999999919e-12 1.000000000000000000e+02
4.725920000000000000e+05 2.792739400000000000e+08 5.404633726851851679e+04 4.186342592592593448e-01 1.500000000000000000e+01 1.499999999999999944e-01 3.872983346207416883e-02 2.372261999999999772e-12 1.000000000000000000e+02
4.726920000000000000e+05 2.792740400000000000e+08 5.404633842592592555e+04 4.193576388888891060e-01 9.000000000000000000e+00 8.999999999999999667e-02 2.999999999999999889e-02 1.423357199999999904e-12 1.000000000000000000e+02
4.727920000000000000e+05 2.792741400000000000e+08 5.404633958333333430e+04 4.200810185185184231e-01 1.900000000000000000e+01 1.900000000000000022e-01 4.358898943540674004e-02 3.004865199999999954e-12 1.000000000000000000e+02
4.728920000000000000e+05 2.792742400000000000e+08 5.404634074074074306e+04 4.208043981481481843e-01 1.000000000000000000e+01 1.000000000000000056e-01 3.162277660168379828e-02 1.581508000000000050e-12 1.000000000000000000e+02
4.729920000000000000e+05 2.792743400000000000e+08 5.404634189814815181e+04 4.215277777777779455e-01 1.800000000000000000e+01 1.799999999999999933e-01 4.242640687119284687e-02 2.846714399999999808e-12 1.000000000000000000e+02
4.730920000000000000e+05 2.792744400000000000e+08 5.404634305555555329e+04 4.222511574074072627e-01 1.600000000000000000e+01 1.600000000000000033e-01 4.000000000000000083e-02 2.530412799999999919e-12 1.000000000000000000e+02
4.731920000000000000e+05 2.792745400000000000e+08 5.404634421296296205e+04 4.229745370370370239e-01 1.100000000000000000e+01 1.100000000000000006e-01 3.316624790355399838e-02 1.739658799999999995e-12 1.000000000000000000e+02
4.732920000000000000e+05 2.792746400000000000e+08 5.404634537037037080e+04 4.236979166666667851e-01 1.100000000000000000e+01 1.100000000000000006e-01 3.316624790355399838e-02 1.739658799999999995e-12 1.000000000000000000e+02
4.733920000000000000e+05 2.792747400000000000e+08 5.404634652777777956e+04 4.244212962962961022e-01 7.000000000000000000e+00 7.000000000000000666e-02 2.645751311064590758e-02 1.107055600000000015e-12 1.000000000000000000e+02
4.734920000000000000e+05 2.792748400000000000e+08 5.404634768518518831e+04 4.251446759259258634e-01 1.800000000000000000e+01 1.799999999999999933e-01 4.242640687119284687e-02 2.846714399999999808e-12 1.000000000000000000e+02
4.735920000000000000e+05 2.792749400000000000e+08 5.404634884259258979e+04 4.258680555555556246e-01 1.300000000000000000e+01 1.300000000000000044e-01 3.605551275463989014e-02 2.055960399999999884e-12 1.000000000000000000e+02
4.736920000000000000e+05 2.792750400000000000e+08 5.404634999999999854e+04 4.265914351851853858e-01 1.500000000000000000e+01 1.499999999999999944e-01 3.872983346207416883e-02 2.372261999999999772e-12 1.000000000000000000e+02
4.737920000000000000e+05 2.792751400000000000e+08 5.404635115740740730e+04 4.273148148148147030e-01 1.100000000000000000e+01 1.100000000000000006e-01 3.316624790355399838e-02 1.739658799999999995e-12 1.000000000000000000e+02
4.738920000000000000e+05 2.792752400000000000e+08 5.404635231481481605e+04 4.280381944444444642e-01 9.000000000000000000e+00 8.999999999999999667e-02 2.999999999999999889e-02 1.423357199999999904e-12 1.000000000000000000e+02
4.739920000000000000e+05 2.792753400000000000e+08 5.404635347222222481e+04 4.287615740740742254e-01 2.200000000000000000e+01 2.200000000000000011e-01 4.690415759823429731e-02 3.479317599999999989e-12 1.000000000000000000e+02
4.740920000000000000e+05 2.792754400000000000e+08 5.404635462962962629e+04 4.294849537037035425e-01 1.400000000000000000e+01 1.400000000000000133e-01 3.741657386773941663e-02 2.214111200000000030e-12 1.000000000000000000e+02
4.741920000000000000e+05 2.792755400000000000e+08 5.404635578703703504e+04 4.302083333333333037e-01 1.000000000000000000e+01 1.000000000000000056e-01 3.162277660168379828e-02 1.581508000000000050e-12 1.000000000000000000e+02
4.742920000000000000e+05 2.792756400000000000e+08 5.404635694444444380e+04 4.309317129629630649e-01 9.000000000000000000e+00 8.999999999999999667e-02 2.999999999999999889e-02 1.423357199999999904e-12 1.000000000000000000e+02
4.743920000000000000e+05 2.792757400000000000e+08 5.404635810185185255e+04 4.316550925925923821e-01 1.500000000000000000e+01 1.499999999999999944e-01 3.872983346207416883e-02 2.372261999999999772e-12 1.000000000000000000e+02
4.744920000000000000e+05 2.792758400000000000e+08 5.404635925925926131e+04 4.323784722222221433e-01 1.400000000000000000e+01 1.400000000000000133e-01 3.741657386773941663e-02 2.214111200000000030e-12 1.000000000000000000e+02
4.745920000000000000e+05 2.792759400000000000e+08 5.404636041666667006e+04 4.331018518518519045e-01 8.000000000000000000e+00 8.000000000000000167e-02 2.828427124746190138e-02 1.265206399999999959e-12 1.000000000000000000e+02
4.776920000000000000e+05 2.792790400000000000e+08 5.404639629629629781e+04 4.555266203703705052e-01 1.400000000000000000e+01 1.400000000000000133e-01 3.741657386773941663e-02 2.214111200000000030e-12 1.000000000000000000e+02
4.777920000000000000e+05 2.792791400000000000e+08 5.404639745370370656e+04 4.562499999999998224e-01 1.300000000000000000e+01 1.300000000000000044e-01 3.605551275463989014e-02 2.055960399999999884e-12 1.000000000000000000e+02
4.778920000000000000e+05 2.792792400000000000e+08 5.404639861111110804e+04 4.569733796296295836e-01 1.100000000000000000e+01 1.100000000000000006e-01 3.316624790355399838e-02 1.739658799999999995e-12 1.000000000000000000e+02
4.809920000000000000e+05 2.792823400000000000e+08 5.404643449074074306e+04 4.793981481481481843e-01 1.200000000000000000e+01 1.199999999999999956e-01 3.464101615137754608e-02 1.897809600000000141e-12 1.000000000000000000e+02
4.810920000000000000e+05 2.792824400000000000e+08 5.404643564814815181e+04 4.801215277777779455e-01 3.000000000000000000e+00 2.999999999999999889e-02 1.732050807568877304e-02 4.744524000000000353e-13 1.000000000000000000e+02
4.811920000000000000e+05 2.792825400000000000e+08 5.404643680555555329e+04 4.808449074074072627e-01 1.100000000000000000e+01 1.100000000000000006e-01 3.316624790355399838e-02 1.739658799999999995e-12 1.000000000000000000e+02
4.812920000000000000e+05 2.792826400000000000e+08 5.404643796296296205e+04 4.815682870370370239e-01 9.000000000000000000e+00 8.999999999999999667e-02 2.999999999999999889e-02 1.423357199999999904e-12 1.000000000000000000e+02
4.813920000000000000e+05 2.792827400000000000e+08 5.404643912037037080e+04 4.822916666666667851e-01 1.800000000000000000e+01 1.799999999999999933e-01 4.242640687119284687e-02 2.846714399999999808e-12 1.000000000000000000e+02
4.814920000000000000e+05 2.792828400000000000e+08 5.404644027777777956e+04 4.830150462962961022e-01 7.000000000000000000e+00 7.000000000000000666e-02 2.645751311064590758e-02 1.107055600000000015e-12 1.000000000000000000e+02
4.815920000000000000e+05 2.792829400000000000e+08 5.404644143518518831e+04 4.837384259259258634e-01 9.000000000000000000e+00 8.999999999999999667e-02 2.999999999999999889e-02 1.423357199999999904e-12 1.000000000000000000e+02
4.816920000000000000e+05 2.792830400000000000e+08 5.404644259259258979e+04 4.844618055555556246e-01 1.100000000000000000e+01 1.100000000000000006e-01 3.316624790355399838e-02 1.739658799999999995e-12 1.000000000000000000e+02
4.817920000000000000e+05 2.792831400000000000e+08 5.404644374999999854e+04 4.851851851851853858e-01 7.000000000000000000e+00 7.000000000000000666e-02 2.645751311064590758e-02 1.107055600000000015e-12 1.000000000000000000e+02
4.818920000000000000e+05 2.792832400000000000e+08 5.404644490740740730e+04 4.859085648148147030e-01 7.000000000000000000e+00 7.000000000000000666e-02 2.645751311064590758e-02 1.107055600000000015e-12 1.000000000000000000e+02
4.819920000000000000e+05 2.792833400000000000e+08 5.404644606481481605e+04 4.866319444444444642e-01 8.000000000000000000e+00 8.000000000000000167e-02 2.828427124746190138e-02 1.265206399999999959e-12 1.000000000000000000e+02
4.820920000000000000e+05 2.792834400000000000e+08 5.404644722222222481e+04 4.873553240740742254e-01 5.000000000000000000e+00 5.000000000000000278e-02 2.236067977499789708e-02 7.907540000000000251e-13 1.000000000000000000e+02
4.821920000000000000e+05 2.792835400000000000e+08 5.404644837962962629e+04 4.880787037037035425e-01 3.000000000000000000e+00 2.999999999999999889e-02 1.732050807568877304e-02 4.744524000000000353e-13 1.000000000000000000e+02
4.822920000000000000e+05 2.792836400000000000e+08 5.404644953703703504e+04 4.888020833333333037e-01 8.000000000000000000e+00 8.000000000000000167e-02 2.828427124746190138e-02 1.265206399999999959e-12 1.000000000000000000e+02
4.823920000000000000e+05 2.792837400000000000e+08 5.404645069444444380e+04 4.895254629629630649e-01 5.000000000000000000e+00 5.000000000000000278e-02 2.236067977499789708e-02 7.907540000000000251e-13 1.000000000000000000e+02
4.824920000000000000e+05 2.792838400000000000e+08 5.404645185185185255e+04 4.902488425925923821e-01 8.000000000000000000e+00 8.000000000000000167e-02 2.828427124746190138e-02 1.265206399999999959e-12 1.000000000000000000e+02
4.825920000000000000e+05 2.792839400000000000e+08 5.404645300925926131e+04 4.909722222222221433e-01 6.000000000000000000e+00 5.999999999999999778e-02 2.449489742783177854e-02 9.489048000000000705e-13 1.000000000000000000e+02
4.826920000000000000e+05 2.792840400000000000e+08 5.404645416666667006e+04 4.916956018518519045e-01 6.000000000000000000e+00 5.999999999999999778e-02 2.449489742783177854e-02 9.489048000000000705e-13 1.000000000000000000e+02
4.827920000000000000e+05 2.792841400000000000e+08 5.404645532407407154e+04 4.924189814814816657e-01 5.000000000000000000e+00 5.000000000000000278e-02 2.236067977499789708e-02 7.907540000000000251e-13 1.000000000000000000e+02
4.828920000000000000e+05 2.792842400000000000e+08 5.404645648148148030e+04 4.931423611111109828e-01 1.000000000000000000e+01 1.000000000000000056e-01 3.162277660168379828e-02 1.581508000000000050e-12 1.000000000000000000e+02
4.829920000000000000e+05 2.792843400000000000e+08 5.404645763888888905e+04 4.938657407407407440e-01 9.000000000000000000e+00 8.999999999999999667e-02 2.999999999999999889e-02 1.423357199999999904e-12 1.000000000000000000e+02
4.830920000000000000e+05 2.792844400000000000e+08 5.404645879629629781e+04 4.945891203703705052e-01 5.000000000000000000e+00 5.000000000000000278e-02 2.236067977499789708e-02 7.907540000000000251e-13 1.000000000000000000e+02
4.831920000000000000e+05 2.792845400000000000e+08 5.404645995370370656e+04 4.953124999999998224e-01 4.000000000000000000e+00 4.000000000000000083e-02 2.000000000000000042e-02 6.326031999999999797e-13 1.000000000000000000e+02
4.832920000000000000e+05 2.792846400000000000e+08 5.404646111111110804e+04 4.960358796296295836e-01 6.000000000000000000e+00 5.999999999999999778e-02 2.449489742783177854e-02 9.489048000000000705e-13 1.000000000000000000e+02
4.833920000000000000e+05 2.792847400000000000e+08 5.404646226851851679e+04 4.967592592592593448e-01 7.000000000000000000e+00 7.000000000000000666e-02 2.645751311064590758e-02 1.107055600000000015e-12 1.000000000000000000e+02
4.834920000000000000e+05 2.792848400000000000e+08 5.404646342592592555e+04 4.974826388888891060e-01 4.000000000000000000e+00 4.000000000000000083e-02 2.000000000000000042e-02 6.326031999999999797e-13 1.000000000000000000e+02
4.835920000000000000e+05 2.792849400000000000e+08 5.404646458333333430e+04 4.982060185185184231e-01 5.000000000000000000e+00 5.000000000000000278e-02 2.236067977499789708e-02 7.907540000000000251e-13 1.000000000000000000e+02
4.836920000000000000e+05 2.792850400000000000e+08 5.404646574074074306e+04 4.989293981481481843e-01 6.000000000000000000e+00 5.999999999999999778e-02 2.449489742783177854e-02 9.489048000000000705e-13 1.000000000000000000e+02
4.837920000000000000e+05 2.792851400000000000e+08 5.404646689814815181e+04 4.996527777777779455e-01 6.000000000000000000e+00 5.999999999999999778e-02 2.449489742783177854e-02 9.489048000000000705e-13 1.000000000000000000e+02
4.838920000000000000e+05 2.792852400000000000e+08 5.404646805555555329e+04 5.003761574074072627e-01 4.000000000000000000e+00 4.000000000000000083e-02 2.000000000000000042e-02 6.326031999999999797e-13 1.000000000000000000e+02
4.839920000000000000e+05 2.792853400000000000e+08 5.404646921296296205e+04 5.010995370370370239e-01 2.000000000000000000e+00 2.000000000000000042e-02 1.414213562373095069e-02 3.163015999999999899e-13 1.000000000000000000e+02
4.840920000000000000e+05 2.792854400000000000e+08 5.404647037037037080e+04 5.018229166666667851e-01 4.000000000000000000e+00 4.000000000000000083e-02 2.000000000000000042e-02 6.326031999999999797e-13 1.000000000000000000e+02
4.841920000000000000e+05 2.792855400000000000e+08 5.404647152777777956e+04 5.025462962962961022e-01 3.000000000000000000e+00 2.999999999999999889e-02 1.732050807568877304e-02 4.744524000000000353e-13 1.000000000000000000e+02
4.842920000000000000e+05 2.792856400000000000e+08 5.404647268518518831e+04 5.032696759259258634e-01 2.000000000000000000e+00 2.000000000000000042e-02 1.414213562373095069e-02 3.163015999999999899e-13 1.000000000000000000e+02
4.843920000000000000e+05 2.792857400000000000e+08 5.404647384259258979e+04 5.039930555555556246e-01 5.000000000000000000e+00 5.000000000000000278e-02 2.236067977499789708e-02 7.907540000000000251e-13 1.000000000000000000e+02
4.844920000000000000e+05 2.792858400000000000e+08 5.404647499999999854e+04 5.047164351851853858e-01 3.000000000000000000e+00 2.999999999999999889e-02 1.732050807568877304e-02 4.744524000000000353e-13 1.000000000000000000e+02
4.845920000000000000e+05 2.792859400000000000e+08 5.404647615740740730e+04 5.054398148148147030e-01 0.000000000000000000e+00 0.000000000000000000e+00 0.000000000000000000e+00 0.000000000000000000e+00 1.000000000000000000e+02
4.846920000000000000e+05 2.792860400000000000e+08 5.404647731481481605e+04 5.061631944444444642e-01 0.000000000000000000e+00 0.000000000000000000e+00 0.000000000000000000e+00 0.000000000000000000e+00 1.000000000000000000e+02
4.847920000000000000e+05 2.792861400000000000e+08 5.404647847222222481e+04 5.068865740740742254e-01 0.000000000000000000e+00 0.000000000000000000e+00 0.000000000000000000e+00 0.000000000000000000e+00 1.000000000000000000e+02
4.848920000000000000e+05 2.792862400000000000e+08 5.404647962962962629e+04 5.076099537037035425e-01 0.000000000000000000e+00 0.000000000000000000e+00 0.000000000000000000e+00 0.000000000000000000e+00 1.000000000000000000e+02
4.849920000000000000e+05 2.792863400000000000e+08 5.404648078703703504e+04 5.083333333333333037e-01 0.000000000000000000e+00 0.000000000000000000e+00 0.000000000000000000e+00 0.000000000000000000e+00 1.000000000000000000e+02
4.850920000000000000e+05 2.792864400000000000e+08 5.404648194444444380e+04 5.090567129629630649e-01 0.000000000000000000e+00 0.000000000000000000e+00 0.000000000000000000e+00 0.000000000000000000e+00 1.000000000000000000e+02
4.851920000000000000e+05 2.792865400000000000e+08 5.404648310185185255e+04 5.097800925925923821e-01 3.000000000000000000e+00 2.999999999999999889e-02 1.732050807568877304e-02 4.744524000000000353e-13 1.000000000000000000e+02
4.852920000000000000e+05 2.792866400000000000e+08 5.404648425925926131e+04 5.105034722222221433e-01 0.000000000000000000e+00 0.000000000000000000e+00 0.000000000000000000e+00 0.000000000000000000e+00 1.000000000000000000e+02
4.853920000000000000e+05 2.792867400000000000e+08 5.404648541666667006e+04 5.112268518518519045e-01 1.000000000000000000e+00 1.000000000000000021e-02 1.000000000000000021e-02 1.581507999999999949e-13 1.000000000000000000e+02
4.854920000000000000e+05 2.792868400000000000e+08 5.404648657407407154e+04 5.119502314814816657e-01 0.000000000000000000e+00 0.000000000000000000e+00 0.000000000000000000e+00 0.000000000000000000e+00 1.000000000000000000e+02
4.855920000000000000e+05 2.792869400000000000e+08 5.404648773148148030e+04 5.126736111111109828e-01 0.000000000000000000e+00 0.000000000000000000e+00 0.000000000000000000e+00 0.000000000000000000e+00 1.000000000000000000e+02
4.856920000000000000e+05 2.792870400000000000e+08 5.404648888888888905e+04 5.133969907407407440e-01 0.000000000000000000e+00 0.000000000000000000e+00 0.000000000000000000e+00 0.000000000000000000e+00 1.000000000000000000e+02
4.857920000000000000e+05 2.792871400000000000e+08 5.404649004629629781e+04 5.141203703703705052e-01 0.000000000000000000e+00 0.000000000000000000e+00 0.000000000000000000e+00 0.000000000000000000e+00 1.000000000000000000e+02
4.858920000000000000e+05 2.792872400000000000e+08 5.404649120370370656e+04 5.148437499999998224e-01 0.000000000000000000e+00 0.000000000000000000e+00 0.000000000000000000e+00 0.000000000000000000e+00 1.000000000000000000e+02
4.859920000000000000e+05 2.792873400000000000e+08 5.404649236111110804e+04 5.155671296296295836e-01 0.000000000000000000e+00 0.000000000000000000e+00 0.000000000000000000e+00 0.000000000000000000e+00 1.000000000000000000e+02
4.860920000000000000e+05 2.792874400000000000e+08 5.404649351851851679e+04 5.162905092592593448e-01 1.000000000000000000e+00 1.000000000000000021e-02 1.000000000000000021e-02 1.581507999999999949e-13 1.000000000000000000e+02
4.861920000000000000e+05 2.792875400000000000e+08 5.404649467592592555e+04 5.170138888888891060e-01 0.000000000000000000e+00 0.000000000000000000e+00 0.000000000000000000e+00 0.000000000000000000e+00 1.000000000000000000e+02
4.862920000000000000e+05 2.792876400000000000e+08 5.404649583333333430e+04 5.177372685185184231e-01 0.000000000000000000e+00 0.000000000000000000e+00 0.000000000000000000e+00 0.000000000000000000e+00 1.000000000000000000e+02
4.863920000000000000e+05 2.792877400000000000e+08 5.404649699074074306e+04 5.184606481481481843e-01 0.000000000000000000e+00 0.000000000000000000e+00 0.000000000000000000e+00 0.000000000000000000e+00 1.000000000000000000e+02
4.864920000000000000e+05 2.792878400000000000e+08 5.404649814814815181e+04 5.191840277777779455e-01 0.000000000000000000e+00 0.000000000000000000e+00 0.000000000000000000e+00 0.000000000000000000e+00 1.000000000000000000e+02
4.865920000000000000e+05 2.792879400000000000e+08 5.404649930555555329e+04 5.199074074074072627e-01 2.000000000000000000e+00 2.000000000000000042e-02 1.414213562373095069e-02 3.163015999999999899e-13 1.000000000000000000e+02
4.866920000000000000e+05 2.792880400000000000e+08 5.404650046296296205e+04 5.206307870370370239e-01 1.000000000000000000e+00 1.000000000000000021e-02 1.000000000000000021e-02 1.581507999999999949e-13 1.000000000000000000e+02
4.867920000000000000e+05 2.792881400000000000e+08 5.404650162037037080e+04 5.213541666666667851e-01 1.000000000000000000e+00 1.000000000000000021e-02 1.000000000000000021e-02 1.581507999999999949e-13 1.000000000000000000e+02
4.868920000000000000e+05 2.792882400000000000e+08 5.404650277777777956e+04 5.220775462962961022e-01 1.000000000000000000e+00 1.000000000000000021e-02 1.000000000000000021e-02 1.581507999999999949e-13 1.000000000000000000e+02
4.869920000000000000e+05 2.792883400000000000e+08 5.404650393518518831e+04 5.228009259259258634e-01 2.000000000000000000e+00 2.000000000000000042e-02 1.414213562373095069e-02 3.163015999999999899e-13 1.000000000000000000e+02
4.870920000000000000e+05 2.792884400000000000e+08 5.404650509259258979e+04 5.235243055555556246e-01 1.000000000000000000e+00 1.000000000000000021e-02 1.000000000000000021e-02 1.581507999999999949e-13 1.000000000000000000e+02
4.871920000000000000e+05 2.792885400000000000e+08 5.404650624999999854e+04 5.242476851851853858e-01 0.000000000000000000e+00 0.000000000000000000e+00 0.000000000000000000e+00 0.000000000000000000e+00 1.000000000000000000e+02
4.872920000000000000e+05 2.792886400000000000e+08 5.404650740740740730e+04 5.249710648148147030e-01 0.000000000000000000e+00 0.000000000000000000e+00 0.000000000000000000e+00 0.000000000000000000e+00 1.000000000000000000e+02
4.873920000000000000e+05 2.792887400000000000e+08 5.404650856481481605e+04 5.256944444444444642e-01 0.000000000000000000e+00 0.000000000000000000e+00 0.000000000000000000e+00 0.000000000000000000e+00 1.000000000000000000e+02
4.874920000000000000e+05 2.792888400000000000e+08 5.404650972222222481e+04 5.264178240740742254e-01 1.000000000000000000e+00 1.000000000000000021e-02 1.000000000000000021e-02 1.581507999999999949e-13 1.000000000000000000e+02
4.875920000000000000e+05 2.792889400000000000e+08 5.404651087962962629e+04 5.271412037037035425e-01 1.000000000000000000e+00 1.000000000000000021e-02 1.000000000000000021e-02 1.581507999999999949e-13 1.000000000000000000e+02
4.876920000000000000e+05 2.792890400000000000e+08 5.404651203703703504e+04 5.278645833333333037e-01 1.000000000000000000e+00 1.000000000000000021e-02 1.000000000000000021e-02 1.581507999999999949e-13 1.000000000000000000e+02
4.877920000000000000e+05 2.792891400000000000e+08 5.404651319444444380e+04 5.285879629629630649e-01 1.000000000000000000e+00 1.000000000000000021e-02 1.000000000000000021e-02 1.581507999999999949e-13 1.000000000000000000e+02
4.878920000000000000e+05 2.792892400000000000e+08 5.404651435185185255e+04 5.293113425925923821e-01 2.000000000000000000e+00 2.000000000000000042e-02 1.414213562373095069e-02 3.163015999999999899e-13 1.000000000000000000e+02
4.879920000000000000e+05 2.792893400000000000e+08 5.404651550925926131e+04 5.300347222222221433e-01 1.000000000000000000e+00 1.000000000000000021e-02 1.000000000000000021e-02 1.581507999999999949e-13 1.000000000000000000e+02
4.880920000000000000e+05 2.792894400000000000e+08 5.404651666666667006e+04 5.307581018518519045e-01 0.000000000000000000e+00 0.000000000000000000e+00 0.000000000000000000e+00 0.000000000000000000e+00 1.000000000000000000e+02
4.881920000000000000e+05 2.792895400000000000e+08 5.404651782407407154e+04 5.314814814814816657e-01 0.000000000000000000e+00 0.000000000000000000e+00 0.000000000000000000e+00 0.000000000000000000e+00 1.000000000000000000e+02
4.882920000000000000e+05 2.792896400000000000e+08 5.404651898148148030e+04 5.322048611111109828e-01 0.000000000000000000e+00 0.000000000000000000e+00 0.000000000000000000e+00 0.000000000000000000e+00 1.000000000000000000e+02
4.883920000000000000e+05 2.792897400000000000e+08 5.404652013888888905e+04 5.329282407407407440e-01 1.000000000000000000e+00 1.000000000000000021e-02 1.000000000000000021e-02 1.581507999999999949e-13 1.000000000000000000e+02
4.884920000000000000e+05 2.792898400000000000e+08 5.404652129629629781e+04 5.336516203703705052e-01 0.000000000000000000e+00 0.000000000000000000e+00 0.000000000000000000e+00 0.000000000000000000e+00 1.000000000000000000e+02
4.885920000000000000e+05 2.792899400000000000e+08 5.404652245370370656e+04 5.343749999999998224e-01 2.000000000000000000e+00 2.000000000000000042e-02 1.414213562373095069e-02 3.163015999999999899e-13 1.000000000000000000e+02
4.886920000000000000e+05 2.792900400000000000e+08 5.404652361111110804e+04 5.350983796296295836e-01 1.000000000000000000e+00 1.000000000000000021e-02 1.000000000000000021e-02 1.581507999999999949e-13 1.000000000000000000e+02
4.887920000000000000e+05 2.792901400000000000e+08 5.404652476851851679e+04 5.358217592592593448e-01 7.000000000000000000e+00 7.000000000000000666e-02 2.645751311064590758e-02 1.107055600000000015e-12 1.000000000000000000e+02
4.888920000000000000e+05 2.792902400000000000e+08 5.404652592592592555e+04 5.365451388888891060e-01 4.000000000000000000e+00 4.000000000000000083e-02 2.000000000000000042e-02 6.326031999999999797e-13 1.000000000000000000e+02
4.889920000000000000e+05 2.792903400000000000e+08 5.404652708333333430e+04 5.372685185185184231e-01 3.000000000000000000e+00 2.999999999999999889e-02 1.732050807568877304e-02 4.744524000000000353e-13 1.000000000000000000e+02
4.890920000000000000e+05 2.792904400000000000e+08 5.404652824074074306e+04 5.379918981481481843e-01 5.000000000000000000e+00 5.000000000000000278e-02 2.236067977499789708e-02 7.907540000000000251e-13 1.000000000000000000e+02
4.891920000000000000e+05 2.792905400000000000e+08 5.404652939814815181e+04 5.387152777777779455e-01 9.000000000000000000e+00 8.999999999999999667e-02 2.999999999999999889e-02 1.423357199999999904e-12 1.000000000000000000e+02
4.892920000000000000e+05 2.792906400000000000e+08 5.404653055555555329e+04 5.394386574074072627e-01 5.000000000000000000e+00 5.000000000000000278e-02 2.236067977499789708e-02 7.907540000000000251e-13 1.000000000000000000e+02
4.893920000000000000e+05 2.792907400000000000e+08 5.404653171296296205e+04 5.401620370370370239e-01 3.000000000000000000e+00 2.999999999999999889e-02 1.732050807568877304e-02 4.744524000000000353e-13 1.000000000000000000e+02
4.894920000000000000e+05 2.792908400000000000e+08 5.404653287037037080e+04 5.408854166666667851e-01 5.000000000000000000e+00 5.000000000000000278e-02 2.236067977499789708e-02 7.907540000000000251e-13 1.000000000000000000e+02
4.895920000000000000e+05 2.792909400000000000e+08 5.404653402777777956e+04 5.416087962962961022e-01 1.000000000000000000e+00 1.000000000000000021e-02 1.000000000000000021e-02 1.581507999999999949e-13 1.000000000000000000e+02
4.896920000000000000e+05 2.792910400000000000e+08 5.404653518518518831e+04 5.423321759259258634e-01 5.000000000000000000e+00 5.000000000000000278e-02 2.236067977499789708e-02 7.907540000000000251e-13 1.000000000000000000e+02
4.897920000000000000e+05 2.792911400000000000e+08 5.404653634259258979e+04 5.430555555555556246e-01 8.000000000000000000e+00 8.000000000000000167e-02 2.828427124746190138e-02 1.265206399999999959e-12 1.000000000000000000e+02
4.898920000000000000e+05 2.792912400000000000e+08 5.404653749999999854e+04 5.437789351851853858e-01 6.000000000000000000e+00 5.999999999999999778e-02 2.449489742783177854e-02 9.489048000000000705e-13 1.000000000000000000e+02
4.899920000000000000e+05 2.792913400000000000e+08 5.404653865740740730e+04 5.445023148148147030e-01 7.000000000000000000e+00 7.000000000000000666e-02 2.645751311064590758e-02 1.107055600000000015e-12 1.000000000000000000e+02
4.900920000000000000e+05 2.792914400000000000e+08 5.404653981481481605e+04 5.452256944444444642e-01 2.000000000000000000e+00 2.000000000000000042e-02 1.414213562373095069e-02 3.163015999999999899e-13 1.000000000000000000e+02
4.901920000000000000e+05 2.792915400000000000e+08 5.404654097222222481e+04 5.459490740740742254e-01 7.000000000000000000e+00 7.000000000000000666e-02 2.645751311064590758e-02 1.107055600000000015e-12 1.000000000000000000e+02
4.902920000000000000e+05 2.792916400000000000e+08 5.404654212962962629e+04 5.466724537037035425e-01 5.000000000000000000e+00 5.000000000000000278e-02 2.236067977499789708e-02 7.907540000000000251e-13 1.000000000000000000e+02
4.903920000000000000e+05 2.792917400000000000e+08 5.404654328703703504e+04 5.473958333333333037e-01 6.000000000000000000e+00 5.999999999999999778e-02 2.449489742783177854e-02 9.489048000000000705e-13 1.000000000000000000e+02
4.904920000000000000e+05 2.792918400000000000e+08 5.404654444444444380e+04 5.481192129629630649e-01 4.000000000000000000e+00 4.000000000000000083e-02 2.000000000000000042e-02 6.326031999999999797e-13 1.000000000000000000e+02
4.905920000000000000e+05 2.792919400000000000e+08 5.404654560185185255e+04 5.488425925925923821e-01 1.400000000000000000e+01 1.400000000000000133e-01 3.741657386773941663e-02 2.214111200000000030e-12 1.000000000000000000e+02
4.906920000000000000e+05 2.792920400000000000e+08 5.404654675925926131e+04 5.495659722222221433e-01 7.000000000000000000e+00 7.000000000000000666e-02 2.645751311064590758e-02 1.107055600000000015e-12 1.000000000000000000e+02
4.907920000000000000e+05 2.792921400000000000e+08 5.404654791666667006e+04 5.502893518518519045e-01 5.000000000000000000e+00 5.000000000000000278e-02 2.236067977499789708e-02 7.907540000000000251e-13 1.000000000000000000e+02
4.908920000000000000e+05 2.792922400000000000e+08 5.404654907407407154e+04 5.510127314814816657e-01 1.100000000000000000e+01 1.100000000000000006e-01 3.316624790355399838e-02 1.739658799999999995e-12 1.000000000000000000e+02
4.909920000000000000e+05 2.792923400000000000e+08 5.404655023148148030e+04 5.517361111111109828e-01 1.500000000000000000e+01 1.499999999999999944e-01 3.872983346207416883e-02 2.372261999999999772e-12 1.000000000000000000e+02
4.910920000000000000e+05 2.792924400000000000e+08 5.404655138888888905e+04 5.524594907407407440e-01 1.300000000000000000e+01 1.300000000000000044e-01 3.605551275463989014e-02 2.055960399999999884e-12 1.000000000000000000e+02
4.911920000000000000e+05 2.792925400000000000e+08 5.404655254629629781e+04 5.531828703703705052e-01 1.000000000000000000e+01 1.000000000000000056e-01 3.162277660168379828e-02 1.581508000000000050e-12 1.000000000000000000e+02
4.912920000000000000e+05 2.792926400000000000e+08 5.404655370370370656e+04 5.539062499999998224e-01 4.000000000000000000e+00 4.000000000000000083e-02 2.000000000000000042e-02 6.326031999999999797e-13 1.000000000000000000e+02
4.913920000000000000e+05 2.792927400000000000e+08 5.404655486111110804e+04 5.546296296296295836e-01 1.100000000000000000e+01 1.100000000000000006e-01 3.316624790355399838e-02 1.739658799999999995e-12 1.000000000000000000e+02
4.914920000000000000e+05 2.792928400000000000e+08 5.404655601851851679e+04 5.553530092592593448e-01 7.000000000000000000e+00 7.000000000000000666e-02 2.645751311064590758e-02 1.107055600000000015e-12 1.000000000000000000e+02
4.915920000000000000e+05 2.792929400000000000e+08 5.404655717592592555e+04 5.560763888888891060e-01 7.000000000000000000e+00 7.000000000000000666e-02 2.645751311064590758e-02 1.107055600000000015e-12 1.000000000000000000e+02
4.916920000000000000e+05 2.792930400000000000e+08 5.404655833333333430e+04 5.567997685185184231e-01 7.000000000000000000e+00 7.000000000000000666e-02 2.645751311064590758e-02 1.107055600000000015e-12 1.000000000000000000e+02
4.917920000000000000e+05 2.792931400000000000e+08 5.404655949074074306e+04 5.575231481481481843e-01 1.000000000000000000e+01 1.000000000000000056e-01 3.162277660168379828e-02 1.581508000000000050e-12 1.000000000000000000e+02
4.918920000000000000e+05 2.792932400000000000e+08 5.404656064814815181e+04 5.582465277777779455e-01 6.000000000000000000e+00 5.999999999999999778e-02 2.449489742783177854e-02 9.489048000000000705e-13 1.000000000000000000e+02
4.919920000000000000e+05 2.792933400000000000e+08 5.404656180555555329e+04 5.589699074074072627e-01 8.000000000000000000e+00 8.000000000000000167e-02 2.828427124746190138e-02 1.265206399999999959e-12 1.000000000000000000e+02
4.920920000000000000e+05 2.792934400000000000e+08 5.404656296296296205e+04 5.596932870370370239e-01 1.300000000000000000e+01 1.300000000000000044e-01 3.605551275463989014e-02 2.055960399999999884e-12 1.000000000000000000e+02
4.921920000000000000e+05 2.792935400000000000e+08 5.404656412037037080e+04 5.604166666666667851e-01 9.000000000000000000e+00 8.999999999999999667e-02 2.999999999999999889e-02 1.423357199999999904e-12 1.000000000000000000e+02
4.922920000000000000e+05 2.792936400000000000e+08 5.404656527777777956e+04 5.611400462962961022e-01 1.800000000000000000e+01 1.799999999999999933e-01 4.242640687119284687e-02 2.846714399999999808e-12 1.000000000000000000e+02
4.923920000000000000e+05 2.792937400000000000e+08 5.404656643518518831e+04 5.618634259259258634e-01 9.000000000000000000e+00 8.999999999999999667e-02 2.999999999999999889e-02 1.423357199999999904e-12 1.000000000000000000e+02
4.924920000000000000e+05 2.792938400000000000e+08 5.404656759259258979e+04 5.625868055555556246e-01 1.000000000000000000e+01 1.000000000000000056e-01 3.162277660168379828e-02 1.581508000000000050e-12 1.000000000000000000e+02
4.925920000000000000e+05 2.792939400000000000e+08 5.404656874999999854e+04 5.633101851851853858e-01 6.000000000000000000e+00 5.999999999999999778e-02 2.449489742783177854e-02 9.489048000000000705e-13 1.000000000000000000e+02
4.926920000000000000e+05 2.792940400000000000e+08 5.404656990740740730e+04 5.640335648148147030e-01 6.000000000000000000e+00 5.999999999999999778e-02 2.449489742783177854e-02 9.489048000000000705e-13 1.000000000000000000e+02
4.927920000000000000e+05 2.792941400000000000e+08 5.404657106481481605e+04 5.647569444444444642e-01 1.100000000000000000e+01 1.100000000000000006e-01 3.316624790355399838e-02 1.739658799999999995e-12 1.000000000000000000e+02
4.928920000000000000e+05 2.792942400000000000e+08 5.404657222222222481e+04 5.654803240740742254e-01 1.500000000000000000e+01 1.499999999999999944e-01 3.872983346207416883e-02 2.372261999999999772e-12 1.000000000000000000e+02
4.929920000000000000e+05 2.792943400000000000e+08 5.404657337962962629e+04 5.662037037037035425e-01 1.100000000000000000e+01 1.100000000000000006e-01 3.316624790355399838e-02 1.739658799999999995e-12 1.000000000000000000e+02
4.930920000000000000e+05 2.792944400000000000e+08 5.404657453703703504e+04 5.669270833333333037e-01 1.100000000000000000e+01 1.100000000000000006e-01 3.316624790355399838e-02 1.739658799999999995e-12 1.000000000000000000e+02
4.931920000000000000e+05 2.792945400000000000e+08 5.404657569444444380e+04 5.676504629629630649e-01 1.200000000000000000e+01 1.199999999999999956e-01 3.464101615137754608e-02 1.897809600000000141e-12 1.000000000000000000e+02
4.932920000000000000e+05 2.792946400000000000e+08 5.404657685185185255e+04 5.683738425925923821e-01 1.000000000000000000e+01 1.000000000000000056e-01 3.162277660168379828e-02 1.581508000000000050e-12 1.000000000000000000e+02
4.933920000000000000e+05 2.792947400000000000e+08 5.404657800925926131e+04 5.690972222222221433e-01 1.100000000000000000e+01 1.100000000000000006e-01 3.316624790355399838e-02 1.739658799999999995e-12 1.000000000000000000e+02
4.934920000000000000e+05 2.792948400000000000e+08 5.404657916666667006e+04 5.698206018518519045e-01 9.000000000000000000e+00 8.999999999999999667e-02 2.999999999999999889e-02 1.423357199999999904e-12 1.000000000000000000e+02
4.935920000000000000e+05 2.792949400000000000e+08 5.404658032407407154e+04 5.705439814814816657e-01 1.300000000000000000e+01 1.300000000000000044e-01 3.605551275463989014e-02 2.055960399999999884e-12 1.000000000000000000e+02
4.936920000000000000e+05 2.792950400000000000e+08 5.404658148148148030e+04 5.712673611111109828e-01 1.100000000000000000e+01 1.100000000000000006e-01 3.316624790355399838e-02 1.739658799999999995e-12 1.000000000000000000e+02
4.937920000000000000e+05 2.792951400000000000e+08 5.404658263888888905e+04 5.719907407407407440e-01 1.600000000000000000e+01 1.600000000000000033e-01 4.000000000000000083e-02 2.530412799999999919e-12 1.000000000000000000e+02
4.938920000000000000e+05 2.792952400000000000e+08 5.404658379629629781e+04 5.727141203703705052e-01 1.200000000000000000e+01 1.199999999999999956e-01 3.464101615137754608e-02 1.897809600000000141e-12 1.000000000000000000e+02
4.939920000000000000e+05 2.792953400000000000e+08 5.404658495370370656e+04 5.734374999999998224e-01 1.400000000000000000e+01 1.400000000000000133e-01 3.741657386773941663e-02 2.214111200000000030e-12 1.000000000000000000e+02
4.940920000000000000e+05 2.792954400000000000e+08 5.404658611111110804e+04 5.741608796296295836e-01 1.700000000000000000e+01 1.700000000000000122e-01 4.123105625617660280e-02 2.688563600000000065e-12 1.000000000000000000e+02
4.941920000000000000e+05 2.792955400000000000e+08 5.404658726851851679e+04 5.748842592592593448e-01 8.000000000000000000e+00 8.000000000000000167e-02 2.828427124746190138e-02 1.265206399999999959e-12 1.000000000000000000e+02
4.942920000000000000e+05 2.792956400000000000e+08 5.404658842592592555e+04 5.756076388888891060e-01 6.000000000000000000e+00 5.999999999999999778e-02 2.449489742783177854e-02 9.489048000000000705e-13 1.000000000000000000e+02
4.943920000000000000e+05 2.792957400000000000e+08 5.404658958333333430e+04 5.763310185185184231e-01 9.000000000000000000e+00 8.999999999999999667e-02 2.999999999999999889e-02 1.423357199999999904e-12 1.000000000000000000e+02
4.944920000000000000e+05 2.792958400000000000e+08 5.404659074074074306e+04 5.770543981481481843e-01 1.100000000000000000e+01 1.100000000000000006e-01 3.316624790355399838e-02 1.739658799999999995e-12 1.000000000000000000e+02
4.945920000000000000e+05 2.792959400000000000e+08 5.404659189814815181e+04 5.777777777777779455e-01 1.200000000000000000e+01 1.199999999999999956e-01 3.464101615137754608e-02 1.897809600000000141e-12 1.000000000000000000e+02
4.946920000000000000e+05 2.792960400000000000e+08 5.404659305555555329e+04 5.785011574074072627e-01 5.000000000000000000e+00 5.000000000000000278e-02 2.236067977499789708e-02 7.907540000000000251e-13 1.000000000000000000e+02
4.947920000000000000e+05 2.792961400000000000e+08 5.404659421296296205e+04 5.792245370370370239e-01 1.900000000000000000e+01 1.900000000000000022e-01 4.358898943540674004e-02 3.004865199999999954e-12 1.000000000000000000e+02
4.948920000000000000e+05 2.792962400000000000e+08 5.404659537037037080e+04 5.799479166666667851e-01 7.000000000000000000e+00 7.000000000000000666e-02 2.645751311064590758e-02 1.107055600000000015e-12 1.000000000000000000e+02
4.949920000000000000e+05 2.792963400000000000e+08 5.404659652777777956e+04 5.806712962962961022e-01 1.200000000000000000e+01 1.199999999999999956e-01 3.464101615137754608e-02 1.897809600000000141e-12 1.000000000000000000e+02
4.950920000000000000e+05 2.792964400000000000e+08 5.404659768518518831e+04 5.813946759259258634e-01 6.000000000000000000e+00 5.999999999999999778e-02 2.449489742783177854e-02 9.489048000000000705e-13 1.000000000000000000e+02
4.951920000000000000e+05 2.792965400000000000e+08 5.404659884259258979e+04 5.821180555555556246e-01 1.500000000000000000e+01 1.499999999999999944e-01 3.872983346207416883e-02 2.372261999999999772e-12 1.000000000000000000e+02
4.952920000000000000e+05 2.792966400000000000e+08 5.404659999999999854e+04 5.828414351851853858e-01 1.600000000000000000e+01 1.600000000000000033e-01 4.000000000000000083e-02 2.530412799999999919e-12 1.000000000000000000e+02
4.953920000000000000e+05 2.792967400000000000e+08 5.404660115740740730e+04 5.835648148148147030e-01 9.000000000000000000e+00 8.999999999999999667e-02 2.999999999999999889e-02 1.423357199999999904e-12 1.000000000000000000e+02
4.954920000000000000e+05 2.792968400000000000e+08 5.404660231481481605e+04 5.842881944444444642e-01 9.000000000000000000e+00 8.999999999999999667e-02 2.999999999999999889e-02 1.423357199999999904e-12 1.000000000000000000e+02
4.955920000000000000e+05 2.792969400000000000e+08 5.404660347222222481e+04 5.850115740740742254e-01 1.800000000000000000e+01 1.799999999999999933e-01 4.242640687119284687e-02 2.846714399999999808e-12 1.000000000000000000e+02
4.956920000000000000e+05 2.792970400000000000e+08 5.404660462962962629e+04 5.857349537037035425e-01 7.000000000000000000e+00 7.000000000000000666e-02 2.645751311064590758e-02 1.107055600000000015e-12 1.000000000000000000e+02
4.957920000000000000e+05 2.792971400000000000e+08 5.404660578703703504e+04 5.864583333333333037e-01 1.600000000000000000e+01 1.600000000000000033e-01 4.000000000000000083e-02 2.530412799999999919e-12 1.000000000000000000e+02
4.958920000000000000e+05 2.792972400000000000e+08 5.404660694444444380e+04 5.871817129629630649e-01 1.400000000000000000e+01 1.400000000000000133e-01 3.741657386773941663e-02 2.214111200000000030e-12 1.000000000000000000e+02
4.959920000000000000e+05 2.792973400000000000e+08 5.404660810185185255e+04 5.879050925925923821e-01 1.700000000000000000e+01 1.700000000000000122e-01 4.123105625617660280e-02 2.688563600000000065e-12 1.000000000000000000e+02
4.960920000000000000e+05 2.792974400000000000e+08 5.404660925925926131e+04 5.886284722222221433e-01 1.600000000000000000e+01 1.600000000000000033e-01 4.000000000000000083e-02 2.530412799999999919e-12 1.000000000000000000e+02
1.050624000000000000e+06 2.798519720000000000e+08 5.405302745370370394e+04 5.999999999999996447e-01 1.700000000000000000e+01 1.700000000000000122e-01 4.123105625617660280e-02 2.688563600000000065e-12 1.000000000000000000e+02
1.050724000000000000e+06 2.798520720000000000e+08 5.405302861111111270e+04 6.007233796296294059e-01 1.400000000000000000e+01 1.400000000000000133e-01 3.741657386773941663e-02 2.214111200000000030e-12 1.000000000000000000e+02
1.050824000000000000e+06 2.798521720000000000e+08 5.405302976851852145e+04 6.014467592592591672e-01 1.400000000000000000e+01 1.400000000000000133e-01 3.741657386773941663e-02 2.214111200000000030e-12 1.000000000000000000e+02
1.050924000000000000e+06 2.798522720000000000e+08 5.405303092592592293e+04 6.021701388888889284e-01 1.300000000000000000e+01 1.300000000000000044e-01 3.605551275463989014e-02 2.055960399999999884e-12 1.000000000000000000e+02
1.051024000000000000e+06 2.798523720000000000e+08 5.405303208333333168e+04 6.028935185185186896e-01 1.800000000000000000e+01 1.799999999999999933e-01 4.242640687119284687e-02 2.846714399999999808e-12 1.000000000000000000e+02
1.051124000000000000e+06 2.798524720000000000e+08 5.405303324074074044e+04 6.036168981481484508e-01 1.400000000000000000e+01 1.400000000000000133e-01 3.741657386773941663e-02 2.214111200000000030e-12 1.000000000000000000e+02
1.051224000000000000e+06 2.798525720000000000e+08 5.405303439814814919e+04 6.043402777777782120e-01 1.100000000000000000e+01 1.100000000000000006e-01 3.316624790355399838e-02 1.739658799999999995e-12 1.000000000000000000e+02
1.051324000000000000e+06 2.798526720000000000e+08 5.405303555555555795e+04 6.050636574074070850e-01 1.900000000000000000e+01 1.900000000000000022e-01 4.358898943540674004e-02 3.004865199999999954e-12 1.000000000000000000e+02
1.051424000000000000e+06 2.798527720000000000e+08 5.405303671296295943e+04 6.057870370370368462e-01 9.000000000000000000e+00 8.999999999999999667e-02 2.999999999999999889e-02 1.423357199999999904e-12 1.000000000000000000e+02
1.051524000000000000e+06 2.798528720000000000e+08 5.405303787037036818e+04 6.065104166666666075e-01 1.500000000000000000e+01 1.499999999999999944e-01 3.872983346207416883e-02 2.372261999999999772e-12 1.000000000000000000e+02
1.051624000000000000e+06 2.798529720000000000e+08 5.405303902777777694e+04 6.072337962962963687e-01 1.500000000000000000e+01 1.499999999999999944e-01 3.872983346207416883e-02 2.372261999999999772e-12 1.000000000000000000e+02
1.051724000000000000e+06 2.798530720000000000e+08 5.405304018518518569e+04 6.079571759259261299e-01 1.500000000000000000e+01 1.499999999999999944e-01 3.872983346207416883e-02 2.372261999999999772e-12 1.000000000000000000e+02
1.051824000000000000e+06 2.798531720000000000e+08 5.405304134259259445e+04 6.086805555555558911e-01 1.200000000000000000e+01 1.199999999999999956e-01 3.464101615137754608e-02 1.897809600000000141e-12 1.000000000000000000e+02
1.051924000000000000e+06 2.798532720000000000e+08 5.405304250000000320e+04 6.094039351851847641e-01 1.100000000000000000e+01 1.100000000000000006e-01 3.316624790355399838e-02 1.739658799999999995e-12 1.000000000000000000e+02
1.052024000000000000e+06 2.798533720000000000e+08 5.405304365740740468e+04 6.101273148148145253e-01 1.200000000000000000e+01 1.199999999999999956e-01 3.464101615137754608e-02 1.897809600000000141e-12 1.000000000000000000e+02
1.052124000000000000e+06 2.798534720000000000e+08 5.405304481481481344e+04 6.108506944444442865e-01 2.200000000000000000e+01 2.200000000000000011e-01 4.690415759823429731e-02 3.479317599999999989e-12 1.000000000000000000e+02
1.052224000000000000e+06 2.798535720000000000e+08 5.405304597222222219e+04 6.115740740740740478e-01 1.300000000000000000e+01 1.300000000000000044e-01 3.605551275463989014e-02 2.055960399999999884e-12 1.000000000000000000e+02
1.052324000000000000e+06 2.798536720000000000e+08 5.405304712962963094e+04 6.122974537037038090e-01 1.300000000000000000e+01 1.300000000000000044e-01 3.605551275463989014e-02 2.055960399999999884e-12 1.000000000000000000e+02
1.052424000000000000e+06 2.798537720000000000e+08 5.405304828703703970e+04 6.130208333333335702e-01 2.000000000000000000e+01 2.000000000000000111e-01 4.472135954999579416e-02 3.163016000000000100e-12 1.000000000000000000e+02
1.052524000000000000e+06 2.798538720000000000e+08 5.405304944444444118e+04 6.137442129629633314e-01 2.000000000000000000e+01 2.000000000000000111e-01 4.472135954999579416e-02 3.163016000000000100e-12 1.000000000000000000e+02
1.052624000000000000e+06 2.798539720000000000e+08 5.405305060185184993e+04 6.144675925925922044e-01 1.000000000000000000e+01 1.000000000000000056e-01 3.162277660168379828e-02 1.581508000000000050e-12 1.000000000000000000e+02
1.052724000000000000e+06 2.798540720000000000e+08 5.405305175925925869e+04 6.151909722222219656e-01 1.700000000000000000e+01 1.700000000000000122e-01 4.123105625617660280e-02 2.688563600000000065e-12 1.000000000000000000e+02
1.052824000000000000e+06 2.798541720000000000e+08 5.405305291666666744e+04 6.159143518518517268e-01 1.800000000000000000e+01 1.799999999999999933e-01 4.242640687119284687e-02 2.846714399999999808e-12 1.000000000000000000e+02
1.052924000000000000e+06 2.798542720000000000e+08 5.405305407407407620e+04 6.166377314814814881e-01 1.300000000000000000e+01 1.300000000000000044e-01 3.605551275463989014e-02 2.055960399999999884e-12 1.000000000000000000e+02
1.053024000000000000e+06 2.798543720000000000e+08 5.405305523148148495e+04 6.173611111111112493e-01 1.500000000000000000e+01 1.499999999999999944e-01 3.872983346207416883e-02 2.372261999999999772e-12 1.000000000000000000e+02
1.053124000000000000e+06 2.798544720000000000e+08 5.405305638888888643e+04 6.180844907407410105e-01 8.000000000000000000e+00 8.000000000000000167e-02 2.828427124746190138e-02 1.265206399999999959e-12 1.000000000000000000e+02
1.053224000000000000e+06 2.798545720000000000e+08 5.405305754629629519e+04 6.188078703703707717e-01 1.400000000000000000e+01 1.400000000000000133e-01 3.741657386773941663e-02 2.214111200000000030e-12 1.000000000000000000e+02
1.053324000000000000e+06 2.798546720000000000e+08 5.405305870370370394e+04 6.195312499999996447e-01 1.900000000000000000e+01 1.900000000000000022e-01 4.358898943540674004e-02 3.004865199999999954e-12 1.000000000000000000e+02
1.053424000000000000e+06 2.798547720000000000e+08 5.405305986111111270e+04 6.202546296296294059e-01 1.100000000000000000e+01 1.100000000000000006e-01 3.316624790355399838e-02 1.739658799999999995e-12 1.000000000000000000e+02
1.053524000000000000e+06 2.798548720000000000e+08 5.405306101851852145e+04 6.209780092592591672e-01 1.600000000000000000e+01 1.600000000000000033e-01 4.000000000000000083e-02 2.530412799999999919e-12 1.000000000000000000e+02
1.053624000000000000e+06 2.798549720000000000e+08 5.405306217592592293e+04 6.217013888888889284e-01 1.500000000000000000e+01 1.499999999999999944e-01 3.872983346207416883e-02 2.372261999999999772e-12 1.000000000000000000e+02
1.053724000000000000e+06 2.798550720000000000e+08 5.405306333333333168e+04 6.224247685185186896e-01 1.000000000000000000e+01 1.000000000000000056e-01 3.162277660168379828e-02 1.581508000000000050e-12 1.000000000000000000e+02
1.053824000000000000e+06 2.798551720000000000e+08 5.405306449074074044e+04 6.231481481481484508e-01 1.600000000000000000e+01 1.600000000000000033e-01 4.000000000000000083e-02 2.530412799999999919e-12 1.000000000000000000e+02
1.053924000000000000e+06 2.798552720000000000e+08 5.405306564814814919e+04 6.238715277777782120e-01 1.400000000000000000e+01 1.400000000000000133e-01 3.741657386773941663e-02 2.214111200000000030e-12 1.000000000000000000e+02
1.054024000000000000e+06 2.798553720000000000e+08 5.405306680555555795e+04 6.245949074074070850e-01 1.800000000000000000e+01 1.799999999999999933e-01 4.242640687119284687e-02 2.846714399999999808e-12 1.000000000000000000e+02
1.054124000000000000e+06 2.798554720000000000e+08 5.405306796296295943e+04 6.253182870370368462e-01 1.900000000000000000e+01 1.900000000000000022e-01 4.358898943540674004e-02 3.004865199999999954e-12 1.000000000000000000e+02
1.054224000000000000e+06 2.798555720000000000e+08 5.405306912037036818e+04 6.260416666666666075e-01 1.800000000000000000e+01 1.799999999999999933e-01 4.242640687119284687e-02 2.846714399999999808e-12 1.000000000000000000e+02
1.054324000000000000e+06 2.798556720000000000e+08 5.405307027777777694e+04 6.267650462962963687e-01 1.300000000000000000e+01 1.300000000000000044e-01 3.605551275463989014e-02 2.055960399999999884e-12 1.000000000000000000e+02
1.054424000000000000e+06 2.798557720000000000e+08 5.405307143518518569e+04 6.274884259259261299e-01 1.100000000000000000e+01 1.100000000000000006e-01 3.316624790355399838e-02 1.739658799999999995e-12 1.000000000000000000e+02
1.054524000000000000e+06 2.798558720000000000e+08 5.405307259259259445e+04 6.282118055555558911e-01 2.100000000000000000e+01 2.099999999999999922e-01 4.582575694955839940e-02 3.321166799999999843e-12 1.000000000000000000e+02
1.054624000000000000e+06 2.798559720000000000e+08 5.405307375000000320e+04 6.289351851851847641e-01 1.300000000000000000e+01 1.300000000000000044e-01 3.605551275463989014e-02 2.055960399999999884e-12 1.000000000000000000e+02
1.054724000000000000e+06 2.798560720000000000e+08 5.405307490740740468e+04 6.296585648148145253e-01 9.000000000000000000e+00 8.999999999999999667e-02 2.999999999999999889e-02 1.423357199999999904e-12 1.000000000000000000e+02
1.054824000000000000e+06 2.798561720000000000e+08 5.405307606481481344e+04 6.303819444444442865e-01 1.700000000000000000e+01 1.700000000000000122e-01 4.123105625617660280e-02 2.688563600000000065e-12 1.000000000000000000e+02
1.054924000000000000e+06 2.798562720000000000e+08 5.405307722222222219e+04 6.311053240740740478e-01 1.100000000000000000e+01 1.100000000000000006e-01 3.316624790355399838e-02 1.739658799999999995e-12 1.000000000000000000e+02
1.055024000000000000e+06 2.798563720000000000e+08 5.405307837962963094e+04 6.318287037037038090e-01 1.200000000000000000e+01 1.199999999999999956e-01 3.464101615137754608e-02 1.897809600000000141e-12 1.000000000000000000e+02
1.055124000000000000e+06 2.798564720000000000e+08 5.405307953703703970e+04 6.325520833333335702e-01 1.500000000000000000e+01 1.499999999999999944e-01 3.872983346207416883e-02 2.372261999999999772e-12 1.000000000000000000e+02
1.055224000000000000e+06 2.798565720000000000e+08 5.405308069444444118e+04 6.332754629629633314e-01 1.100000000000000000e+01 1.100000000000000006e-01 3.316624790355399838e-02 1.739658799999999995e-12 1.000000000000000000e+02
1.055324000000000000e+06 2.798566720000000000e+08 5.405308185185184993e+04 6.339988425925922044e-01 1.100000000000000000e+01 1.100000000000000006e-01 3.316624790355399838e-02 1.739658799999999995e-12 1.000000000000000000e+02
1.055424000000000000e+06 2.798567720000000000e+08 5.405308300925925869e+04 6.347222222222219656e-01 2.000000000000000000e+01 2.000000000000000111e-01 4.472135954999579416e-02 3.163016000000000100e-12 1.000000000000000000e+02
1.055524000000000000e+06 2.798568720000000000e+08 5.405308416666666744e+04 6.354456018518517268e-01 1.500000000000000000e+01 1.499999999999999944e-01 3.872983346207416883e-02 2.372261999999999772e-12 1.000000000000000000e+02
1.055624000000000000e+06 2.798569720000000000e+08 5.405308532407407620e+04 6.361689814814814881e-01 1.600000000000000000e+01 1.600000000000000033e-01 4.000000000000000083e-02 2.530412799999999919e-12 1.000000000000000000e+02
1.055724000000000000e+06 2.798570720000000000e+08 5.405308648148148495e+04 6.368923611111112493e-01 1.300000000000000000e+01 1.300000000000000044e-01 3.605551275463989014e-02 2.055960399999999884e-12 1.000000000000000000e+02
1.055824000000000000e+06 2.798571720000000000e+08 5.405308763888888643e+04 6.376157407407410105e-01 1.400000000000000000e+01 1.400000000000000133e-01 3.741657386773941663e-02 2.214111200000000030e-12 1.000000000000000000e+02
1.055924000000000000e+06 2.798572720000000000e+08 5.405308879629629519e+04 6.383391203703707717e-01 1.700000000000000000e+01 1.700000000000000122e-01 4.123105625617660280e-02 2.688563600000000065e-12 1.000000000000000000e+02
1.056024000000000000e+06 2.798573720000000000e+08 5.405308995370370394e+04 6.390624999999996447e-01 1.100000000000000000e+01 1.100000000000000006e-01 3.316624790355399838e-02 1.739658799999999995e-12 1.000000000000000000e+02
1.056124000000000000e+06 2.798574720000000000e+08 5.405309111111111270e+04 6.397858796296294059e-01 1.500000000000000000e+01 1.499999999999999944e-01 3.872983346207416883e-02 2.372261999999999772e-12 1.000000000000000000e+02
1.056224000000000000e+06 2.798575720000000000e+08 5.405309226851852145e+04 6.405092592592591672e-01 1.900000000000000000e+01 1.900000000000000022e-01 4.358898943540674004e-02 3.004865199999999954e-12 1.000000000000000000e+02
1.056324000000000000e+06 2.798576720000000000e+08 5.405309342592592293e+04 6.412326388888889284e-01 1.500000000000000000e+01 1.499999999999999944e-01 3.872983346207416883e-02 2.372261999999999772e-12 1.000000000000000000e+02
1.056424000000000000e+06 2.798577720000000000e+08 5.405309458333333168e+04 6.419560185185186896e-01 8.000000000000000000e+00 8.000000000000000167e-02 2.828427124746190138e-02 1.265206399999999959e-12 1.000000000000000000e+02
1.056524000000000000e+06 2.798578720000000000e+08 5.405309574074074044e+04 6.426793981481484508e-01 1.100000000000000000e+01 1.100000000000000006e-01 3.316624790355399838e-02 1.739658799999999995e-12 1.000000000000000000e+02
1.056624000000000000e+06 2.798579720000000000e+08 5.405309689814814919e+04 6.434027777777782120e-01 1.200000000000000000e+01 1.199999999999999956e-01 3.464101615137754608e-02 1.897809600000000141e-12 1.000000000000000000e+02
1.056724000000000000e+06 2.798580720000000000e+08 5.405309805555555795e+04 6.441261574074070850e-01 1.200000000000000000e+01 1.199999999999999956e-01 3.464101615137754608e-02 1.897809600000000141e-12 1.000000000000000000e+02
1.056824000000000000e+06 2.798581720000000000e+08 5.405309921296295943e+04 6.448495370370368462e-01 2.100000000000000000e+01 2.099999999999999922e-01 4.582575694955839940e-02 3.321166799999999843e-12 1.000000000000000000e+02
1.056924000000000000e+06 2.798582720000000000e+08 5.405310037037036818e+04 6.455729166666666075e-01 1.500000000000000000e+01 1.499999999999999944e-01 3.872983346207416883e-02 2.372261999999999772e-12 1.000000000000000000e+02
1.057024000000000000e+06 2.798583720000000000e+08 5.405310152777777694e+04 6.462962962962963687e-01 2.100000000000000000e+01 2.099999999999999922e-01 4.582575694955839940e-02 3.321166799999999843e-12 1.000000000000000000e+02
1.057124000000000000e+06 2.798584720000000000e+08 5.405310268518518569e+04 6.470196759259261299e-01 1.200000000000000000e+01 1.199999999999999956e-01 3.464101615137754608e-02 1.897809600000000141e-12 1.000000000000000000e+02
1.057224000000000000e+06 2.798585720000000000e+08 5.405310384259259445e+04 6.477430555555558911e-01 1.400000000000000000e+01 1.400000000000000133e-01 3.741657386773941663e-02 2.214111200000000030e-12 1.000000000000000000e+02
1.057324000000000000e+06 2.798586720000000000e+08 5.405310500000000320e+04 6.484664351851847641e-01 1.800000000000000000e+01 1.799999999999999933e-01 4.242640687119284687e-02 2.846714399999999808e-12 1.000000000000000000e+02
1.057424000000000000e+06 2.798587720000000000e+08 5.405310615740740468e+04 6.491898148148145253e-01 1.200000000000000000e+01 1.199999999999999956e-01 3.464101615137754608e-02 1.897809600000000141e-12 1.000000000000000000e+02
1.057524000000000000e+06 2.798588720000000000e+08 5.405310731481481344e+04 6.499131944444442865e-01 8.000000000000000000e+00 8.000000000000000167e-02 2.828427124746190138e-02 1.265206399999999959e-12 1.000000000000000000e+02
1.057624000000000000e+06 2.798589720000000000e+08 5.405310847222222219e+04 6.506365740740740478e-01 1.500000000000000000e+01 1.499999999999999944e-01 3.872983346207416883e-02 2.372261999999999772e-12 1.000000000000000000e+02
1.057724000000000000e+06 2.798590720000000000e+08 5.405310962962963094e+04 6.513599537037038090e-01 1.600000000000000000e+01 1.600000000000000033e-01 4.000000000000000083e-02 2.530412799999999919e-12 1.000000000000000000e+02
1.057824000000000000e+06 2.798591720000000000e+08 5.405311078703703970e+04 6.520833333333335702e-01 1.700000000000000000e+01 1.700000000000000122e-01 4.123105625617660280e-02 2.688563600000000065e-12 1.000000000000000000e+02
1.057924000000000000e+06 2.798592720000000000e+08 5.405311194444444118e+04 6.528067129629633314e-01 1.500000000000000000e+01 1.499999999999999944e-01 3.872983346207416883e-02 2.372261999999999772e-12 1.000000000000000000e+02
1.058024000000000000e+06 2.798593720000000000e+08 5.405311310185184993e+04 6.535300925925922044e-01 1.600000000000000000e+01 1.600000000000000033e-01 4.000000000000000083e-02 2.530412799999999919e-12 1.000000000000000000e+02
1.058124000000000000e+06 2.798594720000000000e+08 5.405311425925925869e+04 6.542534722222219656e-01 2.600000000000000000e+01 2.600000000000000089e-01 5.099019513592784741e-02 4.111920799999999767e-12 1.000000000000000000e+02
1.058224000000000000e+06 2.798595720000000000e+08 5.405311541666666744e+04 6.549768518518517268e-01 6.000000000000000000e+00 5.999999999999999778e-02 2.449489742783177854e-02 9.489048000000000705e-13 1.000000000000000000e+02
1.058324000000000000e+06 2.798596720000000000e+08 5.405311657407407620e+04 6.557002314814814881e-01 1.100000000000000000e+01 1.100000000000000006e-01 3.316624790355399838e-02 1.739658799999999995e-12 1.000000000000000000e+02
1.058424000000000000e+06 2.798597720000000000e+08 5.405311773148148495e+04 6.564236111111112493e-01 1.200000000000000000e+01 1.199999999999999956e-01 3.464101615137754608e-02 1.897809600000000141e-12 1.000000000000000000e+02
1.058524000000000000e+06 2.798598720000000000e+08 5.405311888888888643e+04 6.571469907407410105e-01 1.400000000000000000e+01 1.400000000000000133e-01 3.741657386773941663e-02 2.214111200000000030e-12 1.000000000000000000e+02
1.058624000000000000e+06 2.798599720000000000e+08 5.405312004629629519e+04 6.578703703703707717e-01 1.100000000000000000e+01 1.100000000000000006e-01 3.316624790355399838e-02 1.739658799999999995e-12 1.000000000000000000e+02
1.058724000000000000e+06 2.798600720000000000e+08 5.405312120370370394e+04 6.585937499999996447e-01 1.400000000000000000e+01 1.400000000000000133e-01 3.741657386773941663e-02 2.214111200000000030e-12 1.000000000000000000e+02
1.058824000000000000e+06 2.798601720000000000e+08 5.405312236111111270e+04 6.593171296296294059e-01 1.300000000000000000e+01 1.300000000000000044e-01 3.605551275463989014e-02 2.055960399999999884e-12 1.000000000000000000e+02
1.058924000000000000e+06 2.798602720000000000e+08 5.405312351851852145e+04 6.600405092592591672e-01 2.500000000000000000e+01 2.500000000000000000e-01 5.000000000000000278e-02 3.953770000000000025e-12 1.000000000000000000e+02
1.059024000000000000e+06 2.798603720000000000e+08 5.405312467592592293e+04 6.607638888888889284e-01 1.000000000000000000e+01 1.000000000000000056e-01 3.162277660168379828e-02 1.581508000000000050e-12 1.000000000000000000e+02
1.059124000000000000e+06 2.798604720000000000e+08 5.405312583333333168e+04 6.614872685185186896e-01 1.400000000000000000e+01 1.400000000000000133e-01 3.741657386773941663e-02 2.214111200000000030e-12 1.000000000000000000e+02
1.059224000000000000e+06 2.798605720000000000e+08 5.405312699074074044e+04 6.622106481481484508e-01 1.100000000000000000e+01 1.100000000000000006e-01 3.316624790355399838e-02 1.739658799999999995e-12 1.000000000000000000e+02
1.059324000000000000e+06 2.798606720000000000e+08 5.405312814814814919e+04 6.629340277777782120e-01 1.100000000000000000e+01 1.100000000000000006e-01 3.316624790355399838e-02 1.739658799999999995e-12 1.000000000000000000e+02
1.059424000000000000e+06 2.798607720000000000e+08 5.405312930555555795e+04 6.636574074074070850e-01 1.700000000000000000e+01 1.700000000000000122e-01 4.123105625617660280e-02 2.688563600000000065e-12 1.000000000000000000e+02
1.059524000000000000e+06 2.798608720000000000e+08 5.405313046296295943e+04 6.643807870370368462e-01 1.300000000000000000e+01 1.300000000000000044e-01 3.605551275463989014e-02 2.055960399999999884e-12 1.000000000000000000e+02
1.059624000000000000e+06 2.798609720000000000e+08 5.405313162037036818e+04 6.651041666666666075e-01 1.400000000000000000e+01 1.400000000000000133e-01 3.741657386773941663e-02 2.214111200000000030e-12 1.000000000000000000e+02
1.059724000000000000e+06 2.798610720000000000e+08 5.405313277777777694e+04 6.658275462962963687e-01 1.100000000000000000e+01 1.100000000000000006e-01 3.316624790355399838e-02 1.739658799999999995e-12 1.000000000000000000e+02
1.059824000000000000e+06 2.798611720000000000e+08 5.405313393518518569e+04 6.665509259259261299e-01 1.900000000000000000e+01 1.900000000000000022e-01 4.358898943540674004e-02 3.004865199999999954e-12 1.000000000000000000e+02
1.059924000000000000e+06 2.798612720000000000e+08 5.405313509259259445e+04 6.672743055555558911e-01 1.200000000000000000e+01 1.199999999999999956e-01 3.464101615137754608e-02 1.897809600000000141e-12 1.000000000000000000e+02
1.060024000000000000e+06 2.798613720000000000e+08 5.405313625000000320e+04 6.679976851851847641e-01 1.000000000000000000e+01 1.000000000000000056e-01 3.162277660168379828e-02 1.581508000000000050e-12 1.000000000000000000e+02
1.060124000000000000e+06 2.798614720000000000e+08 5.405313740740740468e+04 6.687210648148145253e-01 1.400000000000000000e+01 1.400000000000000133e-01 3.741657386773941663e-02 2.214111200000000030e-12 1.000000000000000000e+02
1.060224000000000000e+06 2.798615720000000000e+08 5.405313856481481344e+04 6.694444444444442865e-01 1.300000000000000000e+01 1.300000000000000044e-01 3.605551275463989014e-02 2.055960399999999884e-12 1.000000000000000000e+02
1.060324000000000000e+06 2.798616720000000000e+08 5.405313972222222219e+04 6.701678240740740478e-01 2.000000000000000000e+01 2.000000000000000111e-01 4.472135954999579416e-02 3.163016000000000100e-12 1.000000000000000000e+02
1.060424000000000000e+06 2.798617720000000000e+08 5.405314087962963094e+04 6.708912037037038090e-01 1.500000000000000000e+01 1.499999999999999944e-01 3.872983346207416883e-02 2.372261999999999772e-12 1.000000000000000000e+02
1.060524000000000000e+06 2.798618720000000000e+08 5.405314203703703970e+04 6.716145833333335702e-01 1.200000000000000000e+01 1.199999999999999956e-01 3.464101615137754608e-02 1.897809600000000141e-12 1.000000000000000000e+02
1.060624000000000000e+06 2.798619720000000000e+08 5.405314319444444118e+04 6.723379629629633314e-01 1.700000000000000000e+01 1.700000000000000122e-01 4.123105625617660280e-02 2.688563600000000065e-12 1.000000000000000000e+02
1.060724000000000000e+06 2.798620720000000000e+08 5.405314435185184993e+04 6.730613425925922044e-01 1.800000000000000000e+01 1.799999999999999933e-01 4.242640687119284687e-02 2.846714399999999808e-12 1.000000000000000000e+02
1.060824000000000000e+06 2.798621720000000000e+08 5.405314550925925869e+04 6.737847222222219656e-01 2.100000000000000000e+01 2.099999999999999922e-01 4.582575694955839940e-02 3.321166799999999843e-12 1.000000000000000000e+02
1.060924000000000000e+06 2.798622720000000000e+08 5.405314666666666744e+04 6.745081018518517268e-01 1.700000000000000000e+01 1.700000000000000122e-01 4.123105625617660280e-02 2.688563600000000065e-12 1.000000000000000000e+02
1.061024000000000000e+06 2.798623720000000000e+08 5.405314782407407620e+04 6.752314814814814881e-01 1.200000000000000000e+01 1.199999999999999956e-01 3.464101615137754608e-02 1.897809600000000141e-12 1.000000000000000000e+02
1.061124000000000000e+06 2.798624720000000000e+08 5.405314898148148495e+04 6.759548611111112493e-01 1.500000000000000000e+01 1.499999999999999944e-01 3.872983346207416883e-02 2.372261999999999772e-12 1.000000000000000000e+02
1.061224000000000000e+06 2.798625720000000000e+08 5.405315013888888643e+04 6.766782407407410105e-01 1.700000000000000000e+01 1.700000000000000122e-01 4.123105625617660280e-02 2.688563600000000065e-12 1.000000000000000000e+02
1.061324000000000000e+06 2.798626720000000000e+08 5.405315129629629519e+04 6.774016203703707717e-01 2.200000000000000000e+01 2.200000000000000011e-01 4.690415759823429731e-02 3.479317599999999989e-12 1.000000000000000000e+02
1.061424000000000000e+06 2.798627720000000000e+08 5.405315245370370394e+04 6.781249999999996447e-01 1.900000000000000000e+01 1.900000000000000022e-01 4.358898943540674004e-02 3.004865199999999954e-12 1.000000000000000000e+02
1.061524000000000000e+06 2.798628720000000000e+08 5.405315361111111270e+04 6.788483796296294059e-01 1.700000000000000000e+01 1.700000000000000122e-01 4.123105625617660280e-02 2.688563600000000065e-12 1.000000000000000000e+02
1.061624000000000000e+06 2.798629720000000000e+08 5.405315476851852145e+04 6.795717592592591672e-01 1.600000000000000000e+01 1.600000000000000033e-01 4.000000000000000083e-02 2.530412799999999919e-12 1.000000000000000000e+02
1.061724000000000000e+06 2.798630720000000000e+08 5.405315592592592293e+04 6.802951388888889284e-01 1.200000000000000000e+01 1.199999999999999956e-01 3.464101615137754608e-02 1.897809600000000141e-12 1.000000000000000000e+02
1.061824000000000000e+06 2.798631720000000000e+08 5.405315708333333168e+04 6.810185185185186896e-01 2.000000000000000000e+01 2.000000000000000111e-01 4.472135954999579416e-02 3.163016000000000100e-12 1.000000000000000000e+02
1.061924000000000000e+06 2.798632720000000000e+08 5.405315824074074044e+04 6.817418981481484508e-01 2.400000000000000000e+01 2.399999999999999911e-01 4.898979485566355707e-02 3.795619200000000282e-12 1.000000000000000000e+02
1.062024000000000000e+06 2.798633720000000000e+08 5.405315939814814919e+04 6.824652777777782120e-01 1.400000000000000000e+01 1.400000000000000133e-01 3.741657386773941663e-02 2.214111200000000030e-12 1.000000000000000000e+02
1.062124000000000000e+06 2.798634720000000000e+08 5.405316055555555795e+04 6.831886574074070850e-01 1.300000000000000000e+01 1.300000000000000044e-01 3.605551275463989014e-02 2.055960399999999884e-12 1.000000000000000000e+02
1.062224000000000000e+06 2.798635720000000000e+08 5.405316171296295943e+04 6.839120370370368462e-01 1.700000000000000000e+01 1.700000000000000122e-01 4.123105625617660280e-02 2.688563600000000065e-12 1.000000000000000000e+02
1.062324000000000000e+06 2.798636720000000000e+08 5.405316287037036818e+04 6.846354166666666075e-01 1.500000000000000000e+01 1.499999999999999944e-01 3.872983346207416883e-02 2.372261999999999772e-12 1.000000000000000000e+02
1.062424000000000000e+06 2.798637720000000000e+08 5.405316402777777694e+04 6.853587962962963687e-01 1.800000000000000000e+01 1.799999999999999933e-01 4.242640687119284687e-02 2.846714399999999808e-12 1.000000000000000000e+02
1.062524000000000000e+06 2.798638720000000000e+08 5.405316518518518569e+04 6.860821759259261299e-01 1.400000000000000000e+01 1.400000000000000133e-01 3.741657386773941663e-02 2.214111200000000030e-12 1.000000000000000000e+02
1.062624000000000000e+06 2.798639720000000000e+08 5.405316634259259445e+04 6.868055555555558911e-01 1.200000000000000000e+01 1.199999999999999956e-01 3.464101615137754608e-02 1.897809600000000141e-12 1.000000000000000000e+02
1.062724000000000000e+06 2.798640720000000000e+08 5.405316750000000320e+04 6.875289351851847641e-01 1.400000000000000000e+01 1.400000000000000133e-01 3.741657386773941663e-02 2.214111200000000030e-12 1.000000000000000000e+02
1.062824000000000000e+06 2.798641720000000000e+08 5.405316865740740468e+04 6.882523148148145253e-01 1.500000000000000000e+01 1.499999999999999944e-01 3.872983346207416883e-02 2.372261999999999772e-12 1.000000000000000000e+02
1.062924000000000000e+06 2.798642720000000000e+08 5.405316981481481344e+04 6.889756944444442865e-01 1.100000000000000000e+01 1.100000000000000006e-01 3.316624790355399838e-02 1.739658799999999995e-12 1.000000000000000000e+02
1.063024000000000000e+06 2.798643720000000000e+08 5.405317097222222219e+04 6.896990740740740478e-01 1.600000000000000000e+01 1.600000000000000033e-01 4.000000000000000083e-02 2.530412799999999919e-12 1.000000000000000000e+02
1.063124000000000000e+06 2.798644720000000000e+08 5.405317212962963094e+04 6.904224537037038090e-01 1.100000000000000000e+01 1.100000000000000006e-01 3.316624790355399838e-02 1.739658799999999995e-12 1.000000000000000000e+02
1.063224000000000000e+06 2.798645720000000000e+08 5.405317328703703970e+04 6.911458333333335702e-01 1.200000000000000000e+01 1.199999999999999956e-01 3.464101615137754608e-02 1.897809600000000141e-12 1.000000000000000000e+02
1.063324000000000000e+06 2.798646720000000000e+08 5.405317444444444118e+04 6.918692129629633314e-01 1.700000000000000000e+01 1.700000000000000122e-01 4.123105625617660280e-02 2.688563600000000065e-12 1.000000000000000000e+02
1.063424000000000000e+06 2.798647720000000000e+08 5.405317560185184993e+04 6.925925925925922044e-01 1.700000000000000000e+01 1.700000000000000122e-01 4.123105625617660280e-02 2.688563600000000065e-12 1.000000000000000000e+02
1.063524000000000000e+06 2.798648720000000000e+08 5.405317675925925869e+04 6.933159722222219656e-01 1.600000000000000000e+01 1.600000000000000033e-01 4.000000000000000083e-02 2.530412799999999919e-12 1.000000000000000000e+02
1.063624000000000000e+06 2.798649720000000000e+08 5.405317791666666744e+04 6.940393518518517268e-01 1.200000000000000000e+01 1.199999999999999956e-01 3.464101615137754608e-02 1.897809600000000141e-12 1.000000000000000000e+02
1.063724000000000000e+06 2.798650720000000000e+08 5.405317907407407620e+04 6.947627314814814881e-01 1.600000000000000000e+01 1.600000000000000033e-01 4.000000000000000083e-02 2.530412799999999919e-12 1.000000000000000000e+02
1.063824000000000000e+06 2.798651720000000000e+08 5.405318023148148495e+04 6.954861111111112493e-01 1.200000000000000000e+01 1.199999999999999956e-01 3.464101615137754608e-02 1.897809600000000141e-12 1.000000000000000000e+02
1.063924000000000000e+06 2.798652720000000000e+08 5.405318138888888643e+04 6.962094907407410105e-01 1.500000000000000000e+01 1.499999999999999944e-01 3.872983346207416883e-02 2.372261999999999772e-12 1.000000000000000000e+02
1.064024000000000000e+06 2.798653720000000000e+08 5.405318254629629519e+04 6.969328703703707717e-01 1.200000000000000000e+01 1.199999999999999956e-01 3.464101615137754608e-02 1.897809600000000141e-12 1.000000000000000000e+02
1.064124000000000000e+06 2.798654720000000000e+08 5.405318370370370394e+04 6.976562499999996447e-01 8.000000000000000000e+00 8.000000000000000167e-02 2.828427124746190138e-02 1.265206399999999959e-12 1.000000000000000000e+02
1.064224000000000000e+06 2.798655720000000000e+08 5.405318486111111270e+04 6.983796296296294059e-01 1.100000000000000000e+01 1.100000000000000006e-01 3.316624790355399838e-02 1.739658799999999995e-12 1.000000000000000000e+02
1.064324000000000000e+06 2.798656720000000000e+08 5.405318601851852145e+04 6.991030092592591672e-01 2.500000000000000000e+01 2.500000000000000000e-01 5.000000000000000278e-02 3.953770000000000025e-12 1.000000000000000000e+02
1.064424000000000000e+06 2.798657720000000000e+08 5.405318717592592293e+04 6.998263888888889284e-01 1.700000000000000000e+01 1.700000000000000122e-01 4.123105625617660280e-02 2.688563600000000065e-12 1.000000000000000000e+02
1.064524000000000000e+06 2.798658720000000000e+08 5.405318833333333168e+04 7.005497685185186896e-01 1.200000000000000000e+01 1.199999999999999956e-01 3.464101615137754608e-02 1.897809600000000141e-12 1.000000000000000000e+02
1.064624000000000000e+06 2.798659720000000000e+08 5.405318949074074044e+04 7.012731481481484508e-01 1.900000000000000000e+01 1.900000000000000022e-01 4.358898943540674004e-02 3.004865199999999954e-12 1.000000000000000000e+02
1.064724000000000000e+06 2.798660720000000000e+08 5.405319064814814919e+04 7.019965277777782120e-01 1.600000000000000000e+01 1.600000000000000033e-01 4.000000000000000083e-02 2.530412799999999919e-12 1.000000000000000000e+02
1.064824000000000000e+06 2.798661720000000000e+08 5.405319180555555795e+04 7.027199074074070850e-01 1.900000000000000000e+01 1.900000000000000022e-01 4.358898943540674004e-02 3.004865199999999954e-12 1.000000000000000000e+02
1.064924000000000000e+06 2.798662720000000000e+08 5.405319296296295943e+04 7.034432870370368462e-01 1.000000000000000000e+01 1.000000000000000056e-01 3.162277660168379828e-02 1.581508000000000050e-12 1.000000000000000000e+02
1.065024000000000000e+06 2.798663720000000000e+08 5.405319412037036818e+04 7.041666666666666075e-01 1.700000000000000000e+01 1.700000000000000122e-01 4.123105625617660280e-02 2.688563600000000065e-12 1.000000000000000000e+02
1.065124000000000000e+06 2.798664720000000000e+08 5.405319527777777694e+04 7.048900462962963687e-01 1.300000000000000000e+01 1.300000000000000044e-01 3.605551275463989014e-02 2.055960399999999884e-12 1.000000000000000000e+02
1.065224000000000000e+06 2.798665720000000000e+08 5.405319643518518569e+04 7.056134259259261299e-01 1.800000000000000000e+01 1.799999999999999933e-01 4.242640687119284687e-02 2.846714399999999808e-12 1.000000000000000000e+02
1.065324000000000000e+06 2.798666720000000000e+08 5.405319759259259445e+04 7.063368055555558911e-01 1.600000000000000000e+01 1.600000000000000033e-01 4.000000000000000083e-02 2.530412799999999919e-12 1.000000000000000000e+02
1.065424000000000000e+06 2.798667720000000000e+08 5.405319875000000320e+04 7.070601851851847641e-01 2.200000000000000000e+01 2.200000000000000011e-01 4.690415759823429731e-02 3.479317599999999989e-12 1.000000000000000000e+02
1.065524000000000000e+06 2.798668720000000000e+08 5.405319990740740468e+04 7.077835648148145253e-01 1.800000000000000000e+01 1.799999999999999933e-01 4.242640687119284687e-02 2.846714399999999808e-12 1.000000000000000000e+02
1.065624000000000000e+06 2.798669720000000000e+08 5.405320106481481344e+04 7.085069444444442865e-01 2.200000000000000000e+01 2.200000000000000011e-01 4.690415759823429731e-02 3.479317599999999989e-12 1.000000000000000000e+02
1.065724000000000000e+06 2.798670720000000000e+08 5.405320222222222219e+04 7.092303240740740478e-01 1.300000000000000000e+01 1.300000000000000044e-01 3.605551275463989014e-02 2.055960399999999884e-12 1.000000000000000000e+02
1.065824000000000000e+06 2.798671720000000000e+08 5.405320337962963094e+04 7.099537037037038090e-01 2.000000000000000000e+01 2.000000000000000111e-01 4.472135954999579416e-02 3.163016000000000100e-12 1.000000000000000000e+02
1.065924000000000000e+06 2.798672720000000000e+08 5.405320453703703970e+04 7.106770833333335702e-01 2.300000000000000000e+01 2.300000000000000100e-01 4.795831523312719252e-02 3.637468400000000136e-12 1.000000000000000000e+02
1.066024000000000000e+06 2.798673720000000000e+08 5.405320569444444118e+04 7.114004629629633314e-01 1.100000000000000000e+01 1.100000000000000006e-01 3.316624790355399838e-02 1.739658799999999995e-12 1.000000000000000000e+02
1.066124000000000000e+06 2.798674720000000000e+08 5.405320685185184993e+04 7.121238425925922044e-01 1.300000000000000000e+01 1.300000000000000044e-01 3.605551275463989014e-02 2.055960399999999884e-12 1.000000000000000000e+02
1.066224000000000000e+06 2.798675720000000000e+08 5.405320800925925869e+04 7.128472222222219656e-01 2.700000000000000000e+01 2.700000000000000178e-01 5.196152422706631913e-02 4.270071600000000317e-12 1.000000000000000000e+02
1.066324000000000000e+06 2.798676720000000000e+08 5.405320916666666744e+04 7.135706018518517268e-01 9.000000000000000000e+00 8.999999999999999667e-02 2.999999999999999889e-02 1.423357199999999904e-12 1.000000000000000000e+02
1.066424000000000000e+06 2.798677720000000000e+08 5.405321032407407620e+04 7.142939814814814881e-01 1.300000000000000000e+01 1.300000000000000044e-01 3.605551275463989014e-02 2.055960399999999884e-12 1.000000000000000000e+02
1.066524000000000000e+06 2.798678720000000000e+08 5.405321148148148495e+04 7.150173611111112493e-01 8.000000000000000000e+00 8.000000000000000167e-02 2.828427124746190138e-02 1.265206399999999959e-12 1.000000000000000000e+02
1.066624000000000000e+06 2.798679720000000000e+08 5.405321263888888643e+04 7.157407407407410105e-01 1.500000000000000000e+01 1.499999999999999944e-01 3.872983346207416883e-02 2.372261999999999772e-12 1.000000000000000000e+02
1.066724000000000000e+06 2.798680720000000000e+08 5.405321379629629519e+04 7.164641203703707717e-01 2.200000000000000000e+01 2.200000000000000011e-01 4.690415759823429731e-02 3.479317599999999989e-12 1.000000000000000000e+02
1.066824000000000000e+06 2.798681720000000000e+08 5.405321495370370394e+04 7.171874999999996447e-01 1.100000000000000000e+01 1.100000000000000006e-01 3.316624790355399838e-02 1.739658799999999995e-12 1.000000000000000000e+02
1.066924000000000000e+06 2.798682720000000000e+08 5.405321611111111270e+04 7.179108796296294059e-01 1.900000000000000000e+01 1.900000000000000022e-01 4.358898943540674004e-02 3.004865199999999954e-12 1.000000000000000000e+02
1.067024000000000000e+06 2.798683720000000000e+08 5.405321726851852145e+04 7.186342592592591672e-01 1.300000000000000000e+01 1.300000000000000044e-01 3.605551275463989014e-02 2.055960399999999884e-12 1.000000000000000000e+02
1.067124000000000000e+06 2.798684720000000000e+08 5.405321842592592293e+04 7.193576388888889284e-01 1.900000000000000000e+01 1.900000000000000022e-01 4.358898943540674004e-02 3.004865199999999954e-12 1.000000000000000000e+02
1.067224000000000000e+06 2.798685720000000000e+08 5.405321958333333168e+04 7.200810185185186896e-01 1.700000000000000000e+01 1.700000000000000122e-01 4.123105625617660280e-02 2.688563600000000065e-12 1.000000000000000000e+02
1.067324000000000000e+06 2.798686720000000000e+08 5.405322074074074044e+04 7.208043981481484508e-01 1.200000000000000000e+01 1.199999999999999956e-01 3.464101615137754608e-02 1.897809600000000141e-12 1.000000000000000000e+02
1.067424000000000000e+06 2.798687720000000000e+08 5.405322189814814919e+04 7.215277777777782120e-01 1.400000000000000000e+01 1.400000000000000133e-01 3.741657386773941663e-02 2.214111200000000030e-12 1.000000000000000000e+02
1.067524000000000000e+06 2.798688720000000000e+08 5.405322305555555795e+04 7.222511574074070850e-01 1.300000000000000000e+01 1.300000000000000044e-01 3.605551275463989014e-02 2.055960399999999884e-12 1.000000000000000000e+02
1.067624000000000000e+06 2.798689720000000000e+08 5.405322421296295943e+04 7.229745370370368462e-01 1.700000000000000000e+01 1.700000000000000122e-01 4.123105625617660280e-02 2.688563600000000065e-12 1.000000000000000000e+02
1.067724000000000000e+06 2.798690720000000000e+08 5.405322537037036818e+04 7.236979166666666075e-01 1.700000000000000000e+01 1.700000000000000122e-01 4.123105625617660280e-02 2.688563600000000065e-12 1.000000000000000000e+02
1.067824000000000000e+06 2.798691720000000000e+08 5.405322652777777694e+04 7.244212962962963687e-01 1.100000000000000000e+01 1.100000000000000006e-01 3.316624790355399838e-02 1.739658799999999995e-12 1.000000000000000000e+02
1.067924000000000000e+06 2.798692720000000000e+08 5.405322768518518569e+04 7.251446759259261299e-01 1.200000000000000000e+01 1.199999999999999956e-01 3.464101615137754608e-02 1.897809600000000141e-12 1.000000000000000000e+02
1.068024000000000000e+06 2.798693720000000000e+08 5.405322884259259445e+04 7.258680555555558911e-01 9.000000000000000000e+00 8.999999999999999667e-02 2.999999999999999889e-02 1.423357199999999904e-12 1.000000000000000000e+02
1.068124000000000000e+06 2.798694720000000000e+08 5.405323000000000320e+04 7.265914351851847641e-01 1.100000000000000000e+01 1.100000000000000006e-01 3.316624790355399838e-02 1.739658799999999995e-12 1.000000000000000000e+02
1.068224000000000000e+06 2.798695720000000000e+08 5.405323115740740468e+04 7.273148148148145253e-01 1.600000000000000000e+01 1.600000000000000033e-01 4.000000000000000083e-02 2.530412799999999919e-12 1.000000000000000000e+02
1.068324000000000000e+06 2.798696720000000000e+08 5.405323231481481344e+04 7.280381944444442865e-01 2.400000000000000000e+01 2.399999999999999911e-01 4.898979485566355707e-02 3.795619200000000282e-12 1.000000000000000000e+02
1.068424000000000000e+06 2.798697720000000000e+08 5.405323347222222219e+04 7.287615740740740478e-01 2.300000000000000000e+01 2.300000000000000100e-01 4.795831523312719252e-02 3.637468400000000136e-12 1.000000000000000000e+02
1.068524000000000000e+06 2.798698720000000000e+08 5.405323462962963094e+04 7.294849537037038090e-01 1.500000000000000000e+01 1.499999999999999944e-01 3.872983346207416883e-02 2.372261999999999772e-12 1.000000000000000000e+02
1.068624000000000000e+06 2.798699720000000000e+08 5.405323578703703970e+04 7.302083333333335702e-01 1.600000000000000000e+01 1.600000000000000033e-01 4.000000000000000083e-02 2.530412799999999919e-12 1.000000000000000000e+02
1.068724000000000000e+06 2.798700720000000000e+08 5.405323694444444118e+04 7.309317129629633314e-01 1.500000000000000000e+01 1.499999999999999944e-01 3.872983346207416883e-02 2.372261999999999772e-12 1.000000000000000000e+02
1.068824000000000000e+06 2.798701720000000000e+08 5.405323810185184993e+04 7.316550925925922044e-01 2.300000000000000000e+01 2.300000000000000100e-01 4.795831523312719252e-02 3.637468400000000136e-12 1.000000000000000000e+02
1.068924000000000000e+06 2.798702720000000000e+08 5.405323925925925869e+04 7.323784722222219656e-01 1.500000000000000000e+01 1.499999999999999944e-01 3.872983346207416883e-02 2.372261999999999772e-12 1.000000000000000000e+02
1.069024000000000000e+06 2.798703720000000000e+08 5.405324041666666744e+04 7.331018518518517268e-01 1.000000000000000000e+01 1.000000000000000056e-01 3.162277660168379828e-02 1.581508000000000050e-12 1.000000000000000000e+02
1.069124000000000000e+06 2.798704720000000000e+08 5.405324157407407620e+04 7.338252314814814881e-01 1.300000000000000000e+01 1.300000000000000044e-01 3.605551275463989014e-02 2.055960399999999884e-12 1.000000000000000000e+02
1.069224000000000000e+06 2.798705720000000000e+08 5.405324273148148495e+04 7.345486111111112493e-01 1.400000000000000000e+01 1.400000000000000133e-01 3.741657386773941663e-02 2.214111200000000030e-12 1.000000000000000000e+02
1.069324000000000000e+06 2.798706720000000000e+08 5.405324388888888643e+04 7.352719907407410105e-01 1.800000000000000000e+01 1.799999999999999933e-01 4.242640687119284687e-02 2.846714399999999808e-12 1.000000000000000000e+02
1.069424000000000000e+06 2.798707720000000000e+08 5.405324504629629519e+04 7.359953703703707717e-01 1.700000000000000000e+01 1.700000000000000122e-01 4.123105625617660280e-02 2.688563600000000065e-12 1.000000000000000000e+02
1.069524000000000000e+06 2.798708720000000000e+08 5.405324620370370394e+04 7.367187499999996447e-01 2.200000000000000000e+01 2.200000000000000011e-01 4.690415759823429731e-02 3.479317599999999989e-12 1.000000000000000000e+02
1.069624000000000000e+06 2.798709720000000000e+08 5.405324736111111270e+04 7.374421296296294059e-01 2.500000000000000000e+01 2.500000000000000000e-01 5.000000000000000278e-02 3.953770000000000025e-12 1.000000000000000000e+02
1.069724000000000000e+06 2.798710720000000000e+08 5.405324851851852145e+04 7.381655092592591672e-01 1.600000000000000000e+01 1.600000000000000033e-01 4.000000000000000083e-02 2.530412799999999919e-12 1.000000000000000000e+02
1.069824000000000000e+06 2.798711720000000000e+08 5.405324967592592293e+04 7.388888888888889284e-01 2.100000000000000000e+01 2.099999999999999922e-01 4.582575694955839940e-02 3.321166799999999843e-12 1.000000000000000000e+02
1.069924000000000000e+06 2.798712720000000000e+08 5.405325083333333168e+04 7.396122685185186896e-01 1.500000000000000000e+01 1.499999999999999944e-01 3.872983346207416883e-02 2.372261999999999772e-12 1.000000000000000000e+02
1.070024000000000000e+06 2.798713720000000000e+08 5.405325199074074044e+04 7.403356481481484508e-01 1.800000000000000000e+01 1.799999999999999933e-01 4.242640687119284687e-02 2.846714399999999808e-12 1.000000000000000000e+02
1.070124000000000000e+06 2.798714720000000000e+08 5.405325314814814919e+04 7.410590277777782120e-01 1.600000000000000000e+01 1.600000000000000033e-01 4.000000000000000083e-02 2.530412799999999919e-12 1.000000000000000000e+02
1.070224000000000000e+06 2.798715720000000000e+08 5.405325430555555795e+04 7.417824074074070850e-01 1.400000000000000000e+01 1.400000000000000133e-01 3.741657386773941663e-02 2.214111200000000030e-12 1.000000000000000000e+02
1.070324000000000000e+06 2.798716720000000000e+08 5.405325546296295943e+04 7.425057870370368462e-01 9.000000000000000000e+00 8.999999999999999667e-02 2.999999999999999889e-02 1.423357199999999904e-12 1.000000000000000000e+02
1.070424000000000000e+06 2.798717720000000000e+08 5.405325662037036818e+04 7.432291666666666075e-01 1.300000000000000000e+01 1.300000000000000044e-01 3.605551275463989014e-02 2.055960399999999884e-12 1.000000000000000000e+02
1.070524000000000000e+06 2.798718720000000000e+08 5.405325777777777694e+04 7.439525462962963687e-01 1.200000000000000000e+01 1.199999999999999956e-01 3.464101615137754608e-02 1.897809600000000141e-12 1.000000000000000000e+02
1.070624000000000000e+06 2.798719720000000000e+08 5.405325893518518569e+04 7.446759259259261299e-01 8.000000000000000000e+00 8.000000000000000167e-02 2.828427124746190138e-02 1.265206399999999959e-12 1.000000000000000000e+02
1.070724000000000000e+06 2.798720720000000000e+08 5.405326009259259445e+04 7.453993055555558911e-01 1.500000000000000000e+01 1.499999999999999944e-01 3.872983346207416883e-02 2.372261999999999772e-12 1.000000000000000000e+02
1.070824000000000000e+06 2.798721720000000000e+08 5.405326125000000320e+04 7.461226851851847641e-01 1.500000000000000000e+01 1.499999999999999944e-01 3.872983346207416883e-02 2.372261999999999772e-12 1.000000000000000000e+02
1.070924000000000000e+06 2.798722720000000000e+08 5.405326240740740468e+04 7.468460648148145253e-01 1.400000000000000000e+01 1.400000000000000133e-01 3.741657386773941663e-02 2.214111200000000030e-12 1.000000000000000000e+02
1.071024000000000000e+06 2.798723720000000000e+08 5.405326356481481344e+04 7.475694444444442865e-01 1.500000000000000000e+01 1.499999999999999944e-01 3.872983346207416883e-02 2.372261999999999772e-12 1.000000000000000000e+02
1.071124000000000000e+06 2.798724720000000000e+08 5.405326472222222219e+04 7.482928240740740478e-01 1.900000000000000000e+01 1.900000000000000022e-01 4.358898943540674004e-02 3.004865199999999954e-12 1.000000000000000000e+02
1.071224000000000000e+06 2.798725720000000000e+08 5.405326587962963094e+04 7.490162037037038090e-01 1.700000000000000000e+01 1.700000000000000122e-01 4.123105625617660280e-02 2.688563600000000065e-12 1.000000000000000000e+02
1.071324000000000000e+06 2.798726720000000000e+08 5.405326703703703970e+04 7.497395833333335702e-01 1.600000000000000000e+01 1.600000000000000033e-01 4.000000000000000083e-02 2.530412799999999919e-12 1.000000000000000000e+02
1.071424000000000000e+06 2.798727720000000000e+08 5.405326819444444118e+04 7.504629629629633314e-01 1.300000000000000000e+01 1.300000000000000044e-01 3.605551275463989014e-02 2.055960399999999884e-12 1.000000000000000000e+02
1.071524000000000000e+06 2.798728720000000000e+08 5.405326935185184993e+04 7.511863425925922044e-01 1.900000000000000000e+01 1.900000000000000022e-01 4.358898943540674004e-02 3.004865199999999954e-12 1.000000000000000000e+02
1.071624000000000000e+06 2.798729720000000000e+08 5.405327050925925869e+04 7.519097222222219656e-01 1.600000000000000000e+01 1.600000000000000033e-01 4.000000000000000083e-02 2.530412799999999919e-12 1.000000000000000000e+02
1.071724000000000000e+06 2.798730720000000000e+08 5.405327166666666744e+04 7.526331018518517268e-01 2.200000000000000000e+01 2.200000000000000011e-01 4.690415759823429731e-02 3.479317599999999989e-12 1.000000000000000000e+02
1.071824000000000000e+06 2.798731720000000000e+08 5.405327282407407620e+04 7.533564814814814881e-01 2.300000000000000000e+01 2.300000000000000100e-01 4.795831523312719252e-02 3.637468400000000136e-12 1.000000000000000000e+02
1.071924000000000000e+06 2.798732720000000000e+08 5.405327398148148495e+04 7.540798611111112493e-01 2.100000000000000000e+01 2.099999999999999922e-01 4.582575694955839940e-02 3.321166799999999843e-12 1.000000000000000000e+02
1.072024000000000000e+06 2.798733720000000000e+08 5.405327513888888643e+04 7.548032407407410105e-01 1.800000000000000000e+01 1.799999999999999933e-01 4.242640687119284687e-02 2.846714399999999808e-12 1.000000000000000000e+02
1.072124000000000000e+06 2.798734720000000000e+08 5.405327629629629519e+04 7.555266203703707717e-01 1.800000000000000000e+01 1.799999999999999933e-01 4.242640687119284687e-02 2.846714399999999808e-12 1.000000000000000000e+02
1.072224000000000000e+06 2.798735720000000000e+08 5.405327745370370394e+04 7.562499999999996447e-01 2.200000000000000000e+01 2.200000000000000011e-01 4.690415759823429731e-02 3.479317599999999989e-12 1.000000000000000000e+02
1.072324000000000000e+06 2.798736720000000000e+08 5.405327861111111270e+04 7.569733796296294059e-01 1.900000000000000000e+01 1.900000000000000022e-01 4.358898943540674004e-02 3.004865199999999954e-12 1.000000000000000000e+02
1.072424000000000000e+06 2.798737720000000000e+08 5.405327976851852145e+04 7.576967592592591672e-01 2.000000000000000000e+01 2.000000000000000111e-01 4.472135954999579416e-02 3.163016000000000100e-12 1.000000000000000000e+02
1.072524000000000000e+06 2.798738720000000000e+08 5.405328092592592293e+04 7.584201388888889284e-01 1.500000000000000000e+01 1.499999999999999944e-01 3.872983346207416883e-02 2.372261999999999772e-12 1.000000000000000000e+02
1.072624000000000000e+06 2.798739720000000000e+08 5.405328208333333168e+04 7.591435185185186896e-01 1.200000000000000000e+01 1.199999999999999956e-01 3.464101615137754608e-02 1.897809600000000141e-12 1.000000000000000000e+02
1.072724000000000000e+06 2.798740720000000000e+08 5.405328324074074044e+04 7.598668981481484508e-01 1.900000000000000000e+01 1.900000000000000022e-01 4.358898943540674004e-02 3.004865199999999954e-12 1.000000000000000000e+02
1.072824000000000000e+06 2.798741720000000000e+08 5.405328439814814919e+04 7.605902777777782120e-01 1.300000000000000000e+01 1.300000000000000044e-01 3.605551275463989014e-02 2.055960399999999884e-12 1.000000000000000000e+02
1.075924000000000000e+06 2.798772720000000000e+08 5.405332027777777694e+04 7.830150462962963687e-01 1.900000000000000000e+01 1.900000000000000022e-01 4.358898943540674004e-02 3.004865199999999954e-12 1.000000000000000000e+02
1.076024000000000000e+06 2.798773720000000000e+08 5.405332143518518569e+04 7.837384259259261299e-01 1.300000000000000000e+01 1.300000000000000044e-01 3.605551275463989014e-02 2.055960399999999884e-12 1.000000000000000000e+02
1.076124000000000000e+06 2.798774720000000000e+08 5.405332259259259445e+04 7.844618055555558911e-01 1.400000000000000000e+01 1.400000000000000133e-01 3.741657386773941663e-02 2.214111200000000030e-12 1.000000000000000000e+02
1.076224000000000000e+06 2.798775720000000000e+08 5.405332375000000320e+04 7.851851851851847641e-01 2.000000000000000000e+01 2.000000000000000111e-01 4.472135954999579416e-02 3.163016000000000100e-12 1.000000000000000000e+02
1.076324000000000000e+06 2.798776720000000000e+08 5.405332490740740468e+04 7.859085648148145253e-01 1.700000000000000000e+01 1.700000000000000122e-01 4.123105625617660280e-02 2.688563600000000065e-12 1.000000000000000000e+02
1.076424000000000000e+06 2.798777720000000000e+08 5.405332606481481344e+04 7.866319444444442865e-01 2.300000000000000000e+01 2.300000000000000100e-01 4.795831523312719252e-02 3.637468400000000136e-12 1.000000000000000000e+02
1.076524000000000000e+06 2.798778720000000000e+08 5.405332722222222219e+04 7.873553240740740478e-01 1.800000000000000000e+01 1.799999999999999933e-01 4.242640687119284687e-02 2.846714399999999808e-12 1.000000000000000000e+02
1.076624000000000000e+06 2.798779720000000000e+08 5.405332837962963094e+04 7.880787037037038090e-01 2.000000000000000000e+01 2.000000000000000111e-01 4.472135954999579416e-02 3.163016000000000100e-12 1.000000000000000000e+02
1.076724000000000000e+06 2.798780720000000000e+08 5.405332953703703970e+04 7.888020833333335702e-01 1.700000000000000000e+01 1.700000000000000122e-01 4.123105625617660280e-02 2.688563600000000065e-12 1.000000000000000000e+02
1.076824000000000000e+06 2.798781720000000000e+08 5.405333069444444118e+04 7.895254629629633314e-01 1.900000000000000000e+01 1.900000000000000022e-01 4.358898943540674004e-02 3.004865199999999954e-12 1.000000000000000000e+02
1.076924000000000000e+06 2.798782720000000000e+08 5.405333185185184993e+04 7.902488425925922044e-01 1.700000000000000000e+01 1.700000000000000122e-01 4.123105625617660280e-02 2.688563600000000065e-12 1.000000000000000000e+02
1.080024000000000000e+06 2.798813720000000000e+08 5.405336773148148495e+04 8.126736111111112493e-01 1.500000000000000000e+01 1.499999999999999944e-01 3.872983346207416883e-02 2.372261999999999772e-12 1.000000000000000000e+02
1.080124000000000000e+06 2.798814720000000000e+08 5.405336888888888643e+04 8.133969907407410105e-01 1.700000000000000000e+01 1.700000000000000122e-01 4.123105625617660280e-02 2.688563600000000065e-12 1.000000000000000000e+02
1.080224000000000000e+06 2.798815720000000000e+08 5.405337004629629519e+04 8.141203703703707717e-01 1.400000000000000000e+01 1.400000000000000133e-01 3.741657386773941663e-02 2.214111200000000030e-12 1.000000000000000000e+02
1.080324000000000000e+06 2.798816720000000000e+08 5.405337120370370394e+04 8.148437499999996447e-01 1.100000000000000000e+01 1.100000000000000006e-01 3.316624790355399838e-02 1.739658799999999995e-12 1.000000000000000000e+02
1.080424000000000000e+06 2.798817720000000000e+08 5.405337236111111270e+04 8.155671296296294059e-01 1.700000000000000000e+01 1.700000000000000122e-01 4.123105625617660280e-02 2.688563600000000065e-12 1.000000000000000000e+02
1.080524000000000000e+06 2.798818720000000000e+08 5.405337351851852145e+04 8.162905092592591672e-01 1.900000000000000000e+01 1.900000000000000022e-01 4.358898943540674004e-02 3.004865199999999954e-12 1.000000000000000000e+02
1.080624000000000000e+06 2.798819720000000000e+08 5.405337467592592293e+04 8.170138888888889284e-01 1.400000000000000000e+01 1.400000000000000133e-01 3.741657386773941663e-02 2.214111200000000030e-12 1.000000000000000000e+02
1.080724000000000000e+06 2.798820720000000000e+08 5.405337583333333168e+04 8.177372685185186896e-01 1.700000000000000000e+01 1.700000000000000122e-01 4.123105625617660280e-02 2.688563600000000065e-12 1.000000000000000000e+02
1.080824000000000000e+06 2.798821720000000000e+08 5.405337699074074044e+04 8.184606481481484508e-01 1.500000000000000000e+01 1.499999999999999944e-01 3.872983346207416883e-02 2.372261999999999772e-12 1.000000000000000000e+02
1.080924000000000000e+06 2.798822720000000000e+08 5.405337814814814919e+04 8.191840277777782120e-01 1.800000000000000000e+01 1.799999999999999933e-01 4.242640687119284687e-02 2.846714399999999808e-12 1.000000000000000000e+02
1.081024000000000000e+06 2.798823720000000000e+08 5.405337930555555795e+04 8.199074074074070850e-01 8.000000000000000000e+00 8.000000000000000167e-02 2.828427124746190138e-02 1.265206399999999959e-12 1.000000000000000000e+02
1.081124000000000000e+06 2.798824720000000000e+08 5.405338046296295943e+04 8.206307870370368462e-01 2.000000000000000000e+01 2.000000000000000111e-01 4.472135954999579416e-02 3.163016000000000100e-12 1.000000000000000000e+02
1.081224000000000000e+06 2.798825720000000000e+08 5.405338162037036818e+04 8.213541666666666075e-01 1.100000000000000000e+01 1.100000000000000006e-01 3.316624790355399838e-02 1.739658799999999995e-12 1.000000000000000000e+02
1.081324000000000000e+06 2.798826720000000000e+08 5.405338277777777694e+04 8.220775462962963687e-01 1.900000000000000000e+01 1.900000000000000022e-01 4.358898943540674004e-02 3.004865199999999954e-12 1.000000000000000000e+02
1.081424000000000000e+06 2.798827720000000000e+08 5.405338393518518569e+04 8.228009259259261299e-01 2.000000000000000000e+01 2.000000000000000111e-01 4.472135954999579416e-02 3.163016000000000100e-12 1.000000000000000000e+02
1.081524000000000000e+06 2.798828720000000000e+08 5.405338509259259445e+04 8.235243055555558911e-01 1.800000000000000000e+01 1.799999999999999933e-01 4.242640687119284687e-02 2.846714399999999808e-12 1.000000000000000000e+02
1.081624000000000000e+06 2.798829720000000000e+08 5.405338625000000320e+04 8.242476851851847641e-01 1.300000000000000000e+01 1.300000000000000044e-01 3.605551275463989014e-02 2.055960399999999884e-12 1.000000000000000000e+02
1.081724000000000000e+06 2.798830720000000000e+08 5.405338740740740468e+04 8.249710648148145253e-01 2.100000000000000000e+01 2.099999999999999922e-01 4.582575694955839940e-02 3.321166799999999843e-12 1.000000000000000000e+02
1.081824000000000000e+06 2.798831720000000000e+08 5.405338856481481344e+04 8.256944444444442865e-01 1.300000000000000000e+01 1.300000000000000044e-01 3.605551275463989014e-02 2.055960399999999884e-12 1.000000000000000000e+02
1.081924000000000000e+06 2.798832720000000000e+08 5.405338972222222219e+04 8.264178240740740478e-01 1.800000000000000000e+01 1.799999999999999933e-01 4.242640687119284687e-02 2.846714399999999808e-12 1.000000000000000000e+02
1.082024000000000000e+06 2.798833720000000000e+08 5.405339087962963094e+04 8.271412037037038090e-01 1.800000000000000000e+01 1.799999999999999933e-01 4.242640687119284687e-02 2.846714399999999808e-12 1.000000000000000000e+02
1.082124000000000000e+06 2.798834720000000000e+08 5.405339203703703970e+04 8.278645833333335702e-01 1.500000000000000000e+01 1.499999999999999944e-01 3.872983346207416883e-02 2.372261999999999772e-12 1.000000000000000000e+02
1.082224000000000000e+06 2.798835720000000000e+08 5.405339319444444118e+04 8.285879629629633314e-01 2.000000000000000000e+01 2.000000000000000111e-01 4.472135954999579416e-02 3.163016000000000100e-12 1.000000000000000000e+02
1.082324000000000000e+06 2.798836720000000000e+08 5.405339435185184993e+04 8.293113425925922044e-01 1.500000000000000000e+01 1.499999999999999944e-01 3.872983346207416883e-02 2.372261999999999772e-12 1.000000000000000000e+02
1.082424000000000000e+06 2.798837720000000000e+08 5.405339550925925869e+04 8.300347222222219656e-01 1.300000000000000000e+01 1.300000000000000044e-01 3.605551275463989014e-02 2.055960399999999884e-12 1.000000000000000000e+02
1.082524000000000000e+06 2.798838720000000000e+08 5.405339666666666744e+04 8.307581018518517268e-01 1.000000000000000000e+01 1.000000000000000056e-01 3.162277660168379828e-02 1.581508000000000050e-12 1.000000000000000000e+02
1.082624000000000000e+06 2.798839720000000000e+08 5.405339782407407620e+04 8.314814814814814881e-01 1.500000000000000000e+01 1.499999999999999944e-01 3.872983346207416883e-02 2.372261999999999772e-12 1.000000000000000000e+02
1.082724000000000000e+06 2.798840720000000000e+08 5.405339898148148495e+04 8.322048611111112493e-01 1.600000000000000000e+01 1.600000000000000033e-01 4.000000000000000083e-02 2.530412799999999919e-12 1.000000000000000000e+02
1.082824000000000000e+06 2.798841720000000000e+08 5.405340013888888643e+04 8.329282407407410105e-01 1.700000000000000000e+01 1.700000000000000122e-01 4.123105625617660280e-02 2.688563600000000065e-12 1.000000000000000000e+02
1.082924000000000000e+06 2.798842720000000000e+08 5.405340129629629519e+04 8.336516203703707717e-01 1.300000000000000000e+01 1.300000000000000044e-01 3.605551275463989014e-02 2.055960399999999884e-12 1.000000000000000000e+02
1.083024000000000000e+06 2.798843720000000000e+08 5.405340245370370394e+04 8.343749999999996447e-01 9.000000000000000000e+00 8.999999999999999667e-02 2.999999999999999889e-02 1.423357199999999904e-12 1.000000000000000000e+02
1.083124000000000000e+06 2.798844720000000000e+08 5.405340361111111270e+04 8.350983796296294059e-01 1.500000000000000000e+01 1.499999999999999944e-01 3.872983346207416883e-02 2.372261999999999772e-12 1.000000000000000000e+02
1.083224000000000000e+06 2.798845720000000000e+08 5.405340476851852145e+04 8.358217592592591672e-01 1.100000000000000000e+01 1.100000000000000006e-01 3.316624790355399838e-02 1.739658799999999995e-12 1.000000000000000000e+02
1.083324000000000000e+06 2.798846720000000000e+08 5.405340592592592293e+04 8.365451388888889284e-01 2.700000000000000000e+01 2.700000000000000178e-01 5.196152422706631913e-02 4.270071600000000317e-12 1.000000000000000000e+02
1.083424000000000000e+06 2.798847720000000000e+08 5.405340708333333168e+04 8.372685185185186896e-01 2.300000000000000000e+01 2.300000000000000100e-01 4.795831523312719252e-02 3.637468400000000136e-12 1.000000000000000000e+02
1.083524000000000000e+06 2.798848720000000000e+08 5.405340824074074044e+04 8.379918981481484508e-01 1.200000000000000000e+01 1.199999999999999956e-01 3.464101615137754608e-02 1.897809600000000141e-12 1.000000000000000000e+02
1.083624000000000000e+06 2.798849720000000000e+08 5.405340939814814919e+04 8.387152777777782120e-01 1.200000000000000000e+01 1.199999999999999956e-01 3.464101615137754608e-02 1.897809600000000141e-12 1.000000000000000000e+02
1.083724000000000000e+06 2.798850720000000000e+08 5.405341055555555795e+04 8.394386574074070850e-01 2.000000000000000000e+01 2.000000000000000111e-01 4.472135954999579416e-02 3.163016000000000100e-12 1.000000000000000000e+02
1.083824000000000000e+06 2.798851720000000000e+08 5.405341171296295943e+04 8.401620370370368462e-01 1.900000000000000000e+01 1.900000000000000022e-01 4.358898943540674004e-02 3.004865199999999954e-12 1.000000000000000000e+02
1.083924000000000000e+06 2.798852720000000000e+08 5.405341287037036818e+04 8.408854166666666075e-01 1.500000000000000000e+01 1.499999999999999944e-01 3.872983346207416883e-02 2.372261999999999772e-12 1.000000000000000000e+02
1.084024000000000000e+06 2.798853720000000000e+08 5.405341402777777694e+04 8.416087962962963687e-01 2.000000000000000000e+01 2.000000000000000111e-01 4.472135954999579416e-02 3.163016000000000100e-12 1.000000000000000000e+02
1.084124000000000000e+06 2.798854720000000000e+08 5.405341518518518569e+04 8.423321759259261299e-01 1.100000000000000000e+01 1.100000000000000006e-01 3.316624790355399838e-02 1.739658799999999995e-12 1.000000000000000000e+02
1.084224000000000000e+06 2.798855720000000000e+08 5.405341634259259445e+04 8.430555555555558911e-01 1.300000000000000000e+01 1.300000000000000044e-01 3.605551275463989014e-02 2.055960399999999884e-12 1.000000000000000000e+02
1.084324000000000000e+06 2.798856720000000000e+08 5.405341750000000320e+04 8.437789351851847641e-01 1.600000000000000000e+01 1.600000000000000033e-01 4.000000000000000083e-02 2.530412799999999919e-12 1.000000000000000000e+02
1.084424000000000000e+06 2.798857720000000000e+08 5.405341865740740468e+04 8.445023148148145253e-01 1.700000000000000000e+01 1.700000000000000122e-01 4.123105625617660280e-02 2.688563600000000065e-12 1.000000000000000000e+02
1.084524000000000000e+06 2.798858720000000000e+08 5.405341981481481344e+04 8.452256944444442865e-01 1.500000000000000000e+01 1.499999999999999944e-01 3.872983346207416883e-02 2.372261999999999772e-12 1.000000000000000000e+02
1.084624000000000000e+06 2.798859720000000000e+08 5.405342097222222219e+04 8.459490740740740478e-01 2.000000000000000000e+01 2.000000000000000111e-01 4.472135954999579416e-02 3.163016000000000100e-12 1.000000000000000000e+02
1.084724000000000000e+06 2.798860720000000000e+08 5.405342212962963094e+04 8.466724537037038090e-01 2.400000000000000000e+01 2.399999999999999911e-01 4.898979485566355707e-02 3.795619200000000282e-12 1.000000000000000000e+02
1.084824000000000000e+06 2.798861720000000000e+08 5.405342328703703970e+04 8.473958333333335702e-01 1.500000000000000000e+01 1.499999999999999944e-01 3.872983346207416883e-02 2.372261999999999772e-12 1.000000000000000000e+02
1.084924000000000000e+06 2.798862720000000000e+08 5.405342444444444118e+04 8.481192129629633314e-01 1.500000000000000000e+01 1.499999999999999944e-01 3.872983346207416883e-02 2.372261999999999772e-12 1.000000000000000000e+02
1.085024000000000000e+06 2.798863720000000000e+08 5.405342560185184993e+04 8.488425925925922044e-01 1.200000000000000000e+01 1.199999999999999956e-01 3.464101615137754608e-02 1.897809600000000141e-12 1.000000000000000000e+02
1.085124000000000000e+06 2.798864720000000000e+08 5.405342675925925869e+04 8.495659722222219656e-01 2.000000000000000000e+01 2.000000000000000111e-01 4.472135954999579416e-02 3.163016000000000100e-12 1.000000000000000000e+02
1.085224000000000000e+06 2.798865720000000000e+08 5.405342791666666744e+04 8.502893518518517268e-01 1.600000000000000000e+01 1.600000000000000033e-01 4.000000000000000083e-02 2.530412799999999919e-12 1.000000000000000000e+02
1.085324000000000000e+06 2.798866720000000000e+08 5.405342907407407620e+04 8.510127314814814881e-01 1.900000000000000000e+01 1.900000000000000022e-01 4.358898943540674004e-02 3.004865199999999954e-12 1.000000000000000000e+02
1.085424000000000000e+06 2.798867720000000000e+08 5.405343023148148495e+04 8.517361111111112493e-01 1.900000000000000000e+01 1.900000000000000022e-01 4.358898943540674004e-02 3.004865199999999954e-12 1.000000000000000000e+02
1.085524000000000000e+06 2.798868720000000000e+08 5.405343138888888643e+04 8.524594907407410105e-01 2.100000000000000000e+01 2.099999999999999922e-01 4.582575694955839940e-02 3.321166799999999843e-12 1.000000000000000000e+02
1.085624000000000000e+06 2.798869720000000000e+08 5.405343254629629519e+04 8.531828703703707717e-01 2.500000000000000000e+01 2.500000000000000000e-01 5.000000000000000278e-02 3.953770000000000025e-12 1.000000000000000000e+02
1.085724000000000000e+06 2.798870720000000000e+08 5.405343370370370394e+04 8.539062499999996447e-01 7.000000000000000000e+00 7.000000000000000666e-02 2.645751311064590758e-02 1.107055600000000015e-12 1.000000000000000000e+02
1.085824000000000000e+06 2.798871720000000000e+08 5.405343486111111270e+04 8.546296296296294059e-01 1.200000000000000000e+01 1.199999999999999956e-01 3.464101615137754608e-02 1.897809600000000141e-12 1.000000000000000000e+02
1.085924000000000000e+06 2.798872720000000000e+08 5.405343601851852145e+04 8.553530092592591672e-01 2.500000000000000000e+01 2.500000000000000000e-01 5.000000000000000278e-02 3.953770000000000025e-12 1.000000000000000000e+02
1.086024000000000000e+06 2.798873720000000000e+08 5.405343717592592293e+04 8.560763888888889284e-01 2.200000000000000000e+01 2.200000000000000011e-01 4.690415759823429731e-02 3.479317599999999989e-12 1.000000000000000000e+02
1.086124000000000000e+06 2.798874720000000000e+08 5.405343833333333168e+04 8.567997685185186896e-01 1.800000000000000000e+01 1.799999999999999933e-01 4.242640687119284687e-02 2.846714399999999808e-12 1.000000000000000000e+02
1.086224000000000000e+06 2.798875720000000000e+08 5.405343949074074044e+04 8.575231481481484508e-01 1.500000000000000000e+01 1.499999999999999944e-01 3.872983346207416883e-02 2.372261999999999772e-12 1.000000000000000000e+02
1.086324000000000000e+06 2.798876720000000000e+08 5.405344064814814919e+04 8.582465277777782120e-01 1.500000000000000000e+01 1.499999999999999944e-01 3.872983346207416883e-02 2.372261999999999772e-12 1.000000000000000000e+02
1.086424000000000000e+06 2.798877720000000000e+08 5.405344180555555795e+04 8.589699074074070850e-01 1.800000000000000000e+01 1.799999999999999933e-01 4.242640687119284687e-02 2.846714399999999808e-12 1.000000000000000000e+02
1.086524000000000000e+06 2.798878720000000000e+08 5.405344296296295943e+04 8.596932870370368462e-01 2.000000000000000000e+01 2.000000000000000111e-01 4.472135954999579416e-02 3.163016000000000100e-12 1.000000000000000000e+02
1.086624000000000000e+06 2.798879720000000000e+08 5.405344412037036818e+04 8.604166666666666075e-01 9.000000000000000000e+00 8.999999999999999667e-02 2.999999999999999889e-02 1.423357199999999904e-12 1.000000000000000000e+02
1.086724000000000000e+06 2.798880720000000000e+08 5.405344527777777694e+04 8.611400462962963687e-01 2.000000000000000000e+01 2.000000000000000111e-01 4.472135954999579416e-02 3.163016000000000100e-12 1.000000000000000000e+02
1.086824000000000000e+06 2.798881720000000000e+08 5.405344643518518569e+04 8.618634259259261299e-01 1.600000000000000000e+01 1.600000000000000033e-01 4.000000000000000083e-02 2.530412799999999919e-12 1.000000000000000000e+02
1.086924000000000000e+06 2.798882720000000000e+08 5.405344759259259445e+04 8.625868055555558911e-01 1.200000000000000000e+01 1.199999999999999956e-01 3.464101615137754608e-02 1.897809600000000141e-12 1.000000000000000000e+02
1.087024000000000000e+06 2.798883720000000000e+08 5.405344875000000320e+04 8.633101851851847641e-01 1.100000000000000000e+01 1.100000000000000006e-01 3.316624790355399838e-02 1.739658799999999995e-12 1.000000000000000000e+02
1.087124000000000000e+06 2.798884720000000000e+08 5.405344990740740468e+04 8.640335648148145253e-01 2.200000000000000000e+01 2.200000000000000011e-01 4.690415759823429731e-02 3.479317599999999989e-12 1.000000000000000000e+02
1.087224000000000000e+06 2.798885720000000000e+08 5.405345106481481344e+04 8.647569444444442865e-01 1.300000000000000000e+01 1.300000000000000044e-01 3.605551275463989014e-02 2.055960399999999884e-12 1.000000000000000000e+02
1.087324000000000000e+06 2.798886720000000000e+08 5.405345222222222219e+04 8.654803240740740478e-01 1.500000000000000000e+01 1.499999999999999944e-01 3.872983346207416883e-02 2.372261999999999772e-12 1.000000000000000000e+02
1.087424000000000000e+06 2.798887720000000000e+08 5.405345337962963094e+04 8.662037037037038090e-01 1.100000000000000000e+01 1.100000000000000006e-01 3.316624790355399838e-02 1.739658799999999995e-12 1.000000000000000000e+02
1.087524000000000000e+06 2.798888720000000000e+08 5.405345453703703970e+04 8.669270833333335702e-01 8.000000000000000000e+00 8.000000000000000167e-02 2.828427124746190138e-02 1.265206399999999959e-12 1.000000000000000000e+02
1.087624000000000000e+06 2.798889720000000000e+08 5.405345569444444118e+04 8.676504629629633314e-01 2.000000000000000000e+01 2.000000000000000111e-01 4.472135954999579416e-02 3.163016000000000100e-12 1.000000000000000000e+02
1.087724000000000000e+06 2.798890720000000000e+08 5.405345685185184993e+04 8.683738425925922044e-01 1.200000000000000000e+01 1.199999999999999956e-01 3.464101615137754608e-02 1.897809600000000141e-12 1.000000000000000000e+02
1.087824000000000000e+06 2.798891720000000000e+08 5.405345800925925869e+04 8.690972222222219656e-01 1.600000000000000000e+01 1.600000000000000033e-01 4.000000000000000083e-02 2.530412799999999919e-12 1.000000000000000000e+02
1.087924000000000000e+06 2.798892720000000000e+08 5.405345916666666744e+04 8.698206018518517268e-01 2.900000000000000000e+01 2.899999999999999800e-01 5.385164807134503601e-02 4.586373199999999802e-12 1.000000000000000000e+02
1.088024000000000000e+06 2.798893720000000000e+08 5.405346032407407620e+04 8.705439814814814881e-01 1.100000000000000000e+01 1.100000000000000006e-01 3.316624790355399838e-02 1.739658799999999995e-12 1.000000000000000000e+02
1.088124000000000000e+06 2.798894720000000000e+08 5.405346148148148495e+04 8.712673611111112493e-01 1.700000000000000000e+01 1.700000000000000122e-01 4.123105625617660280e-02 2.688563600000000065e-12 1.000000000000000000e+02
1.088224000000000000e+06 2.798895720000000000e+08 5.405346263888888643e+04 8.719907407407410105e-01 1.200000000000000000e+01 1.199999999999999956e-01 3.464101615137754608e-02 1.897809600000000141e-12 1.000000000000000000e+02
1.088324000000000000e+06 2.798896720000000000e+08 5.405346379629629519e+04 8.727141203703707717e-01 1.500000000000000000e+01 1.499999999999999944e-01 3.872983346207416883e-02 2.372261999999999772e-12 1.000000000000000000e+02
1.088424000000000000e+06 2.798897720000000000e+08 5.405346495370370394e+04 8.734374999999996447e-01 2.300000000000000000e+01 2.300000000000000100e-01 4.795831523312719252e-02 3.637468400000000136e-12 1.000000000000000000e+02
1.088524000000000000e+06 2.798898720000000000e+08 5.405346611111111270e+04 8.741608796296294059e-01 2.200000000000000000e+01 2.200000000000000011e-01 4.690415759823429731e-02 3.479317599999999989e-12 1.000000000000000000e+02
1.088624000000000000e+06 2.798899720000000000e+08 5.405346726851852145e+04 8.748842592592591672e-01 1.700000000000000000e+01 1.700000000000000122e-01 4.123105625617660280e-02 2.688563600000000065e-12 1.000000000000000000e+02
1.088724000000000000e+06 2.798900720000000000e+08 5.405346842592592293e+04 8.756076388888889284e-01 1.800000000000000000e+01 1.799999999999999933e-01 4.242640687119284687e-02 2.846714399999999808e-12 1.000000000000000000e+02
1.088824000000000000e+06 2.798901720000000000e+08 5.405346958333333168e+04 8.763310185185186896e-01 1.400000000000000000e+01 1.400000000000000133e-01 3.741657386773941663e-02 2.214111200000000030e-12 1.000000000000000000e+02
1.088924000000000000e+06 2.798902720000000000e+08 5.405347074074074044e+04 8.770543981481484508e-01 1.400000000000000000e+01 1.400000000000000133e-01 3.741657386773941663e-02 2.214111200000000030e-12 1.000000000000000000e+02
1.089024000000000000e+06 2.798903720000000000e+08 5.405347189814814919e+04 8.777777777777782120e-01 1.400000000000000000e+01 1.400000000000000133e-01 3.741657386773941663e-02 2.214111200000000030e-12 1.000000000000000000e+02
1.089124000000000000e+06 2.798904720000000000e+08 5.405347305555555795e+04 8.785011574074070850e-01 1.600000000000000000e+01 1.600000000000000033e-01 4.000000000000000083e-02 2.530412799999999919e-12 1.000000000000000000e+02
1.089224000000000000e+06 2.798905720000000000e+08 5.405347421296295943e+04 8.792245370370368462e-01 1.800000000000000000e+01 1.799999999999999933e-01 4.242640687119284687e-02 2.846714399999999808e-12 1.000000000000000000e+02
1.089324000000000000e+06 2.798906720000000000e+08 5.405347537037036818e+04 8.799479166666666075e-01 2.000000000000000000e+01 2.000000000000000111e-01 4.472135954999579416e-02 3.163016000000000100e-12 1.000000000000000000e+02
1.089424000000000000e+06 2.798907720000000000e+08 5.405347652777777694e+04 8.806712962962963687e-01 1.300000000000000000e+01 1.300000000000000044e-01 3.605551275463989014e-02 2.055960399999999884e-12 1.000000000000000000e+02
1.089524000000000000e+06 2.798908720000000000e+08 5.405347768518518569e+04 8.813946759259261299e-01 8.000000000000000000e+00 8.000000000000000167e-02 2.828427124746190138e-02 1.265206399999999959e-12 1.000000000000000000e+02
1.089624000000000000e+06 2.798909720000000000e+08 5.405347884259259445e+04 8.821180555555558911e-01 1.400000000000000000e+01 1.400000000000000133e-01 3.741657386773941663e-02 2.214111200000000030e-12 1.000000000000000000e+02
1.089724000000000000e+06 2.798910720000000000e+08 5.405348000000000320e+04 8.828414351851847641e-01 1.200000000000000000e+01 1.199999999999999956e-01 3.464101615137754608e-02 1.897809600000000141e-12 1.000000000000000000e+02
1.089824000000000000e+06 2.798911720000000000e+08 5.405348115740740468e+04 8.835648148148145253e-01 9.000000000000000000e+00 8.999999999999999667e-02 2.999999999999999889e-02 1.423357199999999904e-12 1.000000000000000000e+02
1.089924000000000000e+06 2.798912720000000000e+08 5.405348231481481344e+04 8.842881944444442865e-01 1.900000000000000000e+01 1.900000000000000022e-01 4.358898943540674004e-02 3.004865199999999954e-12 1.000000000000000000e+02
1.090024000000000000e+06 2.798913720000000000e+08 5.405348347222222219e+04 8.850115740740740478e-01 2.700000000000000000e+01 2.700000000000000178e-01 5.196152422706631913e-02 4.270071600000000317e-12 1.000000000000000000e+02
1.090124000000000000e+06 2.798914720000000000e+08 5.405348462962963094e+04 8.857349537037038090e-01 2.300000000000000000e+01 2.300000000000000100e-01 4.795831523312719252e-02 3.637468400000000136e-12 1.000000000000000000e+02
1.090224000000000000e+06 2.798915720000000000e+08 5.405348578703703970e+04 8.864583333333335702e-01 2.000000000000000000e+01 2.000000000000000111e-01 4.472135954999579416e-02 3.163016000000000100e-12 1.000000000000000000e+02
1.090324000000000000e+06 2.798916720000000000e+08 5.405348694444444118e+04 8.871817129629633314e-01 1.700000000000000000e+01 1.700000000000000122e-01 4.123105625617660280e-02 2.688563600000000065e-12 1.000000000000000000e+02
1.090424000000000000e+06 2.798917720000000000e+08 5.405348810185184993e+04 8.879050925925922044e-01 2.600000000000000000e+01 2.600000000000000089e-01 5.099019513592784741e-02 4.111920799999999767e-12 1.000000000000000000e+02
1.090524000000000000e+06 2.798918720000000000e+08 5.405348925925925869e+04 8.886284722222219656e-01 1.700000000000000000e+01 1.700000000000000122e-01 4.123105625617660280e-02 2.688563600000000065e-12 1.000000000000000000e+02
1.783296000000000000e+06 2.805846440000000000e+08 5.406150745370369987e+04 9.000000000000003553e-01 1.100000000000000000e+01 1.100000000000000006e-01 3.316624790355399838e-02 1.739658799999999995e-12 1.000000000000000000e+02
1.783396000000000000e+06 2.805847440000000000e+08 5.406150861111110862e+04 9.007233796296301165e-01 2.000000000000000000e+01 2.000000000000000111e-01 4.472135954999579416e-02 3.163016000000000100e-12 1.000000000000000000e+02
1.783496000000000000e+06 2.805848440000000000e+08 5.406150976851851738e+04 9.014467592592598777e-01 1.800000000000000000e+01 1.799999999999999933e-01 4.242640687119284687e-02 2.846714399999999808e-12 1.000000000000000000e+02
1.783596000000000000e+06 2.805849440000000000e+08 5.406151092592592613e+04 9.021701388888896389e-01 1.700000000000000000e+01 1.700000000000000122e-01 4.123105625617660280e-02 2.688563600000000065e-12 1.000000000000000000e+02
1.783696000000000000e+06 2.805850440000000000e+08 5.406151208333333489e+04 9.028935185185194001e-01 1.300000000000000000e+01 1.300000000000000044e-01 3.605551275463989014e-02 2.055960399999999884e-12 1.000000000000000000e+02
1.783796000000000000e+06 2.805851440000000000e+08 5.406151324074074364e+04 9.036168981481473850e-01 1.300000000000000000e+01 1.300000000000000044e-01 3.605551275463989014e-02 2.055960399999999884e-12 1.000000000000000000e+02
1.783896000000000000e+06 2.805852440000000000e+08 5.406151439814814512e+04 9.043402777777771462e-01 1.200000000000000000e+01 1.199999999999999956e-01 3.464101615137754608e-02 1.897809600000000141e-12 1.000000000000000000e+02
1.783996000000000000e+06 2.805853440000000000e+08 5.406151555555555387e+04 9.050636574074069074e-01 2.000000000000000000e+01 2.000000000000000111e-01 4.472135954999579416e-02 3.163016000000000100e-12 1.000000000000000000e+02
1.784096000000000000e+06 2.805854440000000000e+08 5.406151671296296263e+04 9.057870370370366686e-01 1.600000000000000000e+01 1.600000000000000033e-01 4.000000000000000083e-02 2.530412799999999919e-12 1.000000000000000000e+02
1.784196000000000000e+06 2.805855440000000000e+08 5.406151787037037138e+04 9.065104166666664298e-01 1.900000000000000000e+01 1.900000000000000022e-01 4.358898943540674004e-02 3.004865199999999954e-12 1.000000000000000000e+02
1.787296000000000000e+06 2.805886440000000000e+08 5.406155374999999913e+04 9.289351851851854747e-01 1.500000000000000000e+01 1.499999999999999944e-01 3.872983346207416883e-02 2.372261999999999772e-12 1.000000000000000000e+02
1.787396000000000000e+06 2.805887440000000000e+08 5.406155490740740788e+04 9.296585648148152359e-01 1.700000000000000000e+01 1.700000000000000122e-01 4.123105625617660280e-02 2.688563600000000065e-12 1.000000000000000000e+02
1.787496000000000000e+06 2.805888440000000000e+08 5.406155606481481664e+04 9.303819444444449971e-01 1.200000000000000000e+01 1.199999999999999956e-01 3.464101615137754608e-02 1.897809600000000141e-12 1.000000000000000000e+02
1.787596000000000000e+06 2.805889440000000000e+08 5.406155722222222539e+04 9.311053240740747583e-01 1.600000000000000000e+01 1.600000000000000033e-01 4.000000000000000083e-02 2.530412799999999919e-12 1.000000000000000000e+02
1.787696000000000000e+06 2.805890440000000000e+08 5.406155837962962687e+04 9.318287037037045195e-01 1.400000000000000000e+01 1.400000000000000133e-01 3.741657386773941663e-02 2.214111200000000030e-12 1.000000000000000000e+02
1.787796000000000000e+06 2.805891440000000000e+08 5.406155953703703562e+04 9.325520833333325044e-01 2.000000000000000000e+01 2.000000000000000111e-01 4.472135954999579416e-02 3.163016000000000100e-12 1.000000000000000000e+02
1.787896000000000000e+06 2.805892440000000000e+08 5.406156069444444438e+04 9.332754629629622656e-01 1.700000000000000000e+01 1.700000000000000122e-01 4.123105625617660280e-02 2.688563600000000065e-12 1.000000000000000000e+02
1.787996000000000000e+06 2.805893440000000000e+08 5.406156185185185313e+04 9.339988425925920268e-01 1.900000000000000000e+01 1.900000000000000022e-01 4.358898943540674004e-02 3.004865199999999954e-12 1.000000000000000000e+02
1.788096000000000000e+06 2.805894440000000000e+08 5.406156300925926189e+04 9.347222222222217880e-01 1.700000000000000000e+01 1.700000000000000122e-01 4.123105625617660280e-02 2.688563600000000065e-12 1.000000000000000000e+02
1.788196000000000000e+06 2.805895440000000000e+08 5.406156416666666337e+04 9.354456018518515492e-01 1.800000000000000000e+01 1.799999999999999933e-01 4.242640687119284687e-02 2.846714399999999808e-12 1.000000000000000000e+02
1.788296000000000000e+06 2.805896440000000000e+08 5.406156532407407212e+04 9.361689814814813104e-01 1.200000000000000000e+01 1.199999999999999956e-01 3.464101615137754608e-02 1.897809600000000141e-12 1.000000000000000000e+02
1.788396000000000000e+06 2.805897440000000000e+08 5.406156648148148088e+04 9.368923611111110716e-01 1.500000000000000000e+01 1.499999999999999944e-01 3.872983346207416883e-02 2.372261999999999772e-12 1.000000000000000000e+02
1.788496000000000000e+06 2.805898440000000000e+08 5.406156763888888963e+04 9.376157407407408328e-01 2.100000000000000000e+01 2.099999999999999922e-01 4.582575694955839940e-02 3.321166799999999843e-12 1.000000000000000000e+02
1.788596000000000000e+06 2.805899440000000000e+08 5.406156879629629839e+04 9.383391203703705941e-01 1.600000000000000000e+01 1.600000000000000033e-01 4.000000000000000083e-02 2.530412799999999919e-12 1.000000000000000000e+02
1.788696000000000000e+06 2.805900440000000000e+08 5.406156995370369987e+04 9.390625000000003553e-01 2.300000000000000000e+01 2.300000000000000100e-01 4.795831523312719252e-02 3.637468400000000136e-12 1.000000000000000000e+02
1.788796000000000000e+06 2.805901440000000000e+08 5.406157111111110862e+04 9.397858796296301165e-01 1.700000000000000000e+01 1.700000000000000122e-01 4.123105625617660280e-02 2.688563600000000065e-12 1.000000000000000000e+02
1.788896000000000000e+06 2.805902440000000000e+08 5.406157226851851738e+04 9.405092592592598777e-01 1.300000000000000000e+01 1.300000000000000044e-01 3.605551275463989014e-02 2.055960399999999884e-12 1.000000000000000000e+02
1.788996000000000000e+06 2.805903440000000000e+08 5.406157342592592613e+04 9.412326388888896389e-01 1.800000000000000000e+01 1.799999999999999933e-01 4.242640687119284687e-02 2.846714399999999808e-12 1.000000000000000000e+02
1.789096000000000000e+06 2.805904440000000000e+08 5.406157458333333489e+04 9.419560185185194001e-01 1.300000000000000000e+01 1.300000000000000044e-01 3.605551275463989014e-02 2.055960399999999884e-12 1.000000000000000000e+02
1.789196000000000000e+06 2.805905440000000000e+08 5.406157574074074364e+04 9.426793981481473850e-01 1.400000000000000000e+01 1.400000000000000133e-01 3.741657386773941663e-02 2.214111200000000030e-12 1.000000000000000000e+02
1.789296000000000000e+06 2.805906440000000000e+08 5.406157689814814512e+04 9.434027777777771462e-01 2.600000000000000000e+01 2.600000000000000089e-01 5.099019513592784741e-02 4.111920799999999767e-12 1.000000000000000000e+02
1.789396000000000000e+06 2.805907440000000000e+08 5.406157805555555387e+04 9.441261574074069074e-01 1.900000000000000000e+01 1.900000000000000022e-01 4.358898943540674004e-02 3.004865199999999954e-12 1.000000000000000000e+02
1.789496000000000000e+06 2.805908440000000000e+08 5.406157921296296263e+04 9.448495370370366686e-01 2.200000000000000000e+01 2.200000000000000011e-01 4.690415759823429731e-02 3.479317599999999989e-12 1.000000000000000000e+02
1.789596000000000000e+06 2.805909440000000000e+08 5.406158037037037138e+04 9.455729166666664298e-01 1.600000000000000000e+01 1.600000000000000033e-01 4.000000000000000083e-02 2.530412799999999919e-12 1.000000000000000000e+02
1.789696000000000000e+06 2.805910440000000000e+08 5.406158152777778014e+04 9.462962962962961910e-01 2.100000000000000000e+01 2.099999999999999922e-01 4.582575694955839940e-02 3.321166799999999843e-12 1.000000000000000000e+02
1.789796000000000000e+06 2.805911440000000000e+08 5.406158268518518889e+04 9.470196759259259522e-01 2.000000000000000000e+01 2.000000000000000111e-01 4.472135954999579416e-02 3.163016000000000100e-12 1.000000000000000000e+02
1.789896000000000000e+06 2.805912440000000000e+08 5.406158384259259037e+04 9.477430555555557135e-01 1.700000000000000000e+01 1.700000000000000122e-01 4.123105625617660280e-02 2.688563600000000065e-12 1.000000000000000000e+02
1.789996000000000000e+06 2.805913440000000000e+08 5.406158499999999913e+04 9.484664351851854747e-01 1.600000000000000000e+01 1.600000000000000033e-01 4.000000000000000083e-02 2.530412799999999919e-12 1.000000000000000000e+02
1.790096000000000000e+06 2.805914440000000000e+08 5.406158615740740788e+04 9.491898148148152359e-01 1.900000000000000000e+01 1.900000000000000022e-01 4.358898943540674004e-02 3.004865199999999954e-12 1.000000000000000000e+02
1.790196000000000000e+06 2.805915440000000000e+08 5.406158731481481664e+04 9.499131944444449971e-01 9.000000000000000000e+00 8.999999999999999667e-02 2.999999999999999889e-02 1.423357199999999904e-12 1.000000000000000000e+02
1.790296000000000000e+06 2.805916440000000000e+08 5.406158847222222539e+04 9.506365740740747583e-01 1.700000000000000000e+01 1.700000000000000122e-01 4.123105625617660280e-02 2.688563600000000065e-12 1.000000000000000000e+02
1.790396000000000000e+06 2.805917440000000000e+08 5.406158962962962687e+04 9.513599537037045195e-01 1.300000000000000000e+01 1.300000000000000044e-01 3.605551275463989014e-02 2.055960399999999884e-12 1.000000000000000000e+02
1.790496000000000000e+06 2.805918440000000000e+08 5.406159078703703562e+04 9.520833333333325044e-01 2.600000000000000000e+01 2.600000000000000089e-01 5.099019513592784741e-02 4.111920799999999767e-12 1.000000000000000000e+02
1.790596000000000000e+06 2.805919440000000000e+08 5.406159194444444438e+04 9.528067129629622656e-01 1.300000000000000000e+01 1.300000000000000044e-01 3.605551275463989014e-02 2.055960399999999884e-12 1.000000000000000000e+02
1.790696000000000000e+06 2.805920440000000000e+08 5.406159310185185313e+04 9.535300925925920268e-01 1.100000000000000000e+01 1.100000000000000006e-01 3.316624790355399838e-02 1.739658799999999995e-12 1.000000000000000000e+02
1.790796000000000000e+06 2.805921440000000000e+08 5.406159425925926189e+04 9.542534722222217880e-01 2.000000000000000000e+01 2.000000000000000111e-01 4.472135954999579416e-02 3.163016000000000100e-12 1.000000000000000000e+02
1.790896000000000000e+06 2.805922440000000000e+08 5.406159541666666337e+04 9.549768518518515492e-01 1.300000000000000000e+01 1.300000000000000044e-01 3.605551275463989014e-02 2.055960399999999884e-12 1.000000000000000000e+02
1.790996000000000000e+06 2.805923440000000000e+08 5.406159657407407212e+04 9.557002314814813104e-01 1.600000000000000000e+01 1.600000000000000033e-01 4.000000000000000083e-02 2.530412799999999919e-12 1.000000000000000000e+02
1.791096000000000000e+06 2.805924440000000000e+08 5.406159773148148088e+04 9.564236111111110716e-01 2.300000000000000000e+01 2.300000000000000100e-01 4.795831523312719252e-02 3.637468400000000136e-12 1.000000000000000000e+02
1.791196000000000000e+06 2.805925440000000000e+08 5.406159888888888963e+04 9.571469907407408328e-01 2.000000000000000000e+01 2.000000000000000111e-01 4.472135954999579416e-02 3.163016000000000100e-12 1.000000000000000000e+02
1.791296000000000000e+06 2.805926440000000000e+08 5.406160004629629839e+04 9.578703703703705941e-01 1.600000000000000000e+01 1.600000000000000033e-01 4.000000000000000083e-02 2.530412799999999919e-12 1.000000000000000000e+02
1.791396000000000000e+06 2.805927440000000000e+08 5.406160120370369987e+04 9.585937500000003553e-01 1.900000000000000000e+01 1.900000000000000022e-01 4.358898943540674004e-02 3.004865199999999954e-12 1.000000000000000000e+02
1.791496000000000000e+06 2.805928440000000000e+08 5.406160236111110862e+04 9.593171296296301165e-01 1.500000000000000000e+01 1.499999999999999944e-01 3.872983346207416883e-02 2.372261999999999772e-12 1.000000000000000000e+02
1.791596000000000000e+06 2.805929440000000000e+08 5.406160351851851738e+04 9.600405092592598777e-01 1.900000000000000000e+01 1.900000000000000022e-01 4.358898943540674004e-02 3.004865199999999954e-12 1.000000000000000000e+02
1.791696000000000000e+06 2.805930440000000000e+08 5.406160467592592613e+04 9.607638888888896389e-01 1.400000000000000000e+01 1.400000000000000133e-01 3.741657386773941663e-02 2.214111200000000030e-12 1.000000000000000000e+02
1.791796000000000000e+06 2.805931440000000000e+08 5.406160583333333489e+04 9.614872685185194001e-01 1.500000000000000000e+01 1.499999999999999944e-01 3.872983346207416883e-02 2.372261999999999772e-12 1.000000000000000000e+02
1.791896000000000000e+06 2.805932440000000000e+08 5.406160699074074364e+04 9.622106481481473850e-01 1.500000000000000000e+01 1.499999999999999944e-01 3.872983346207416883e-02 2.372261999999999772e-12 1.000000000000000000e+02
1.791996000000000000e+06 2.805933440000000000e+08 5.406160814814814512e+04 9.629340277777771462e-01 1.400000000000000000e+01 1.400000000000000133e-01 3.741657386773941663e-02 2.214111200000000030e-12 1.000000000000000000e+02
1.792096000000000000e+06 2.805934440000000000e+08 5.406160930555555387e+04 9.636574074074069074e-01 2.000000000000000000e+01 2.000000000000000111e-01 4.472135954999579416e-02 3.163016000000000100e-12 1.000000000000000000e+02
1.792196000000000000e+06 2.805935440000000000e+08 5.406161046296296263e+04 9.643807870370366686e-01 1.100000000000000000e+01 1.100000000000000006e-01 3.316624790355399838e-02 1.739658799999999995e-12 1.000000000000000000e+02
1.792296000000000000e+06 2.805936440000000000e+08 5.406161162037037138e+04 9.651041666666664298e-01 2.200000000000000000e+01 2.200000000000000011e-01 4.690415759823429731e-02 3.479317599999999989e-12 1.000000000000000000e+02
1.792396000000000000e+06 2.805937440000000000e+08 5.406161277777778014e+04 9.658275462962961910e-01 1.600000000000000000e+01 1.600000000000000033e-01 4.000000000000000083e-02 2.530412799999999919e-12 1.000000000000000000e+02
1.792496000000000000e+06 2.805938440000000000e+08 5.406161393518518889e+04 9.665509259259259522e-01 2.000000000000000000e+01 2.000000000000000111e-01 4.472135954999579416e-02 3.163016000000000100e-12 1.000000000000000000e+02
1.792596000000000000e+06 2.805939440000000000e+08 5.406161509259259037e+04 9.672743055555557135e-01 1.200000000000000000e+01 1.199999999999999956e-01 3.464101615137754608e-02 1.897809600000000141e-12 1.000000000000000000e+02
1.792696000000000000e+06 2.805940440000000000e+08 5.406161624999999913e+04 9.679976851851854747e-01 1.300000000000000000e+01 1.300000000000000044e-01 3.605551275463989014e-02 2.055960399999999884e-12 1.000000000000000000e+02
1.792796000000000000e+06 2.805941440000000000e+08 5.406161740740740788e+04 9.687210648148152359e-01 1.900000000000000000e+01 1.900000000000000022e-01 4.358898943540674004e-02 3.004865199999999954e-12 1.000000000000000000e+02
1.792896000000000000e+06 2.805942440000000000e+08 5.406161856481481664e+04 9.694444444444449971e-01 1.100000000000000000e+01 1.100000000000000006e-01 3.316624790355399838e-02 1.739658799999999995e-12 1.000000000000000000e+02
1.792996000000000000e+06 2.805943440000000000e+08 5.406161972222222539e+04 9.701678240740747583e-01 1.600000000000000000e+01 1.600000000000000033e-01 4.000000000000000083e-02 2.530412799999999919e-12 1.000000000000000000e+02
1.793096000000000000e+06 2.805944440000000000e+08 5.406162087962962687e+04 9.708912037037045195e-01 1.800000000000000000e+01 1.799999999999999933e-01 4.242640687119284687e-02 2.846714399999999808e-12 1.000000000000000000e+02
1.793196000000000000e+06 2.805945440000000000e+08 5.406162203703703562e+04 9.716145833333325044e-01 1.600000000000000000e+01 1.600000000000000033e-01 4.000000000000000083e-02 2.530412799999999919e-12 1.000000000000000000e+02
1.793296000000000000e+06 2.805946440000000000e+08 5.406162319444444438e+04 9.723379629629622656e-01 1.700000000000000000e+01 1.700000000000000122e-01 4.123105625617660280e-02 2.688563600000000065e-12 1.000000000000000000e+02
1.793396000000000000e+06 2.805947440000000000e+08 5.406162435185185313e+04 9.730613425925920268e-01 1.700000000000000000e+01 1.700000000000000122e-01 4.123105625617660280e-02 2.688563600000000065e-12 1.000000000000000000e+02
1.793496000000000000e+06 2.805948440000000000e+08 5.406162550925926189e+04 9.737847222222217880e-01 1.800000000000000000e+01 1.799999999999999933e-01 4.242640687119284687e-02 2.846714399999999808e-12 1.000000000000000000e+02
1.793596000000000000e+06 2.805949440000000000e+08 5.406162666666666337e+04 9.745081018518515492e-01 1.300000000000000000e+01 1.300000000000000044e-01 3.605551275463989014e-02 2.055960399999999884e-12 1.000000000000000000e+02
1.793696000000000000e+06 2.805950440000000000e+08 5.406162782407407212e+04 9.752314814814813104e-01 1.800000000000000000e+01 1.799999999999999933e-01 4.242640687119284687e-02 2.846714399999999808e-12 1.000000000000000000e+02
1.793796000000000000e+06 2.805951440000000000e+08 5.406162898148148088e+04 9.759548611111110716e-01 1.400000000000000000e+01 1.400000000000000133e-01 3.741657386773941663e-02 2.214111200000000030e-12 1.000000000000000000e+02
1.793896000000000000e+06 2.805952440000000000e+08 5.406163013888888963e+04 9.766782407407408328e-01 1.200000000000000000e+01 1.199999999999999956e-01 3.464101615137754608e-02 1.897809600000000141e-12 1.000000000000000000e+02
1.793996000000000000e+06 2.805953440000000000e+08 5.406163129629629839e+04 9.774016203703705941e-01 1.400000000000000000e+01 1.400000000000000133e-01 3.741657386773941663e-02 2.214111200000000030e-12 1.000000000000000000e+02
1.794096000000000000e+06 2.805954440000000000e+08 5.406163245370369987e+04 9.781250000000003553e-01 1.500000000000000000e+01 1.499999999999999944e-01 3.872983346207416883e-02 2.372261999999999772e-12 1.000000000000000000e+02
1.794196000000000000e+06 2.805955440000000000e+08 5.406163361111110862e+04 9.788483796296301165e-01 1.500000000000000000e+01 1.499999999999999944e-01 3.872983346207416883e-02 2.372261999999999772e-12 1.000000000000000000e+02
1.794296000000000000e+06 2.805956440000000000e+08 5.406163476851851738e+04 9.795717592592598777e-01 1.200000000000000000e+01 1.199999999999999956e-01 3.464101615137754608e-02 1.897809600000000141e-12 1.000000000000000000e+02
1.794396000000000000e+06 2.805957440000000000e+08 5.406163592592592613e+04 9.802951388888896389e-01 2.100000000000000000e+01 2.099999999999999922e-01 4.582575694955839940e-02 3.321166799999999843e-12 1.000000000000000000e+02
1.794496000000000000e+06 2.805958440000000000e+08 5.406163708333333489e+04 9.810185185185194001e-01 1.900000000000000000e+01 1.900000000000000022e-01 4.358898943540674004e-02 3.004865199999999954e-12 1.000000000000000000e+02
1.794596000000000000e+06 2.805959440000000000e+08 5.406163824074074364e+04 9.817418981481473850e-01 1.300000000000000000e+01 1.300000000000000044e-01 3.605551275463989014e-02 2.055960399999999884e-12 1.000000000000000000e+02
1.794696000000000000e+06 2.805960440000000000e+08 5.406163939814814512e+04 9.824652777777771462e-01 1.400000000000000000e+01 1.400000000000000133e-01 3.741657386773941663e-02 2.214111200000000030e-12 1.000000000000000000e+02
1.794796000000000000e+06 2.805961440000000000e+08 5.406164055555555387e+04 9.831886574074069074e-01 1.600000000000000000e+01 1.600000000000000033e-01 4.000000000000000083e-02 2.530412799999999919e-12 1.000000000000000000e+02
1.794896000000000000e+06 2.805962440000000000e+08 5.406164171296296263e+04 9.839120370370366686e-01 2.600000000000000000e+01 2.600000000000000089e-01 5.099019513592784741e-02 4.111920799999999767e-12 1.000000000000000000e+02
1.794996000000000000e+06 2.805963440000000000e+08 5.406164287037037138e+04 9.846354166666664298e-01 1.900000000000000000e+01 1.900000000000000022e-01 4.358898943540674004e-02 3.004865199999999954e-12 1.000000000000000000e+02
1.795096000000000000e+06 2.805964440000000000e+08 5.406164402777778014e+04 9.853587962962961910e-01 1.800000000000000000e+01 1.799999999999999933e-01 4.242640687119284687e-02 2.846714399999999808e-12 1.000000000000000000e+02
1.795196000000000000e+06 2.805965440000000000e+08 5.406164518518518889e+04 9.860821759259259522e-01 1.300000000000000000e+01 1.300000000000000044e-01 3.605551275463989014e-02 2.055960399999999884e-12 1.000000000000000000e+02
1.795296000000000000e+06 2.805966440000000000e+08 5.406164634259259037e+04 9.868055555555557135e-01 1.300000000000000000e+01 1.300000000000000044e-01 3.605551275463989014e-02 2.055960399999999884e-12 1.000000000000000000e+02
1.795396000000000000e+06 2.805967440000000000e+08 5.406164749999999913e+04 9.875289351851854747e-01 1.200000000000000000e+01 1.199999999999999956e-01 3.464101615137754608e-02 1.897809600000000141e-12 1.000000000000000000e+02
1.795496000000000000e+06 2.805968440000000000e+08 5.406164865740740788e+04 9.882523148148152359e-01 1.700000000000000000e+01 1.700000000000000122e-01 4.123105625617660280e-02 2.688563600000000065e-12 1.000000000000000000e+02
1.795596000000000000e+06 2.805969440000000000e+08 5.406164981481481664e+04 9.889756944444449971e-01 2.000000000000000000e+01 2.000000000000000111e-01 4.472135954999579416e-02 3.163016000000000100e-12 1.000000000000000000e+02
1.795696000000000000e+06 2.805970440000000000e+08 5.406165097222222539e+04 9.896990740740747583e-01 1.200000000000000000e+01 1.199999999999999956e-01 3.464101615137754608e-02 1.897809600000000141e-12 1.000000000000000000e+02
1.795796000000000000e+06 2.805971440000000000e+08 5.406165212962962687e+04 9.904224537037045195e-01 1.900000000000000000e+01 1.900000000000000022e-01 4.358898943540674004e-02 3.004865199999999954e-12 1.000000000000000000e+02
1.795896000000000000e+06 2.805972440000000000e+08 5.406165328703703562e+04 9.911458333333325044e-01 1.300000000000000000e+01 1.300000000000000044e-01 3.605551275463989014e-02 2.055960399999999884e-12 1.000000000000000000e+02
1.795996000000000000e+06 2.805973440000000000e+08 5.406165444444444438e+04 9.918692129629622656e-01 1.200000000000000000e+01 1.199999999999999956e-01 3.464101615137754608e-02 1.897809600000000141e-12 1.000000000000000000e+02
1.796096000000000000e+06 2.805974440000000000e+08 5.406165560185185313e+04 9.925925925925920268e-01 2.700000000000000000e+01 2.700000000000000178e-01 5.196152422706631913e-02 4.270071600000000317e-12 1.000000000000000000e+02
1.796196000000000000e+06 2.805975440000000000e+08 5.406165675925926189e+04 9.933159722222217880e-01 1.200000000000000000e+01 1.199999999999999956e-01 3.464101615137754608e-02 1.897809600000000141e-12 1.000000000000000000e+02
1.796296000000000000e+06 2.805976440000000000e+08 5.406165791666666337e+04 9.940393518518515492e-01 2.200000000000000000e+01 2.200000000000000011e-01 4.690415759823429731e-02 3.479317599999999989e-12 1.000000000000000000e+02
1.796396000000000000e+06 2.805977440000000000e+08 5.406165907407407212e+04 9.947627314814813104e-01 2.200000000000000000e+01 2.200000000000000011e-01 4.690415759823429731e-02 3.479317599999999989e-12 1.000000000000000000e+02
1.796496000000000000e+06 2.805978440000000000e+08 5.406166023148148088e+04 9.954861111111110716e-01 2.400000000000000000e+01 2.399999999999999911e-01 4.898979485566355707e-02 3.795619200000000282e-12 1.000000000000000000e+02
1.796596000000000000e+06 2.805979440000000000e+08 5.406166138888888963e+04 9.962094907407408328e-01 1.100000000000000000e+01 1.100000000000000006e-01 3.316624790355399838e-02 1.739658799999999995e-12 1.000000000000000000e+02
1.796696000000000000e+06 2.805980440000000000e+08 5.406166254629629839e+04 9.969328703703705941e-01 1.000000000000000000e+01 1.000000000000000056e-01 3.162277660168379828e-02 1.581508000000000050e-12 1.000000000000000000e+02
1.796796000000000000e+06 2.805981440000000000e+08 5.406166370370369987e+04 9.976562500000003553e-01 1.400000000000000000e+01 1.400000000000000133e-01 3.741657386773941663e-02 2.214111200000000030e-12 1.000000000000000000e+02
1.796896000000000000e+06 2.805982440000000000e+08 5.406166486111110862e+04 9.983796296296301165e-01 1.500000000000000000e+01 1.499999999999999944e-01 3.872983346207416883e-02 2.372261999999999772e-12 1.000000000000000000e+02
1.796996000000000000e+06 2.805983440000000000e+08 5.406166601851851738e+04 9.991030092592598777e-01 1.300000000000000000e+01 1.300000000000000044e-01 3.605551275463989014e-02 2.055960399999999884e-12 1.000000000000000000e+02
1.797096000000000000e+06 2.805984440000000000e+08 5.406166717592592613e+04 9.998263888888896389e-01 2.300000000000000000e+01 2.300000000000000100e-01 4.795831523312719252e-02 3.637468400000000136e-12 1.000000000000000000e+02
1.797196000000000000e+06 2.805985440000000000e+08 5.406166833333333489e+04 5.497685185194001178e-04 2.100000000000000000e+01 2.099999999999999922e-01 4.582575694955839940e-02 3.321166799999999843e-12 1.000000000000000000e+02
1.797296000000000000e+06 2.805986440000000000e+08 5.406166949074074364e+04 1.273148148147384973e-03 2.100000000000000000e+01 2.099999999999999922e-01 4.582575694955839940e-02 3.321166799999999843e-12 1.000000000000000000e+02
1.797396000000000000e+06 2.805987440000000000e+08 5.406167064814814512e+04 1.996527777777146184e-03 2.600000000000000000e+01 2.600000000000000089e-01 5.099019513592784741e-02 4.111920799999999767e-12 1.000000000000000000e+02
1.797496000000000000e+06 2.805988440000000000e+08 5.406167180555555387e+04 2.719907407406907396e-03 2.400000000000000000e+01 2.399999999999999911e-01 4.898979485566355707e-02 3.795619200000000282e-12 1.000000000000000000e+02
1.797596000000000000e+06 2.805989440000000000e+08 5.406167296296296263e+04 3.443287037036668607e-03 1.300000000000000000e+01 1.300000000000000044e-01 3.605551275463989014e-02 2.055960399999999884e-12 1.000000000000000000e+02
1.797696000000000000e+06 2.805990440000000000e+08 5.406167412037037138e+04 4.166666666666429819e-03 1.200000000000000000e+01 1.199999999999999956e-01 3.464101615137754608e-02 1.897809600000000141e-12 1.000000000000000000e+02
1.797796000000000000e+06 2.805991440000000000e+08 5.406167527777778014e+04 4.890046296296191031e-03 2.000000000000000000e+01 2.000000000000000111e-01 4.472135954999579416e-02 3.163016000000000100e-12 1.000000000000000000e+02
1.797896000000000000e+06 2.805992440000000000e+08 5.406167643518518889e+04 5.613425925925952242e-03 1.800000000000000000e+01 1.799999999999999933e-01 4.242640687119284687e-02 2.846714399999999808e-12 1.000000000000000000e+02
1.797996000000000000e+06 2.805993440000000000e+08 5.406167759259259037e+04 6.336805555555713454e-03 1.200000000000000000e+01 1.199999999999999956e-01 3.464101615137754608e-02 1.897809600000000141e-12 1.000000000000000000e+02
1.798096000000000000e+06 2.805994440000000000e+08 5.406167874999999913e+04 7.060185185185474666e-03 1.400000000000000000e+01 1.400000000000000133e-01 3.741657386773941663e-02 2.214111200000000030e-12 1.000000000000000000e+02
1.798196000000000000e+06 2.805995440000000000e+08 5.406167990740740788e+04 7.783564814815235877e-03 1.100000000000000000e+01 1.100000000000000006e-01 3.316624790355399838e-02 1.739658799999999995e-12 1.000000000000000000e+02
1.798296000000000000e+06 2.805996440000000000e+08 5.406168106481481664e+04 8.506944444444997089e-03 1.500000000000000000e+01 1.499999999999999944e-01 3.872983346207416883e-02 2.372261999999999772e-12 1.000000000000000000e+02
1.798396000000000000e+06 2.805997440000000000e+08 5.406168222222222539e+04 9.230324074074758300e-03 2.200000000000000000e+01 2.200000000000000011e-01 4.690415759823429731e-02 3.479317599999999989e-12 1.000000000000000000e+02
1.798496000000000000e+06 2.805998440000000000e+08 5.406168337962962687e+04 9.953703703704519512e-03 1.600000000000000000e+01 1.600000000000000033e-01 4.000000000000000083e-02 2.530412799999999919e-12 1.000000000000000000e+02
1.798596000000000000e+06 2.805999440000000000e+08 5.406168453703703562e+04 1.067708333333250437e-02 1.400000000000000000e+01 1.400000000000000133e-01 3.741657386773941663e-02 2.214111200000000030e-12 1.000000000000000000e+02
1.798696000000000000e+06 2.806000440000000000e+08 5.406168569444444438e+04 1.140046296296226558e-02 1.100000000000000000e+01 1.100000000000000006e-01 3.316624790355399838e-02 1.739658799999999995e-12 1.000000000000000000e+02
1.798796000000000000e+06 2.806001440000000000e+08 5.406168685185185313e+04 1.212384259259202679e-02 1.400000000000000000e+01 1.400000000000000133e-01 3.741657386773941663e-02 2.214111200000000030e-12 1.000000000000000000e+02
1.798896000000000000e+06 2.806002440000000000e+08 5.406168800925926189e+04 1.284722222222178800e-02 1.600000000000000000e+01 1.600000000000000033e-01 4.000000000000000083e-02 2.530412799999999919e-12 1.000000000000000000e+02
1.798996000000000000e+06 2.806003440000000000e+08 5.406168916666666337e+04 1.357060185185154921e-02 1.100000000000000000e+01 1.100000000000000006e-01 3.316624790355399838e-02 1.739658799999999995e-12 1.000000000000000000e+02
1.799096000000000000e+06 2.806004440000000000e+08 5.406169032407407212e+04 1.429398148148131042e-02 1.900000000000000000e+01 1.900000000000000022e-01 4.358898943540674004e-02 3.004865199999999954e-12 1.000000000000000000e+02
1.799196000000000000e+06 2.806005440000000000e+08 5.406169148148148088e+04 1.501736111111107164e-02 1.800000000000000000e+01 1.799999999999999933e-01 4.242640687119284687e-02 2.846714399999999808e-12 1.000000000000000000e+02
1.799296000000000000e+06 2.806006440000000000e+08 5.406169263888888963e+04 1.574074074074083285e-02 1.600000000000000000e+01 1.600000000000000033e-01 4.000000000000000083e-02 2.530412799999999919e-12 1.000000000000000000e+02
1.799396000000000000e+06 2.806007440000000000e+08 5.406169379629629839e+04 1.646412037037059406e-02 1.500000000000000000e+01 1.499999999999999944e-01 3.872983346207416883e-02 2.372261999999999772e-12 1.000000000000000000e+02
1.799496000000000000e+06 2.806008440000000000e+08 5.406169495370369987e+04 1.718750000000035527e-02 1.300000000000000000e+01 1.300000000000000044e-01 3.605551275463989014e-02 2.055960399999999884e-12 1.000000000000000000e+02
1.799596000000000000e+06 2.806009440000000000e+08 5.406169611111110862e+04 1.791087962963011648e-02 1.900000000000000000e+01 1.900000000000000022e-01 4.358898943540674004e-02 3.004865199999999954e-12 1.000000000000000000e+02
1.799696000000000000e+06 2.806010440000000000e+08 5.406169726851851738e+04 1.863425925925987769e-02 1.600000000000000000e+01 1.600000000000000033e-01 4.000000000000000083e-02 2.530412799999999919e-12 1.000000000000000000e+02
1.799796000000000000e+06 2.806011440000000000e+08 5.406169842592592613e+04 1.935763888888963891e-02 2.000000000000000000e+01 2.000000000000000111e-01 4.472135954999579416e-02 3.163016000000000100e-12 1.000000000000000000e+02
1.799896000000000000e+06 2.806012440000000000e+08 5.406169958333333489e+04 2.008101851851940012e-02 1.200000000000000000e+01 1.199999999999999956e-01 3.464101615137754608e-02 1.897809600000000141e-12 1.000000000000000000e+02
1.799996000000000000e+06 2.806013440000000000e+08 5.406170074074074364e+04 2.080439814814738497e-02 1.400000000000000000e+01 1.400000000000000133e-01 3.741657386773941663e-02 2.214111200000000030e-12 1.000000000000000000e+02
1.800096000000000000e+06 2.806014440000000000e+08 5.406170189814814512e+04 2.152777777777714618e-02 1.300000000000000000e+01 1.300000000000000044e-01 3.605551275463989014e-02 2.055960399999999884e-12 1.000000000000000000e+02
1.800196000000000000e+06 2.806015440000000000e+08 5.406170305555555387e+04 2.225115740740690740e-02 1.500000000000000000e+01 1.499999999999999944e-01 3.872983346207416883e-02 2.372261999999999772e-12 1.000000000000000000e+02
1.800296000000000000e+06 2.806016440000000000e+08 5.406170421296296263e+04 2.297453703703666861e-02 1.300000000000000000e+01 1.300000000000000044e-01 3.605551275463989014e-02 2.055960399999999884e-12 1.000000000000000000e+02
1.800396000000000000e+06 2.806017440000000000e+08 5.406170537037037138e+04 2.369791666666642982e-02 1.500000000000000000e+01 1.499999999999999944e-01 3.872983346207416883e-02 2.372261999999999772e-12 1.000000000000000000e+02
1.800496000000000000e+06 2.806018440000000000e+08 5.406170652777778014e+04 2.442129629629619103e-02 1.100000000000000000e+01 1.100000000000000006e-01 3.316624790355399838e-02 1.739658799999999995e-12 1.000000000000000000e+02
1.800596000000000000e+06 2.806019440000000000e+08 5.406170768518518889e+04 2.514467592592595224e-02 1.900000000000000000e+01 1.900000000000000022e-01 4.358898943540674004e-02 3.004865199999999954e-12 1.000000000000000000e+02
1.800696000000000000e+06 2.806020440000000000e+08 5.406170884259259037e+04 2.586805555555571345e-02 1.600000000000000000e+01 1.600000000000000033e-01 4.000000000000000083e-02 2.530412799999999919e-12 1.000000000000000000e+02
1.800796000000000000e+06 2.806021440000000000e+08 5.406170999999999913e+04 2.659143518518547467e-02 1.900000000000000000e+01 1.900000000000000022e-01 4.358898943540674004e-02 3.004865199999999954e-12 1.000000000000000000e+02
1.800896000000000000e+06 2.806022440000000000e+08 5.406171115740740788e+04 2.731481481481523588e-02 2.400000000000000000e+01 2.399999999999999911e-01 4.898979485566355707e-02 3.795619200000000282e-12 1.000000000000000000e+02
1.800996000000000000e+06 2.806023440000000000e+08 5.406171231481481664e+04 2.803819444444499709e-02 2.000000000000000000e+01 2.000000000000000111e-01 4.472135954999579416e-02 3.163016000000000100e-12 1.000000000000000000e+02
1.801096000000000000e+06 2.806024440000000000e+08 5.406171347222222539e+04 2.876157407407475830e-02 1.500000000000000000e+01 1.499999999999999944e-01 3.872983346207416883e-02 2.372261999999999772e-12 1.000000000000000000e+02
1.801196000000000000e+06 2.806025440000000000e+08 5.406171462962962687e+04 2.948495370370451951e-02 1.000000000000000000e+01 1.000000000000000056e-01 3.162277660168379828e-02 1.581508000000000050e-12 1.000000000000000000e+02
1.804296000000000000e+06 2.806056440000000000e+08 5.406175050925926189e+04 5.190972222222178800e-02 1.500000000000000000e+01 1.499999999999999944e-01 3.872983346207416883e-02 2.372261999999999772e-12 1.000000000000000000e+02
1.804396000000000000e+06 2.806057440000000000e+08 5.406175166666666337e+04 5.263310185185154921e-02 9.000000000000000000e+00 8.999999999999999667e-02 2.999999999999999889e-02 1.423357199999999904e-12 1.000000000000000000e+02
1.804496000000000000e+06 2.806058440000000000e+08 5.406175282407407212e+04 5.335648148148131042e-02 1.900000000000000000e+01 1.900000000000000022e-01 4.358898943540674004e-02 3.004865199999999954e-12 1.000000000000000000e+02
1.804596000000000000e+06 2.806059440000000000e+08 5.406175398148148088e+04 5.407986111111107164e-02 2.400000000000000000e+01 2.399999999999999911e-01 4.898979485566355707e-02 3.795619200000000282e-12 1.000000000000000000e+02
1.804696000000000000e+06 2.806060440000000000e+08 5.406175513888888963e+04 5.480324074074083285e-02 1.300000000000000000e+01 1.300000000000000044e-01 3.605551275463989014e-02 2.055960399999999884e-12 1.000000000000000000e+02
1.804796000000000000e+06 2.806061440000000000e+08 5.406175629629629839e+04 5.552662037037059406e-02 1.800000000000000000e+01 1.799999999999999933e-01 4.242640687119284687e-02 2.846714399999999808e-12 1.000000000000000000e+02
1.804896000000000000e+06 2.806062440000000000e+08 5.406175745370369987e+04 5.625000000000035527e-02 1.400000000000000000e+01 1.400000000000000133e-01 3.741657386773941663e-02 2.214111200000000030e-12 1.000000000000000000e+02
1.804996000000000000e+06 2.806063440000000000e+08 5.406175861111110862e+04 5.697337962963011648e-02 1.500000000000000000e+01 1.499999999999999944e-01 3.872983346207416883e-02 2.372261999999999772e-12 1.000000000000000000e+02
1.805096000000000000e+06 2.806064440000000000e+08 5.406175976851851738e+04 5.769675925925987769e-02 1.400000000000000000e+01 1.400000000000000133e-01 3.741657386773941663e-02 2.214111200000000030e-12 1.000000000000000000e+02
1.805196000000000000e+06 2.806065440000000000e+08 5.406176092592592613e+04 5.842013888888963891e-02 1.000000000000000000e+01 1.000000000000000056e-01 3.162277660168379828e-02 1.581508000000000050e-12 1.000000000000000000e+02
1.805296000000000000e+06 2.806066440000000000e+08 5.406176208333333489e+04 5.914351851851940012e-02 1.500000000000000000e+01 1.499999999999999944e-01 3.872983346207416883e-02 2.372261999999999772e-12 1.000000000000000000e+02
1.805396000000000000e+06 2.806067440000000000e+08 5.406176324074074364e+04 5.986689814814738497e-02 7.000000000000000000e+00 7.000000000000000666e-02 2.645751311064590758e-02 1.107055600000000015e-12 1.000000000000000000e+02
1.805496000000000000e+06 2.806068440000000000e+08 5.406176439814814512e+04 6.059027777777714618e-02 1.600000000000000000e+01 1.600000000000000033e-01 4.000000000000000083e-02 2.530412799999999919e-12 1.000000000000000000e+02
1.805596000000000000e+06 2.806069440000000000e+08 5.406176555555555387e+04 6.131365740740690740e-02 1.900000000000000000e+01 1.900000000000000022e-01 4.358898943540674004e-02 3.004865199999999954e-12 1.000000000000000000e+02
1.805696000000000000e+06 2.806070440000000000e+08 5.406176671296296263e+04 6.203703703703666861e-02 1.000000000000000000e+01 1.000000000000000056e-01 3.162277660168379828e-02 1.581508000000000050e-12 1.000000000000000000e+02
1.805796000000000000e+06 2.806071440000000000e+08 5.406176787037037138e+04 6.276041666666642982e-02 1.700000000000000000e+01 1.700000000000000122e-01 4.123105625617660280e-02 2.688563600000000065e-12 1.000000000000000000e+02
1.805896000000000000e+06 2.806072440000000000e+08 5.406176902777778014e+04 6.348379629629619103e-02 1.600000000000000000e+01 1.600000000000000033e-01 4.000000000000000083e-02 2.530412799999999919e-12 1.000000000000000000e+02
1.805996000000000000e+06 2.806073440000000000e+08 5.406177018518518889e+04 6.420717592592595224e-02 2.100000000000000000e+01 2.099999999999999922e-01 4.582575694955839940e-02 3.321166799999999843e-12 1.000000000000000000e+02
1.806096000000000000e+06 2.806074440000000000e+08 5.406177134259259037e+04 6.493055555555571345e-02 2.300000000000000000e+01 2.300000000000000100e-01 4.795831523312719252e-02 3.637468400000000136e-12 1.000000000000000000e+02
1.806196000000000000e+06 2.806075440000000000e+08 5.406177249999999913e+04 6.565393518518547467e-02 1.500000000000000000e+01 1.499999999999999944e-01 3.872983346207416883e-02 2.372261999999999772e-12 1.000000000000000000e+02
1.806296000000000000e+06 2.806076440000000000e+08 5.406177365740740788e+04 6.637731481481523588e-02 2.000000000000000000e+01 2.000000000000000111e-01 4.472135954999579416e-02 3.163016000000000100e-12 1.000000000000000000e+02
1.806396000000000000e+06 2.806077440000000000e+08 5.406177481481481664e+04 6.710069444444499709e-02 1.800000000000000000e+01 1.799999999999999933e-01 4.242640687119284687e-02 2.846714399999999808e-12 1.000000000000000000e+02
1.806496000000000000e+06 2.806078440000000000e+08 5.406177597222222539e+04 6.782407407407475830e-02 4.000000000000000000e+00 4.000000000000000083e-02 2.000000000000000042e-02 6.326031999999999797e-13 1.000000000000000000e+02
1.806596000000000000e+06 2.806079440000000000e+08 5.406177712962962687e+04 6.854745370370451951e-02 1.700000000000000000e+01 1.700000000000000122e-01 4.123105625617660280e-02 2.688563600000000065e-12 1.000000000000000000e+02
1.806696000000000000e+06 2.806080440000000000e+08 5.406177828703703562e+04 6.927083333333250437e-02 1.800000000000000000e+01 1.799999999999999933e-01 4.242640687119284687e-02 2.846714399999999808e-12 1.000000000000000000e+02
1.806796000000000000e+06 2.806081440000000000e+08 5.406177944444444438e+04 6.999421296296226558e-02 1.400000000000000000e+01 1.400000000000000133e-01 3.741657386773941663e-02 2.214111200000000030e-12 1.000000000000000000e+02
1.806896000000000000e+06 2.806082440000000000e+08 5.406178060185185313e+04 7.071759259259202679e-02 1.100000000000000000e+01 1.100000000000000006e-01 3.316624790355399838e-02 1.739658799999999995e-12 1.000000000000000000e+02
1.806996000000000000e+06 2.806083440000000000e+08 5.406178175925926189e+04 7.144097222222178800e-02 1.200000000000000000e+01 1.199999999999999956e-01 3.464101615137754608e-02 1.897809600000000141e-12 1.000000000000000000e+02
1.807096000000000000e+06 2.806084440000000000e+08 5.406178291666666337e+04 7.216435185185154921e-02 7.000000000000000000e+00 7.000000000000000666e-02 2.645751311064590758e-02 1.107055600000000015e-12 1.000000000000000000e+02
1.807196000000000000e+06 2.806085440000000000e+08 5.406178407407407212e+04 7.288773148148131042e-02 1.200000000000000000e+01 1.199999999999999956e-01 3.464101615137754608e-02 1.897809600000000141e-12 1.000000000000000000e+02
1.807296000000000000e+06 2.806086440000000000e+08 5.406178523148148088e+04 7.361111111111107164e-02 1.000000000000000000e+01 1.000000000000000056e-01 3.162277660168379828e-02 1.581508000000000050e-12 1.000000000000000000e+02
1.807396000000000000e+06 2.806087440000000000e+08 5.406178638888888963e+04 7.433449074074083285e-02 2.300000000000000000e+01 2.300000000000000100e-01 4.795831523312719252e-02 3.637468400000000136e-12 1.000000000000000000e+02
1.807496000000000000e+06 2.806088440000000000e+08 5.406178754629629839e+04 7.505787037037059406e-02 1.300000000000000000e+01 1.300000000000000044e-01 3.605551275463989014e-02 2.055960399999999884e-12 1.000000000000000000e+02
1.807596000000000000e+06 2.806089440000000000e+08 5.406178870370369987e+04 7.578125000000035527e-02 1.000000000000000000e+01 1.000000000000000056e-01 3.162277660168379828e-02 1.581508000000000050e-12 1.000000000000000000e+02
1.807696000000000000e+06 2.806090440000000000e+08 5.406178986111110862e+04 7.650462962963011648e-02 1.600000000000000000e+01 1.600000000000000033e-01 4.000000000000000083e-02 2.530412799999999919e-12 1.000000000000000000e+02
1.807796000000000000e+06 2.806091440000000000e+08 5.406179101851851738e+04 7.722800925925987769e-02 7.000000000000000000e+00 7.000000000000000666e-02 2.645751311064590758e-02 1.107055600000000015e-12 1.000000000000000000e+02
1.807896000000000000e+06 2.806092440000000000e+08 5.406179217592592613e+04 7.795138888888963891e-02 1.500000000000000000e+01 1.499999999999999944e-01 3.872983346207416883e-02 2.372261999999999772e-12 1.000000000000000000e+02
1.807996000000000000e+06 2.806093440000000000e+08 5.406179333333333489e+04 7.867476851851940012e-02 1.700000000000000000e+01 1.700000000000000122e-01 4.123105625617660280e-02 2.688563600000000065e-12 1.000000000000000000e+02
1.808096000000000000e+06 2.806094440000000000e+08 5.406179449074074364e+04 7.939814814814738497e-02 8.000000000000000000e+00 8.000000000000000167e-02 2.828427124746190138e-02 1.265206399999999959e-12 1.000000000000000000e+02
1.808196000000000000e+06 2.806095440000000000e+08 5.406179564814814512e+04 8.012152777777714618e-02 2.200000000000000000e+01 2.200000000000000011e-01 4.690415759823429731e-02 3.479317599999999989e-12 1.000000000000000000e+02
1.808296000000000000e+06 2.806096440000000000e+08 5.406179680555555387e+04 8.084490740740690740e-02 1.700000000000000000e+01 1.700000000000000122e-01 4.123105625617660280e-02 2.688563600000000065e-12 1.000000000000000000e+02
1.808396000000000000e+06 2.806097440000000000e+08 5.406179796296296263e+04 8.156828703703666861e-02 1.400000000000000000e+01 1.400000000000000133e-01 3.741657386773941663e-02 2.214111200000000030e-12 1.000000000000000000e+02
1.808496000000000000e+06 2.806098440000000000e+08 5.406179912037037138e+04 8.229166666666642982e-02 9.000000000000000000e+00 8.999999999999999667e-02 2.999999999999999889e-02 1.423357199999999904e-12 1.000000000000000000e+02
1.808596000000000000e+06 2.806099440000000000e+08 5.406180027777778014e+04 8.301504629629619103e-02 1.600000000000000000e+01 1.600000000000000033e-01 4.000000000000000083e-02 2.530412799999999919e-12 1.000000000000000000e+02
1.808696000000000000e+06 2.806100440000000000e+08 5.406180143518518889e+04 8.373842592592595224e-02 6.000000000000000000e+00 5.999999999999999778e-02 2.449489742783177854e-02 9.489048000000000705e-13 1.000000000000000000e+02
1.808796000000000000e+06 2.806101440000000000e+08 5.406180259259259037e+04 8.446180555555571345e-02 2.200000000000000000e+01 2.200000000000000011e-01 4.690415759823429731e-02 3.479317599999999989e-12 1.000000000000000000e+02
1.808896000000000000e+06 2.806102440000000000e+08 5.406180374999999913e+04 8.518518518518547467e-02 1.300000000000000000e+01 1.300000000000000044e-01 3.605551275463989014e-02 2.055960399999999884e-12 1.000000000000000000e+02
1.808996000000000000e+06 2.806103440000000000e+08 5.406180490740740788e+04 8.590856481481523588e-02 1.900000000000000000e+01 1.900000000000000022e-01 4.358898943540674004e-02 3.004865199999999954e-12 1.000000000000000000e+02
1.809096000000000000e+06 2.806104440000000000e+08 5.406180606481481664e+04 8.663194444444499709e-02 1.900000000000000000e+01 1.900000000000000022e-01 4.358898943540674004e-02 3.004865199999999954e-12 1.000000000000000000e+02
1.809196000000000000e+06 2.806105440000000000e+08 5.406180722222222539e+04 8.735532407407475830e-02 1.600000000000000000e+01 1.600000000000000033e-01 4.000000000000000083e-02 2.530412799999999919e-12 1.000000000000000000e+02
1.809296000000000000e+06 2.806106440000000000e+08 5.406180837962962687e+04 8.807870370370451951e-02 1.500000000000000000e+01 1.499999999999999944e-01 3.872983346207416883e-02 2.372261999999999772e-12 1.000000000000000000e+02
1.809396000000000000e+06 2.806107440000000000e+08 5.406180953703703562e+04 8.880208333333250437e-02 8.000000000000000000e+00 8.000000000000000167e-02 2.828427124746190138e-02 1.265206399999999959e-12 1.000000000000000000e+02
1.809496000000000000e+06 2.806108440000000000e+08 5.406181069444444438e+04 8.952546296296226558e-02 1.600000000000000000e+01 1.600000000000000033e-01 4.000000000000000083e-02 2.530412799999999919e-12 1.000000000000000000e+02
1.809596000000000000e+06 2.806109440000000000e+08 5.406181185185185313e+04 9.024884259259202679e-02 1.800000000000000000e+01 1.799999999999999933e-01 4.242640687119284687e-02 2.846714399999999808e-12 1.000000000000000000e+02
1.809696000000000000e+06 2.806110440000000000e+08 5.406181300925926189e+04 9.097222222222178800e-02 1.600000000000000000e+01 1.600000000000000033e-01 4.000000000000000083e-02 2.530412799999999919e-12 1.000000000000000000e+02
1.809796000000000000e+06 2.806111440000000000e+08 5.406181416666666337e+04 9.169560185185154921e-02 1.600000000000000000e+01 1.600000000000000033e-01 4.000000000000000083e-02 2.530412799999999919e-12 1.000000000000000000e+02
1.809896000000000000e+06 2.806112440000000000e+08 5.406181532407407212e+04 9.241898148148131042e-02 2.100000000000000000e+01 2.099999999999999922e-01 4.582575694955839940e-02 3.321166799999999843e-12 1.000000000000000000e+02
1.809996000000000000e+06 2.806113440000000000e+08 5.406181648148148088e+04 9.314236111111107164e-02 2.200000000000000000e+01 2.200000000000000011e-01 4.690415759823429731e-02 3.479317599999999989e-12 1.000000000000000000e+02
1.810096000000000000e+06 2.806114440000000000e+08 5.406181763888888963e+04 9.386574074074083285e-02 1.500000000000000000e+01 1.499999999999999944e-01 3.872983346207416883e-02 2.372261999999999772e-12 1.000000000000000000e+02
1.810196000000000000e+06 2.806115440000000000e+08 5.406181879629629839e+04 9.458912037037059406e-02 1.600000000000000000e+01 1.600000000000000033e-01 4.000000000000000083e-02 2.530412799999999919e-12 1.000000000000000000e+02
1.810296000000000000e+06 2.806116440000000000e+08 5.406181995370369987e+04 9.531250000000035527e-02 3.500000000000000000e+01 3.499999999999999778e-01 5.916079783099616185e-02 5.535277999999999873e-12 1.000000000000000000e+02
1.810396000000000000e+06 2.806117440000000000e+08 5.406182111111110862e+04 9.603587962963011648e-02 9.000000000000000000e+00 8.999999999999999667e-02 2.999999999999999889e-02 1.423357199999999904e-12 1.000000000000000000e+02
1.810496000000000000e+06 2.806118440000000000e+08 5.406182226851851738e+04 9.675925925925987769e-02 1.200000000000000000e+01 1.199999999999999956e-01 3.464101615137754608e-02 1.897809600000000141e-12 1.000000000000000000e+02
1.810596000000000000e+06 2.806119440000000000e+08 5.406182342592592613e+04 9.748263888888963891e-02 1.200000000000000000e+01 1.199999999999999956e-01 3.464101615137754608e-02 1.897809600000000141e-12 1.000000000000000000e+02
1.810696000000000000e+06 2.806120440000000000e+08 5.406182458333333489e+04 9.820601851851940012e-02 1.500000000000000000e+01 1.499999999999999944e-01 3.872983346207416883e-02 2.372261999999999772e-12 1.000000000000000000e+02
1.810796000000000000e+06 2.806121440000000000e+08 5.406182574074074364e+04 9.892939814814738497e-02 1.500000000000000000e+01 1.499999999999999944e-01 3.872983346207416883e-02 2.372261999999999772e-12 1.000000000000000000e+02
1.810896000000000000e+06 2.806122440000000000e+08 5.406182689814814512e+04 9.965277777777714618e-02 2.100000000000000000e+01 2.099999999999999922e-01 4.582575694955839940e-02 3.321166799999999843e-12 1.000000000000000000e+02
1.810996000000000000e+06 2.806123440000000000e+08 5.406182805555555387e+04 1.003761574074069074e-01 1.700000000000000000e+01 1.700000000000000122e-01 4.123105625617660280e-02 2.688563600000000065e-12 1.000000000000000000e+02
1.811096000000000000e+06 2.806124440000000000e+08 5.406182921296296263e+04 1.010995370370366686e-01 1.800000000000000000e+01 1.799999999999999933e-01 4.242640687119284687e-02 2.846714399999999808e-12 1.000000000000000000e+02
1.811196000000000000e+06 2.806125440000000000e+08 5.406183037037037138e+04 1.018229166666664298e-01 1.900000000000000000e+01 1.900000000000000022e-01 4.358898943540674004e-02 3.004865199999999954e-12 1.000000000000000000e+02
1.811296000000000000e+06 2.806126440000000000e+08 5.406183152777778014e+04 1.025462962962961910e-01 1.800000000000000000e+01 1.799999999999999933e-01 4.242640687119284687e-02 2.846714399999999808e-12 1.000000000000000000e+02
1.811396000000000000e+06 2.806127440000000000e+08 5.406183268518518889e+04 1.032696759259259522e-01 1.800000000000000000e+01 1.799999999999999933e-01 4.242640687119284687e-02 2.846714399999999808e-12 1.000000000000000000e+02
1.811496000000000000e+06 2.806128440000000000e+08 5.406183384259259037e+04 1.039930555555557135e-01 1.200000000000000000e+01 1.199999999999999956e-01 3.464101615137754608e-02 1.897809600000000141e-12 1.000000000000000000e+02
1.811596000000000000e+06 2.806129440000000000e+08 5.406183499999999913e+04 1.047164351851854747e-01 2.800000000000000000e+01 2.800000000000000266e-01 5.291502622129181516e-02 4.428222400000000060e-12 1.000000000000000000e+02
1.811696000000000000e+06 2.806130440000000000e+08 5.406183615740740788e+04 1.054398148148152359e-01 1.800000000000000000e+01 1.799999999999999933e-01 4.242640687119284687e-02 2.846714399999999808e-12 1.000000000000000000e+02
1.811796000000000000e+06 2.806131440000000000e+08 5.406183731481481664e+04 1.061631944444449971e-01 2.200000000000000000e+01 2.200000000000000011e-01 4.690415759823429731e-02 3.479317599999999989e-12 1.000000000000000000e+02
1.811896000000000000e+06 2.806132440000000000e+08 5.406183847222222539e+04 1.068865740740747583e-01 1.300000000000000000e+01 1.300000000000000044e-01 3.605551275463989014e-02 2.055960399999999884e-12 1.000000000000000000e+02
1.811996000000000000e+06 2.806133440000000000e+08 5.406183962962962687e+04 1.076099537037045195e-01 1.500000000000000000e+01 1.499999999999999944e-01 3.872983346207416883e-02 2.372261999999999772e-12 1.000000000000000000e+02
1.812096000000000000e+06 2.806134440000000000e+08 5.406184078703703562e+04 1.083333333333325044e-01 1.100000000000000000e+01 1.100000000000000006e-01 3.316624790355399838e-02 1.739658799999999995e-12 1.000000000000000000e+02
1.812196000000000000e+06 2.806135440000000000e+08 5.406184194444444438e+04 1.090567129629622656e-01 2.000000000000000000e+01 2.000000000000000111e-01 4.472135954999579416e-02 3.163016000000000100e-12 1.000000000000000000e+02
1.812296000000000000e+06 2.806136440000000000e+08 5.406184310185185313e+04 1.097800925925920268e-01 2.100000000000000000e+01 2.099999999999999922e-01 4.582575694955839940e-02 3.321166799999999843e-12 1.000000000000000000e+02
1.812396000000000000e+06 2.806137440000000000e+08 5.406184425925926189e+04 1.105034722222217880e-01 2.000000000000000000e+01 2.000000000000000111e-01 4.472135954999579416e-02 3.163016000000000100e-12 1.000000000000000000e+02
1.812496000000000000e+06 2.806138440000000000e+08 5.406184541666666337e+04 1.112268518518515492e-01 1.900000000000000000e+01 1.900000000000000022e-01 4.358898943540674004e-02 3.004865199999999954e-12 1.000000000000000000e+02
1.812596000000000000e+06 2.806139440000000000e+08 5.406184657407407212e+04 1.119502314814813104e-01 2.700000000000000000e+01 2.700000000000000178e-01 5.196152422706631913e-02 4.270071600000000317e-12 1.000000000000000000e+02
1.812696000000000000e+06 2.806140440000000000e+08 5.406184773148148088e+04 1.126736111111110716e-01 1.300000000000000000e+01 1.300000000000000044e-01 3.605551275463989014e-02 2.055960399999999884e-12 1.000000000000000000e+02
1.812796000000000000e+06 2.806141440000000000e+08 5.406184888888888963e+04 1.133969907407408328e-01 1.700000000000000000e+01 1.700000000000000122e-01 4.123105625617660280e-02 2.688563600000000065e-12 1.000000000000000000e+02
1.812896000000000000e+06 2.806142440000000000e+08 5.406185004629629839e+04 1.141203703703705941e-01 1.300000000000000000e+01 1.300000000000000044e-01 3.605551275463989014e-02 2.055960399999999884e-12 1.000000000000000000e+02
1.812996000000000000e+06 2.806143440000000000e+08 5.406185120370369987e+04 1.148437500000003553e-01 1.700000000000000000e+01 1.700000000000000122e-01 4.123105625617660280e-02 2.688563600000000065e-12 1.000000000000000000e+02
1.813096000000000000e+06 2.806144440000000000e+08 5.406185236111110862e+04 1.155671296296301165e-01 1.100000000000000000e+01 1.100000000000000006e-01 3.316624790355399838e-02 1.739658799999999995e-12 1.000000000000000000e+02
1.813196000000000000e+06 2.806145440000000000e+08 5.406185351851851738e+04 1.162905092592598777e-01 1.800000000000000000e+01 1.799999999999999933e-01 4.242640687119284687e-02 2.846714399999999808e-12 1.000000000000000000e+02
1.813296000000000000e+06 2.806146440000000000e+08 5.406185467592592613e+04 1.170138888888896389e-01 1.500000000000000000e+01 1.499999999999999944e-01 3.872983346207416883e-02 2.372261999999999772e-12 1.000000000000000000e+02
1.813396000000000000e+06 2.806147440000000000e+08 5.406185583333333489e+04 1.177372685185194001e-01 1.200000000000000000e+01 1.199999999999999956e-01 3.464101615137754608e-02 1.897809600000000141e-12 1.000000000000000000e+02
1.813496000000000000e+06 2.806148440000000000e+08 5.406185699074074364e+04 1.184606481481473850e-01 1.600000000000000000e+01 1.600000000000000033e-01 4.000000000000000083e-02 2.530412799999999919e-12 1.000000000000000000e+02
1.813596000000000000e+06 2.806149440000000000e+08 5.406185814814814512e+04 1.191840277777771462e-01 1.800000000000000000e+01 1.799999999999999933e-01 4.242640687119284687e-02 2.846714399999999808e-12 1.000000000000000000e+02
1.813696000000000000e+06 2.806150440000000000e+08 5.406185930555555387e+04 1.199074074074069074e-01 1.300000000000000000e+01 1.300000000000000044e-01 3.605551275463989014e-02 2.055960399999999884e-12 1.000000000000000000e+02
1.813796000000000000e+06 2.806151440000000000e+08 5.406186046296296263e+04 1.206307870370366686e-01 1.000000000000000000e+01 1.000000000000000056e-01 3.162277660168379828e-02 1.581508000000000050e-12 1.000000000000000000e+02
1.813896000000000000e+06 2.806152440000000000e+08 5.406186162037037138e+04 1.213541666666664298e-01 2.400000000000000000e+01 2.399999999999999911e-01 4.898979485566355707e-02 3.795619200000000282e-12 1.000000000000000000e+02
1.813996000000000000e+06 2.806153440000000000e+08 5.406186277777778014e+04 1.220775462962961910e-01 1.400000000000000000e+01 1.400000000000000133e-01 3.741657386773941663e-02 2.214111200000000030e-12 1.000000000000000000e+02
1.814096000000000000e+06 2.806154440000000000e+08 5.406186393518518889e+04 1.228009259259259522e-01 2.000000000000000000e+01 2.000000000000000111e-01 4.472135954999579416e-02 3.163016000000000100e-12 1.000000000000000000e+02
1.814196000000000000e+06 2.806155440000000000e+08 5.406186509259259037e+04 1.235243055555557135e-01 2.600000000000000000e+01 2.600000000000000089e-01 5.099019513592784741e-02 4.111920799999999767e-12 1.000000000000000000e+02
1.814296000000000000e+06 2.806156440000000000e+08 5.406186624999999913e+04 1.242476851851854747e-01 1.600000000000000000e+01 1.600000000000000033e-01 4.000000000000000083e-02 2.530412799999999919e-12 1.000000000000000000e+02
1.814396000000000000e+06 2.806157440000000000e+08 5.406186740740740788e+04 1.249710648148152359e-01 1.800000000000000000e+01 1.799999999999999933e-01 4.242640687119284687e-02 2.846714399999999808e-12 1.000000000000000000e+02
1.814496000000000000e+06 2.806158440000000000e+08 5.406186856481481664e+04 1.256944444444449971e-01 1.200000000000000000e+01 1.199999999999999956e-01 3.464101615137754608e-02 1.897809600000000141e-12 1.000000000000000000e+02
1.814596000000000000e+06 2.806159440000000000e+08 5.406186972222222539e+04 1.264178240740747583e-01 1.100000000000000000e+01 1.100000000000000006e-01 3.316624790355399838e-02 1.739658799999999995e-12 1.000000000000000000e+02
1.814696000000000000e+06 2.806160440000000000e+08 5.406187087962962687e+04 1.271412037037045195e-01 1.000000000000000000e+01 1.000000000000000056e-01 3.162277660168379828e-02 1.581508000000000050e-12 1.000000000000000000e+02
1.814796000000000000e+06 2.806161440000000000e+08 5.406187203703703562e+04 1.278645833333325044e-01 7.000000000000000000e+00 7.000000000000000666e-02 2.645751311064590758e-02 1.107055600000000015e-12 1.000000000000000000e+02
1.814896000000000000e+06 2.806162440000000000e+08 5.406187319444444438e+04 1.285879629629622656e-01 1.200000000000000000e+01 1.199999999999999956e-01 3.464101615137754608e-02 1.897809600000000141e-12 1.000000000000000000e+02
1.814996000000000000e+06 2.806163440000000000e+08 5.406187435185185313e+04 1.293113425925920268e-01 1.300000000000000000e+01 1.300000000000000044e-01 3.605551275463989014e-02 2.055960399999999884e-12 1.000000000000000000e+02
1.815096000000000000e+06 2.806164440000000000e+08 5.406187550925926189e+04 1.300347222222217880e-01 1.300000000000000000e+01 1.300000000000000044e-01 3.605551275463989014e-02 2.055960399999999884e-12 1.000000000000000000e+02
1.815196000000000000e+06 2.806165440000000000e+08 5.406187666666666337e+04 1.307581018518515492e-01 2.500000000000000000e+01 2.500000000000000000e-01 5.000000000000000278e-02 3.953770000000000025e-12 1.000000000000000000e+02
1.815296000000000000e+06 2.806166440000000000e+08 5.406187782407407212e+04 1.314814814814813104e-01 1.600000000000000000e+01 1.600000000000000033e-01 4.000000000000000083e-02 2.530412799999999919e-12 1.000000000000000000e+02
1.815396000000000000e+06 2.806167440000000000e+08 5.406187898148148088e+04 1.322048611111110716e-01 1.400000000000000000e+01 1.400000000000000133e-01 3.741657386773941663e-02 2.214111200000000030e-12 1.000000000000000000e+02
1.815496000000000000e+06 2.806168440000000000e+08 5.406188013888888963e+04 1.329282407407408328e-01 1.200000000000000000e+01 1.199999999999999956e-01 3.464101615137754608e-02 1.897809600000000141e-12 1.000000000000000000e+02
1.815596000000000000e+06 2.806169440000000000e+08 5.406188129629629839e+04 1.336516203703705941e-01 1.300000000000000000e+01 1.300000000000000044e-01 3.605551275463989014e-02 2.055960399999999884e-12 1.000000000000000000e+02
1.815696000000000000e+06 2.806170440000000000e+08 5.406188245370369987e+04 1.343750000000003553e-01 1.700000000000000000e+01 1.700000000000000122e-01 4.123105625617660280e-02 2.688563600000000065e-12 1.000000000000000000e+02
1.815796000000000000e+06 2.806171440000000000e+08 5.406188361111110862e+04 1.350983796296301165e-01 1.900000000000000000e+01 1.900000000000000022e-01 4.358898943540674004e-02 3.004865199999999954e-12 1.000000000000000000e+02
1.815896000000000000e+06 2.806172440000000000e+08 5.406188476851851738e+04 1.358217592592598777e-01 1.700000000000000000e+01 1.700000000000000122e-01 4.123105625617660280e-02 2.688563600000000065e-12 1.000000000000000000e+02
1.815996000000000000e+06 2.806173440000000000e+08 5.406188592592592613e+04 1.365451388888896389e-01 1.700000000000000000e+01 1.700000000000000122e-01 4.123105625617660280e-02 2.688563600000000065e-12 1.000000000000000000e+02
1.816096000000000000e+06 2.806174440000000000e+08 5.406188708333333489e+04 1.372685185185194001e-01 1.100000000000000000e+01 1.100000000000000006e-01 3.316624790355399838e-02 1.739658799999999995e-12 1.000000000000000000e+02
1.816196000000000000e+06 2.806175440000000000e+08 5.406188824074074364e+04 1.379918981481473850e-01 1.900000000000000000e+01 1.900000000000000022e-01 4.358898943540674004e-02 3.004865199999999954e-12 1.000000000000000000e+02
1.816296000000000000e+06 2.806176440000000000e+08 5.406188939814814512e+04 1.387152777777771462e-01 1.200000000000000000e+01 1.199999999999999956e-01 3.464101615137754608e-02 1.897809600000000141e-12 1.000000000000000000e+02
1.816396000000000000e+06 2.806177440000000000e+08 5.406189055555555387e+04 1.394386574074069074e-01 1.700000000000000000e+01 1.700000000000000122e-01 4.123105625617660280e-02 2.688563600000000065e-12 1.000000000000000000e+02
1.816496000000000000e+06 2.806178440000000000e+08 5.406189171296296263e+04 1.401620370370366686e-01 1.600000000000000000e+01 1.600000000000000033e-01 4.000000000000000083e-02 2.530412799999999919e-12 1.000000000000000000e+02
1.816596000000000000e+06 2.806179440000000000e+08 5.406189287037037138e+04 1.408854166666664298e-01 1.300000000000000000e+01 1.300000000000000044e-01 3.605551275463989014e-02 2.055960399999999884e-12 1.000000000000000000e+02
1.816696000000000000e+06 2.806180440000000000e+08 5.406189402777778014e+04 1.416087962962961910e-01 2.100000000000000000e+01 2.099999999999999922e-01 4.582575694955839940e-02 3.321166799999999843e-12 1.000000000000000000e+02
1.816796000000000000e+06 2.806181440000000000e+08 5.406189518518518889e+04 1.423321759259259522e-01 1.300000000000000000e+01 1.300000000000000044e-01 3.605551275463989014e-02 2.055960399999999884e-12 1.000000000000000000e+02
1.816896000000000000e+06 2.806182440000000000e+08 5.406189634259259037e+04 1.430555555555557135e-01 1.800000000000000000e+01 1.799999999999999933e-01 4.242640687119284687e-02 2.846714399999999808e-12 1.000000000000000000e+02
1.816996000000000000e+06 2.806183440000000000e+08 5.406189749999999913e+04 1.437789351851854747e-01 9.000000000000000000e+00 8.999999999999999667e-02 2.999999999999999889e-02 1.423357199999999904e-12 1.000000000000000000e+02
1.817096000000000000e+06 2.806184440000000000e+08 5.406189865740740788e+04 1.445023148148152359e-01 1.600000000000000000e+01 1.600000000000000033e-01 4.000000000000000083e-02 2.530412799999999919e-12 1.000000000000000000e+02
1.817196000000000000e+06 2.806185440000000000e+08 5.406189981481481664e+04 1.452256944444449971e-01 1.300000000000000000e+01 1.300000000000000044e-01 3.605551275463989014e-02 2.055960399999999884e-12 1.000000000000000000e+02
1.817296000000000000e+06 2.806186440000000000e+08 5.406190097222222539e+04 1.459490740740747583e-01 1.000000000000000000e+01 1.000000000000000056e-01 3.162277660168379828e-02 1.581508000000000050e-12 1.000000000000000000e+02
1.817396000000000000e+06 2.806187440000000000e+08 5.406190212962962687e+04 1.466724537037045195e-01 1.500000000000000000e+01 1.499999999999999944e-01 3.872983346207416883e-02 2.372261999999999772e-12 1.000000000000000000e+02
1.817496000000000000e+06 2.806188440000000000e+08 5.406190328703703562e+04 1.473958333333325044e-01 1.500000000000000000e+01 1.499999999999999944e-01 3.872983346207416883e-02 2.372261999999999772e-12 1.000000000000000000e+02
1.817596000000000000e+06 2.806189440000000000e+08 5.406190444444444438e+04 1.481192129629622656e-01 2.300000000000000000e+01 2.300000000000000100e-01 4.795831523312719252e-02 3.637468400000000136e-12 1.000000000000000000e+02
1.817696000000000000e+06 2.806190440000000000e+08 5.406190560185185313e+04 1.488425925925920268e-01 1.300000000000000000e+01 1.300000000000000044e-01 3.605551275463989014e-02 2.055960399999999884e-12 1.000000000000000000e+02
1.817796000000000000e+06 2.806191440000000000e+08 5.406190675925926189e+04 1.495659722222217880e-01 1.000000000000000000e+01 1.000000000000000056e-01 3.162277660168379828e-02 1.581508000000000050e-12 1.000000000000000000e+02
1.817896000000000000e+06 2.806192440000000000e+08 5.406190791666666337e+04 1.502893518518515492e-01 1.600000000000000000e+01 1.600000000000000033e-01 4.000000000000000083e-02 2.530412799999999919e-12 1.000000000000000000e+02
1.817996000000000000e+06 2.806193440000000000e+08 5.406190907407407212e+04 1.510127314814813104e-01 1.400000000000000000e+01 1.400000000000000133e-01 3.741657386773941663e-02 2.214111200000000030e-12 1.000000000000000000e+02
1.818096000000000000e+06 2.806194440000000000e+08 5.406191023148148088e+04 1.517361111111110716e-01 2.200000000000000000e+01 2.200000000000000011e-01 4.690415759823429731e-02 3.479317599999999989e-12 1.000000000000000000e+02
1.818196000000000000e+06 2.806195440000000000e+08 5.406191138888888963e+04 1.524594907407408328e-01 1.300000000000000000e+01 1.300000000000000044e-01 3.605551275463989014e-02 2.055960399999999884e-12 1.000000000000000000e+02
1.818296000000000000e+06 2.806196440000000000e+08 5.406191254629629839e+04 1.531828703703705941e-01 1.500000000000000000e+01 1.499999999999999944e-01 3.872983346207416883e-02 2.372261999999999772e-12 1.000000000000000000e+02
1.818396000000000000e+06 2.806197440000000000e+08 5.406191370370369987e+04 1.539062500000003553e-01 1.500000000000000000e+01 1.499999999999999944e-01 3.872983346207416883e-02 2.372261999999999772e-12 1.000000000000000000e+02
1.818496000000000000e+06 2.806198440000000000e+08 5.406191486111110862e+04 1.546296296296301165e-01 1.900000000000000000e+01 1.900000000000000022e-01 4.358898943540674004e-02 3.004865199999999954e-12 1.000000000000000000e+02
1.818596000000000000e+06 2.806199440000000000e+08 5.406191601851851738e+04 1.553530092592598777e-01 1.400000000000000000e+01 1.400000000000000133e-01 3.741657386773941663e-02 2.214111200000000030e-12 1.000000000000000000e+02
1.818696000000000000e+06 2.806200440000000000e+08 5.406191717592592613e+04 1.560763888888896389e-01 1.300000000000000000e+01 1.300000000000000044e-01 3.605551275463989014e-02 2.055960399999999884e-12 1.000000000000000000e+02
1.818796000000000000e+06 2.806201440000000000e+08 5.406191833333333489e+04 1.567997685185194001e-01 1.500000000000000000e+01 1.499999999999999944e-01 3.872983346207416883e-02 2.372261999999999772e-12 1.000000000000000000e+02
1.818896000000000000e+06 2.806202440000000000e+08 5.406191949074074364e+04 1.575231481481473850e-01 1.700000000000000000e+01 1.700000000000000122e-01 4.123105625617660280e-02 2.688563600000000065e-12 1.000000000000000000e+02
1.818996000000000000e+06 2.806203440000000000e+08 5.406192064814814512e+04 1.582465277777771462e-01 1.800000000000000000e+01 1.799999999999999933e-01 4.242640687119284687e-02 2.846714399999999808e-12 1.000000000000000000e+02
1.819096000000000000e+06 2.806204440000000000e+08 5.406192180555555387e+04 1.589699074074069074e-01 1.600000000000000000e+01 1.600000000000000033e-01 4.000000000000000083e-02 2.530412799999999919e-12 1.000000000000000000e+02
1.819196000000000000e+06 2.806205440000000000e+08 5.406192296296296263e+04 1.596932870370366686e-01 1.800000000000000000e+01 1.799999999999999933e-01 4.242640687119284687e-02 2.846714399999999808e-12 1.000000000000000000e+02
1.819296000000000000e+06 2.806206440000000000e+08 5.406192412037037138e+04 1.604166666666664298e-01 1.700000000000000000e+01 1.700000000000000122e-01 4.123105625617660280e-02 2.688563600000000065e-12 1.000000000000000000e+02
1.819396000000000000e+06 2.806207440000000000e+08 5.406192527777778014e+04 1.611400462962961910e-01 2.100000000000000000e+01 2.099999999999999922e-01 4.582575694955839940e-02 3.321166799999999843e-12 1.000000000000000000e+02
1.819496000000000000e+06 2.806208440000000000e+08 5.406192643518518889e+04 1.618634259259259522e-01 1.600000000000000000e+01 1.600000000000000033e-01 4.000000000000000083e-02 2.530412799999999919e-12 1.000000000000000000e+02
1.819596000000000000e+06 2.806209440000000000e+08 5.406192759259259037e+04 1.625868055555557135e-01 1.400000000000000000e+01 1.400000000000000133e-01 3.741657386773941663e-02 2.214111200000000030e-12 1.000000000000000000e+02
1.819696000000000000e+06 2.806210440000000000e+08 5.406192874999999913e+04 1.633101851851854747e-01 1.200000000000000000e+01 1.199999999999999956e-01 3.464101615137754608e-02 1.897809600000000141e-12 1.000000000000000000e+02
1.819796000000000000e+06 2.806211440000000000e+08 5.406192990740740788e+04 1.640335648148152359e-01 1.400000000000000000e+01 1.400000000000000133e-01 3.741657386773941663e-02 2.214111200000000030e-12 1.000000000000000000e+02
1.819896000000000000e+06 2.806212440000000000e+08 5.406193106481481664e+04 1.647569444444449971e-01 1.300000000000000000e+01 1.300000000000000044e-01 3.605551275463989014e-02 2.055960399999999884e-12 1.000000000000000000e+02
1.819996000000000000e+06 2.806213440000000000e+08 5.406193222222222539e+04 1.654803240740747583e-01 8.000000000000000000e+00 8.000000000000000167e-02 2.828427124746190138e-02 1.265206399999999959e-12 1.000000000000000000e+02
1.820096000000000000e+06 2.806214440000000000e+08 5.406193337962962687e+04 1.662037037037045195e-01 1.500000000000000000e+01 1.499999999999999944e-01 3.872983346207416883e-02 2.372261999999999772e-12 1.000000000000000000e+02
1.820196000000000000e+06 2.806215440000000000e+08 5.406193453703703562e+04 1.669270833333325044e-01 1.800000000000000000e+01 1.799999999999999933e-01 4.242640687119284687e-02 2.846714399999999808e-12 1.000000000000000000e+02
1.820296000000000000e+06 2.806216440000000000e+08 5.406193569444444438e+04 1.676504629629622656e-01 1.700000000000000000e+01 1.700000000000000122e-01 4.123105625617660280e-02 2.688563600000000065e-12 1.000000000000000000e+02
1.820396000000000000e+06 2.806217440000000000e+08 5.406193685185185313e+04 1.683738425925920268e-01 1.600000000000000000e+01 1.600000000000000033e-01 4.000000000000000083e-02 2.530412799999999919e-12 1.000000000000000000e+02
1.820496000000000000e+06 2.806218440000000000e+08 5.406193800925926189e+04 1.690972222222217880e-01 2.100000000000000000e+01 2.099999999999999922e-01 4.582575694955839940e-02 3.321166799999999843e-12 1.000000000000000000e+02
1.820596000000000000e+06 2.806219440000000000e+08 5.406193916666666337e+04 1.698206018518515492e-01 1.300000000000000000e+01 1.300000000000000044e-01 3.605551275463989014e-02 2.055960399999999884e-12 1.000000000000000000e+02
1.820696000000000000e+06 2.806220440000000000e+08 5.406194032407407212e+04 1.705439814814813104e-01 2.000000000000000000e+01 2.000000000000000111e-01 4.472135954999579416e-02 3.163016000000000100e-12 1.000000000000000000e+02
1.820796000000000000e+06 2.806221440000000000e+08 5.406194148148148088e+04 1.712673611111110716e-01 2.500000000000000000e+01 2.500000000000000000e-01 5.000000000000000278e-02 3.953770000000000025e-12 1.000000000000000000e+02
1.820896000000000000e+06 2.806222440000000000e+08 5.406194263888888963e+04 1.719907407407408328e-01 1.600000000000000000e+01 1.600000000000000033e-01 4.000000000000000083e-02 2.530412799999999919e-12 1.000000000000000000e+02
1.820996000000000000e+06 2.806223440000000000e+08 5.406194379629629839e+04 1.727141203703705941e-01 1.000000000000000000e+01 1.000000000000000056e-01 3.162277660168379828e-02 1.581508000000000050e-12 1.000000000000000000e+02
1.821096000000000000e+06 2.806224440000000000e+08 5.406194495370369987e+04 1.734375000000003553e-01 1.500000000000000000e+01 1.499999999999999944e-01 3.872983346207416883e-02 2.372261999999999772e-12 1.000000000000000000e+02
1.821196000000000000e+06 2.806225440000000000e+08 5.406194611111110862e+04 1.741608796296301165e-01 1.500000000000000000e+01 1.499999999999999944e-01 3.872983346207416883e-02 2.372261999999999772e-12 1.000000000000000000e+02
1.821296000000000000e+06 2.806226440000000000e+08 5.406194726851851738e+04 1.748842592592598777e-01 2.100000000000000000e+01 2.099999999999999922e-01 4.582575694955839940e-02 3.321166799999999843e-12 1.000000000000000000e+02
1.821396000000000000e+06 2.806227440000000000e+08 5.406194842592592613e+04 1.756076388888896389e-01 1.500000000000000000e+01 1.499999999999999944e-01 3.872983346207416883e-02 2.372261999999999772e-12 1.000000000000000000e+02
1.821496000000000000e+06 2.806228440000000000e+08 5.406194958333333489e+04 1.763310185185194001e-01 2.200000000000000000e+01 2.200000000000000011e-01 4.690415759823429731e-02 3.479317599999999989e-12 1.000000000000000000e+02
1.821596000000000000e+06 2.806229440000000000e+08 5.406195074074074364e+04 1.770543981481473850e-01 1.500000000000000000e+01 1.499999999999999944e-01 3.872983346207416883e-02 2.372261999999999772e-12 1.000000000000000000e+02
1.821696000000000000e+06 2.806230440000000000e+08 5.406195189814814512e+04 1.777777777777771462e-01 2.700000000000000000e+01 2.700000000000000178e-01 5.196152422706631913e-02 4.270071600000000317e-12 1.000000000000000000e+02
1.821796000000000000e+06 2.806231440000000000e+08 5.406195305555555387e+04 1.785011574074069074e-01 2.600000000000000000e+01 2.600000000000000089e-01 5.099019513592784741e-02 4.111920799999999767e-12 1.000000000000000000e+02
1.821896000000000000e+06 2.806232440000000000e+08 5.406195421296296263e+04 1.792245370370366686e-01 2.100000000000000000e+01 2.099999999999999922e-01 4.582575694955839940e-02 3.321166799999999843e-12 1.000000000000000000e+02
1.821996000000000000e+06 2.806233440000000000e+08 5.406195537037037138e+04 1.799479166666664298e-01 1.400000000000000000e+01 1.400000000000000133e-01 3.741657386773941663e-02 2.214111200000000030e-12 1.000000000000000000e+02
1.822096000000000000e+06 2.806234440000000000e+08 5.406195652777778014e+04 1.806712962962961910e-01 1.800000000000000000e+01 1.799999999999999933e-01 4.242640687119284687e-02 2.846714399999999808e-12 1.000000000000000000e+02
1.822196000000000000e+06 2.806235440000000000e+08 5.406195768518518889e+04 1.813946759259259522e-01 1.200000000000000000e+01 1.199999999999999956e-01 3.464101615137754608e-02 1.897809600000000141e-12 1.000000000000000000e+02
1.822296000000000000e+06 2.806236440000000000e+08 5.406195884259259037e+04 1.821180555555557135e-01 9.000000000000000000e+00 8.999999999999999667e-02 2.999999999999999889e-02 1.423357199999999904e-12 1.000000000000000000e+02
1.822396000000000000e+06 2.806237440000000000e+08 5.406195999999999913e+04 1.828414351851854747e-01 1.700000000000000000e+01 1.700000000000000122e-01 4.123105625617660280e-02 2.688563600000000065e-12 1.000000000000000000e+02
1.822496000000000000e+06 2.806238440000000000e+08 5.406196115740740788e+04 1.835648148148152359e-01 1.700000000000000000e+01 1.700000000000000122e-01 4.123105625617660280e-02 2.688563600000000065e-12 1.000000000000000000e+02
1.822596000000000000e+06 2.806239440000000000e+08 5.406196231481481664e+04 1.842881944444449971e-01 2.000000000000000000e+01 2.000000000000000111e-01 4.472135954999579416e-02 3.163016000000000100e-12 1.000000000000000000e+02
1.822696000000000000e+06 2.806240440000000000e+08 5.406196347222222539e+04 1.850115740740747583e-01 1.700000000000000000e+01 1.700000000000000122e-01 4.123105625617660280e-02 2.688563600000000065e-12 1.000000000000000000e+02
1.822796000000000000e+06 2.806241440000000000e+08 5.406196462962962687e+04 1.857349537037045195e-01 2.000000000000000000e+01 2.000000000000000111e-01 4.472135954999579416e-02 3.163016000000000100e-12 1.000000000000000000e+02
1.822896000000000000e+06 2.806242440000000000e+08 5.406196578703703562e+04 1.864583333333325044e-01 1.200000000000000000e+01 1.199999999999999956e-01 3.464101615137754608e-02 1.897809600000000141e-12 1.000000000000000000e+02
1.822996000000000000e+06 2.806243440000000000e+08 5.406196694444444438e+04 1.871817129629622656e-01 2.200000000000000000e+01 2.200000000000000011e-01 4.690415759823429731e-02 3.479317599999999989e-12 1.000000000000000000e+02
1.823096000000000000e+06 2.806244440000000000e+08 5.406196810185185313e+04 1.879050925925920268e-01 1.300000000000000000e+01 1.300000000000000044e-01 3.605551275463989014e-02 2.055960399999999884e-12 1.000000000000000000e+02
1.823196000000000000e+06 2.806245440000000000e+08 5.406196925925926189e+04 1.886284722222217880e-01 1.300000000000000000e+01 1.300000000000000044e-01 3.605551275463989014e-02 2.055960399999999884e-12 1.000000000000000000e+02
2.654208000000000000e+06 2.814555560000000000e+08 5.407158745370370161e+04 1.999999999999992895e-01 1.800000000000000000e+01 1.799999999999999933e-01 4.242640687119284687e-02 2.846714399999999808e-12 1.000000000000000000e+02
2.654308000000000000e+06 2.814556560000000000e+08 5.407158861111111037e+04 2.007233796296290507e-01 2.800000000000000000e+01 2.800000000000000266e-01 5.291502622129181516e-02 4.428222400000000060e-12 1.000000000000000000e+02
2.654408000000000000e+06 2.814557560000000000e+08 5.407158976851851912e+04 2.014467592592588119e-01 2.000000000000000000e+01 2.000000000000000111e-01 4.472135954999579416e-02 3.163016000000000100e-12 1.000000000000000000e+02
2.654508000000000000e+06 2.814558560000000000e+08 5.407159092592592788e+04 2.021701388888885731e-01 2.000000000000000000e+01 2.000000000000000111e-01 4.472135954999579416e-02 3.163016000000000100e-12 1.000000000000000000e+02
2.654608000000000000e+06 2.814559560000000000e+08 5.407159208333333663e+04 2.028935185185183343e-01 1.600000000000000000e+01 1.600000000000000033e-01 4.000000000000000083e-02 2.530412799999999919e-12 1.000000000000000000e+02
2.654708000000000000e+06 2.814560560000000000e+08 5.407159324074073811e+04 2.036168981481480955e-01 7.000000000000000000e+00 7.000000000000000666e-02 2.645751311064590758e-02 1.107055600000000015e-12 1.000000000000000000e+02
2.654808000000000000e+06 2.814561560000000000e+08 5.407159439814814687e+04 2.043402777777778567e-01 1.400000000000000000e+01 1.400000000000000133e-01 3.741657386773941663e-02 2.214111200000000030e-12 1.000000000000000000e+02
2.654908000000000000e+06 2.814562560000000000e+08 5.407159555555555562e+04 2.050636574074076179e-01 1.000000000000000000e+01 1.000000000000000056e-01 3.162277660168379828e-02 1.581508000000000050e-12 1.000000000000000000e+02
2.655008000000000000e+06 2.814563560000000000e+08 5.407159671296296438e+04 2.057870370370373792e-01 1.500000000000000000e+01 1.499999999999999944e-01 3.872983346207416883e-02 2.372261999999999772e-12 1.000000000000000000e+02
2.655108000000000000e+06 2.814564560000000000e+08 5.407159787037037313e+04 2.065104166666671404e-01 1.800000000000000000e+01 1.799999999999999933e-01 4.242640687119284687e-02 2.846714399999999808e-12 1.000000000000000000e+02
2.655208000000000000e+06 2.814565560000000000e+08 5.407159902777777461e+04 2.072337962962969016e-01 1.900000000000000000e+01 1.900000000000000022e-01 4.358898943540674004e-02 3.004865199999999954e-12 1.000000000000000000e+02
2.655308000000000000e+06 2.814566560000000000e+08 5.407160018518518336e+04 2.079571759259266628e-01 2.300000000000000000e+01 2.300000000000000100e-01 4.795831523312719252e-02 3.637468400000000136e-12 1.000000000000000000e+02
2.655408000000000000e+06 2.814567560000000000e+08 5.407160134259259212e+04 2.086805555555564240e-01 2.000000000000000000e+01 2.000000000000000111e-01 4.472135954999579416e-02 3.163016000000000100e-12 1.000000000000000000e+02
2.655508000000000000e+06 2.814568560000000000e+08 5.407160250000000087e+04 2.094039351851861852e-01 1.100000000000000000e+01 1.100000000000000006e-01 3.316624790355399838e-02 1.739658799999999995e-12 1.000000000000000000e+02
2.655608000000000000e+06 2.814569560000000000e+08 5.407160365740740963e+04 2.101273148148159464e-01 2.600000000000000000e+01 2.600000000000000089e-01 5.099019513592784741e-02 4.111920799999999767e-12 1.000000000000000000e+02
2.655708000000000000e+06 2.814570560000000000e+08 5.407160481481481111e+04 2.108506944444457076e-01 1.500000000000000000e+01 1.499999999999999944e-01 3.872983346207416883e-02 2.372261999999999772e-12 1.000000000000000000e+02
2.655808000000000000e+06 2.814571560000000000e+08 5.407160597222221986e+04 2.115740740740754688e-01 1.000000000000000000e+01 1.000000000000000056e-01 3.162277660168379828e-02 1.581508000000000050e-12 1.000000000000000000e+02
2.655908000000000000e+06 2.814572560000000000e+08 5.407160712962962862e+04 2.122974537037052301e-01 1.100000000000000000e+01 1.100000000000000006e-01 3.316624790355399838e-02 1.739658799999999995e-12 1.000000000000000000e+02
2.656008000000000000e+06 2.814573560000000000e+08 5.407160828703703737e+04 2.130208333333349913e-01 1.700000000000000000e+01 1.700000000000000122e-01 4.123105625617660280e-02 2.688563600000000065e-12 1.000000000000000000e+02
2.656108000000000000e+06 2.814574560000000000e+08 5.407160944444444613e+04 2.137442129629611998e-01 2.000000000000000000e+01 2.000000000000000111e-01 4.472135954999579416e-02 3.163016000000000100e-12 1.000000000000000000e+02
2.656208000000000000e+06 2.814575560000000000e+08 5.407161060185185488e+04 2.144675925925909610e-01 1.100000000000000000e+01 1.100000000000000006e-01 3.316624790355399838e-02 1.739658799999999995e-12 1.000000000000000000e+02
2.656308000000000000e+06 2.814576560000000000e+08 5.407161175925925636e+04 2.151909722222207222e-01 1.500000000000000000e+01 1.499999999999999944e-01 3.872983346207416883e-02 2.372261999999999772e-12 1.000000000000000000e+02
2.656408000000000000e+06 2.814577560000000000e+08 5.407161291666666511e+04 2.159143518518504834e-01 1.700000000000000000e+01 1.700000000000000122e-01 4.123105625617660280e-02 2.688563600000000065e-12 1.000000000000000000e+02
2.656508000000000000e+06 2.814578560000000000e+08 5.407161407407407387e+04 2.166377314814802446e-01 1.700000000000000000e+01 1.700000000000000122e-01 4.123105625617660280e-02 2.688563600000000065e-12 1.000000000000000000e+02
2.656608000000000000e+06 2.814579560000000000e+08 5.407161523148148262e+04 2.173611111111100058e-01 5.000000000000000000e+00 5.000000000000000278e-02 2.236067977499789708e-02 7.907540000000000251e-13 1.000000000000000000e+02
2.656708000000000000e+06 2.814580560000000000e+08 5.407161638888889138e+04 2.180844907407397670e-01 8.000000000000000000e+00 8.000000000000000167e-02 2.828427124746190138e-02 1.265206399999999959e-12 1.000000000000000000e+02
2.656808000000000000e+06 2.814581560000000000e+08 5.407161754629630013e+04 2.188078703703695282e-01 2.000000000000000000e+01 2.000000000000000111e-01 4.472135954999579416e-02 3.163016000000000100e-12 1.000000000000000000e+02
2.656908000000000000e+06 2.814582560000000000e+08 5.407161870370370161e+04 2.195312499999992895e-01 1.100000000000000000e+01 1.100000000000000006e-01 3.316624790355399838e-02 1.739658799999999995e-12 1.000000000000000000e+02
2.657008000000000000e+06 2.814583560000000000e+08 5.407161986111111037e+04 2.202546296296290507e-01 1.300000000000000000e+01 1.300000000000000044e-01 3.605551275463989014e-02 2.055960399999999884e-12 1.000000000000000000e+02
2.657108000000000000e+06 2.814584560000000000e+08 5.407162101851851912e+04 2.209780092592588119e-01 1.600000000000000000e+01 1.600000000000000033e-01 4.000000000000000083e-02 2.530412799999999919e-12 1.000000000000000000e+02
2.657208000000000000e+06 2.814585560000000000e+08 5.407162217592592788e+04 2.217013888888885731e-01 1.700000000000000000e+01 1.700000000000000122e-01 4.123105625617660280e-02 2.688563600000000065e-12 1.000000000000000000e+02
2.657308000000000000e+06 2.814586560000000000e+08 5.407162333333333663e+04 2.224247685185183343e-01 1.400000000000000000e+01 1.400000000000000133e-01 3.741657386773941663e-02 2.214111200000000030e-12 1.000000000000000000e+02
2.657408000000000000e+06 2.814587560000000000e+08 5.407162449074073811e+04 2.231481481481480955e-01 1.600000000000000000e+01 1.600000000000000033e-01 4.000000000000000083e-02 2.530412799999999919e-12 1.000000000000000000e+02
2.657508000000000000e+06 2.814588560000000000e+08 5.407162564814814687e+04 2.238715277777778567e-01 1.900000000000000000e+01 1.900000000000000022e-01 4.358898943540674004e-02 3.004865199999999954e-12 1.000000000000000000e+02
2.657608000000000000e+06 2.814589560000000000e+08 5.407162680555555562e+04 2.245949074074076179e-01 1.400000000000000000e+01 1.400000000000000133e-01 3.741657386773941663e-02 2.214111200000000030e-12 1.000000000000000000e+02
2.657708000000000000e+06 2.814590560000000000e+08 5.407162796296296438e+04 2.253182870370373792e-01 1.200000000000000000e+01 1.199999999999999956e-01 3.464101615137754608e-02 1.897809600000000141e-12 1.000000000000000000e+02
2.657808000000000000e+06 2.814591560000000000e+08 5.407162912037037313e+04 2.260416666666671404e-01 1.100000000000000000e+01 1.100000000000000006e-01 3.316624790355399838e-02 1.739658799999999995e-12 1.000000000000000000e+02
2.657908000000000000e+06 2.814592560000000000e+08 5.407163027777777461e+04 2.267650462962969016e-01 1.600000000000000000e+01 1.600000000000000033e-01 4.000000000000000083e-02 2.530412799999999919e-12 1.000000000000000000e+02
2.658008000000000000e+06 2.814593560000000000e+08 5.407163143518518336e+04 2.274884259259266628e-01 1.800000000000000000e+01 1.799999999999999933e-01 4.242640687119284687e-02 2.846714399999999808e-12 1.000000000000000000e+02
2.658108000000000000e+06 2.814594560000000000e+08 5.407163259259259212e+04 2.282118055555564240e-01 1.200000000000000000e+01 1.199999999999999956e-01 3.464101615137754608e-02 1.897809600000000141e-12 1.000000000000000000e+02
2.658208000000000000e+06 2.814595560000000000e+08 5.407163375000000087e+04 2.289351851851861852e-01 1.400000000000000000e+01 1.400000000000000133e-01 3.741657386773941663e-02 2.214111200000000030e-12 1.000000000000000000e+02
2.658308000000000000e+06 2.814596560000000000e+08 5.407163490740740963e+04 2.296585648148159464e-01 1.300000000000000000e+01 1.300000000000000044e-01 3.605551275463989014e-02 2.055960399999999884e-12 1.000000000000000000e+02
2.658408000000000000e+06 2.814597560000000000e+08 5.407163606481481111e+04 2.303819444444457076e-01 1.500000000000000000e+01 1.499999999999999944e-01 3.872983346207416883e-02 2.372261999999999772e-12 1.000000000000000000e+02
2.658508000000000000e+06 2.814598560000000000e+08 5.407163722222221986e+04 2.311053240740754688e-01 1.900000000000000000e+01 1.900000000000000022e-01 4.358898943540674004e-02 3.004865199999999954e-12 1.000000000000000000e+02
2.658608000000000000e+06 2.814599560000000000e+08 5.407163837962962862e+04 2.318287037037052301e-01 1.900000000000000000e+01 1.900000000000000022e-01 4.358898943540674004e-02 3.004865199999999954e-12 1.000000000000000000e+02
2.658708000000000000e+06 2.814600560000000000e+08 5.407163953703703737e+04 2.325520833333349913e-01 1.600000000000000000e+01 1.600000000000000033e-01 4.000000000000000083e-02 2.530412799999999919e-12 1.000000000000000000e+02
2.658808000000000000e+06 2.814601560000000000e+08 5.407164069444444613e+04 2.332754629629611998e-01 1.400000000000000000e+01 1.400000000000000133e-01 3.741657386773941663e-02 2.214111200000000030e-12 1.000000000000000000e+02
2.658908000000000000e+06 2.814602560000000000e+08 5.407164185185185488e+04 2.339988425925909610e-01 1.400000000000000000e+01 1.400000000000000133e-01 3.741657386773941663e-02 2.214111200000000030e-12 1.000000000000000000e+02
2.659008000000000000e+06 2.814603560000000000e+08 5.407164300925925636e+04 2.347222222222207222e-01 1.400000000000000000e+01 1.400000000000000133e-01 3.741657386773941663e-02 2.214111200000000030e-12 1.000000000000000000e+02
2.659108000000000000e+06 2.814604560000000000e+08 5.407164416666666511e+04 2.354456018518504834e-01 1.900000000000000000e+01 1.900000000000000022e-01 4.358898943540674004e-02 3.004865199999999954e-12 1.000000000000000000e+02
2.659208000000000000e+06 2.814605560000000000e+08 5.407164532407407387e+04 2.361689814814802446e-01 6.000000000000000000e+00 5.999999999999999778e-02 2.449489742783177854e-02 9.489048000000000705e-13 1.000000000000000000e+02
2.659308000000000000e+06 2.814606560000000000e+08 5.407164648148148262e+04 2.368923611111100058e-01 1.300000000000000000e+01 1.300000000000000044e-01 3.605551275463989014e-02 2.055960399999999884e-12 1.000000000000000000e+02
2.659408000000000000e+06 2.814607560000000000e+08 5.407164763888889138e+04 2.376157407407397670e-01 1.200000000000000000e+01 1.199999999999999956e-01 3.464101615137754608e-02 1.897809600000000141e-12 1.000000000000000000e+02
2.659508000000000000e+06 2.814608560000000000e+08 5.407164879629630013e+04 2.383391203703695282e-01 1.800000000000000000e+01 1.799999999999999933e-01 4.242640687119284687e-02 2.846714399999999808e-12 1.000000000000000000e+02
2.662608000000000000e+06 2.814639560000000000e+08 5.407168467592592788e+04 2.607638888888885731e-01 1.100000000000000000e+01 1.100000000000000006e-01 3.316624790355399838e-02 1.739658799999999995e-12 1.000000000000000000e+02
2.662708000000000000e+06 2.814640560000000000e+08 5.407168583333333663e+04 2.614872685185183343e-01 1.300000000000000000e+01 1.300000000000000044e-01 3.605551275463989014e-02 2.055960399999999884e-12 1.000000000000000000e+02
2.662808000000000000e+06 2.814641560000000000e+08 5.407168699074073811e+04 2.622106481481480955e-01 1.400000000000000000e+01 1.400000000000000133e-01 3.741657386773941663e-02 2.214111200000000030e-12 1.000000000000000000e+02
2.662908000000000000e+06 2.814642560000000000e+08 5.407168814814814687e+04 2.629340277777778567e-01 1.800000000000000000e+01 1.799999999999999933e-01 4.242640687119284687e-02 2.846714399999999808e-12 1.000000000000000000e+02
2.663008000000000000e+06 2.814643560000000000e+08 5.407168930555555562e+04 2.636574074074076179e-01 1.700000000000000000e+01 1.700000000000000122e-01 4.123105625617660280e-02 2.688563600000000065e-12 1.000000000000000000e+02
2.663108000000000000e+06 2.814644560000000000e+08 5.407169046296296438e+04 2.643807870370373792e-01 1.700000000000000000e+01 1.700000000000000122e-01 4.123105625617660280e-02 2.688563600000000065e-12 1.000000000000000000e+02
2.663208000000000000e+06 2.814645560000000000e+08 5.407169162037037313e+04 2.651041666666671404e-01 2.200000000000000000e+01 2.200000000000000011e-01 4.690415759823429731e-02 3.479317599999999989e-12 1.000000000000000000e+02
2.663308000000000000e+06 2.814646560000000000e+08 5.407169277777777461e+04 2.658275462962969016e-01 1.000000000000000000e+01 1.000000000000000056e-01 3.162277660168379828e-02 1.581508000000000050e-12 1.000000000000000000e+02
2.663408000000000000e+06 2.814647560000000000e+08 5.407169393518518336e+04 2.665509259259266628e-01 1.500000000000000000e+01 1.499999999999999944e-01 3.872983346207416883e-02 2.372261999999999772e-12 1.000000000000000000e+02
2.663508000000000000e+06 2.814648560000000000e+08 5.407169509259259212e+04 2.672743055555564240e-01 1.300000000000000000e+01 1.300000000000000044e-01 3.605551275463989014e-02 2.055960399999999884e-12 1.000000000000000000e+02
2.663608000000000000e+06 2.814649560000000000e+08 5.407169625000000087e+04 2.679976851851861852e-01 1.500000000000000000e+01 1.499999999999999944e-01 3.872983346207416883e-02 2.372261999999999772e-12 1.000000000000000000e+02
2.663708000000000000e+06 2.814650560000000000e+08 5.407169740740740963e+04 2.687210648148159464e-01 3.100000000000000000e+01 3.099999999999999978e-01 5.567764362830021629e-02 4.902674800000000095e-12 1.000000000000000000e+02
2.663808000000000000e+06 2.814651560000000000e+08 5.407169856481481111e+04 2.694444444444457076e-01 1.600000000000000000e+01 1.600000000000000033e-01 4.000000000000000083e-02 2.530412799999999919e-12 1.000000000000000000e+02
2.663908000000000000e+06 2.814652560000000000e+08 5.407169972222221986e+04 2.701678240740754688e-01 1.800000000000000000e+01 1.799999999999999933e-01 4.242640687119284687e-02 2.846714399999999808e-12 1.000000000000000000e+02
2.664008000000000000e+06 2.814653560000000000e+08 5.407170087962962862e+04 2.708912037037052301e-01 1.500000000000000000e+01 1.499999999999999944e-01 3.872983346207416883e-02 2.372261999999999772e-12 1.000000000000000000e+02
2.664108000000000000e+06 2.814654560000000000e+08 5.407170203703703737e+04 2.716145833333349913e-01 2.100000000000000000e+01 2.099999999999999922e-01 4.582575694955839940e-02 3.321166799999999843e-12 1.000000000000000000e+02
2.664208000000000000e+06 2.814655560000000000e+08 5.407170319444444613e+04 2.723379629629611998e-01 1.700000000000000000e+01 1.700000000000000122e-01 4.123105625617660280e-02 2.688563600000000065e-12 1.000000000000000000e+02
2.664308000000000000e+06 2.814656560000000000e+08 5.407170435185185488e+04 2.730613425925909610e-01 1.400000000000000000e+01 1.400000000000000133e-01 3.741657386773941663e-02 2.214111200000000030e-12 1.000000000000000000e+02
2.664408000000000000e+06 2.814657560000000000e+08 5.407170550925925636e+04 2.737847222222207222e-01 1.800000000000000000e+01 1.799999999999999933e-01 4.242640687119284687e-02 2.846714399999999808e-12 1.000000000000000000e+02
2.664508000000000000e+06 2.814658560000000000e+08 5.407170666666666511e+04 2.745081018518504834e-01 1.000000000000000000e+01 1.000000000000000056e-01 3.162277660168379828e-02 1.581508000000000050e-12 1.000000000000000000e+02
2.664608000000000000e+06 2.814659560000000000e+08 5.407170782407407387e+04 2.752314814814802446e-01 6.000000000000000000e+00 5.999999999999999778e-02 2.449489742783177854e-02 9.489048000000000705e-13 1.000000000000000000e+02
2.664708000000000000e+06 2.814660560000000000e+08 5.407170898148148262e+04 2.759548611111100058e-01 2.200000000000000000e+01 2.200000000000000011e-01 4.690415759823429731e-02 3.479317599999999989e-12 1.000000000000000000e+02
2.664808000000000000e+06 2.814661560000000000e+08 5.407171013888889138e+04 2.766782407407397670e-01 7.000000000000000000e+00 7.000000000000000666e-02 2.645751311064590758e-02 1.107055600000000015e-12 1.000000000000000000e+02
2.664908000000000000e+06 2.814662560000000000e+08 5.407171129629630013e+04 2.774016203703695282e-01 1.500000000000000000e+01 1.499999999999999944e-01 3.872983346207416883e-02 2.372261999999999772e-12 1.000000000000000000e+02
2.665008000000000000e+06 2.814663560000000000e+08 5.407171245370370161e+04 2.781249999999992895e-01 1.800000000000000000e+01 1.799999999999999933e-01 4.242640687119284687e-02 2.846714399999999808e-12 1.000000000000000000e+02
2.665108000000000000e+06 2.814664560000000000e+08 5.407171361111111037e+04 2.788483796296290507e-01 2.600000000000000000e+01 2.600000000000000089e-01 5.099019513592784741e-02 4.111920799999999767e-12 1.000000000000000000e+02
2.665208000000000000e+06 2.814665560000000000e+08 5.407171476851851912e+04 2.795717592592588119e-01 2.300000000000000000e+01 2.300000000000000100e-01 4.795831523312719252e-02 3.637468400000000136e-12 1.000000000000000000e+02
2.665308000000000000e+06 2.814666560000000000e+08 5.407171592592592788e+04 2.802951388888885731e-01 9.000000000000000000e+00 8.999999999999999667e-02 2.999999999999999889e-02 1.423357199999999904e-12 1.000000000000000000e+02
2.665408000000000000e+06 2.814667560000000000e+08 5.407171708333333663e+04 2.810185185185183343e-01 1.600000000000000000e+01 1.600000000000000033e-01 4.000000000000000083e-02 2.530412799999999919e-12 1.000000000000000000e+02
2.665508000000000000e+06 2.814668560000000000e+08 5.407171824074073811e+04 2.817418981481480955e-01 2.200000000000000000e+01 2.200000000000000011e-01 4.690415759823429731e-02 3.479317599999999989e-12 1.000000000000000000e+02
2.665608000000000000e+06 2.814669560000000000e+08 5.407171939814814687e+04 2.824652777777778567e-01 1.300000000000000000e+01 1.300000000000000044e-01 3.605551275463989014e-02 2.055960399999999884e-12 1.000000000000000000e+02
2.665708000000000000e+06 2.814670560000000000e+08 5.407172055555555562e+04 2.831886574074076179e-01 1.500000000000000000e+01 1.499999999999999944e-01 3.872983346207416883e-02 2.372261999999999772e-12 1.000000000000000000e+02
2.665808000000000000e+06 2.814671560000000000e+08 5.407172171296296438e+04 2.839120370370373792e-01 1.400000000000000000e+01 1.400000000000000133e-01 3.741657386773941663e-02 2.214111200000000030e-12 1.000000000000000000e+02
2.665908000000000000e+06 2.814672560000000000e+08 5.407172287037037313e+04 2.846354166666671404e-01 1.100000000000000000e+01 1.100000000000000006e-01 3.316624790355399838e-02 1.739658799999999995e-12 1.000000000000000000e+02
2.666008000000000000e+06 2.814673560000000000e+08 5.407172402777777461e+04 2.853587962962969016e-01 1.800000000000000000e+01 1.799999999999999933e-01 4.242640687119284687e-02 2.846714399999999808e-12 1.000000000000000000e+02
2.666108000000000000e+06 2.814674560000000000e+08 5.407172518518518336e+04 2.860821759259266628e-01 1.700000000000000000e+01 1.700000000000000122e-01 4.123105625617660280e-02 2.688563600000000065e-12 1.000000000000000000e+02
2.666208000000000000e+06 2.814675560000000000e+08 5.407172634259259212e+04 2.868055555555564240e-01 1.500000000000000000e+01 1.499999999999999944e-01 3.872983346207416883e-02 2.372261999999999772e-12 1.000000000000000000e+02
2.666308000000000000e+06 2.814676560000000000e+08 5.407172750000000087e+04 2.875289351851861852e-01 1.300000000000000000e+01 1.300000000000000044e-01 3.605551275463989014e-02 2.055960399999999884e-12 1.000000000000000000e+02
2.666408000000000000e+06 2.814677560000000000e+08 5.407172865740740963e+04 2.882523148148159464e-01 1.300000000000000000e+01 1.300000000000000044e-01 3.605551275463989014e-02 2.055960399999999884e-12 1.000000000000000000e+02
2.666508000000000000e+06 2.814678560000000000e+08 5.407172981481481111e+04 2.889756944444457076e-01 1.600000000000000000e+01 1.600000000000000033e-01 4.000000000000000083e-02 2.530412799999999919e-12 1.000000000000000000e+02
2.666608000000000000e+06 2.814679560000000000e+08 5.407173097222221986e+04 2.896990740740754688e-01 1.400000000000000000e+01 1.400000000000000133e-01 3.741657386773941663e-02 2.214111200000000030e-12 1.000000000000000000e+02
2.666708000000000000e+06 2.814680560000000000e+08 5.407173212962962862e+04 2.904224537037052301e-01 1.100000000000000000e+01 1.100000000000000006e-01 3.316624790355399838e-02 1.739658799999999995e-12 1.000000000000000000e+02
2.666808000000000000e+06 2.814681560000000000e+08 5.407173328703703737e+04 2.911458333333349913e-01 1.900000000000000000e+01 1.900000000000000022e-01 4.358898943540674004e-02 3.004865199999999954e-12 1.000000000000000000e+02
2.666908000000000000e+06 2.814682560000000000e+08 5.407173444444444613e+04 2.918692129629611998e-01 1.100000000000000000e+01 1.100000000000000006e-01 3.316624790355399838e-02 1.739658799999999995e-12 1.000000000000000000e+02
2.667008000000000000e+06 2.814683560000000000e+08 5.407173560185185488e+04 2.925925925925909610e-01 1.100000000000000000e+01 1.100000000000000006e-01 3.316624790355399838e-02 1.739658799999999995e-12 1.000000000000000000e+02
2.667108000000000000e+06 2.814684560000000000e+08 5.407173675925925636e+04 2.933159722222207222e-01 1.100000000000000000e+01 1.100000000000000006e-01 3.316624790355399838e-02 1.739658799999999995e-12 1.000000000000000000e+02
2.667208000000000000e+06 2.814685560000000000e+08 5.407173791666666511e+04 2.940393518518504834e-01 2.400000000000000000e+01 2.399999999999999911e-01 4.898979485566355707e-02 3.795619200000000282e-12 1.000000000000000000e+02
2.667308000000000000e+06 2.814686560000000000e+08 5.407173907407407387e+04 2.947627314814802446e-01 1.800000000000000000e+01 1.799999999999999933e-01 4.242640687119284687e-02 2.846714399999999808e-12 1.000000000000000000e+02
2.667408000000000000e+06 2.814687560000000000e+08 5.407174023148148262e+04 2.954861111111100058e-01 2.100000000000000000e+01 2.099999999999999922e-01 4.582575694955839940e-02 3.321166799999999843e-12 1.000000000000000000e+02
2.667508000000000000e+06 2.814688560000000000e+08 5.407174138888889138e+04 2.962094907407397670e-01 1.300000000000000000e+01 1.300000000000000044e-01 3.605551275463989014e-02 2.055960399999999884e-12 1.000000000000000000e+02
2.667608000000000000e+06 2.814689560000000000e+08 5.407174254629630013e+04 2.969328703703695282e-01 2.600000000000000000e+01 2.600000000000000089e-01 5.099019513592784741e-02 4.111920799999999767e-12 1.000000000000000000e+02
2.667708000000000000e+06 2.814690560000000000e+08 5.407174370370370161e+04 2.976562499999992895e-01 2.000000000000000000e+01 2.000000000000000111e-01 4.472135954999579416e-02 3.163016000000000100e-12 1.000000000000000000e+02
2.667808000000000000e+06 2.814691560000000000e+08 5.407174486111111037e+04 2.983796296296290507e-01 1.500000000000000000e+01 1.499999999999999944e-01 3.872983346207416883e-02 2.372261999999999772e-12 1.000000000000000000e+02
2.667908000000000000e+06 2.814692560000000000e+08 5.407174601851851912e+04 2.991030092592588119e-01 1.100000000000000000e+01 1.100000000000000006e-01 3.316624790355399838e-02 1.739658799999999995e-12 1.000000000000000000e+02
2.668008000000000000e+06 2.814693560000000000e+08 5.407174717592592788e+04 2.998263888888885731e-01 1.500000000000000000e+01 1.499999999999999944e-01 3.872983346207416883e-02 2.372261999999999772e-12 1.000000000000000000e+02
2.668108000000000000e+06 2.814694560000000000e+08 5.407174833333333663e+04 3.005497685185183343e-01 1.600000000000000000e+01 1.600000000000000033e-01 4.000000000000000083e-02 2.530412799999999919e-12 1.000000000000000000e+02
2.668208000000000000e+06 2.814695560000000000e+08 5.407174949074073811e+04 3.012731481481480955e-01 2.100000000000000000e+01 2.099999999999999922e-01 4.582575694955839940e-02 3.321166799999999843e-12 1.000000000000000000e+02
2.668308000000000000e+06 2.814696560000000000e+08 5.407175064814814687e+04 3.019965277777778567e-01 1.800000000000000000e+01 1.799999999999999933e-01 4.242640687119284687e-02 2.846714399999999808e-12 1.000000000000000000e+02
2.668408000000000000e+06 2.814697560000000000e+08 5.407175180555555562e+04 3.027199074074076179e-01 1.100000000000000000e+01 1.100000000000000006e-01 3.316624790355399838e-02 1.739658799999999995e-12 1.000000000000000000e+02
2.668508000000000000e+06 2.814698560000000000e+08 5.407175296296296438e+04 3.034432870370373792e-01 1.700000000000000000e+01 1.700000000000000122e-01 4.123105625617660280e-02 2.688563600000000065e-12 1.000000000000000000e+02
2.668608000000000000e+06 2.814699560000000000e+08 5.407175412037037313e+04 3.041666666666671404e-01 1.300000000000000000e+01 1.300000000000000044e-01 3.605551275463989014e-02 2.055960399999999884e-12 1.000000000000000000e+02
2.668708000000000000e+06 2.814700560000000000e+08 5.407175527777777461e+04 3.048900462962969016e-01 1.600000000000000000e+01 1.600000000000000033e-01 4.000000000000000083e-02 2.530412799999999919e-12 1.000000000000000000e+02
2.668808000000000000e+06 2.814701560000000000e+08 5.407175643518518336e+04 3.056134259259266628e-01 1.800000000000000000e+01 1.799999999999999933e-01 4.242640687119284687e-02 2.846714399999999808e-12 1.000000000000000000e+02
2.668908000000000000e+06 2.814702560000000000e+08 5.407175759259259212e+04 3.063368055555564240e-01 1.300000000000000000e+01 1.300000000000000044e-01 3.605551275463989014e-02 2.055960399999999884e-12 1.000000000000000000e+02
2.672008000000000000e+06 2.814733560000000000e+08 5.407179347222221986e+04 3.287615740740754688e-01 2.000000000000000000e+01 2.000000000000000111e-01 4.472135954999579416e-02 3.163016000000000100e-12 1.000000000000000000e+02
2.672108000000000000e+06 2.814734560000000000e+08 5.407179462962962862e+04 3.294849537037052301e-01 1.600000000000000000e+01 1.600000000000000033e-01 4.000000000000000083e-02 2.530412799999999919e-12 1.000000000000000000e+02
2.672208000000000000e+06 2.814735560000000000e+08 5.407179578703703737e+04 3.302083333333349913e-01 1.300000000000000000e+01 1.300000000000000044e-01 3.605551275463989014e-02 2.055960399999999884e-12 1.000000000000000000e+02
2.672308000000000000e+06 2.814736560000000000e+08 5.407179694444444613e+04 3.309317129629611998e-01 1.600000000000000000e+01 1.600000000000000033e-01 4.000000000000000083e-02 2.530412799999999919e-12 1.000000000000000000e+02
2.672408000000000000e+06 2.814737560000000000e+08 5.407179810185185488e+04 3.316550925925909610e-01 2.400000000000000000e+01 2.399999999999999911e-01 4.898979485566355707e-02 3.795619200000000282e-12 1.000000000000000000e+02
2.672508000000000000e+06 2.814738560000000000e+08 5.407179925925925636e+04 3.323784722222207222e-01 1.300000000000000000e+01 1.300000000000000044e-01 3.605551275463989014e-02 2.055960399999999884e-12 1.000000000000000000e+02
2.672608000000000000e+06 2.814739560000000000e+08 5.407180041666666511e+04 3.331018518518504834e-01 2.000000000000000000e+01 2.000000000000000111e-01 4.472135954999579416e-02 3.163016000000000100e-12 1.000000000000000000e+02
2.672708000000000000e+06 2.814740560000000000e+08 5.407180157407407387e+04 3.338252314814802446e-01 7.000000000000000000e+00 7.000000000000000666e-02 2.645751311064590758e-02 1.107055600000000015e-12 1.000000000000000000e+02
2.672808000000000000e+06 2.814741560000000000e+08 5.407180273148148262e+04 3.345486111111100058e-01 1.500000000000000000e+01 1.499999999999999944e-01 3.872983346207416883e-02 2.372261999999999772e-12 1.000000000000000000e+02
2.672908000000000000e+06 2.814742560000000000e+08 5.407180388888889138e+04 3.352719907407397670e-01 1.200000000000000000e+01 1.199999999999999956e-01 3.464101615137754608e-02 1.897809600000000141e-12 1.000000000000000000e+02
2.673008000000000000e+06 2.814743560000000000e+08 5.407180504629630013e+04 3.359953703703695282e-01 1.700000000000000000e+01 1.700000000000000122e-01 4.123105625617660280e-02 2.688563600000000065e-12 1.000000000000000000e+02
2.673108000000000000e+06 2.814744560000000000e+08 5.407180620370370161e+04 3.367187499999992895e-01 2.100000000000000000e+01 2.099999999999999922e-01 4.582575694955839940e-02 3.321166799999999843e-12 1.000000000000000000e+02
2.673208000000000000e+06 2.814745560000000000e+08 5.407180736111111037e+04 3.374421296296290507e-01 1.600000000000000000e+01 1.600000000000000033e-01 4.000000000000000083e-02 2.530412799999999919e-12 1.000000000000000000e+02
2.673308000000000000e+06 2.814746560000000000e+08 5.407180851851851912e+04 3.381655092592588119e-01 1.200000000000000000e+01 1.199999999999999956e-01 3.464101615137754608e-02 1.897809600000000141e-12 1.000000000000000000e+02
2.673408000000000000e+06 2.814747560000000000e+08 5.407180967592592788e+04 3.388888888888885731e-01 1.100000000000000000e+01 1.100000000000000006e-01 3.316624790355399838e-02 1.739658799999999995e-12 1.000000000000000000e+02
2.673508000000000000e+06 2.814748560000000000e+08 5.407181083333333663e+04 3.396122685185183343e-01 1.900000000000000000e+01 1.900000000000000022e-01 4.358898943540674004e-02 3.004865199999999954e-12 1.000000000000000000e+02
2.673608000000000000e+06 2.814749560000000000e+08 5.407181199074073811e+04 3.403356481481480955e-01 1.900000000000000000e+01 1.900000000000000022e-01 4.358898943540674004e-02 3.004865199999999954e-12 1.000000000000000000e+02
2.673708000000000000e+06 2.814750560000000000e+08 5.407181314814814687e+04 3.410590277777778567e-01 1.200000000000000000e+01 1.199999999999999956e-01 3.464101615137754608e-02 1.897809600000000141e-12 1.000000000000000000e+02
2.673808000000000000e+06 2.814751560000000000e+08 5.407181430555555562e+04 3.417824074074076179e-01 1.900000000000000000e+01 1.900000000000000022e-01 4.358898943540674004e-02 3.004865199999999954e-12 1.000000000000000000e+02
2.673908000000000000e+06 2.814752560000000000e+08 5.407181546296296438e+04 3.425057870370373792e-01 8.000000000000000000e+00 8.000000000000000167e-02 2.828427124746190138e-02 1.265206399999999959e-12 1.000000000000000000e+02
2.674008000000000000e+06 2.814753560000000000e+08 5.407181662037037313e+04 3.432291666666671404e-01 1.500000000000000000e+01 1.499999999999999944e-01 3.872983346207416883e-02 2.372261999999999772e-12 1.000000000000000000e+02
2.674108000000000000e+06 2.814754560000000000e+08 5.407181777777777461e+04 3.439525462962969016e-01 1.400000000000000000e+01 1.400000000000000133e-01 3.741657386773941663e-02 2.214111200000000030e-12 1.000000000000000000e+02
2.674208000000000000e+06 2.814755560000000000e+08 5.407181893518518336e+04 3.446759259259266628e-01 1.400000000000000000e+01 1.400000000000000133e-01 3.741657386773941663e-02 2.214111200000000030e-12 1.000000000000000000e+02
2.674308000000000000e+06 2.814756560000000000e+08 5.407182009259259212e+04 3.453993055555564240e-01 1.600000000000000000e+01 1.600000000000000033e-01 4.000000000000000083e-02 2.530412799999999919e-12 1.000000000000000000e+02
2.674408000000000000e+06 2.814757560000000000e+08 5.407182125000000087e+04 3.461226851851861852e-01 1.800000000000000000e+01 1.799999999999999933e-01 4.242640687119284687e-02 2.846714399999999808e-12 1.000000000000000000e+02
2.674508000000000000e+06 2.814758560000000000e+08 5.407182240740740963e+04 3.468460648148159464e-01 8.000000000000000000e+00 8.000000000000000167e-02 2.828427124746190138e-02 1.265206399999999959e-12 1.000000000000000000e+02
2.674608000000000000e+06 2.814759560000000000e+08 5.407182356481481111e+04 3.475694444444457076e-01 1.300000000000000000e+01 1.300000000000000044e-01 3.605551275463989014e-02 2.055960399999999884e-12 1.000000000000000000e+02
2.674708000000000000e+06 2.814760560000000000e+08 5.407182472222221986e+04 3.482928240740754688e-01 1.500000000000000000e+01 1.499999999999999944e-01 3.872983346207416883e-02 2.372261999999999772e-12 1.000000000000000000e+02
2.674808000000000000e+06 2.814761560000000000e+08 5.407182587962962862e+04 3.490162037037052301e-01 8.000000000000000000e+00 8.000000000000000167e-02 2.828427124746190138e-02 1.265206399999999959e-12 1.000000000000000000e+02
2.674908000000000000e+06 2.814762560000000000e+08 5.407182703703703737e+04 3.497395833333349913e-01 1.100000000000000000e+01 1.100000000000000006e-01 3.316624790355399838e-02 1.739658799999999995e-12 1.000000000000000000e+02
2.675008000000000000e+06 2.814763560000000000e+08 5.407182819444444613e+04 3.504629629629611998e-01 1.500000000000000000e+01 1.499999999999999944e-01 3.872983346207416883e-02 2.372261999999999772e-12 1.000000000000000000e+02
2.675108000000000000e+06 2.814764560000000000e+08 5.407182935185185488e+04 3.511863425925909610e-01 2.000000000000000000e+01 2.000000000000000111e-01 4.472135954999579416e-02 3.163016000000000100e-12 1.000000000000000000e+02
2.675208000000000000e+06 2.814765560000000000e+08 5.407183050925925636e+04 3.519097222222207222e-01 1.300000000000000000e+01 1.300000000000000044e-01 3.605551275463989014e-02 2.055960399999999884e-12 1.000000000000000000e+02
2.675308000000000000e+06 2.814766560000000000e+08 5.407183166666666511e+04 3.526331018518504834e-01 1.500000000000000000e+01 1.499999999999999944e-01 3.872983346207416883e-02 2.372261999999999772e-12 1.000000000000000000e+02
2.675408000000000000e+06 2.814767560000000000e+08 5.407183282407407387e+04 3.533564814814802446e-01 1.500000000000000000e+01 1.499999999999999944e-01 3.872983346207416883e-02 2.372261999999999772e-12 1.000000000000000000e+02
2.675508000000000000e+06 2.814768560000000000e+08 5.407183398148148262e+04 3.540798611111100058e-01 1.700000000000000000e+01 1.700000000000000122e-01 4.123105625617660280e-02 2.688563600000000065e-12 1.000000000000000000e+02
2.675608000000000000e+06 2.814769560000000000e+08 5.407183513888889138e+04 3.548032407407397670e-01 1.900000000000000000e+01 1.900000000000000022e-01 4.358898943540674004e-02 3.004865199999999954e-12 1.000000000000000000e+02
2.675708000000000000e+06 2.814770560000000000e+08 5.407183629629630013e+04 3.555266203703695282e-01 1.600000000000000000e+01 1.600000000000000033e-01 4.000000000000000083e-02 2.530412799999999919e-12 1.000000000000000000e+02
2.675808000000000000e+06 2.814771560000000000e+08 5.407183745370370161e+04 3.562499999999992895e-01 1.300000000000000000e+01 1.300000000000000044e-01 3.605551275463989014e-02 2.055960399999999884e-12 1.000000000000000000e+02
2.675908000000000000e+06 2.814772560000000000e+08 5.407183861111111037e+04 3.569733796296290507e-01 1.400000000000000000e+01 1.400000000000000133e-01 3.741657386773941663e-02 2.214111200000000030e-12 1.000000000000000000e+02
2.676008000000000000e+06 2.814773560000000000e+08 5.407183976851851912e+04 3.576967592592588119e-01 1.300000000000000000e+01 1.300000000000000044e-01 3.605551275463989014e-02 2.055960399999999884e-12 1.000000000000000000e+02
2.676108000000000000e+06 2.814774560000000000e+08 5.407184092592592788e+04 3.584201388888885731e-01 2.200000000000000000e+01 2.200000000000000011e-01 4.690415759823429731e-02 3.479317599999999989e-12 1.000000000000000000e+02
2.676208000000000000e+06 2.814775560000000000e+08 5.407184208333333663e+04 3.591435185185183343e-01 1.200000000000000000e+01 1.199999999999999956e-01 3.464101615137754608e-02 1.897809600000000141e-12 1.000000000000000000e+02
2.676308000000000000e+06 2.814776560000000000e+08 5.407184324074073811e+04 3.598668981481480955e-01 1.300000000000000000e+01 1.300000000000000044e-01 3.605551275463989014e-02 2.055960399999999884e-12 1.000000000000000000e+02
2.676408000000000000e+06 2.814777560000000000e+08 5.407184439814814687e+04 3.605902777777778567e-01 2.500000000000000000e+01 2.500000000000000000e-01 5.000000000000000278e-02 3.953770000000000025e-12 1.000000000000000000e+02
2.676508000000000000e+06 2.814778560000000000e+08 5.407184555555555562e+04 3.613136574074076179e-01 1.600000000000000000e+01 1.600000000000000033e-01 4.000000000000000083e-02 2.530412799999999919e-12 1.000000000000000000e+02
2.676608000000000000e+06 2.814779560000000000e+08 5.407184671296296438e+04 3.620370370370373792e-01 1.100000000000000000e+01 1.100000000000000006e-01 3.316624790355399838e-02 1.739658799999999995e-12 1.000000000000000000e+02
2.676708000000000000e+06 2.814780560000000000e+08 5.407184787037037313e+04 3.627604166666671404e-01 1.900000000000000000e+01 1.900000000000000022e-01 4.358898943540674004e-02 3.004865199999999954e-12 1.000000000000000000e+02
2.676808000000000000e+06 2.814781560000000000e+08 5.407184902777777461e+04 3.634837962962969016e-01 1.600000000000000000e+01 1.600000000000000033e-01 4.000000000000000083e-02 2.530412799999999919e-12 1.000000000000000000e+02
2.676908000000000000e+06 2.814782560000000000e+08 5.407185018518518336e+04 3.642071759259266628e-01 2.300000000000000000e+01 2.300000000000000100e-01 4.795831523312719252e-02 3.637468400000000136e-12 1.000000000000000000e+02
2.677008000000000000e+06 2.814783560000000000e+08 5.407185134259259212e+04 3.649305555555564240e-01 1.500000000000000000e+01 1.499999999999999944e-01 3.872983346207416883e-02 2.372261999999999772e-12 1.000000000000000000e+02
2.677108000000000000e+06 2.814784560000000000e+08 5.407185250000000087e+04 3.656539351851861852e-01 1.800000000000000000e+01 1.799999999999999933e-01 4.242640687119284687e-02 2.846714399999999808e-12 1.000000000000000000e+02
2.677208000000000000e+06 2.814785560000000000e+08 5.407185365740740963e+04 3.663773148148159464e-01 6.000000000000000000e+00 5.999999999999999778e-02 2.449489742783177854e-02 9.489048000000000705e-13 1.000000000000000000e+02
2.677308000000000000e+06 2.814786560000000000e+08 5.407185481481481111e+04 3.671006944444457076e-01 1.600000000000000000e+01 1.600000000000000033e-01 4.000000000000000083e-02 2.530412799999999919e-12 1.000000000000000000e+02
2.677408000000000000e+06 2.814787560000000000e+08 5.407185597222221986e+04 3.678240740740754688e-01 1.500000000000000000e+01 1.499999999999999944e-01 3.872983346207416883e-02 2.372261999999999772e-12 1.000000000000000000e+02
2.677508000000000000e+06 2.814788560000000000e+08 5.407185712962962862e+04 3.685474537037052301e-01 1.600000000000000000e+01 1.600000000000000033e-01 4.000000000000000083e-02 2.530412799999999919e-12 1.000000000000000000e+02
2.677608000000000000e+06 2.814789560000000000e+08 5.407185828703703737e+04 3.692708333333349913e-01 1.900000000000000000e+01 1.900000000000000022e-01 4.358898943540674004e-02 3.004865199999999954e-12 1.000000000000000000e+02
2.677708000000000000e+06 2.814790560000000000e+08 5.407185944444444613e+04 3.699942129629611998e-01 7.000000000000000000e+00 7.000000000000000666e-02 2.645751311064590758e-02 1.107055600000000015e-12 1.000000000000000000e+02
2.677808000000000000e+06 2.814791560000000000e+08 5.407186060185185488e+04 3.707175925925909610e-01 1.300000000000000000e+01 1.300000000000000044e-01 3.605551275463989014e-02 2.055960399999999884e-12 1.000000000000000000e+02
2.677908000000000000e+06 2.814792560000000000e+08 5.407186175925925636e+04 3.714409722222207222e-01 1.500000000000000000e+01 1.499999999999999944e-01 3.872983346207416883e-02 2.372261999999999772e-12 1.000000000000000000e+02
2.678008000000000000e+06 2.814793560000000000e+08 5.407186291666666511e+04 3.721643518518504834e-01 1.400000000000000000e+01 1.400000000000000133e-01 3.741657386773941663e-02 2.214111200000000030e-12 1.000000000000000000e+02
2.678108000000000000e+06 2.814794560000000000e+08 5.407186407407407387e+04 3.728877314814802446e-01 1.700000000000000000e+01 1.700000000000000122e-01 4.123105625617660280e-02 2.688563600000000065e-12 1.000000000000000000e+02
2.678208000000000000e+06 2.814795560000000000e+08 5.407186523148148262e+04 3.736111111111100058e-01 1.700000000000000000e+01 1.700000000000000122e-01 4.123105625617660280e-02 2.688563600000000065e-12 1.000000000000000000e+02
2.678308000000000000e+06 2.814796560000000000e+08 5.407186638888889138e+04 3.743344907407397670e-01 1.200000000000000000e+01 1.199999999999999956e-01 3.464101615137754608e-02 1.897809600000000141e-12 1.000000000000000000e+02
2.678408000000000000e+06 2.814797560000000000e+08 5.407186754629630013e+04 3.750578703703695282e-01 1.400000000000000000e+01 1.400000000000000133e-01 3.741657386773941663e-02 2.214111200000000030e-12 1.000000000000000000e+02
2.678508000000000000e+06 2.814798560000000000e+08 5.407186870370370161e+04 3.757812499999992895e-01 1.300000000000000000e+01 1.300000000000000044e-01 3.605551275463989014e-02 2.055960399999999884e-12 1.000000000000000000e+02
2.678608000000000000e+06 2.814799560000000000e+08 5.407186986111111037e+04 3.765046296296290507e-01 1.500000000000000000e+01 1.499999999999999944e-01 3.872983346207416883e-02 2.372261999999999772e-12 1.000000000000000000e+02
2.678708000000000000e+06 2.814800560000000000e+08 5.407187101851851912e+04 3.772280092592588119e-01 1.700000000000000000e+01 1.700000000000000122e-01 4.123105625617660280e-02 2.688563600000000065e-12 1.000000000000000000e+02
2.678808000000000000e+06 2.814801560000000000e+08 5.407187217592592788e+04 3.779513888888885731e-01 1.800000000000000000e+01 1.799999999999999933e-01 4.242640687119284687e-02 2.846714399999999808e-12 1.000000000000000000e+02
2.678908000000000000e+06 2.814802560000000000e+08 5.407187333333333663e+04 3.786747685185183343e-01 8.000000000000000000e+00 8.000000000000000167e-02 2.828427124746190138e-02 1.265206399999999959e-12 1.000000000000000000e+02
2.679008000000000000e+06 2.814803560000000000e+08 5.407187449074073811e+04 3.793981481481480955e-01 1.400000000000000000e+01 1.400000000000000133e-01 3.741657386773941663e-02 2.214111200000000030e-12 1.000000000000000000e+02
2.679108000000000000e+06 2.814804560000000000e+08 5.407187564814814687e+04 3.801215277777778567e-01 1.000000000000000000e+01 1.000000000000000056e-01 3.162277660168379828e-02 1.581508000000000050e-12 1.000000000000000000e+02
2.679208000000000000e+06 2.814805560000000000e+08 5.407187680555555562e+04 3.808449074074076179e-01 1.900000000000000000e+01 1.900000000000000022e-01 4.358898943540674004e-02 3.004865199999999954e-12 1.000000000000000000e+02
2.679308000000000000e+06 2.814806560000000000e+08 5.407187796296296438e+04 3.815682870370373792e-01 1.600000000000000000e+01 1.600000000000000033e-01 4.000000000000000083e-02 2.530412799999999919e-12 1.000000000000000000e+02
2.679408000000000000e+06 2.814807560000000000e+08 5.407187912037037313e+04 3.822916666666671404e-01 1.200000000000000000e+01 1.199999999999999956e-01 3.464101615137754608e-02 1.897809600000000141e-12 1.000000000000000000e+02
2.679508000000000000e+06 2.814808560000000000e+08 5.407188027777777461e+04 3.830150462962969016e-01 1.600000000000000000e+01 1.600000000000000033e-01 4.000000000000000083e-02 2.530412799999999919e-12 1.000000000000000000e+02
2.679608000000000000e+06 2.814809560000000000e+08 5.407188143518518336e+04 3.837384259259266628e-01 1.600000000000000000e+01 1.600000000000000033e-01 4.000000000000000083e-02 2.530412799999999919e-12 1.000000000000000000e+02
2.679708000000000000e+06 2.814810560000000000e+08 5.407188259259259212e+04 3.844618055555564240e-01 1.400000000000000000e+01 1.400000000000000133e-01 3.741657386773941663e-02 2.214111200000000030e-12 1.000000000000000000e+02
2.679808000000000000e+06 2.814811560000000000e+08 5.407188375000000087e+04 3.851851851851861852e-01 9.000000000000000000e+00 8.999999999999999667e-02 2.999999999999999889e-02 1.423357199999999904e-12 1.000000000000000000e+02
2.679908000000000000e+06 2.814812560000000000e+08 5.407188490740740963e+04 3.859085648148159464e-01 1.000000000000000000e+01 1.000000000000000056e-01 3.162277660168379828e-02 1.581508000000000050e-12 1.000000000000000000e+02
2.680008000000000000e+06 2.814813560000000000e+08 5.407188606481481111e+04 3.866319444444457076e-01 1.000000000000000000e+01 1.000000000000000056e-01 3.162277660168379828e-02 1.581508000000000050e-12 1.000000000000000000e+02
2.680108000000000000e+06 2.814814560000000000e+08 5.407188722222221986e+04 3.873553240740754688e-01 1.800000000000000000e+01 1.799999999999999933e-01 4.242640687119284687e-02 2.846714399999999808e-12 1.000000000000000000e+02
2.680208000000000000e+06 2.814815560000000000e+08 5.407188837962962862e+04 3.880787037037052301e-01 2.100000000000000000e+01 2.099999999999999922e-01 4.582575694955839940e-02 3.321166799999999843e-12 1.000000000000000000e+02
2.680308000000000000e+06 2.814816560000000000e+08 5.407188953703703737e+04 3.888020833333349913e-01 1.100000000000000000e+01 1.100000000000000006e-01 3.316624790355399838e-02 1.739658799999999995e-12 1.000000000000000000e+02
2.680408000000000000e+06 2.814817560000000000e+08 5.407189069444444613e+04 3.895254629629611998e-01 1.400000000000000000e+01 1.400000000000000133e-01 3.741657386773941663e-02 2.214111200000000030e-12 1.000000000000000000e+02
2.680508000000000000e+06 2.814818560000000000e+08 5.407189185185185488e+04 3.902488425925909610e-01 1.200000000000000000e+01 1.199999999999999956e-01 3.464101615137754608e-02 1.897809600000000141e-12 1.000000000000000000e+02
2.680608000000000000e+06 2.814819560000000000e+08 5.407189300925925636e+04 3.909722222222207222e-01 1.300000000000000000e+01 1.300000000000000044e-01 3.605551275463989014e-02 2.055960399999999884e-12 1.000000000000000000e+02
2.680708000000000000e+06 2.814820560000000000e+08 5.407189416666666511e+04 3.916956018518504834e-01 1.100000000000000000e+01 1.100000000000000006e-01 3.316624790355399838e-02 1.739658799999999995e-12 1.000000000000000000e+02
2.680808000000000000e+06 2.814821560000000000e+08 5.407189532407407387e+04 3.924189814814802446e-01 1.400000000000000000e+01 1.400000000000000133e-01 3.741657386773941663e-02 2.214111200000000030e-12 1.000000000000000000e+02
2.680908000000000000e+06 2.814822560000000000e+08 5.407189648148148262e+04 3.931423611111100058e-01 1.900000000000000000e+01 1.900000000000000022e-01 4.358898943540674004e-02 3.004865199999999954e-12 1.000000000000000000e+02
2.681008000000000000e+06 2.814823560000000000e+08 5.407189763888889138e+04 3.938657407407397670e-01 1.600000000000000000e+01 1.600000000000000033e-01 4.000000000000000083e-02 2.530412799999999919e-12 1.000000000000000000e+02
2.681108000000000000e+06 2.814824560000000000e+08 5.407189879629630013e+04 3.945891203703695282e-01 1.400000000000000000e+01 1.400000000000000133e-01 3.741657386773941663e-02 2.214111200000000030e-12 1.000000000000000000e+02
2.681208000000000000e+06 2.814825560000000000e+08 5.407189995370370161e+04 3.953124999999992895e-01 1.400000000000000000e+01 1.400000000000000133e-01 3.741657386773941663e-02 2.214111200000000030e-12 1.000000000000000000e+02
2.681308000000000000e+06 2.814826560000000000e+08 5.407190111111111037e+04 3.960358796296290507e-01 9.000000000000000000e+00 8.999999999999999667e-02 2.999999999999999889e-02 1.423357199999999904e-12 1.000000000000000000e+02
2.681408000000000000e+06 2.814827560000000000e+08 5.407190226851851912e+04 3.967592592592588119e-01 1.700000000000000000e+01 1.700000000000000122e-01 4.123105625617660280e-02 2.688563600000000065e-12 1.000000000000000000e+02
2.681508000000000000e+06 2.814828560000000000e+08 5.407190342592592788e+04 3.974826388888885731e-01 1.200000000000000000e+01 1.199999999999999956e-01 3.464101615137754608e-02 1.897809600000000141e-12 1.000000000000000000e+02
2.681608000000000000e+06 2.814829560000000000e+08 5.407190458333333663e+04 3.982060185185183343e-01 1.500000000000000000e+01 1.499999999999999944e-01 3.872983346207416883e-02 2.372261999999999772e-12 1.000000000000000000e+02
2.681708000000000000e+06 2.814830560000000000e+08 5.407190574074073811e+04 3.989293981481480955e-01 1.100000000000000000e+01 1.100000000000000006e-01 3.316624790355399838e-02 1.739658799999999995e-12 1.000000000000000000e+02
2.681808000000000000e+06 2.814831560000000000e+08 5.407190689814814687e+04 3.996527777777778567e-01 1.400000000000000000e+01 1.400000000000000133e-01 3.741657386773941663e-02 2.214111200000000030e-12 1.000000000000000000e+02
2.681908000000000000e+06 2.814832560000000000e+08 5.407190805555555562e+04 4.003761574074076179e-01 1.700000000000000000e+01 1.700000000000000122e-01 4.123105625617660280e-02 2.688563600000000065e-12 1.000000000000000000e+02
2.682008000000000000e+06 2.814833560000000000e+08 5.407190921296296438e+04 4.010995370370373792e-01 1.800000000000000000e+01 1.799999999999999933e-01 4.242640687119284687e-02 2.846714399999999808e-12 1.000000000000000000e+02
2.682108000000000000e+06 2.814834560000000000e+08 5.407191037037037313e+04 4.018229166666671404e-01 1.000000000000000000e+01 1.000000000000000056e-01 3.162277660168379828e-02 1.581508000000000050e-12 1.000000000000000000e+02
2.682208000000000000e+06 2.814835560000000000e+08 5.407191152777777461e+04 4.025462962962969016e-01 1.800000000000000000e+01 1.799999999999999933e-01 4.242640687119284687e-02 2.846714399999999808e-12 1.000000000000000000e+02
2.682308000000000000e+06 2.814836560000000000e+08 5.407191268518518336e+04 4.032696759259266628e-01 2.000000000000000000e+01 2.000000000000000111e-01 4.472135954999579416e-02 3.163016000000000100e-12 1.000000000000000000e+02
2.682408000000000000e+06 2.814837560000000000e+08 5.407191384259259212e+04 4.039930555555564240e-01 2.500000000000000000e+01 2.500000000000000000e-01 5.000000000000000278e-02 3.953770000000000025e-12 1.000000000000000000e+02
2.682508000000000000e+06 2.814838560000000000e+08 5.407191500000000087e+04 4.047164351851861852e-01 1.200000000000000000e+01 1.199999999999999956e-01 3.464101615137754608e-02 1.897809600000000141e-12 1.000000000000000000e+02
2.682608000000000000e+06 2.814839560000000000e+08 5.407191615740740963e+04 4.054398148148159464e-01 1.000000000000000000e+01 1.000000000000000056e-01 3.162277660168379828e-02 1.581508000000000050e-12 1.000000000000000000e+02
2.682708000000000000e+06 2.814840560000000000e+08 5.407191731481481111e+04 4.061631944444457076e-01 1.400000000000000000e+01 1.400000000000000133e-01 3.741657386773941663e-02 2.214111200000000030e-12 1.000000000000000000e+02
2.682808000000000000e+06 2.814841560000000000e+08 5.407191847222221986e+04 4.068865740740754688e-01 1.100000000000000000e+01 1.100000000000000006e-01 3.316624790355399838e-02 1.739658799999999995e-12 1.000000000000000000e+02
2.682908000000000000e+06 2.814842560000000000e+08 5.407191962962962862e+04 4.076099537037052301e-01 1.400000000000000000e+01 1.400000000000000133e-01 3.741657386773941663e-02 2.214111200000000030e-12 1.000000000000000000e+02
2.683008000000000000e+06 2.814843560000000000e+08 5.407192078703703737e+04 4.083333333333349913e-01 2.000000000000000000e+01 2.000000000000000111e-01 4.472135954999579416e-02 3.163016000000000100e-12 1.000000000000000000e+02
2.683108000000000000e+06 2.814844560000000000e+08 5.407192194444444613e+04 4.090567129629611998e-01 1.700000000000000000e+01 1.700000000000000122e-01 4.123105625617660280e-02 2.688563600000000065e-12 1.000000000000000000e+02
2.683208000000000000e+06 2.814845560000000000e+08 5.407192310185185488e+04 4.097800925925909610e-01 1.300000000000000000e+01 1.300000000000000044e-01 3.605551275463989014e-02 2.055960399999999884e-12 1.000000000000000000e+02
2.683308000000000000e+06 2.814846560000000000e+08 5.407192425925925636e+04 4.105034722222207222e-01 1.400000000000000000e+01 1.400000000000000133e-01 3.741657386773941663e-02 2.214111200000000030e-12 1.000000000000000000e+02
2.683408000000000000e+06 2.814847560000000000e+08 5.407192541666666511e+04 4.112268518518504834e-01 1.500000000000000000e+01 1.499999999999999944e-01 3.872983346207416883e-02 2.372261999999999772e-12 1.000000000000000000e+02
2.683508000000000000e+06 2.814848560000000000e+08 5.407192657407407387e+04 4.119502314814802446e-01 1.100000000000000000e+01 1.100000000000000006e-01 3.316624790355399838e-02 1.739658799999999995e-12 1.000000000000000000e+02
2.683608000000000000e+06 2.814849560000000000e+08 5.407192773148148262e+04 4.126736111111100058e-01 1.500000000000000000e+01 1.499999999999999944e-01 3.872983346207416883e-02 2.372261999999999772e-12 1.000000000000000000e+02
2.683708000000000000e+06 2.814850560000000000e+08 5.407192888888889138e+04 4.133969907407397670e-01 1.300000000000000000e+01 1.300000000000000044e-01 3.605551275463989014e-02 2.055960399999999884e-12 1.000000000000000000e+02
2.683808000000000000e+06 2.814851560000000000e+08 5.407193004629630013e+04 4.141203703703695282e-01 1.200000000000000000e+01 1.199999999999999956e-01 3.464101615137754608e-02 1.897809600000000141e-12 1.000000000000000000e+02
2.683908000000000000e+06 2.814852560000000000e+08 5.407193120370370161e+04 4.148437499999992895e-01 1.300000000000000000e+01 1.300000000000000044e-01 3.605551275463989014e-02 2.055960399999999884e-12 1.000000000000000000e+02
2.684008000000000000e+06 2.814853560000000000e+08 5.407193236111111037e+04 4.155671296296290507e-01 1.200000000000000000e+01 1.199999999999999956e-01 3.464101615137754608e-02 1.897809600000000141e-12 1.000000000000000000e+02
2.684108000000000000e+06 2.814854560000000000e+08 5.407193351851851912e+04 4.162905092592588119e-01 1.200000000000000000e+01 1.199999999999999956e-01 3.464101615137754608e-02 1.897809600000000141e-12 1.000000000000000000e+02
2.684208000000000000e+06 2.814855560000000000e+08 5.407193467592592788e+04 4.170138888888885731e-01 2.500000000000000000e+01 2.500000000000000000e-01 5.000000000000000278e-02 3.953770000000000025e-12 1.000000000000000000e+02
2.684308000000000000e+06 2.814856560000000000e+08 5.407193583333333663e+04 4.177372685185183343e-01 1.400000000000000000e+01 1.400000000000000133e-01 3.741657386773941663e-02 2.214111200000000030e-12 1.000000000000000000e+02
2.684408000000000000e+06 2.814857560000000000e+08 5.407193699074073811e+04 4.184606481481480955e-01 1.800000000000000000e+01 1.799999999999999933e-01 4.242640687119284687e-02 2.846714399999999808e-12 1.000000000000000000e+02
2.684508000000000000e+06 2.814858560000000000e+08 5.407193814814814687e+04 4.191840277777778567e-01 1.800000000000000000e+01 1.799999999999999933e-01 4.242640687119284687e-02 2.846714399999999808e-12 1.000000000000000000e+02
2.684608000000000000e+06 2.814859560000000000e+08 5.407193930555555562e+04 4.199074074074076179e-01 1.200000000000000000e+01 1.199999999999999956e-01 3.464101615137754608e-02 1.897809600000000141e-12 1.000000000000000000e+02
2.684708000000000000e+06 2.814860560000000000e+08 5.407194046296296438e+04 4.206307870370373792e-01 1.100000000000000000e+01 1.100000000000000006e-01 3.316624790355399838e-02 1.739658799999999995e-12 1.000000000000000000e+02
2.684808000000000000e+06 2.814861560000000000e+08 5.407194162037037313e+04 4.213541666666671404e-01 1.300000000000000000e+01 1.300000000000000044e-01 3.605551275463989014e-02 2.055960399999999884e-12 1.000000000000000000e+02
2.684908000000000000e+06 2.814862560000000000e+08 5.407194277777777461e+04 4.220775462962969016e-01 1.700000000000000000e+01 1.700000000000000122e-01 4.123105625617660280e-02 2.688563600000000065e-12 1.000000000000000000e+02
2.685008000000000000e+06 2.814863560000000000e+08 5.407194393518518336e+04 4.228009259259266628e-01 2.000000000000000000e+01 2.000000000000000111e-01 4.472135954999579416e-02 3.163016000000000100e-12 1.000000000000000000e+02
2.685108000000000000e+06 2.814864560000000000e+08 5.407194509259259212e+04 4.235243055555564240e-01 1.500000000000000000e+01 1.499999999999999944e-01 3.872983346207416883e-02 2.372261999999999772e-12 1.000000000000000000e+02
2.685208000000000000e+06 2.814865560000000000e+08 5.407194625000000087e+04 4.242476851851861852e-01 1.500000000000000000e+01 1.499999999999999944e-01 3.872983346207416883e-02 2.372261999999999772e-12 1.000000000000000000e+02
2.685308000000000000e+06 2.814866560000000000e+08 5.407194740740740963e+04 4.249710648148159464e-01 1.500000000000000000e+01 1.499999999999999944e-01 3.872983346207416883e-02 2.372261999999999772e-12 1.000000000000000000e+02
2.685408000000000000e+06 2.814867560000000000e+08 5.407194856481481111e+04 4.256944444444457076e-01 2.000000000000000000e+01 2.000000000000000111e-01 4.472135954999579416e-02 3.163016000000000100e-12 1.000000000000000000e+02
2.685508000000000000e+06 2.814868560000000000e+08 5.407194972222221986e+04 4.264178240740754688e-01 1.000000000000000000e+01 1.000000000000000056e-01 3.162277660168379828e-02 1.581508000000000050e-12 1.000000000000000000e+02
2.685608000000000000e+06 2.814869560000000000e+08 5.407195087962962862e+04 4.271412037037052301e-01 1.400000000000000000e+01 1.400000000000000133e-01 3.741657386773941663e-02 2.214111200000000030e-12 1.000000000000000000e+02
2.685708000000000000e+06 2.814870560000000000e+08 5.407195203703703737e+04 4.278645833333349913e-01 1.400000000000000000e+01 1.400000000000000133e-01 3.741657386773941663e-02 2.214111200000000030e-12 1.000000000000000000e+02
2.685808000000000000e+06 2.814871560000000000e+08 5.407195319444444613e+04 4.285879629629611998e-01 1.300000000000000000e+01 1.300000000000000044e-01 3.605551275463989014e-02 2.055960399999999884e-12 1.000000000000000000e+02
2.685908000000000000e+06 2.814872560000000000e+08 5.407195435185185488e+04 4.293113425925909610e-01 1.600000000000000000e+01 1.600000000000000033e-01 4.000000000000000083e-02 2.530412799999999919e-12 1.000000000000000000e+02
2.686008000000000000e+06 2.814873560000000000e+08 5.407195550925925636e+04 4.300347222222207222e-01 1.500000000000000000e+01 1.499999999999999944e-01 3.872983346207416883e-02 2.372261999999999772e-12 1.000000000000000000e+02
2.686108000000000000e+06 2.814874560000000000e+08 5.407195666666666511e+04 4.307581018518504834e-01 1.600000000000000000e+01 1.600000000000000033e-01 4.000000000000000083e-02 2.530412799999999919e-12 1.000000000000000000e+02
2.686208000000000000e+06 2.814875560000000000e+08 5.407195782407407387e+04 4.314814814814802446e-01 1.800000000000000000e+01 1.799999999999999933e-01 4.242640687119284687e-02 2.846714399999999808e-12 1.000000000000000000e+02
2.686308000000000000e+06 2.814876560000000000e+08 5.407195898148148262e+04 4.322048611111100058e-01 8.000000000000000000e+00 8.000000000000000167e-02 2.828427124746190138e-02 1.265206399999999959e-12 1.000000000000000000e+02
2.686408000000000000e+06 2.814877560000000000e+08 5.407196013888889138e+04 4.329282407407397670e-01 1.100000000000000000e+01 1.100000000000000006e-01 3.316624790355399838e-02 1.739658799999999995e-12 1.000000000000000000e+02
2.686508000000000000e+06 2.814878560000000000e+08 5.407196129629630013e+04 4.336516203703695282e-01 6.000000000000000000e+00 5.999999999999999778e-02 2.449489742783177854e-02 9.489048000000000705e-13 1.000000000000000000e+02
2.686608000000000000e+06 2.814879560000000000e+08 5.407196245370370161e+04 4.343749999999992895e-01 8.000000000000000000e+00 8.000000000000000167e-02 2.828427124746190138e-02 1.265206399999999959e-12 1.000000000000000000e+02
2.686708000000000000e+06 2.814880560000000000e+08 5.407196361111111037e+04 4.350983796296290507e-01 1.500000000000000000e+01 1.499999999999999944e-01 3.872983346207416883e-02 2.372261999999999772e-12 1.000000000000000000e+02
2.686808000000000000e+06 2.814881560000000000e+08 5.407196476851851912e+04 4.358217592592588119e-01 6.000000000000000000e+00 5.999999999999999778e-02 2.449489742783177854e-02 9.489048000000000705e-13 1.000000000000000000e+02
2.686908000000000000e+06 2.814882560000000000e+08 5.407196592592592788e+04 4.365451388888885731e-01 8.000000000000000000e+00 8.000000000000000167e-02 2.828427124746190138e-02 1.265206399999999959e-12 1.000000000000000000e+02
2.687008000000000000e+06 2.814883560000000000e+08 5.407196708333333663e+04 4.372685185185183343e-01 1.200000000000000000e+01 1.199999999999999956e-01 3.464101615137754608e-02 1.897809600000000141e-12 1.000000000000000000e+02
2.687108000000000000e+06 2.814884560000000000e+08 5.407196824074073811e+04 4.379918981481480955e-01 1.600000000000000000e+01 1.600000000000000033e-01 4.000000000000000083e-02 2.530412799999999919e-12 1.000000000000000000e+02
2.687208000000000000e+06 2.814885560000000000e+08 5.407196939814814687e+04 4.387152777777778567e-01 1.300000000000000000e+01 1.300000000000000044e-01 3.605551275463989014e-02 2.055960399999999884e-12 1.000000000000000000e+02
2.687308000000000000e+06 2.814886560000000000e+08 5.407197055555555562e+04 4.394386574074076179e-01 1.100000000000000000e+01 1.100000000000000006e-01 3.316624790355399838e-02 1.739658799999999995e-12 1.000000000000000000e+02
2.687408000000000000e+06 2.814887560000000000e+08 5.407197171296296438e+04 4.401620370370373792e-01 1.300000000000000000e+01 1.300000000000000044e-01 3.605551275463989014e-02 2.055960399999999884e-12 1.000000000000000000e+02
2.687508000000000000e+06 2.814888560000000000e+08 5.407197287037037313e+04 4.408854166666671404e-01 1.600000000000000000e+01 1.600000000000000033e-01 4.000000000000000083e-02 2.530412799999999919e-12 1.000000000000000000e+02
2.687608000000000000e+06 2.814889560000000000e+08 5.407197402777777461e+04 4.416087962962969016e-01 9.000000000000000000e+00 8.999999999999999667e-02 2.999999999999999889e-02 1.423357199999999904e-12 1.000000000000000000e+02
2.687708000000000000e+06 2.814890560000000000e+08 5.407197518518518336e+04 4.423321759259266628e-01 1.700000000000000000e+01 1.700000000000000122e-01 4.123105625617660280e-02 2.688563600000000065e-12 1.000000000000000000e+02
2.687808000000000000e+06 2.814891560000000000e+08 5.407197634259259212e+04 4.430555555555564240e-01 8.000000000000000000e+00 8.000000000000000167e-02 2.828427124746190138e-02 1.265206399999999959e-12 1.000000000000000000e+02
2.687908000000000000e+06 2.814892560000000000e+08 5.407197750000000087e+04 4.437789351851861852e-01 1.500000000000000000e+01 1.499999999999999944e-01 3.872983346207416883e-02 2.372261999999999772e-12 1.000000000000000000e+02
2.688008000000000000e+06 2.814893560000000000e+08 5.407197865740740963e+04 4.445023148148159464e-01 1.100000000000000000e+01 1.100000000000000006e-01 3.316624790355399838e-02 1.739658799999999995e-12 1.000000000000000000e+02
2.688108000000000000e+06 2.814894560000000000e+08 5.407197981481481111e+04 4.452256944444457076e-01 8.000000000000000000e+00 8.000000000000000167e-02 2.828427124746190138e-02 1.265206399999999959e-12 1.000000000000000000e+02
2.688208000000000000e+06 2.814895560000000000e+08 5.407198097222221986e+04 4.459490740740754688e-01 8.000000000000000000e+00 8.000000000000000167e-02 2.828427124746190138e-02 1.265206399999999959e-12 1.000000000000000000e+02
2.688308000000000000e+06 2.814896560000000000e+08 5.407198212962962862e+04 4.466724537037052301e-01 8.000000000000000000e+00 8.000000000000000167e-02 2.828427124746190138e-02 1.265206399999999959e-12 1.000000000000000000e+02
2.688408000000000000e+06 2.814897560000000000e+08 5.407198328703703737e+04 4.473958333333349913e-01 7.000000000000000000e+00 7.000000000000000666e-02 2.645751311064590758e-02 1.107055600000000015e-12 1.000000000000000000e+02
2.688508000000000000e+06 2.814898560000000000e+08 5.407198444444444613e+04 4.481192129629611998e-01 1.300000000000000000e+01 1.300000000000000044e-01 3.605551275463989014e-02 2.055960399999999884e-12 1.000000000000000000e+02
2.688608000000000000e+06 2.814899560000000000e+08 5.407198560185185488e+04 4.488425925925909610e-01 1.500000000000000000e+01 1.499999999999999944e-01 3.872983346207416883e-02 2.372261999999999772e-12 1.000000000000000000e+02
2.688708000000000000e+06 2.814900560000000000e+08 5.407198675925925636e+04 4.495659722222207222e-01 1.300000000000000000e+01 1.300000000000000044e-01 3.605551275463989014e-02 2.055960399999999884e-12 1.000000000000000000e+02
2.688808000000000000e+06 2.814901560000000000e+08 5.407198791666666511e+04 4.502893518518504834e-01 2.600000000000000000e+01 2.600000000000000089e-01 5.099019513592784741e-02 4.111920799999999767e-12 1.000000000000000000e+02
2.688908000000000000e+06 2.814902560000000000e+08 5.407198907407407387e+04 4.510127314814802446e-01 9.000000000000000000e+00 8.999999999999999667e-02 2.999999999999999889e-02 1.423357199999999904e-12 1.000000000000000000e+02
2.689008000000000000e+06 2.814903560000000000e+08 5.407199023148148262e+04 4.517361111111100058e-01 1.100000000000000000e+01 1.100000000000000006e-01 3.316624790355399838e-02 1.739658799999999995e-12 1.000000000000000000e+02
2.689108000000000000e+06 2.814904560000000000e+08 5.407199138888889138e+04 4.524594907407397670e-01 1.500000000000000000e+01 1.499999999999999944e-01 3.872983346207416883e-02 2.372261999999999772e-12 1.000000000000000000e+02
2.689208000000000000e+06 2.814905560000000000e+08 5.407199254629630013e+04 4.531828703703695282e-01 2.400000000000000000e+01 2.399999999999999911e-01 4.898979485566355707e-02 3.795619200000000282e-12 1.000000000000000000e+02
2.689308000000000000e+06 2.814906560000000000e+08 5.407199370370370161e+04 4.539062499999992895e-01 4.000000000000000000e+00 4.000000000000000083e-02 2.000000000000000042e-02 6.326031999999999797e-13 1.000000000000000000e+02
2.689408000000000000e+06 2.814907560000000000e+08 5.407199486111111037e+04 4.546296296296290507e-01 8.000000000000000000e+00 8.000000000000000167e-02 2.828427124746190138e-02 1.265206399999999959e-12 1.000000000000000000e+02
2.689508000000000000e+06 2.814908560000000000e+08 5.407199601851851912e+04 4.553530092592588119e-01 1.200000000000000000e+01 1.199999999999999956e-01 3.464101615137754608e-02 1.897809600000000141e-12 1.000000000000000000e+02
2.689608000000000000e+06 2.814909560000000000e+08 5.407199717592592788e+04 4.560763888888885731e-01 7.000000000000000000e+00 7.000000000000000666e-02 2.645751311064590758e-02 1.107055600000000015e-12 1.000000000000000000e+02
2.689708000000000000e+06 2.814910560000000000e+08 5.407199833333333663e+04 4.567997685185183343e-01 1.400000000000000000e+01 1.400000000000000133e-01 3.741657386773941663e-02 2.214111200000000030e-12 1.000000000000000000e+02
2.689808000000000000e+06 2.814911560000000000e+08 5.407199949074073811e+04 4.575231481481480955e-01 1.200000000000000000e+01 1.199999999999999956e-01 3.464101615137754608e-02 1.897809600000000141e-12 1.000000000000000000e+02
2.689908000000000000e+06 2.814912560000000000e+08 5.407200064814814687e+04 4.582465277777778567e-01 1.600000000000000000e+01 1.600000000000000033e-01 4.000000000000000083e-02 2.530412799999999919e-12 1.000000000000000000e+02
2.690008000000000000e+06 2.814913560000000000e+08 5.407200180555555562e+04 4.589699074074076179e-01 1.500000000000000000e+01 1.499999999999999944e-01 3.872983346207416883e-02 2.372261999999999772e-12 1.000000000000000000e+02
2.690108000000000000e+06 2.814914560000000000e+08 5.407200296296296438e+04 4.596932870370373792e-01 1.100000000000000000e+01 1.100000000000000006e-01 3.316624790355399838e-02 1.739658799999999995e-12 1.000000000000000000e+02
2.690208000000000000e+06 2.814915560000000000e+08 5.407200412037037313e+04 4.604166666666671404e-01 1.000000000000000000e+01 1.000000000000000056e-01 3.162277660168379828e-02 1.581508000000000050e-12 1.000000000000000000e+02
2.690308000000000000e+06 2.814916560000000000e+08 5.407200527777777461e+04 4.611400462962969016e-01 1.100000000000000000e+01 1.100000000000000006e-01 3.316624790355399838e-02 1.739658799999999995e-12 1.000000000000000000e+02
2.690408000000000000e+06 2.814917560000000000e+08 5.407200643518518336e+04 4.618634259259266628e-01 1.300000000000000000e+01 1.300000000000000044e-01 3.605551275463989014e-02 2.055960399999999884e-12 1.000000000000000000e+02
2.690508000000000000e+06 2.814918560000000000e+08 5.407200759259259212e+04 4.625868055555564240e-01 1.500000000000000000e+01 1.499999999999999944e-01 3.872983346207416883e-02 2.372261999999999772e-12 1.000000000000000000e+02
2.690608000000000000e+06 2.814919560000000000e+08 5.407200875000000087e+04 4.633101851851861852e-01 1.500000000000000000e+01 1.499999999999999944e-01 3.872983346207416883e-02 2.372261999999999772e-12 1.000000000000000000e+02
2.690708000000000000e+06 2.814920560000000000e+08 5.407200990740740963e+04 4.640335648148159464e-01 1.200000000000000000e+01 1.199999999999999956e-01 3.464101615137754608e-02 1.897809600000000141e-12 1.000000000000000000e+02
2.690808000000000000e+06 2.814921560000000000e+08 5.407201106481481111e+04 4.647569444444457076e-01 4.000000000000000000e+00 4.000000000000000083e-02 2.000000000000000042e-02 6.326031999999999797e-13 1.000000000000000000e+02
2.690908000000000000e+06 2.814922560000000000e+08 5.407201222222221986e+04 4.654803240740754688e-01 1.400000000000000000e+01 1.400000000000000133e-01 3.741657386773941663e-02 2.214111200000000030e-12 1.000000000000000000e+02
2.691008000000000000e+06 2.814923560000000000e+08 5.407201337962962862e+04 4.662037037037052301e-01 1.000000000000000000e+01 1.000000000000000056e-01 3.162277660168379828e-02 1.581508000000000050e-12 1.000000000000000000e+02
2.691108000000000000e+06 2.814924560000000000e+08 5.407201453703703737e+04 4.669270833333349913e-01 1.400000000000000000e+01 1.400000000000000133e-01 3.741657386773941663e-02 2.214111200000000030e-12 1.000000000000000000e+02
2.691208000000000000e+06 2.814925560000000000e+08 5.407201569444444613e+04 4.676504629629611998e-01 8.000000000000000000e+00 8.000000000000000167e-02 2.828427124746190138e-02 1.265206399999999959e-12 1.000000000000000000e+02
2.691308000000000000e+06 2.814926560000000000e+08 5.407201685185185488e+04 4.683738425925909610e-01 1.500000000000000000e+01 1.499999999999999944e-01 3.872983346207416883e-02 2.372261999999999772e-12 1.000000000000000000e+02
2.691408000000000000e+06 2.814927560000000000e+08 5.407201800925925636e+04 4.690972222222207222e-01 1.100000000000000000e+01 1.100000000000000006e-01 3.316624790355399838e-02 1.739658799999999995e-12 1.000000000000000000e+02
2.691508000000000000e+06 2.814928560000000000e+08 5.407201916666666511e+04 4.698206018518504834e-01 9.000000000000000000e+00 8.999999999999999667e-02 2.999999999999999889e-02 1.423357199999999904e-12 1.000000000000000000e+02
2.691608000000000000e+06 2.814929560000000000e+08 5.407202032407407387e+04 4.705439814814802446e-01 8.000000000000000000e+00 8.000000000000000167e-02 2.828427124746190138e-02 1.265206399999999959e-12 1.000000000000000000e+02
2.691708000000000000e+06 2.814930560000000000e+08 5.407202148148148262e+04 4.712673611111100058e-01 1.400000000000000000e+01 1.400000000000000133e-01 3.741657386773941663e-02 2.214111200000000030e-12 1.000000000000000000e+02
2.691808000000000000e+06 2.814931560000000000e+08 5.407202263888889138e+04 4.719907407407397670e-01 1.800000000000000000e+01 1.799999999999999933e-01 4.242640687119284687e-02 2.846714399999999808e-12 1.000000000000000000e+02
2.691908000000000000e+06 2.814932560000000000e+08 5.407202379629630013e+04 4.727141203703695282e-01 1.200000000000000000e+01 1.199999999999999956e-01 3.464101615137754608e-02 1.897809600000000141e-12 1.000000000000000000e+02
2.692008000000000000e+06 2.814933560000000000e+08 5.407202495370370161e+04 4.734374999999992895e-01 8.000000000000000000e+00 8.000000000000000167e-02 2.828427124746190138e-02 1.265206399999999959e-12 1.000000000000000000e+02
2.692108000000000000e+06 2.814934560000000000e+08 5.407202611111111037e+04 4.741608796296290507e-01 1.400000000000000000e+01 1.400000000000000133e-01 3.741657386773941663e-02 2.214111200000000030e-12 1.000000000000000000e+02
2.692208000000000000e+06 2.814935560000000000e+08 5.407202726851851912e+04 4.748842592592588119e-01 1.400000000000000000e+01 1.400000000000000133e-01 3.741657386773941663e-02 2.214111200000000030e-12 1.000000000000000000e+02
2.692308000000000000e+06 2.814936560000000000e+08 5.407202842592592788e+04 4.756076388888885731e-01 1.200000000000000000e+01 1.199999999999999956e-01 3.464101615137754608e-02 1.897809600000000141e-12 1.000000000000000000e+02
2.692408000000000000e+06 2.814937560000000000e+08 5.407202958333333663e+04 4.763310185185183343e-01 9.000000000000000000e+00 8.999999999999999667e-02 2.999999999999999889e-02 1.423357199999999904e-12 1.000000000000000000e+02
2.692508000000000000e+06 2.814938560000000000e+08 5.407203074074073811e+04 4.770543981481480955e-01 1.200000000000000000e+01 1.199999999999999956e-01 3.464101615137754608e-02 1.897809600000000141e-12 1.000000000000000000e+02
2.692608000000000000e+06 2.814939560000000000e+08 5.407203189814814687e+04 4.777777777777778567e-01 1.300000000000000000e+01 1.300000000000000044e-01 3.605551275463989014e-02 2.055960399999999884e-12 1.000000000000000000e+02
2.692708000000000000e+06 2.814940560000000000e+08 5.407203305555555562e+04 4.785011574074076179e-01 9.000000000000000000e+00 8.999999999999999667e-02 2.999999999999999889e-02 1.423357199999999904e-12 1.000000000000000000e+02
2.692808000000000000e+06 2.814941560000000000e+08 5.407203421296296438e+04 4.792245370370373792e-01 1.100000000000000000e+01 1.100000000000000006e-01 3.316624790355399838e-02 1.739658799999999995e-12 1.000000000000000000e+02
2.692908000000000000e+06 2.814942560000000000e+08 5.407203537037037313e+04 4.799479166666671404e-01 1.000000000000000000e+01 1.000000000000000056e-01 3.162277660168379828e-02 1.581508000000000050e-12 1.000000000000000000e+02
2.693008000000000000e+06 2.814943560000000000e+08 5.407203652777777461e+04 4.806712962962969016e-01 1.900000000000000000e+01 1.900000000000000022e-01 4.358898943540674004e-02 3.004865199999999954e-12 1.000000000000000000e+02
2.693108000000000000e+06 2.814944560000000000e+08 5.407203768518518336e+04 4.813946759259266628e-01 3.000000000000000000e+00 2.999999999999999889e-02 1.732050807568877304e-02 4.744524000000000353e-13 1.000000000000000000e+02
2.693208000000000000e+06 2.814945560000000000e+08 5.407203884259259212e+04 4.821180555555564240e-01 1.200000000000000000e+01 1.199999999999999956e-01 3.464101615137754608e-02 1.897809600000000141e-12 1.000000000000000000e+02
2.693308000000000000e+06 2.814946560000000000e+08 5.407204000000000087e+04 4.828414351851861852e-01 8.000000000000000000e+00 8.000000000000000167e-02 2.828427124746190138e-02 1.265206399999999959e-12 1.000000000000000000e+02
2.693408000000000000e+06 2.814947560000000000e+08 5.407204115740740963e+04 4.835648148148159464e-01 5.000000000000000000e+00 5.000000000000000278e-02 2.236067977499789708e-02 7.907540000000000251e-13 1.000000000000000000e+02
2.693508000000000000e+06 2.814948560000000000e+08 5.407204231481481111e+04 4.842881944444457076e-01 8.000000000000000000e+00 8.000000000000000167e-02 2.828427124746190138e-02 1.265206399999999959e-12 1.000000000000000000e+02
2.693608000000000000e+06 2.814949560000000000e+08 5.407204347222221986e+04 4.850115740740754688e-01 4.000000000000000000e+00 4.000000000000000083e-02 2.000000000000000042e-02 6.326031999999999797e-13 1.000000000000000000e+02
2.693708000000000000e+06 2.814950560000000000e+08 5.407204462962962862e+04 4.857349537037052301e-01 7.000000000000000000e+00 7.000000000000000666e-02 2.645751311064590758e-02 1.107055600000000015e-12 1.000000000000000000e+02
2.693808000000000000e+06 2.814951560000000000e+08 5.407204578703703737e+04 4.864583333333349913e-01 3.000000000000000000e+00 2.999999999999999889e-02 1.732050807568877304e-02 4.744524000000000353e-13 1.000000000000000000e+02
2.693908000000000000e+06 2.814952560000000000e+08 5.407204694444444613e+04 4.871817129629611998e-01 7.000000000000000000e+00 7.000000000000000666e-02 2.645751311064590758e-02 1.107055600000000015e-12 1.000000000000000000e+02
2.694008000000000000e+06 2.814953560000000000e+08 5.407204810185185488e+04 4.879050925925909610e-01 1.100000000000000000e+01 1.100000000000000006e-01 3.316624790355399838e-02 1.739658799999999995e-12 1.000000000000000000e+02
2.694108000000000000e+06 2.814954560000000000e+08 5.407204925925925636e+04 4.886284722222207222e-01 6.000000000000000000e+00 5.999999999999999778e-02 2.449489742783177854e-02 9.489048000000000705e-13 1.000000000000000000e+02
