# Synthetic light curve from cloak.kernel (cloak/synthetic/lightcurve.py)
# band broad; wind_model smooth_pl; phase_shift 0.02; scatter 3.35693e-14; intrinsic_scatter 0.1; flux_per_rate 2.23795e-12; orbital_period 138240; seed 11
# Columns: dt, t_raw, mjd, phase, counts, rate, rate_err, flux_t, exposure
# 
0.000000000000000000e+00 2.788013480000000000e+08 5.404086745370370045e+04 0.000000000000000000e+00 4.800000000000000000e+01 4.799999999999999822e-01 6.928203230275509217e-02 1.074217439999999896e-12 1.000000000000000000e+02
1.000000000000000000e+02 2.788014480000000000e+08 5.404086861111110920e+04 7.233796296296295895e-04 4.300000000000000000e+01 4.299999999999999933e-01 6.557438524302000582e-02 9.623197899999998819e-13 1.000000000000000000e+02
2.000000000000000000e+02 2.788015480000000000e+08 5.404086976851851796e+04 1.446759259259259179e-03 5.700000000000000000e+01 5.699999999999999512e-01 7.549834435270749711e-02 1.275633209999999801e-12 1.000000000000000000e+02
3.000000000000000000e+02 2.788016480000000000e+08 5.404087092592592671e+04 2.170138888888888985e-03 3.700000000000000000e+01 3.699999999999999956e-01 6.082762530298219117e-02 8.280426099999999453e-13 1.000000000000000000e+02
4.000000000000000000e+02 2.788017480000000000e+08 5.404087208333333547e+04 2.893518518518518358e-03 7.500000000000000000e+01 7.500000000000000000e-01 8.660254037844387909e-02 1.678464750000000015e-12 1.000000000000000000e+02
5.000000000000000000e+02 2.788018480000000000e+08 5.404087324074073695e+04 3.616898148148148164e-03 6.100000000000000000e+01 6.099999999999999867e-01 7.810249675906653921e-02 1.365151329999999894e-12 1.000000000000000000e+02
6.000000000000000000e+02 2.788019480000000000e+08 5.404087439814814570e+04 4.340277777777777971e-03 5.400000000000000000e+01 5.400000000000000355e-01 7.348469228349534255e-02 1.208494620000000035e-12 1.000000000000000000e+02
7.000000000000000000e+02 2.788020480000000000e+08 5.404087555555555446e+04 5.063657407407407343e-03 4.900000000000000000e+01 4.899999999999999911e-01 7.000000000000000666e-02 1.096596970000000020e-12 1.000000000000000000e+02
8.000000000000000000e+02 2.788021480000000000e+08 5.404087671296296321e+04 5.787037037037036716e-03 4.800000000000000000e+01 4.799999999999999822e-01 6.928203230275509217e-02 1.074217439999999896e-12 1.000000000000000000e+02
9.000000000000000000e+02 2.788022480000000000e+08 5.404087787037037197e+04 6.510416666666666956e-03 5.500000000000000000e+01 5.500000000000000444e-01 7.416198487095662650e-02 1.230874149999999957e-12 1.000000000000000000e+02
1.000000000000000000e+03 2.788023480000000000e+08 5.404087902777778072e+04 7.233796296296296328e-03 5.600000000000000000e+01 5.600000000000000533e-01 7.483314773547883325e-02 1.253253680000000081e-12 1.000000000000000000e+02
1.100000000000000000e+03 2.788024480000000000e+08 5.404088018518518220e+04 7.957175925925926568e-03 4.800000000000000000e+01 4.799999999999999822e-01 6.928203230275509217e-02 1.074217439999999896e-12 1.000000000000000000e+02
1.200000000000000000e+03 2.788025480000000000e+08 5.404088134259259095e+04 8.680555555555555941e-03 4.700000000000000000e+01 4.699999999999999734e-01 6.855654600401044074e-02 1.051837909999999974e-12 1.000000000000000000e+02
1.300000000000000000e+03 2.788026480000000000e+08 5.404088249999999971e+04 9.403935185185185314e-03 5.400000000000000000e+01 5.400000000000000355e-01 7.348469228349534255e-02 1.208494620000000035e-12 1.000000000000000000e+02
1.400000000000000000e+03 2.788027480000000000e+08 5.404088365740740846e+04 1.012731481481481469e-02 5.400000000000000000e+01 5.400000000000000355e-01 7.348469228349534255e-02 1.208494620000000035e-12 1.000000000000000000e+02
1.500000000000000000e+03 2.788028480000000000e+08 5.404088481481481722e+04 1.085069444444444406e-02 4.300000000000000000e+01 4.299999999999999933e-01 6.557438524302000582e-02 9.623197899999998819e-13 1.000000000000000000e+02
1.600000000000000000e+03 2.788029480000000000e+08 5.404088597222222597e+04 1.157407407407407343e-02 6.100000000000000000e+01 6.099999999999999867e-01 7.810249675906653921e-02 1.365151329999999894e-12 1.000000000000000000e+02
1.700000000000000000e+03 2.788030480000000000e+08 5.404088712962962745e+04 1.229745370370370454e-02 5.000000000000000000e+01 5.000000000000000000e-01 7.071067811865475172e-02 1.118976499999999943e-12 1.000000000000000000e+02
1.800000000000000000e+03 2.788031480000000000e+08 5.404088828703703621e+04 1.302083333333333391e-02 4.100000000000000000e+01 4.099999999999999756e-01 6.403124237432848698e-02 9.175607299999998357e-13 1.000000000000000000e+02
1.900000000000000000e+03 2.788032480000000000e+08 5.404088944444444496e+04 1.374421296296296328e-02 5.500000000000000000e+01 5.500000000000000444e-01 7.416198487095662650e-02 1.230874149999999957e-12 1.000000000000000000e+02
2.000000000000000000e+03 2.788033480000000000e+08 5.404089060185185372e+04 1.446759259259259266e-02 3.900000000000000000e+01 3.900000000000000133e-01 6.244997998398398031e-02 8.728016699999999915e-13 1.000000000000000000e+02
2.100000000000000000e+03 2.788034480000000000e+08 5.404089175925926247e+04 1.519097222222222203e-02 4.000000000000000000e+01 4.000000000000000222e-01 6.324555320336759656e-02 8.951812000000000146e-13 1.000000000000000000e+02
2.200000000000000000e+03 2.788035480000000000e+08 5.404089291666666395e+04 1.591435185185185314e-02 4.000000000000000000e+01 4.000000000000000222e-01 6.324555320336759656e-02 8.951812000000000146e-13 1.000000000000000000e+02
2.300000000000000000e+03 2.788036480000000000e+08 5.404089407407407271e+04 1.663773148148148251e-02 4.800000000000000000e+01 4.799999999999999822e-01 6.928203230275509217e-02 1.074217439999999896e-12 1.000000000000000000e+02
2.400000000000000000e+03 2.788037480000000000e+08 5.404089523148148146e+04 1.736111111111111188e-02 5.300000000000000000e+01 5.300000000000000266e-01 7.280109889280518554e-02 1.186115089999999911e-12 1.000000000000000000e+02
2.500000000000000000e+03 2.788038480000000000e+08 5.404089638888889021e+04 1.808449074074074125e-02 5.100000000000000000e+01 5.100000000000000089e-01 7.141428428542850870e-02 1.141356029999999865e-12 1.000000000000000000e+02
2.600000000000000000e+03 2.788039480000000000e+08 5.404089754629629897e+04 1.880787037037037063e-02 6.100000000000000000e+01 6.099999999999999867e-01 7.810249675906653921e-02 1.365151329999999894e-12 1.000000000000000000e+02
2.700000000000000000e+03 2.788040480000000000e+08 5.404089870370370045e+04 1.953125000000000000e-02 5.300000000000000000e+01 5.300000000000000266e-01 7.280109889280518554e-02 1.186115089999999911e-12 1.000000000000000000e+02
2.800000000000000000e+03 2.788041480000000000e+08 5.404089986111110920e+04 2.025462962962962937e-02 4.800000000000000000e+01 4.799999999999999822e-01 6.928203230275509217e-02 1.074217439999999896e-12 1.000000000000000000e+02
2.900000000000000000e+03 2.788042480000000000e+08 5.404090101851851796e+04 2.097800925925925875e-02 5.500000000000000000e+01 5.500000000000000444e-01 7.416198487095662650e-02 1.230874149999999957e-12 1.000000000000000000e+02
3.000000000000000000e+03 2.788043480000000000e+08 5.404090217592592671e+04 2.170138888888888812e-02 5.700000000000000000e+01 5.699999999999999512e-01 7.549834435270749711e-02 1.275633209999999801e-12 1.000000000000000000e+02
3.100000000000000000e+03 2.788044480000000000e+08 5.404090333333333547e+04 2.242476851851851749e-02 5.600000000000000000e+01 5.600000000000000533e-01 7.483314773547883325e-02 1.253253680000000081e-12 1.000000000000000000e+02
3.200000000000000000e+03 2.788045480000000000e+08 5.404090449074073695e+04 2.314814814814814686e-02 4.600000000000000000e+01 4.600000000000000200e-01 6.782329983125268136e-02 1.029458380000000052e-12 1.000000000000000000e+02
3.300000000000000000e+03 2.788046480000000000e+08 5.404090564814814570e+04 2.387152777777777624e-02 4.300000000000000000e+01 4.299999999999999933e-01 6.557438524302000582e-02 9.623197899999998819e-13 1.000000000000000000e+02
3.400000000000000000e+03 2.788047480000000000e+08 5.404090680555555446e+04 2.459490740740740908e-02 5.400000000000000000e+01 5.400000000000000355e-01 7.348469228349534255e-02 1.208494620000000035e-12 1.000000000000000000e+02
3.500000000000000000e+03 2.788048480000000000e+08 5.404090796296296321e+04 2.531828703703703845e-02 4.400000000000000000e+01 4.400000000000000022e-01 6.633249580710799675e-02 9.846993200000000059e-13 1.000000000000000000e+02
3.600000000000000000e+03 2.788049480000000000e+08 5.404090912037037197e+04 2.604166666666666782e-02 5.300000000000000000e+01 5.300000000000000266e-01 7.280109889280518554e-02 1.186115089999999911e-12 1.000000000000000000e+02
3.700000000000000000e+03 2.788050480000000000e+08 5.404091027777778072e+04 2.676504629629629720e-02 4.400000000000000000e+01 4.400000000000000022e-01 6.633249580710799675e-02 9.846993200000000059e-13 1.000000000000000000e+02
3.800000000000000000e+03 2.788051480000000000e+08 5.404091143518518220e+04 2.748842592592592657e-02 4.500000000000000000e+01 4.500000000000000111e-01 6.708203932499369471e-02 1.007078849999999928e-12 1.000000000000000000e+02
3.900000000000000000e+03 2.788052480000000000e+08 5.404091259259259095e+04 2.821180555555555594e-02 3.600000000000000000e+01 3.599999999999999867e-01 5.999999999999999778e-02 8.056630799999999223e-13 1.000000000000000000e+02
4.000000000000000000e+03 2.788053480000000000e+08 5.404091374999999971e+04 2.893518518518518531e-02 5.200000000000000000e+01 5.200000000000000178e-01 7.211102550927978028e-02 1.163735559999999989e-12 1.000000000000000000e+02
4.100000000000000000e+03 2.788054480000000000e+08 5.404091490740740846e+04 2.965856481481481469e-02 4.100000000000000000e+01 4.099999999999999756e-01 6.403124237432848698e-02 9.175607299999998357e-13 1.000000000000000000e+02
4.200000000000000000e+03 2.788055480000000000e+08 5.404091606481481722e+04 3.038194444444444406e-02 6.100000000000000000e+01 6.099999999999999867e-01 7.810249675906653921e-02 1.365151329999999894e-12 1.000000000000000000e+02
4.300000000000000000e+03 2.788056480000000000e+08 5.404091722222222597e+04 3.110532407407407343e-02 5.600000000000000000e+01 5.600000000000000533e-01 7.483314773547883325e-02 1.253253680000000081e-12 1.000000000000000000e+02
4.400000000000000000e+03 2.788057480000000000e+08 5.404091837962962745e+04 3.182870370370370627e-02 5.900000000000000000e+01 5.899999999999999689e-01 7.681145747868607654e-02 1.320392269999999847e-12 1.000000000000000000e+02
4.500000000000000000e+03 2.788058480000000000e+08 5.404091953703703621e+04 3.255208333333333565e-02 6.200000000000000000e+01 6.199999999999999956e-01 7.874007874011811070e-02 1.387530860000000018e-12 1.000000000000000000e+02
4.600000000000000000e+03 2.788059480000000000e+08 5.404092069444444496e+04 3.327546296296296502e-02 4.900000000000000000e+01 4.899999999999999911e-01 7.000000000000000666e-02 1.096596970000000020e-12 1.000000000000000000e+02
7.900000000000000000e+03 2.788092480000000000e+08 5.404095888888889021e+04 5.714699074074074125e-02 4.300000000000000000e+01 4.299999999999999933e-01 6.557438524302000582e-02 9.623197899999998819e-13 1.000000000000000000e+02
8.000000000000000000e+03 2.788093480000000000e+08 5.404096004629629897e+04 5.787037037037037063e-02 5.500000000000000000e+01 5.500000000000000444e-01 7.416198487095662650e-02 1.230874149999999957e-12 1.000000000000000000e+02
8.100000000000000000e+03 2.788094480000000000e+08 5.404096120370370045e+04 5.859375000000000000e-02 4.300000000000000000e+01 4.299999999999999933e-01 6.557438524302000582e-02 9.623197899999998819e-13 1.000000000000000000e+02
8.200000000000000000e+03 2.788095480000000000e+08 5.404096236111110920e+04 5.931712962962962937e-02 5.800000000000000000e+01 5.799999999999999600e-01 7.615773105863908599e-02 1.298012739999999925e-12 1.000000000000000000e+02
8.300000000000000000e+03 2.788096480000000000e+08 5.404096351851851796e+04 6.004050925925925875e-02 7.400000000000000000e+01 7.399999999999999911e-01 8.602325267042626455e-02 1.656085219999999891e-12 1.000000000000000000e+02
8.400000000000000000e+03 2.788097480000000000e+08 5.404096467592592671e+04 6.076388888888888812e-02 4.400000000000000000e+01 4.400000000000000022e-01 6.633249580710799675e-02 9.846993200000000059e-13 1.000000000000000000e+02
8.500000000000000000e+03 2.788098480000000000e+08 5.404096583333333547e+04 6.148726851851851749e-02 4.600000000000000000e+01 4.600000000000000200e-01 6.782329983125268136e-02 1.029458380000000052e-12 1.000000000000000000e+02
8.600000000000000000e+03 2.788099480000000000e+08 5.404096699074073695e+04 6.221064814814814686e-02 4.300000000000000000e+01 4.299999999999999933e-01 6.557438524302000582e-02 9.623197899999998819e-13 1.000000000000000000e+02
8.700000000000000000e+03 2.788100480000000000e+08 5.404096814814814570e+04 6.293402777777777624e-02 4.800000000000000000e+01 4.799999999999999822e-01 6.928203230275509217e-02 1.074217439999999896e-12 1.000000000000000000e+02
8.800000000000000000e+03 2.788101480000000000e+08 5.404096930555555446e+04 6.365740740740741255e-02 5.600000000000000000e+01 5.600000000000000533e-01 7.483314773547883325e-02 1.253253680000000081e-12 1.000000000000000000e+02
8.900000000000000000e+03 2.788102480000000000e+08 5.404097046296296321e+04 6.438078703703703498e-02 4.500000000000000000e+01 4.500000000000000111e-01 6.708203932499369471e-02 1.007078849999999928e-12 1.000000000000000000e+02
9.000000000000000000e+03 2.788103480000000000e+08 5.404097162037037197e+04 6.510416666666667129e-02 3.600000000000000000e+01 3.599999999999999867e-01 5.999999999999999778e-02 8.056630799999999223e-13 1.000000000000000000e+02
9.100000000000000000e+03 2.788104480000000000e+08 5.404097277777778072e+04 6.582754629629629373e-02 4.800000000000000000e+01 4.799999999999999822e-01 6.928203230275509217e-02 1.074217439999999896e-12 1.000000000000000000e+02
9.200000000000000000e+03 2.788105480000000000e+08 5.404097393518518220e+04 6.655092592592593004e-02 6.600000000000000000e+01 6.600000000000000311e-01 8.124038404635960942e-02 1.477048979999999908e-12 1.000000000000000000e+02
9.300000000000000000e+03 2.788106480000000000e+08 5.404097509259259095e+04 6.727430555555555247e-02 5.600000000000000000e+01 5.600000000000000533e-01 7.483314773547883325e-02 1.253253680000000081e-12 1.000000000000000000e+02
9.400000000000000000e+03 2.788107480000000000e+08 5.404097624999999971e+04 6.799768518518518878e-02 5.100000000000000000e+01 5.100000000000000089e-01 7.141428428542850870e-02 1.141356029999999865e-12 1.000000000000000000e+02
9.500000000000000000e+03 2.788108480000000000e+08 5.404097740740740846e+04 6.872106481481481122e-02 5.100000000000000000e+01 5.100000000000000089e-01 7.141428428542850870e-02 1.141356029999999865e-12 1.000000000000000000e+02
9.600000000000000000e+03 2.788109480000000000e+08 5.404097856481481722e+04 6.944444444444444753e-02 5.100000000000000000e+01 5.100000000000000089e-01 7.141428428542850870e-02 1.141356029999999865e-12 1.000000000000000000e+02
9.700000000000000000e+03 2.788110480000000000e+08 5.404097972222222597e+04 7.016782407407406996e-02 5.800000000000000000e+01 5.799999999999999600e-01 7.615773105863908599e-02 1.298012739999999925e-12 1.000000000000000000e+02
9.800000000000000000e+03 2.788111480000000000e+08 5.404098087962962745e+04 7.089120370370370627e-02 3.800000000000000000e+01 3.800000000000000044e-01 6.164414002968975764e-02 8.504221399999999684e-13 1.000000000000000000e+02
9.900000000000000000e+03 2.788112480000000000e+08 5.404098203703703621e+04 7.161458333333332871e-02 5.800000000000000000e+01 5.799999999999999600e-01 7.615773105863908599e-02 1.298012739999999925e-12 1.000000000000000000e+02
1.000000000000000000e+04 2.788113480000000000e+08 5.404098319444444496e+04 7.233796296296296502e-02 6.400000000000000000e+01 6.400000000000000133e-01 8.000000000000000167e-02 1.432289919999999862e-12 1.000000000000000000e+02
1.010000000000000000e+04 2.788114480000000000e+08 5.404098435185185372e+04 7.306134259259258745e-02 5.600000000000000000e+01 5.600000000000000533e-01 7.483314773547883325e-02 1.253253680000000081e-12 1.000000000000000000e+02
1.020000000000000000e+04 2.788115480000000000e+08 5.404098550925926247e+04 7.378472222222222376e-02 4.600000000000000000e+01 4.600000000000000200e-01 6.782329983125268136e-02 1.029458380000000052e-12 1.000000000000000000e+02
1.030000000000000000e+04 2.788116480000000000e+08 5.404098666666666395e+04 7.450810185185184620e-02 5.800000000000000000e+01 5.799999999999999600e-01 7.615773105863908599e-02 1.298012739999999925e-12 1.000000000000000000e+02
1.040000000000000000e+04 2.788117480000000000e+08 5.404098782407407271e+04 7.523148148148148251e-02 4.600000000000000000e+01 4.600000000000000200e-01 6.782329983125268136e-02 1.029458380000000052e-12 1.000000000000000000e+02
1.050000000000000000e+04 2.788118480000000000e+08 5.404098898148148146e+04 7.595486111111110494e-02 4.400000000000000000e+01 4.400000000000000022e-01 6.633249580710799675e-02 9.846993200000000059e-13 1.000000000000000000e+02
1.060000000000000000e+04 2.788119480000000000e+08 5.404099013888889021e+04 7.667824074074074125e-02 4.800000000000000000e+01 4.799999999999999822e-01 6.928203230275509217e-02 1.074217439999999896e-12 1.000000000000000000e+02
1.070000000000000000e+04 2.788120480000000000e+08 5.404099129629629897e+04 7.740162037037036369e-02 6.300000000000000000e+01 6.300000000000000044e-01 7.937253933193771926e-02 1.409910389999999940e-12 1.000000000000000000e+02
1.080000000000000000e+04 2.788121480000000000e+08 5.404099245370370045e+04 7.812500000000000000e-02 4.800000000000000000e+01 4.799999999999999822e-01 6.928203230275509217e-02 1.074217439999999896e-12 1.000000000000000000e+02
1.090000000000000000e+04 2.788122480000000000e+08 5.404099361111110920e+04 7.884837962962963631e-02 4.900000000000000000e+01 4.899999999999999911e-01 7.000000000000000666e-02 1.096596970000000020e-12 1.000000000000000000e+02
1.100000000000000000e+04 2.788123480000000000e+08 5.404099476851851796e+04 7.957175925925925875e-02 5.600000000000000000e+01 5.600000000000000533e-01 7.483314773547883325e-02 1.253253680000000081e-12 1.000000000000000000e+02
1.110000000000000000e+04 2.788124480000000000e+08 5.404099592592592671e+04 8.029513888888889506e-02 3.500000000000000000e+01 3.499999999999999778e-01 5.916079783099616185e-02 7.832835499999998992e-13 1.000000000000000000e+02
1.120000000000000000e+04 2.788125480000000000e+08 5.404099708333333547e+04 8.101851851851851749e-02 5.300000000000000000e+01 5.300000000000000266e-01 7.280109889280518554e-02 1.186115089999999911e-12 1.000000000000000000e+02
1.130000000000000000e+04 2.788126480000000000e+08 5.404099824074073695e+04 8.174189814814815380e-02 5.000000000000000000e+01 5.000000000000000000e-01 7.071067811865475172e-02 1.118976499999999943e-12 1.000000000000000000e+02
1.140000000000000000e+04 2.788127480000000000e+08 5.404099939814814570e+04 8.246527777777777624e-02 5.400000000000000000e+01 5.400000000000000355e-01 7.348469228349534255e-02 1.208494620000000035e-12 1.000000000000000000e+02
1.150000000000000000e+04 2.788128480000000000e+08 5.404100055555555446e+04 8.318865740740741255e-02 7.400000000000000000e+01 7.399999999999999911e-01 8.602325267042626455e-02 1.656085219999999891e-12 1.000000000000000000e+02
1.160000000000000000e+04 2.788129480000000000e+08 5.404100171296296321e+04 8.391203703703703498e-02 8.600000000000000000e+01 8.599999999999999867e-01 9.273618495495704328e-02 1.924639579999999764e-12 1.000000000000000000e+02
1.170000000000000000e+04 2.788130480000000000e+08 5.404100287037037197e+04 8.463541666666667129e-02 4.500000000000000000e+01 4.500000000000000111e-01 6.708203932499369471e-02 1.007078849999999928e-12 1.000000000000000000e+02
1.180000000000000000e+04 2.788131480000000000e+08 5.404100402777778072e+04 8.535879629629629373e-02 3.700000000000000000e+01 3.699999999999999956e-01 6.082762530298219117e-02 8.280426099999999453e-13 1.000000000000000000e+02
1.190000000000000000e+04 2.788132480000000000e+08 5.404100518518518220e+04 8.608217592592593004e-02 4.800000000000000000e+01 4.799999999999999822e-01 6.928203230275509217e-02 1.074217439999999896e-12 1.000000000000000000e+02
1.200000000000000000e+04 2.788133480000000000e+08 5.404100634259259095e+04 8.680555555555555247e-02 5.900000000000000000e+01 5.899999999999999689e-01 7.681145747868607654e-02 1.320392269999999847e-12 1.000000000000000000e+02
1.210000000000000000e+04 2.788134480000000000e+08 5.404100749999999971e+04 8.752893518518518878e-02 5.600000000000000000e+01 5.600000000000000533e-01 7.483314773547883325e-02 1.253253680000000081e-12 1.000000000000000000e+02
1.220000000000000000e+04 2.788135480000000000e+08 5.404100865740740846e+04 8.825231481481481122e-02 4.500000000000000000e+01 4.500000000000000111e-01 6.708203932499369471e-02 1.007078849999999928e-12 1.000000000000000000e+02
1.230000000000000000e+04 2.788136480000000000e+08 5.404100981481481722e+04 8.897569444444444753e-02 5.800000000000000000e+01 5.799999999999999600e-01 7.615773105863908599e-02 1.298012739999999925e-12 1.000000000000000000e+02
1.240000000000000000e+04 2.788137480000000000e+08 5.404101097222222597e+04 8.969907407407406996e-02 5.600000000000000000e+01 5.600000000000000533e-01 7.483314773547883325e-02 1.253253680000000081e-12 1.000000000000000000e+02
1.250000000000000000e+04 2.788138480000000000e+08 5.404101212962962745e+04 9.042245370370370627e-02 5.400000000000000000e+01 5.400000000000000355e-01 7.348469228349534255e-02 1.208494620000000035e-12 1.000000000000000000e+02
1.260000000000000000e+04 2.788139480000000000e+08 5.404101328703703621e+04 9.114583333333332871e-02 3.800000000000000000e+01 3.800000000000000044e-01 6.164414002968975764e-02 8.504221399999999684e-13 1.000000000000000000e+02
1.270000000000000000e+04 2.788140480000000000e+08 5.404101444444444496e+04 9.186921296296296502e-02 6.400000000000000000e+01 6.400000000000000133e-01 8.000000000000000167e-02 1.432289919999999862e-12 1.000000000000000000e+02
1.280000000000000000e+04 2.788141480000000000e+08 5.404101560185185372e+04 9.259259259259258745e-02 4.400000000000000000e+01 4.400000000000000022e-01 6.633249580710799675e-02 9.846993200000000059e-13 1.000000000000000000e+02
1.290000000000000000e+04 2.788142480000000000e+08 5.404101675925926247e+04 9.331597222222222376e-02 4.100000000000000000e+01 4.099999999999999756e-01 6.403124237432848698e-02 9.175607299999998357e-13 1.000000000000000000e+02
1.300000000000000000e+04 2.788143480000000000e+08 5.404101791666666395e+04 9.403935185185184620e-02 4.700000000000000000e+01 4.699999999999999734e-01 6.855654600401044074e-02 1.051837909999999974e-12 1.000000000000000000e+02
1.310000000000000000e+04 2.788144480000000000e+08 5.404101907407407271e+04 9.476273148148148251e-02 4.400000000000000000e+01 4.400000000000000022e-01 6.633249580710799675e-02 9.846993200000000059e-13 1.000000000000000000e+02
1.320000000000000000e+04 2.788145480000000000e+08 5.404102023148148146e+04 9.548611111111110494e-02 4.500000000000000000e+01 4.500000000000000111e-01 6.708203932499369471e-02 1.007078849999999928e-12 1.000000000000000000e+02
1.330000000000000000e+04 2.788146480000000000e+08 5.404102138888889021e+04 9.620949074074074125e-02 5.600000000000000000e+01 5.600000000000000533e-01 7.483314773547883325e-02 1.253253680000000081e-12 1.000000000000000000e+02
1.340000000000000000e+04 2.788147480000000000e+08 5.404102254629629897e+04 9.693287037037036369e-02 5.400000000000000000e+01 5.400000000000000355e-01 7.348469228349534255e-02 1.208494620000000035e-12 1.000000000000000000e+02
1.350000000000000000e+04 2.788148480000000000e+08 5.404102370370370045e+04 9.765625000000000000e-02 4.500000000000000000e+01 4.500000000000000111e-01 6.708203932499369471e-02 1.007078849999999928e-12 1.000000000000000000e+02
1.360000000000000000e+04 2.788149480000000000e+08 5.404102486111110920e+04 9.837962962962963631e-02 6.400000000000000000e+01 6.400000000000000133e-01 8.000000000000000167e-02 1.432289919999999862e-12 1.000000000000000000e+02
1.370000000000000000e+04 2.788150480000000000e+08 5.404102601851851796e+04 9.910300925925925875e-02 5.900000000000000000e+01 5.899999999999999689e-01 7.681145747868607654e-02 1.320392269999999847e-12 1.000000000000000000e+02
1.380000000000000000e+04 2.788151480000000000e+08 5.404102717592592671e+04 9.982638888888889506e-02 7.400000000000000000e+01 7.399999999999999911e-01 8.602325267042626455e-02 1.656085219999999891e-12 1.000000000000000000e+02
1.390000000000000000e+04 2.788152480000000000e+08 5.404102833333333547e+04 1.005497685185185175e-01 5.600000000000000000e+01 5.600000000000000533e-01 7.483314773547883325e-02 1.253253680000000081e-12 1.000000000000000000e+02
1.400000000000000000e+04 2.788153480000000000e+08 5.404102949074073695e+04 1.012731481481481538e-01 5.300000000000000000e+01 5.300000000000000266e-01 7.280109889280518554e-02 1.186115089999999911e-12 1.000000000000000000e+02
1.410000000000000000e+04 2.788154480000000000e+08 5.404103064814814570e+04 1.019965277777777762e-01 6.300000000000000000e+01 6.300000000000000044e-01 7.937253933193771926e-02 1.409910389999999940e-12 1.000000000000000000e+02
1.420000000000000000e+04 2.788155480000000000e+08 5.404103180555555446e+04 1.027199074074074125e-01 5.000000000000000000e+01 5.000000000000000000e-01 7.071067811865475172e-02 1.118976499999999943e-12 1.000000000000000000e+02
1.430000000000000000e+04 2.788156480000000000e+08 5.404103296296296321e+04 1.034432870370370350e-01 6.700000000000000000e+01 6.700000000000000400e-01 8.185352771872450584e-02 1.499428510000000032e-12 1.000000000000000000e+02
1.440000000000000000e+04 2.788157480000000000e+08 5.404103412037037197e+04 1.041666666666666713e-01 4.300000000000000000e+01 4.299999999999999933e-01 6.557438524302000582e-02 9.623197899999998819e-13 1.000000000000000000e+02
1.450000000000000000e+04 2.788158480000000000e+08 5.404103527777778072e+04 1.048900462962962937e-01 3.800000000000000000e+01 3.800000000000000044e-01 6.164414002968975764e-02 8.504221399999999684e-13 1.000000000000000000e+02
1.460000000000000000e+04 2.788159480000000000e+08 5.404103643518518220e+04 1.056134259259259300e-01 5.800000000000000000e+01 5.799999999999999600e-01 7.615773105863908599e-02 1.298012739999999925e-12 1.000000000000000000e+02
1.470000000000000000e+04 2.788160480000000000e+08 5.404103759259259095e+04 1.063368055555555525e-01 4.100000000000000000e+01 4.099999999999999756e-01 6.403124237432848698e-02 9.175607299999998357e-13 1.000000000000000000e+02
1.480000000000000000e+04 2.788161480000000000e+08 5.404103874999999971e+04 1.070601851851851888e-01 5.500000000000000000e+01 5.500000000000000444e-01 7.416198487095662650e-02 1.230874149999999957e-12 1.000000000000000000e+02
1.490000000000000000e+04 2.788162480000000000e+08 5.404103990740740846e+04 1.077835648148148112e-01 3.500000000000000000e+01 3.499999999999999778e-01 5.916079783099616185e-02 7.832835499999998992e-13 1.000000000000000000e+02
1.500000000000000000e+04 2.788163480000000000e+08 5.404104106481481722e+04 1.085069444444444475e-01 5.200000000000000000e+01 5.200000000000000178e-01 7.211102550927978028e-02 1.163735559999999989e-12 1.000000000000000000e+02
1.510000000000000000e+04 2.788164480000000000e+08 5.404104222222222597e+04 1.092303240740740700e-01 6.300000000000000000e+01 6.300000000000000044e-01 7.937253933193771926e-02 1.409910389999999940e-12 1.000000000000000000e+02
1.520000000000000000e+04 2.788165480000000000e+08 5.404104337962962745e+04 1.099537037037037063e-01 4.100000000000000000e+01 4.099999999999999756e-01 6.403124237432848698e-02 9.175607299999998357e-13 1.000000000000000000e+02
1.530000000000000000e+04 2.788166480000000000e+08 5.404104453703703621e+04 1.106770833333333287e-01 6.200000000000000000e+01 6.199999999999999956e-01 7.874007874011811070e-02 1.387530860000000018e-12 1.000000000000000000e+02
1.540000000000000000e+04 2.788167480000000000e+08 5.404104569444444496e+04 1.114004629629629650e-01 4.500000000000000000e+01 4.500000000000000111e-01 6.708203932499369471e-02 1.007078849999999928e-12 1.000000000000000000e+02
1.550000000000000000e+04 2.788168480000000000e+08 5.404104685185185372e+04 1.121238425925925875e-01 5.500000000000000000e+01 5.500000000000000444e-01 7.416198487095662650e-02 1.230874149999999957e-12 1.000000000000000000e+02
1.560000000000000000e+04 2.788169480000000000e+08 5.404104800925926247e+04 1.128472222222222238e-01 2.500000000000000000e+01 2.500000000000000000e-01 5.000000000000000278e-02 5.594882499999999713e-13 1.000000000000000000e+02
1.570000000000000000e+04 2.788170480000000000e+08 5.404104916666666395e+04 1.135706018518518462e-01 4.400000000000000000e+01 4.400000000000000022e-01 6.633249580710799675e-02 9.846993200000000059e-13 1.000000000000000000e+02
1.580000000000000000e+04 2.788171480000000000e+08 5.404105032407407271e+04 1.142939814814814825e-01 6.100000000000000000e+01 6.099999999999999867e-01 7.810249675906653921e-02 1.365151329999999894e-12 1.000000000000000000e+02
1.590000000000000000e+04 2.788172480000000000e+08 5.404105148148148146e+04 1.150173611111111049e-01 5.200000000000000000e+01 5.200000000000000178e-01 7.211102550927978028e-02 1.163735559999999989e-12 1.000000000000000000e+02
1.600000000000000000e+04 2.788173480000000000e+08 5.404105263888889021e+04 1.157407407407407413e-01 4.800000000000000000e+01 4.799999999999999822e-01 6.928203230275509217e-02 1.074217439999999896e-12 1.000000000000000000e+02
1.610000000000000000e+04 2.788174480000000000e+08 5.404105379629629897e+04 1.164641203703703637e-01 4.600000000000000000e+01 4.600000000000000200e-01 6.782329983125268136e-02 1.029458380000000052e-12 1.000000000000000000e+02
1.620000000000000000e+04 2.788175480000000000e+08 5.404105495370370045e+04 1.171875000000000000e-01 5.800000000000000000e+01 5.799999999999999600e-01 7.615773105863908599e-02 1.298012739999999925e-12 1.000000000000000000e+02
1.630000000000000000e+04 2.788176480000000000e+08 5.404105611111110920e+04 1.179108796296296363e-01 5.100000000000000000e+01 5.100000000000000089e-01 7.141428428542850870e-02 1.141356029999999865e-12 1.000000000000000000e+02
1.640000000000000000e+04 2.788177480000000000e+08 5.404105726851851796e+04 1.186342592592592587e-01 4.900000000000000000e+01 4.899999999999999911e-01 7.000000000000000666e-02 1.096596970000000020e-12 1.000000000000000000e+02
1.650000000000000000e+04 2.788178480000000000e+08 5.404105842592592671e+04 1.193576388888888951e-01 3.600000000000000000e+01 3.599999999999999867e-01 5.999999999999999778e-02 8.056630799999999223e-13 1.000000000000000000e+02
1.660000000000000000e+04 2.788179480000000000e+08 5.404105958333333547e+04 1.200810185185185175e-01 5.200000000000000000e+01 5.200000000000000178e-01 7.211102550927978028e-02 1.163735559999999989e-12 1.000000000000000000e+02
1.670000000000000000e+04 2.788180480000000000e+08 5.404106074074073695e+04 1.208043981481481538e-01 4.000000000000000000e+01 4.000000000000000222e-01 6.324555320336759656e-02 8.951812000000000146e-13 1.000000000000000000e+02
1.680000000000000000e+04 2.788181480000000000e+08 5.404106189814814570e+04 1.215277777777777762e-01 3.600000000000000000e+01 3.599999999999999867e-01 5.999999999999999778e-02 8.056630799999999223e-13 1.000000000000000000e+02
1.690000000000000000e+04 2.788182480000000000e+08 5.404106305555555446e+04 1.222511574074074125e-01 4.600000000000000000e+01 4.600000000000000200e-01 6.782329983125268136e-02 1.029458380000000052e-12 1.000000000000000000e+02
1.700000000000000000e+04 2.788183480000000000e+08 5.404106421296296321e+04 1.229745370370370350e-01 4.900000000000000000e+01 4.899999999999999911e-01 7.000000000000000666e-02 1.096596970000000020e-12 1.000000000000000000e+02
1.710000000000000000e+04 2.788184480000000000e+08 5.404106537037037197e+04 1.236979166666666713e-01 4.200000000000000000e+01 4.199999999999999845e-01 6.480740698407860823e-02 9.399402599999999598e-13 1.000000000000000000e+02
1.720000000000000000e+04 2.788185480000000000e+08 5.404106652777778072e+04 1.244212962962962937e-01 5.100000000000000000e+01 5.100000000000000089e-01 7.141428428542850870e-02 1.141356029999999865e-12 1.000000000000000000e+02
1.730000000000000000e+04 2.788186480000000000e+08 5.404106768518518220e+04 1.251446759259259300e-01 4.400000000000000000e+01 4.400000000000000022e-01 6.633249580710799675e-02 9.846993200000000059e-13 1.000000000000000000e+02
1.740000000000000000e+04 2.788187480000000000e+08 5.404106884259259095e+04 1.258680555555555525e-01 4.000000000000000000e+01 4.000000000000000222e-01 6.324555320336759656e-02 8.951812000000000146e-13 1.000000000000000000e+02
1.750000000000000000e+04 2.788188480000000000e+08 5.404106999999999971e+04 1.265914351851851749e-01 5.400000000000000000e+01 5.400000000000000355e-01 7.348469228349534255e-02 1.208494620000000035e-12 1.000000000000000000e+02
1.760000000000000000e+04 2.788189480000000000e+08 5.404107115740740846e+04 1.273148148148148251e-01 5.200000000000000000e+01 5.200000000000000178e-01 7.211102550927978028e-02 1.163735559999999989e-12 1.000000000000000000e+02
1.770000000000000000e+04 2.788190480000000000e+08 5.404107231481481722e+04 1.280381944444444475e-01 4.600000000000000000e+01 4.600000000000000200e-01 6.782329983125268136e-02 1.029458380000000052e-12 1.000000000000000000e+02
1.780000000000000000e+04 2.788191480000000000e+08 5.404107347222222597e+04 1.287615740740740700e-01 5.200000000000000000e+01 5.200000000000000178e-01 7.211102550927978028e-02 1.163735559999999989e-12 1.000000000000000000e+02
1.790000000000000000e+04 2.788192480000000000e+08 5.404107462962962745e+04 1.294849537037036924e-01 5.200000000000000000e+01 5.200000000000000178e-01 7.211102550927978028e-02 1.163735559999999989e-12 1.000000000000000000e+02
1.800000000000000000e+04 2.788193480000000000e+08 5.404107578703703621e+04 1.302083333333333426e-01 4.500000000000000000e+01 4.500000000000000111e-01 6.708203932499369471e-02 1.007078849999999928e-12 1.000000000000000000e+02
1.810000000000000000e+04 2.788194480000000000e+08 5.404107694444444496e+04 1.309317129629629650e-01 6.300000000000000000e+01 6.300000000000000044e-01 7.937253933193771926e-02 1.409910389999999940e-12 1.000000000000000000e+02
1.820000000000000000e+04 2.788195480000000000e+08 5.404107810185185372e+04 1.316550925925925875e-01 3.600000000000000000e+01 3.599999999999999867e-01 5.999999999999999778e-02 8.056630799999999223e-13 1.000000000000000000e+02
1.830000000000000000e+04 2.788196480000000000e+08 5.404107925925926247e+04 1.323784722222222099e-01 5.800000000000000000e+01 5.799999999999999600e-01 7.615773105863908599e-02 1.298012739999999925e-12 1.000000000000000000e+02
1.840000000000000000e+04 2.788197480000000000e+08 5.404108041666666395e+04 1.331018518518518601e-01 5.000000000000000000e+01 5.000000000000000000e-01 7.071067811865475172e-02 1.118976499999999943e-12 1.000000000000000000e+02
1.850000000000000000e+04 2.788198480000000000e+08 5.404108157407407271e+04 1.338252314814814825e-01 5.300000000000000000e+01 5.300000000000000266e-01 7.280109889280518554e-02 1.186115089999999911e-12 1.000000000000000000e+02
1.860000000000000000e+04 2.788199480000000000e+08 5.404108273148148146e+04 1.345486111111111049e-01 3.800000000000000000e+01 3.800000000000000044e-01 6.164414002968975764e-02 8.504221399999999684e-13 1.000000000000000000e+02
1.870000000000000000e+04 2.788200480000000000e+08 5.404108388888889021e+04 1.352719907407407274e-01 5.900000000000000000e+01 5.899999999999999689e-01 7.681145747868607654e-02 1.320392269999999847e-12 1.000000000000000000e+02
1.880000000000000000e+04 2.788201480000000000e+08 5.404108504629629897e+04 1.359953703703703776e-01 4.400000000000000000e+01 4.400000000000000022e-01 6.633249580710799675e-02 9.846993200000000059e-13 1.000000000000000000e+02
1.890000000000000000e+04 2.788202480000000000e+08 5.404108620370370045e+04 1.367187500000000000e-01 6.100000000000000000e+01 6.099999999999999867e-01 7.810249675906653921e-02 1.365151329999999894e-12 1.000000000000000000e+02
1.900000000000000000e+04 2.788203480000000000e+08 5.404108736111110920e+04 1.374421296296296224e-01 5.600000000000000000e+01 5.600000000000000533e-01 7.483314773547883325e-02 1.253253680000000081e-12 1.000000000000000000e+02
1.910000000000000000e+04 2.788204480000000000e+08 5.404108851851851796e+04 1.381655092592592726e-01 4.800000000000000000e+01 4.799999999999999822e-01 6.928203230275509217e-02 1.074217439999999896e-12 1.000000000000000000e+02
1.920000000000000000e+04 2.788205480000000000e+08 5.404108967592592671e+04 1.388888888888888951e-01 5.700000000000000000e+01 5.699999999999999512e-01 7.549834435270749711e-02 1.275633209999999801e-12 1.000000000000000000e+02
1.930000000000000000e+04 2.788206480000000000e+08 5.404109083333333547e+04 1.396122685185185175e-01 5.000000000000000000e+01 5.000000000000000000e-01 7.071067811865475172e-02 1.118976499999999943e-12 1.000000000000000000e+02
1.940000000000000000e+04 2.788207480000000000e+08 5.404109199074073695e+04 1.403356481481481399e-01 5.100000000000000000e+01 5.100000000000000089e-01 7.141428428542850870e-02 1.141356029999999865e-12 1.000000000000000000e+02
1.950000000000000000e+04 2.788208480000000000e+08 5.404109314814814570e+04 1.410590277777777901e-01 5.000000000000000000e+01 5.000000000000000000e-01 7.071067811865475172e-02 1.118976499999999943e-12 1.000000000000000000e+02
1.960000000000000000e+04 2.788209480000000000e+08 5.404109430555555446e+04 1.417824074074074125e-01 5.500000000000000000e+01 5.500000000000000444e-01 7.416198487095662650e-02 1.230874149999999957e-12 1.000000000000000000e+02
1.970000000000000000e+04 2.788210480000000000e+08 5.404109546296296321e+04 1.425057870370370350e-01 5.400000000000000000e+01 5.400000000000000355e-01 7.348469228349534255e-02 1.208494620000000035e-12 1.000000000000000000e+02
1.980000000000000000e+04 2.788211480000000000e+08 5.404109662037037197e+04 1.432291666666666574e-01 4.800000000000000000e+01 4.799999999999999822e-01 6.928203230275509217e-02 1.074217439999999896e-12 1.000000000000000000e+02
1.990000000000000000e+04 2.788212480000000000e+08 5.404109777777778072e+04 1.439525462962963076e-01 5.600000000000000000e+01 5.600000000000000533e-01 7.483314773547883325e-02 1.253253680000000081e-12 1.000000000000000000e+02
2.000000000000000000e+04 2.788213480000000000e+08 5.404109893518518220e+04 1.446759259259259300e-01 4.800000000000000000e+01 4.799999999999999822e-01 6.928203230275509217e-02 1.074217439999999896e-12 1.000000000000000000e+02
2.010000000000000000e+04 2.788214480000000000e+08 5.404110009259259095e+04 1.453993055555555525e-01 6.000000000000000000e+01 5.999999999999999778e-01 7.745966692414833765e-02 1.342771799999999971e-12 1.000000000000000000e+02
2.020000000000000000e+04 2.788215480000000000e+08 5.404110124999999971e+04 1.461226851851851749e-01 3.800000000000000000e+01 3.800000000000000044e-01 6.164414002968975764e-02 8.504221399999999684e-13 1.000000000000000000e+02
2.030000000000000000e+04 2.788216480000000000e+08 5.404110240740740846e+04 1.468460648148148251e-01 5.400000000000000000e+01 5.400000000000000355e-01 7.348469228349534255e-02 1.208494620000000035e-12 1.000000000000000000e+02
2.040000000000000000e+04 2.788217480000000000e+08 5.404110356481481722e+04 1.475694444444444475e-01 5.400000000000000000e+01 5.400000000000000355e-01 7.348469228349534255e-02 1.208494620000000035e-12 1.000000000000000000e+02
2.050000000000000000e+04 2.788218480000000000e+08 5.404110472222222597e+04 1.482928240740740700e-01 5.300000000000000000e+01 5.300000000000000266e-01 7.280109889280518554e-02 1.186115089999999911e-12 1.000000000000000000e+02
2.060000000000000000e+04 2.788219480000000000e+08 5.404110587962962745e+04 1.490162037037036924e-01 4.300000000000000000e+01 4.299999999999999933e-01 6.557438524302000582e-02 9.623197899999998819e-13 1.000000000000000000e+02
2.070000000000000000e+04 2.788220480000000000e+08 5.404110703703703621e+04 1.497395833333333426e-01 4.900000000000000000e+01 4.899999999999999911e-01 7.000000000000000666e-02 1.096596970000000020e-12 1.000000000000000000e+02
2.080000000000000000e+04 2.788221480000000000e+08 5.404110819444444496e+04 1.504629629629629650e-01 5.400000000000000000e+01 5.400000000000000355e-01 7.348469228349534255e-02 1.208494620000000035e-12 1.000000000000000000e+02
2.090000000000000000e+04 2.788222480000000000e+08 5.404110935185185372e+04 1.511863425925925875e-01 5.200000000000000000e+01 5.200000000000000178e-01 7.211102550927978028e-02 1.163735559999999989e-12 1.000000000000000000e+02
2.100000000000000000e+04 2.788223480000000000e+08 5.404111050925926247e+04 1.519097222222222099e-01 4.400000000000000000e+01 4.400000000000000022e-01 6.633249580710799675e-02 9.846993200000000059e-13 1.000000000000000000e+02
2.110000000000000000e+04 2.788224480000000000e+08 5.404111166666666395e+04 1.526331018518518601e-01 4.800000000000000000e+01 4.799999999999999822e-01 6.928203230275509217e-02 1.074217439999999896e-12 1.000000000000000000e+02
2.120000000000000000e+04 2.788225480000000000e+08 5.404111282407407271e+04 1.533564814814814825e-01 4.800000000000000000e+01 4.799999999999999822e-01 6.928203230275509217e-02 1.074217439999999896e-12 1.000000000000000000e+02
2.130000000000000000e+04 2.788226480000000000e+08 5.404111398148148146e+04 1.540798611111111049e-01 4.300000000000000000e+01 4.299999999999999933e-01 6.557438524302000582e-02 9.623197899999998819e-13 1.000000000000000000e+02
2.140000000000000000e+04 2.788227480000000000e+08 5.404111513888889021e+04 1.548032407407407274e-01 4.000000000000000000e+01 4.000000000000000222e-01 6.324555320336759656e-02 8.951812000000000146e-13 1.000000000000000000e+02
2.150000000000000000e+04 2.788228480000000000e+08 5.404111629629629897e+04 1.555266203703703776e-01 6.100000000000000000e+01 6.099999999999999867e-01 7.810249675906653921e-02 1.365151329999999894e-12 1.000000000000000000e+02
2.160000000000000000e+04 2.788229480000000000e+08 5.404111745370370045e+04 1.562500000000000000e-01 5.400000000000000000e+01 5.400000000000000355e-01 7.348469228349534255e-02 1.208494620000000035e-12 1.000000000000000000e+02
2.170000000000000000e+04 2.788230480000000000e+08 5.404111861111110920e+04 1.569733796296296224e-01 4.100000000000000000e+01 4.099999999999999756e-01 6.403124237432848698e-02 9.175607299999998357e-13 1.000000000000000000e+02
2.180000000000000000e+04 2.788231480000000000e+08 5.404111976851851796e+04 1.576967592592592726e-01 5.600000000000000000e+01 5.600000000000000533e-01 7.483314773547883325e-02 1.253253680000000081e-12 1.000000000000000000e+02
2.190000000000000000e+04 2.788232480000000000e+08 5.404112092592592671e+04 1.584201388888888951e-01 4.700000000000000000e+01 4.699999999999999734e-01 6.855654600401044074e-02 1.051837909999999974e-12 1.000000000000000000e+02
2.200000000000000000e+04 2.788233480000000000e+08 5.404112208333333547e+04 1.591435185185185175e-01 4.300000000000000000e+01 4.299999999999999933e-01 6.557438524302000582e-02 9.623197899999998819e-13 1.000000000000000000e+02
2.210000000000000000e+04 2.788234480000000000e+08 5.404112324074073695e+04 1.598668981481481399e-01 5.800000000000000000e+01 5.799999999999999600e-01 7.615773105863908599e-02 1.298012739999999925e-12 1.000000000000000000e+02
2.220000000000000000e+04 2.788235480000000000e+08 5.404112439814814570e+04 1.605902777777777901e-01 4.200000000000000000e+01 4.199999999999999845e-01 6.480740698407860823e-02 9.399402599999999598e-13 1.000000000000000000e+02
2.230000000000000000e+04 2.788236480000000000e+08 5.404112555555555446e+04 1.613136574074074125e-01 6.700000000000000000e+01 6.700000000000000400e-01 8.185352771872450584e-02 1.499428510000000032e-12 1.000000000000000000e+02
2.240000000000000000e+04 2.788237480000000000e+08 5.404112671296296321e+04 1.620370370370370350e-01 3.900000000000000000e+01 3.900000000000000133e-01 6.244997998398398031e-02 8.728016699999999915e-13 1.000000000000000000e+02
2.250000000000000000e+04 2.788238480000000000e+08 5.404112787037037197e+04 1.627604166666666574e-01 4.900000000000000000e+01 4.899999999999999911e-01 7.000000000000000666e-02 1.096596970000000020e-12 1.000000000000000000e+02
2.260000000000000000e+04 2.788239480000000000e+08 5.404112902777778072e+04 1.634837962962963076e-01 6.000000000000000000e+01 5.999999999999999778e-01 7.745966692414833765e-02 1.342771799999999971e-12 1.000000000000000000e+02
2.270000000000000000e+04 2.788240480000000000e+08 5.404113018518518220e+04 1.642071759259259300e-01 4.500000000000000000e+01 4.500000000000000111e-01 6.708203932499369471e-02 1.007078849999999928e-12 1.000000000000000000e+02
2.280000000000000000e+04 2.788241480000000000e+08 5.404113134259259095e+04 1.649305555555555525e-01 5.300000000000000000e+01 5.300000000000000266e-01 7.280109889280518554e-02 1.186115089999999911e-12 1.000000000000000000e+02
2.290000000000000000e+04 2.788242480000000000e+08 5.404113249999999971e+04 1.656539351851851749e-01 5.400000000000000000e+01 5.400000000000000355e-01 7.348469228349534255e-02 1.208494620000000035e-12 1.000000000000000000e+02
2.300000000000000000e+04 2.788243480000000000e+08 5.404113365740740846e+04 1.663773148148148251e-01 5.500000000000000000e+01 5.500000000000000444e-01 7.416198487095662650e-02 1.230874149999999957e-12 1.000000000000000000e+02
2.310000000000000000e+04 2.788244480000000000e+08 5.404113481481481722e+04 1.671006944444444475e-01 5.800000000000000000e+01 5.799999999999999600e-01 7.615773105863908599e-02 1.298012739999999925e-12 1.000000000000000000e+02
2.320000000000000000e+04 2.788245480000000000e+08 5.404113597222222597e+04 1.678240740740740700e-01 5.000000000000000000e+01 5.000000000000000000e-01 7.071067811865475172e-02 1.118976499999999943e-12 1.000000000000000000e+02
2.330000000000000000e+04 2.788246480000000000e+08 5.404113712962962745e+04 1.685474537037036924e-01 4.800000000000000000e+01 4.799999999999999822e-01 6.928203230275509217e-02 1.074217439999999896e-12 1.000000000000000000e+02
2.340000000000000000e+04 2.788247480000000000e+08 5.404113828703703621e+04 1.692708333333333426e-01 4.700000000000000000e+01 4.699999999999999734e-01 6.855654600401044074e-02 1.051837909999999974e-12 1.000000000000000000e+02
2.350000000000000000e+04 2.788248480000000000e+08 5.404113944444444496e+04 1.699942129629629650e-01 4.200000000000000000e+01 4.199999999999999845e-01 6.480740698407860823e-02 9.399402599999999598e-13 1.000000000000000000e+02
2.360000000000000000e+04 2.788249480000000000e+08 5.404114060185185372e+04 1.707175925925925875e-01 4.900000000000000000e+01 4.899999999999999911e-01 7.000000000000000666e-02 1.096596970000000020e-12 1.000000000000000000e+02
2.370000000000000000e+04 2.788250480000000000e+08 5.404114175925926247e+04 1.714409722222222099e-01 5.100000000000000000e+01 5.100000000000000089e-01 7.141428428542850870e-02 1.141356029999999865e-12 1.000000000000000000e+02
2.380000000000000000e+04 2.788251480000000000e+08 5.404114291666666395e+04 1.721643518518518601e-01 5.000000000000000000e+01 5.000000000000000000e-01 7.071067811865475172e-02 1.118976499999999943e-12 1.000000000000000000e+02
2.390000000000000000e+04 2.788252480000000000e+08 5.404114407407407271e+04 1.728877314814814825e-01 4.100000000000000000e+01 4.099999999999999756e-01 6.403124237432848698e-02 9.175607299999998357e-13 1.000000000000000000e+02
2.400000000000000000e+04 2.788253480000000000e+08 5.404114523148148146e+04 1.736111111111111049e-01 4.600000000000000000e+01 4.600000000000000200e-01 6.782329983125268136e-02 1.029458380000000052e-12 1.000000000000000000e+02
2.410000000000000000e+04 2.788254480000000000e+08 5.404114638888889021e+04 1.743344907407407274e-01 5.000000000000000000e+01 5.000000000000000000e-01 7.071067811865475172e-02 1.118976499999999943e-12 1.000000000000000000e+02
2.420000000000000000e+04 2.788255480000000000e+08 5.404114754629629897e+04 1.750578703703703776e-01 7.400000000000000000e+01 7.399999999999999911e-01 8.602325267042626455e-02 1.656085219999999891e-12 1.000000000000000000e+02
2.430000000000000000e+04 2.788256480000000000e+08 5.404114870370370045e+04 1.757812500000000000e-01 4.500000000000000000e+01 4.500000000000000111e-01 6.708203932499369471e-02 1.007078849999999928e-12 1.000000000000000000e+02
2.440000000000000000e+04 2.788257480000000000e+08 5.404114986111110920e+04 1.765046296296296224e-01 4.800000000000000000e+01 4.799999999999999822e-01 6.928203230275509217e-02 1.074217439999999896e-12 1.000000000000000000e+02
2.450000000000000000e+04 2.788258480000000000e+08 5.404115101851851796e+04 1.772280092592592726e-01 4.800000000000000000e+01 4.799999999999999822e-01 6.928203230275509217e-02 1.074217439999999896e-12 1.000000000000000000e+02
2.460000000000000000e+04 2.788259480000000000e+08 5.404115217592592671e+04 1.779513888888888951e-01 5.100000000000000000e+01 5.100000000000000089e-01 7.141428428542850870e-02 1.141356029999999865e-12 1.000000000000000000e+02
2.470000000000000000e+04 2.788260480000000000e+08 5.404115333333333547e+04 1.786747685185185175e-01 4.700000000000000000e+01 4.699999999999999734e-01 6.855654600401044074e-02 1.051837909999999974e-12 1.000000000000000000e+02
2.480000000000000000e+04 2.788261480000000000e+08 5.404115449074073695e+04 1.793981481481481399e-01 4.500000000000000000e+01 4.500000000000000111e-01 6.708203932499369471e-02 1.007078849999999928e-12 1.000000000000000000e+02
2.490000000000000000e+04 2.788262480000000000e+08 5.404115564814814570e+04 1.801215277777777901e-01 4.400000000000000000e+01 4.400000000000000022e-01 6.633249580710799675e-02 9.846993200000000059e-13 1.000000000000000000e+02
2.500000000000000000e+04 2.788263480000000000e+08 5.404115680555555446e+04 1.808449074074074125e-01 5.200000000000000000e+01 5.200000000000000178e-01 7.211102550927978028e-02 1.163735559999999989e-12 1.000000000000000000e+02
2.510000000000000000e+04 2.788264480000000000e+08 5.404115796296296321e+04 1.815682870370370350e-01 4.900000000000000000e+01 4.899999999999999911e-01 7.000000000000000666e-02 1.096596970000000020e-12 1.000000000000000000e+02
2.520000000000000000e+04 2.788265480000000000e+08 5.404115912037037197e+04 1.822916666666666574e-01 5.300000000000000000e+01 5.300000000000000266e-01 7.280109889280518554e-02 1.186115089999999911e-12 1.000000000000000000e+02
2.530000000000000000e+04 2.788266480000000000e+08 5.404116027777778072e+04 1.830150462962963076e-01 4.600000000000000000e+01 4.600000000000000200e-01 6.782329983125268136e-02 1.029458380000000052e-12 1.000000000000000000e+02
2.540000000000000000e+04 2.788267480000000000e+08 5.404116143518518220e+04 1.837384259259259300e-01 4.900000000000000000e+01 4.899999999999999911e-01 7.000000000000000666e-02 1.096596970000000020e-12 1.000000000000000000e+02
2.550000000000000000e+04 2.788268480000000000e+08 5.404116259259259095e+04 1.844618055555555525e-01 2.700000000000000000e+01 2.700000000000000178e-01 5.196152422706631913e-02 6.042473100000000174e-13 1.000000000000000000e+02
2.560000000000000000e+04 2.788269480000000000e+08 5.404116374999999971e+04 1.851851851851851749e-01 5.300000000000000000e+01 5.300000000000000266e-01 7.280109889280518554e-02 1.186115089999999911e-12 1.000000000000000000e+02
2.570000000000000000e+04 2.788270480000000000e+08 5.404116490740740846e+04 1.859085648148148251e-01 5.700000000000000000e+01 5.699999999999999512e-01 7.549834435270749711e-02 1.275633209999999801e-12 1.000000000000000000e+02
2.580000000000000000e+04 2.788271480000000000e+08 5.404116606481481722e+04 1.866319444444444475e-01 4.500000000000000000e+01 4.500000000000000111e-01 6.708203932499369471e-02 1.007078849999999928e-12 1.000000000000000000e+02
2.590000000000000000e+04 2.788272480000000000e+08 5.404116722222222597e+04 1.873553240740740700e-01 5.300000000000000000e+01 5.300000000000000266e-01 7.280109889280518554e-02 1.186115089999999911e-12 1.000000000000000000e+02
2.600000000000000000e+04 2.788273480000000000e+08 5.404116837962962745e+04 1.880787037037036924e-01 4.500000000000000000e+01 4.500000000000000111e-01 6.708203932499369471e-02 1.007078849999999928e-12 1.000000000000000000e+02
2.610000000000000000e+04 2.788274480000000000e+08 5.404116953703703621e+04 1.888020833333333426e-01 3.900000000000000000e+01 3.900000000000000133e-01 6.244997998398398031e-02 8.728016699999999915e-13 1.000000000000000000e+02
2.620000000000000000e+04 2.788275480000000000e+08 5.404117069444444496e+04 1.895254629629629650e-01 5.600000000000000000e+01 5.600000000000000533e-01 7.483314773547883325e-02 1.253253680000000081e-12 1.000000000000000000e+02
2.630000000000000000e+04 2.788276480000000000e+08 5.404117185185185372e+04 1.902488425925925875e-01 4.100000000000000000e+01 4.099999999999999756e-01 6.403124237432848698e-02 9.175607299999998357e-13 1.000000000000000000e+02
2.640000000000000000e+04 2.788277480000000000e+08 5.404117300925926247e+04 1.909722222222222099e-01 3.200000000000000000e+01 3.200000000000000067e-01 5.656854249492380277e-02 7.161449599999999309e-13 1.000000000000000000e+02
2.650000000000000000e+04 2.788278480000000000e+08 5.404117416666666395e+04 1.916956018518518601e-01 4.900000000000000000e+01 4.899999999999999911e-01 7.000000000000000666e-02 1.096596970000000020e-12 1.000000000000000000e+02
2.660000000000000000e+04 2.788279480000000000e+08 5.404117532407407271e+04 1.924189814814814825e-01 6.300000000000000000e+01 6.300000000000000044e-01 7.937253933193771926e-02 1.409910389999999940e-12 1.000000000000000000e+02
2.670000000000000000e+04 2.788280480000000000e+08 5.404117648148148146e+04 1.931423611111111049e-01 4.900000000000000000e+01 4.899999999999999911e-01 7.000000000000000666e-02 1.096596970000000020e-12 1.000000000000000000e+02
2.680000000000000000e+04 2.788281480000000000e+08 5.404117763888889021e+04 1.938657407407407274e-01 4.600000000000000000e+01 4.600000000000000200e-01 6.782329983125268136e-02 1.029458380000000052e-12 1.000000000000000000e+02
2.690000000000000000e+04 2.788282480000000000e+08 5.404117879629629897e+04 1.945891203703703776e-01 5.800000000000000000e+01 5.799999999999999600e-01 7.615773105863908599e-02 1.298012739999999925e-12 1.000000000000000000e+02
2.700000000000000000e+04 2.788283480000000000e+08 5.404117995370370045e+04 1.953125000000000000e-01 3.700000000000000000e+01 3.699999999999999956e-01 6.082762530298219117e-02 8.280426099999999453e-13 1.000000000000000000e+02
2.710000000000000000e+04 2.788284480000000000e+08 5.404118111111110920e+04 1.960358796296296224e-01 3.700000000000000000e+01 3.699999999999999956e-01 6.082762530298219117e-02 8.280426099999999453e-13 1.000000000000000000e+02
2.720000000000000000e+04 2.788285480000000000e+08 5.404118226851851796e+04 1.967592592592592726e-01 6.900000000000000000e+01 6.899999999999999467e-01 8.306623862918074974e-02 1.544187569999999876e-12 1.000000000000000000e+02
2.730000000000000000e+04 2.788286480000000000e+08 5.404118342592592671e+04 1.974826388888888951e-01 5.000000000000000000e+01 5.000000000000000000e-01 7.071067811865475172e-02 1.118976499999999943e-12 1.000000000000000000e+02
2.740000000000000000e+04 2.788287480000000000e+08 5.404118458333333547e+04 1.982060185185185175e-01 4.800000000000000000e+01 4.799999999999999822e-01 6.928203230275509217e-02 1.074217439999999896e-12 1.000000000000000000e+02
2.750000000000000000e+04 2.788288480000000000e+08 5.404118574074073695e+04 1.989293981481481399e-01 6.000000000000000000e+01 5.999999999999999778e-01 7.745966692414833765e-02 1.342771799999999971e-12 1.000000000000000000e+02
2.760000000000000000e+04 2.788289480000000000e+08 5.404118689814814570e+04 1.996527777777777901e-01 5.300000000000000000e+01 5.300000000000000266e-01 7.280109889280518554e-02 1.186115089999999911e-12 1.000000000000000000e+02
2.770000000000000000e+04 2.788290480000000000e+08 5.404118805555555446e+04 2.003761574074074125e-01 5.300000000000000000e+01 5.300000000000000266e-01 7.280109889280518554e-02 1.186115089999999911e-12 1.000000000000000000e+02
2.780000000000000000e+04 2.788291480000000000e+08 5.404118921296296321e+04 2.010995370370370350e-01 4.200000000000000000e+01 4.199999999999999845e-01 6.480740698407860823e-02 9.399402599999999598e-13 1.000000000000000000e+02
2.790000000000000000e+04 2.788292480000000000e+08 5.404119037037037197e+04 2.018229166666666574e-01 4.300000000000000000e+01 4.299999999999999933e-01 6.557438524302000582e-02 9.623197899999998819e-13 1.000000000000000000e+02
2.800000000000000000e+04 2.788293480000000000e+08 5.404119152777778072e+04 2.025462962962963076e-01 4.000000000000000000e+01 4.000000000000000222e-01 6.324555320336759656e-02 8.951812000000000146e-13 1.000000000000000000e+02
2.810000000000000000e+04 2.788294480000000000e+08 5.404119268518518220e+04 2.032696759259259300e-01 5.700000000000000000e+01 5.699999999999999512e-01 7.549834435270749711e-02 1.275633209999999801e-12 1.000000000000000000e+02
2.820000000000000000e+04 2.788295480000000000e+08 5.404119384259259095e+04 2.039930555555555525e-01 7.000000000000000000e+01 6.999999999999999556e-01 8.366600265340755349e-02 1.566567099999999798e-12 1.000000000000000000e+02
2.830000000000000000e+04 2.788296480000000000e+08 5.404119499999999971e+04 2.047164351851851749e-01 4.200000000000000000e+01 4.199999999999999845e-01 6.480740698407860823e-02 9.399402599999999598e-13 1.000000000000000000e+02
2.840000000000000000e+04 2.788297480000000000e+08 5.404119615740740846e+04 2.054398148148148251e-01 5.200000000000000000e+01 5.200000000000000178e-01 7.211102550927978028e-02 1.163735559999999989e-12 1.000000000000000000e+02
2.850000000000000000e+04 2.788298480000000000e+08 5.404119731481481722e+04 2.061631944444444475e-01 5.600000000000000000e+01 5.600000000000000533e-01 7.483314773547883325e-02 1.253253680000000081e-12 1.000000000000000000e+02
2.860000000000000000e+04 2.788299480000000000e+08 5.404119847222222597e+04 2.068865740740740700e-01 4.000000000000000000e+01 4.000000000000000222e-01 6.324555320336759656e-02 8.951812000000000146e-13 1.000000000000000000e+02
2.870000000000000000e+04 2.788300480000000000e+08 5.404119962962962745e+04 2.076099537037036924e-01 5.200000000000000000e+01 5.200000000000000178e-01 7.211102550927978028e-02 1.163735559999999989e-12 1.000000000000000000e+02
2.880000000000000000e+04 2.788301480000000000e+08 5.404120078703703621e+04 2.083333333333333426e-01 5.500000000000000000e+01 5.500000000000000444e-01 7.416198487095662650e-02 1.230874149999999957e-12 1.000000000000000000e+02
2.890000000000000000e+04 2.788302480000000000e+08 5.404120194444444496e+04 2.090567129629629650e-01 4.200000000000000000e+01 4.199999999999999845e-01 6.480740698407860823e-02 9.399402599999999598e-13 1.000000000000000000e+02
2.900000000000000000e+04 2.788303480000000000e+08 5.404120310185185372e+04 2.097800925925925875e-01 4.100000000000000000e+01 4.099999999999999756e-01 6.403124237432848698e-02 9.175607299999998357e-13 1.000000000000000000e+02
2.910000000000000000e+04 2.788304480000000000e+08 5.404120425925926247e+04 2.105034722222222099e-01 3.600000000000000000e+01 3.599999999999999867e-01 5.999999999999999778e-02 8.056630799999999223e-13 1.000000000000000000e+02
2.920000000000000000e+04 2.788305480000000000e+08 5.404120541666666395e+04 2.112268518518518601e-01 5.800000000000000000e+01 5.799999999999999600e-01 7.615773105863908599e-02 1.298012739999999925e-12 1.000000000000000000e+02
2.930000000000000000e+04 2.788306480000000000e+08 5.404120657407407271e+04 2.119502314814814825e-01 5.200000000000000000e+01 5.200000000000000178e-01 7.211102550927978028e-02 1.163735559999999989e-12 1.000000000000000000e+02
2.940000000000000000e+04 2.788307480000000000e+08 5.404120773148148146e+04 2.126736111111111049e-01 3.700000000000000000e+01 3.699999999999999956e-01 6.082762530298219117e-02 8.280426099999999453e-13 1.000000000000000000e+02
3.250000000000000000e+04 2.788338480000000000e+08 5.404124361111110920e+04 2.350983796296296224e-01 4.100000000000000000e+01 4.099999999999999756e-01 6.403124237432848698e-02 9.175607299999998357e-13 1.000000000000000000e+02
3.260000000000000000e+04 2.788339480000000000e+08 5.404124476851851796e+04 2.358217592592592726e-01 5.000000000000000000e+01 5.000000000000000000e-01 7.071067811865475172e-02 1.118976499999999943e-12 1.000000000000000000e+02
3.270000000000000000e+04 2.788340480000000000e+08 5.404124592592592671e+04 2.365451388888888951e-01 5.600000000000000000e+01 5.600000000000000533e-01 7.483314773547883325e-02 1.253253680000000081e-12 1.000000000000000000e+02
3.280000000000000000e+04 2.788341480000000000e+08 5.404124708333333547e+04 2.372685185185185175e-01 4.100000000000000000e+01 4.099999999999999756e-01 6.403124237432848698e-02 9.175607299999998357e-13 1.000000000000000000e+02
3.290000000000000000e+04 2.788342480000000000e+08 5.404124824074073695e+04 2.379918981481481399e-01 4.800000000000000000e+01 4.799999999999999822e-01 6.928203230275509217e-02 1.074217439999999896e-12 1.000000000000000000e+02
3.300000000000000000e+04 2.788343480000000000e+08 5.404124939814814570e+04 2.387152777777777901e-01 6.500000000000000000e+01 6.500000000000000222e-01 8.062257748298548576e-02 1.454669449999999986e-12 1.000000000000000000e+02
3.310000000000000000e+04 2.788344480000000000e+08 5.404125055555555446e+04 2.394386574074074125e-01 4.300000000000000000e+01 4.299999999999999933e-01 6.557438524302000582e-02 9.623197899999998819e-13 1.000000000000000000e+02
3.320000000000000000e+04 2.788345480000000000e+08 5.404125171296296321e+04 2.401620370370370350e-01 5.000000000000000000e+01 5.000000000000000000e-01 7.071067811865475172e-02 1.118976499999999943e-12 1.000000000000000000e+02
3.330000000000000000e+04 2.788346480000000000e+08 5.404125287037037197e+04 2.408854166666666574e-01 5.200000000000000000e+01 5.200000000000000178e-01 7.211102550927978028e-02 1.163735559999999989e-12 1.000000000000000000e+02
3.340000000000000000e+04 2.788347480000000000e+08 5.404125402777778072e+04 2.416087962962963076e-01 4.900000000000000000e+01 4.899999999999999911e-01 7.000000000000000666e-02 1.096596970000000020e-12 1.000000000000000000e+02
3.350000000000000000e+04 2.788348480000000000e+08 5.404125518518518220e+04 2.423321759259259300e-01 5.700000000000000000e+01 5.699999999999999512e-01 7.549834435270749711e-02 1.275633209999999801e-12 1.000000000000000000e+02
3.360000000000000000e+04 2.788349480000000000e+08 5.404125634259259095e+04 2.430555555555555525e-01 6.000000000000000000e+01 5.999999999999999778e-01 7.745966692414833765e-02 1.342771799999999971e-12 1.000000000000000000e+02
3.370000000000000000e+04 2.788350480000000000e+08 5.404125749999999971e+04 2.437789351851851749e-01 4.200000000000000000e+01 4.199999999999999845e-01 6.480740698407860823e-02 9.399402599999999598e-13 1.000000000000000000e+02
3.380000000000000000e+04 2.788351480000000000e+08 5.404125865740740846e+04 2.445023148148148251e-01 5.100000000000000000e+01 5.100000000000000089e-01 7.141428428542850870e-02 1.141356029999999865e-12 1.000000000000000000e+02
3.390000000000000000e+04 2.788352480000000000e+08 5.404125981481481722e+04 2.452256944444444475e-01 6.700000000000000000e+01 6.700000000000000400e-01 8.185352771872450584e-02 1.499428510000000032e-12 1.000000000000000000e+02
3.400000000000000000e+04 2.788353480000000000e+08 5.404126097222222597e+04 2.459490740740740700e-01 3.900000000000000000e+01 3.900000000000000133e-01 6.244997998398398031e-02 8.728016699999999915e-13 1.000000000000000000e+02
3.410000000000000000e+04 2.788354480000000000e+08 5.404126212962962745e+04 2.466724537037036924e-01 4.500000000000000000e+01 4.500000000000000111e-01 6.708203932499369471e-02 1.007078849999999928e-12 1.000000000000000000e+02
3.420000000000000000e+04 2.788355480000000000e+08 5.404126328703703621e+04 2.473958333333333426e-01 6.400000000000000000e+01 6.400000000000000133e-01 8.000000000000000167e-02 1.432289919999999862e-12 1.000000000000000000e+02
3.430000000000000000e+04 2.788356480000000000e+08 5.404126444444444496e+04 2.481192129629629650e-01 4.900000000000000000e+01 4.899999999999999911e-01 7.000000000000000666e-02 1.096596970000000020e-12 1.000000000000000000e+02
3.440000000000000000e+04 2.788357480000000000e+08 5.404126560185185372e+04 2.488425925925925875e-01 4.900000000000000000e+01 4.899999999999999911e-01 7.000000000000000666e-02 1.096596970000000020e-12 1.000000000000000000e+02
3.450000000000000000e+04 2.788358480000000000e+08 5.404126675925926247e+04 2.495659722222222099e-01 4.200000000000000000e+01 4.199999999999999845e-01 6.480740698407860823e-02 9.399402599999999598e-13 1.000000000000000000e+02
3.460000000000000000e+04 2.788359480000000000e+08 5.404126791666666395e+04 2.502893518518518601e-01 3.700000000000000000e+01 3.699999999999999956e-01 6.082762530298219117e-02 8.280426099999999453e-13 1.000000000000000000e+02
3.470000000000000000e+04 2.788360480000000000e+08 5.404126907407407271e+04 2.510127314814814548e-01 4.400000000000000000e+01 4.400000000000000022e-01 6.633249580710799675e-02 9.846993200000000059e-13 1.000000000000000000e+02
3.480000000000000000e+04 2.788361480000000000e+08 5.404127023148148146e+04 2.517361111111111049e-01 4.600000000000000000e+01 4.600000000000000200e-01 6.782329983125268136e-02 1.029458380000000052e-12 1.000000000000000000e+02
3.490000000000000000e+04 2.788362480000000000e+08 5.404127138888889021e+04 2.524594907407407551e-01 5.600000000000000000e+01 5.600000000000000533e-01 7.483314773547883325e-02 1.253253680000000081e-12 1.000000000000000000e+02
3.500000000000000000e+04 2.788363480000000000e+08 5.404127254629629897e+04 2.531828703703703498e-01 3.200000000000000000e+01 3.200000000000000067e-01 5.656854249492380277e-02 7.161449599999999309e-13 1.000000000000000000e+02
3.510000000000000000e+04 2.788364480000000000e+08 5.404127370370370045e+04 2.539062500000000000e-01 5.800000000000000000e+01 5.799999999999999600e-01 7.615773105863908599e-02 1.298012739999999925e-12 1.000000000000000000e+02
3.520000000000000000e+04 2.788365480000000000e+08 5.404127486111110920e+04 2.546296296296296502e-01 4.300000000000000000e+01 4.299999999999999933e-01 6.557438524302000582e-02 9.623197899999998819e-13 1.000000000000000000e+02
3.530000000000000000e+04 2.788366480000000000e+08 5.404127601851851796e+04 2.553530092592592449e-01 4.600000000000000000e+01 4.600000000000000200e-01 6.782329983125268136e-02 1.029458380000000052e-12 1.000000000000000000e+02
3.540000000000000000e+04 2.788367480000000000e+08 5.404127717592592671e+04 2.560763888888888951e-01 3.900000000000000000e+01 3.900000000000000133e-01 6.244997998398398031e-02 8.728016699999999915e-13 1.000000000000000000e+02
3.550000000000000000e+04 2.788368480000000000e+08 5.404127833333333547e+04 2.567997685185185452e-01 4.600000000000000000e+01 4.600000000000000200e-01 6.782329983125268136e-02 1.029458380000000052e-12 1.000000000000000000e+02
3.560000000000000000e+04 2.788369480000000000e+08 5.404127949074073695e+04 2.575231481481481399e-01 4.600000000000000000e+01 4.600000000000000200e-01 6.782329983125268136e-02 1.029458380000000052e-12 1.000000000000000000e+02
3.570000000000000000e+04 2.788370480000000000e+08 5.404128064814814570e+04 2.582465277777777901e-01 4.200000000000000000e+01 4.199999999999999845e-01 6.480740698407860823e-02 9.399402599999999598e-13 1.000000000000000000e+02
3.580000000000000000e+04 2.788371480000000000e+08 5.404128180555555446e+04 2.589699074074073848e-01 5.000000000000000000e+01 5.000000000000000000e-01 7.071067811865475172e-02 1.118976499999999943e-12 1.000000000000000000e+02
3.590000000000000000e+04 2.788372480000000000e+08 5.404128296296296321e+04 2.596932870370370350e-01 6.800000000000000000e+01 6.800000000000000488e-01 8.246211251235320561e-02 1.521808039999999954e-12 1.000000000000000000e+02
3.600000000000000000e+04 2.788373480000000000e+08 5.404128412037037197e+04 2.604166666666666852e-01 3.700000000000000000e+01 3.699999999999999956e-01 6.082762530298219117e-02 8.280426099999999453e-13 1.000000000000000000e+02
3.610000000000000000e+04 2.788374480000000000e+08 5.404128527777778072e+04 2.611400462962962798e-01 5.000000000000000000e+01 5.000000000000000000e-01 7.071067811865475172e-02 1.118976499999999943e-12 1.000000000000000000e+02
3.620000000000000000e+04 2.788375480000000000e+08 5.404128643518518220e+04 2.618634259259259300e-01 4.300000000000000000e+01 4.299999999999999933e-01 6.557438524302000582e-02 9.623197899999998819e-13 1.000000000000000000e+02
3.630000000000000000e+04 2.788376480000000000e+08 5.404128759259259095e+04 2.625868055555555802e-01 5.100000000000000000e+01 5.100000000000000089e-01 7.141428428542850870e-02 1.141356029999999865e-12 1.000000000000000000e+02
3.640000000000000000e+04 2.788377480000000000e+08 5.404128874999999971e+04 2.633101851851851749e-01 3.900000000000000000e+01 3.900000000000000133e-01 6.244997998398398031e-02 8.728016699999999915e-13 1.000000000000000000e+02
3.650000000000000000e+04 2.788378480000000000e+08 5.404128990740740846e+04 2.640335648148148251e-01 4.800000000000000000e+01 4.799999999999999822e-01 6.928203230275509217e-02 1.074217439999999896e-12 1.000000000000000000e+02
3.660000000000000000e+04 2.788379480000000000e+08 5.404129106481481722e+04 2.647569444444444198e-01 5.300000000000000000e+01 5.300000000000000266e-01 7.280109889280518554e-02 1.186115089999999911e-12 1.000000000000000000e+02
3.670000000000000000e+04 2.788380480000000000e+08 5.404129222222222597e+04 2.654803240740740700e-01 5.300000000000000000e+01 5.300000000000000266e-01 7.280109889280518554e-02 1.186115089999999911e-12 1.000000000000000000e+02
3.680000000000000000e+04 2.788381480000000000e+08 5.404129337962962745e+04 2.662037037037037202e-01 6.600000000000000000e+01 6.600000000000000311e-01 8.124038404635960942e-02 1.477048979999999908e-12 1.000000000000000000e+02
3.690000000000000000e+04 2.788382480000000000e+08 5.404129453703703621e+04 2.669270833333333148e-01 4.800000000000000000e+01 4.799999999999999822e-01 6.928203230275509217e-02 1.074217439999999896e-12 1.000000000000000000e+02
3.700000000000000000e+04 2.788383480000000000e+08 5.404129569444444496e+04 2.676504629629629650e-01 5.600000000000000000e+01 5.600000000000000533e-01 7.483314773547883325e-02 1.253253680000000081e-12 1.000000000000000000e+02
3.710000000000000000e+04 2.788384480000000000e+08 5.404129685185185372e+04 2.683738425925926152e-01 6.500000000000000000e+01 6.500000000000000222e-01 8.062257748298548576e-02 1.454669449999999986e-12 1.000000000000000000e+02
3.720000000000000000e+04 2.788385480000000000e+08 5.404129800925926247e+04 2.690972222222222099e-01 3.700000000000000000e+01 3.699999999999999956e-01 6.082762530298219117e-02 8.280426099999999453e-13 1.000000000000000000e+02
3.730000000000000000e+04 2.788386480000000000e+08 5.404129916666666395e+04 2.698206018518518601e-01 4.500000000000000000e+01 4.500000000000000111e-01 6.708203932499369471e-02 1.007078849999999928e-12 1.000000000000000000e+02
3.740000000000000000e+04 2.788387480000000000e+08 5.404130032407407271e+04 2.705439814814814548e-01 4.800000000000000000e+01 4.799999999999999822e-01 6.928203230275509217e-02 1.074217439999999896e-12 1.000000000000000000e+02
3.750000000000000000e+04 2.788388480000000000e+08 5.404130148148148146e+04 2.712673611111111049e-01 5.700000000000000000e+01 5.699999999999999512e-01 7.549834435270749711e-02 1.275633209999999801e-12 1.000000000000000000e+02
3.760000000000000000e+04 2.788389480000000000e+08 5.404130263888889021e+04 2.719907407407407551e-01 5.200000000000000000e+01 5.200000000000000178e-01 7.211102550927978028e-02 1.163735559999999989e-12 1.000000000000000000e+02
3.770000000000000000e+04 2.788390480000000000e+08 5.404130379629629897e+04 2.727141203703703498e-01 4.000000000000000000e+01 4.000000000000000222e-01 6.324555320336759656e-02 8.951812000000000146e-13 1.000000000000000000e+02
3.780000000000000000e+04 2.788391480000000000e+08 5.404130495370370045e+04 2.734375000000000000e-01 3.100000000000000000e+01 3.099999999999999978e-01 5.567764362830021629e-02 6.937654300000000088e-13 1.000000000000000000e+02
3.790000000000000000e+04 2.788392480000000000e+08 5.404130611111110920e+04 2.741608796296296502e-01 4.000000000000000000e+01 4.000000000000000222e-01 6.324555320336759656e-02 8.951812000000000146e-13 1.000000000000000000e+02
3.800000000000000000e+04 2.788393480000000000e+08 5.404130726851851796e+04 2.748842592592592449e-01 5.300000000000000000e+01 5.300000000000000266e-01 7.280109889280518554e-02 1.186115089999999911e-12 1.000000000000000000e+02
3.810000000000000000e+04 2.788394480000000000e+08 5.404130842592592671e+04 2.756076388888888951e-01 5.100000000000000000e+01 5.100000000000000089e-01 7.141428428542850870e-02 1.141356029999999865e-12 1.000000000000000000e+02
3.820000000000000000e+04 2.788395480000000000e+08 5.404130958333333547e+04 2.763310185185185452e-01 3.900000000000000000e+01 3.900000000000000133e-01 6.244997998398398031e-02 8.728016699999999915e-13 1.000000000000000000e+02
3.830000000000000000e+04 2.788396480000000000e+08 5.404131074074073695e+04 2.770543981481481399e-01 4.800000000000000000e+01 4.799999999999999822e-01 6.928203230275509217e-02 1.074217439999999896e-12 1.000000000000000000e+02
3.840000000000000000e+04 2.788397480000000000e+08 5.404131189814814570e+04 2.777777777777777901e-01 4.200000000000000000e+01 4.199999999999999845e-01 6.480740698407860823e-02 9.399402599999999598e-13 1.000000000000000000e+02
3.850000000000000000e+04 2.788398480000000000e+08 5.404131305555555446e+04 2.785011574074073848e-01 6.100000000000000000e+01 6.099999999999999867e-01 7.810249675906653921e-02 1.365151329999999894e-12 1.000000000000000000e+02
3.860000000000000000e+04 2.788399480000000000e+08 5.404131421296296321e+04 2.792245370370370350e-01 4.500000000000000000e+01 4.500000000000000111e-01 6.708203932499369471e-02 1.007078849999999928e-12 1.000000000000000000e+02
3.870000000000000000e+04 2.788400480000000000e+08 5.404131537037037197e+04 2.799479166666666852e-01 6.300000000000000000e+01 6.300000000000000044e-01 7.937253933193771926e-02 1.409910389999999940e-12 1.000000000000000000e+02
3.880000000000000000e+04 2.788401480000000000e+08 5.404131652777778072e+04 2.806712962962962798e-01 5.000000000000000000e+01 5.000000000000000000e-01 7.071067811865475172e-02 1.118976499999999943e-12 1.000000000000000000e+02
3.890000000000000000e+04 2.788402480000000000e+08 5.404131768518518220e+04 2.813946759259259300e-01 5.700000000000000000e+01 5.699999999999999512e-01 7.549834435270749711e-02 1.275633209999999801e-12 1.000000000000000000e+02
3.900000000000000000e+04 2.788403480000000000e+08 5.404131884259259095e+04 2.821180555555555802e-01 4.200000000000000000e+01 4.199999999999999845e-01 6.480740698407860823e-02 9.399402599999999598e-13 1.000000000000000000e+02
3.910000000000000000e+04 2.788404480000000000e+08 5.404131999999999971e+04 2.828414351851851749e-01 4.800000000000000000e+01 4.799999999999999822e-01 6.928203230275509217e-02 1.074217439999999896e-12 1.000000000000000000e+02
3.920000000000000000e+04 2.788405480000000000e+08 5.404132115740740846e+04 2.835648148148148251e-01 3.600000000000000000e+01 3.599999999999999867e-01 5.999999999999999778e-02 8.056630799999999223e-13 1.000000000000000000e+02
3.930000000000000000e+04 2.788406480000000000e+08 5.404132231481481722e+04 2.842881944444444198e-01 5.600000000000000000e+01 5.600000000000000533e-01 7.483314773547883325e-02 1.253253680000000081e-12 1.000000000000000000e+02
3.940000000000000000e+04 2.788407480000000000e+08 5.404132347222222597e+04 2.850115740740740700e-01 4.300000000000000000e+01 4.299999999999999933e-01 6.557438524302000582e-02 9.623197899999998819e-13 1.000000000000000000e+02
3.950000000000000000e+04 2.788408480000000000e+08 5.404132462962962745e+04 2.857349537037037202e-01 5.000000000000000000e+01 5.000000000000000000e-01 7.071067811865475172e-02 1.118976499999999943e-12 1.000000000000000000e+02
3.960000000000000000e+04 2.788409480000000000e+08 5.404132578703703621e+04 2.864583333333333148e-01 4.600000000000000000e+01 4.600000000000000200e-01 6.782329983125268136e-02 1.029458380000000052e-12 1.000000000000000000e+02
3.970000000000000000e+04 2.788410480000000000e+08 5.404132694444444496e+04 2.871817129629629650e-01 5.300000000000000000e+01 5.300000000000000266e-01 7.280109889280518554e-02 1.186115089999999911e-12 1.000000000000000000e+02
3.980000000000000000e+04 2.788411480000000000e+08 5.404132810185185372e+04 2.879050925925926152e-01 4.900000000000000000e+01 4.899999999999999911e-01 7.000000000000000666e-02 1.096596970000000020e-12 1.000000000000000000e+02
3.990000000000000000e+04 2.788412480000000000e+08 5.404132925925926247e+04 2.886284722222222099e-01 4.700000000000000000e+01 4.699999999999999734e-01 6.855654600401044074e-02 1.051837909999999974e-12 1.000000000000000000e+02
4.561920000000000000e+05 2.792575400000000000e+08 5.404614745370370656e+04 2.999999999999998224e-01 4.000000000000000000e+01 4.000000000000000222e-01 6.324555320336759656e-02 8.951812000000000146e-13 1.000000000000000000e+02
4.562920000000000000e+05 2.792576400000000000e+08 5.404614861111110804e+04 3.007233796296295836e-01 4.200000000000000000e+01 4.199999999999999845e-01 6.480740698407860823e-02 9.399402599999999598e-13 1.000000000000000000e+02
4.563920000000000000e+05 2.792577400000000000e+08 5.404614976851851679e+04 3.014467592592593448e-01 4.700000000000000000e+01 4.699999999999999734e-01 6.855654600401044074e-02 1.051837909999999974e-12 1.000000000000000000e+02
4.564920000000000000e+05 2.792578400000000000e+08 5.404615092592592555e+04 3.021701388888891060e-01 3.800000000000000000e+01 3.800000000000000044e-01 6.164414002968975764e-02 8.504221399999999684e-13 1.000000000000000000e+02
4.565920000000000000e+05 2.792579400000000000e+08 5.404615208333333430e+04 3.028935185185184231e-01 5.000000000000000000e+01 5.000000000000000000e-01 7.071067811865475172e-02 1.118976499999999943e-12 1.000000000000000000e+02
4.566920000000000000e+05 2.792580400000000000e+08 5.404615324074074306e+04 3.036168981481481843e-01 3.600000000000000000e+01 3.599999999999999867e-01 5.999999999999999778e-02 8.056630799999999223e-13 1.000000000000000000e+02
4.567920000000000000e+05 2.792581400000000000e+08 5.404615439814815181e+04 3.043402777777779455e-01 5.800000000000000000e+01 5.799999999999999600e-01 7.615773105863908599e-02 1.298012739999999925e-12 1.000000000000000000e+02
4.568920000000000000e+05 2.792582400000000000e+08 5.404615555555555329e+04 3.050636574074072627e-01 3.800000000000000000e+01 3.800000000000000044e-01 6.164414002968975764e-02 8.504221399999999684e-13 1.000000000000000000e+02
4.569920000000000000e+05 2.792583400000000000e+08 5.404615671296296205e+04 3.057870370370370239e-01 4.200000000000000000e+01 4.199999999999999845e-01 6.480740698407860823e-02 9.399402599999999598e-13 1.000000000000000000e+02
4.570920000000000000e+05 2.792584400000000000e+08 5.404615787037037080e+04 3.065104166666667851e-01 4.200000000000000000e+01 4.199999999999999845e-01 6.480740698407860823e-02 9.399402599999999598e-13 1.000000000000000000e+02
4.571920000000000000e+05 2.792585400000000000e+08 5.404615902777777956e+04 3.072337962962961022e-01 4.500000000000000000e+01 4.500000000000000111e-01 6.708203932499369471e-02 1.007078849999999928e-12 1.000000000000000000e+02
4.572920000000000000e+05 2.792586400000000000e+08 5.404616018518518831e+04 3.079571759259258634e-01 3.400000000000000000e+01 3.400000000000000244e-01 5.830951894845300826e-02 7.609040199999999771e-13 1.000000000000000000e+02
4.573920000000000000e+05 2.792587400000000000e+08 5.404616134259258979e+04 3.086805555555556246e-01 5.700000000000000000e+01 5.699999999999999512e-01 7.549834435270749711e-02 1.275633209999999801e-12 1.000000000000000000e+02
4.574920000000000000e+05 2.792588400000000000e+08 5.404616249999999854e+04 3.094039351851853858e-01 5.400000000000000000e+01 5.400000000000000355e-01 7.348469228349534255e-02 1.208494620000000035e-12 1.000000000000000000e+02
4.575920000000000000e+05 2.792589400000000000e+08 5.404616365740740730e+04 3.101273148148147030e-01 4.800000000000000000e+01 4.799999999999999822e-01 6.928203230275509217e-02 1.074217439999999896e-12 1.000000000000000000e+02
4.576920000000000000e+05 2.792590400000000000e+08 5.404616481481481605e+04 3.108506944444444642e-01 3.400000000000000000e+01 3.400000000000000244e-01 5.830951894845300826e-02 7.609040199999999771e-13 1.000000000000000000e+02
4.577920000000000000e+05 2.792591400000000000e+08 5.404616597222222481e+04 3.115740740740742254e-01 4.300000000000000000e+01 4.299999999999999933e-01 6.557438524302000582e-02 9.623197899999998819e-13 1.000000000000000000e+02
4.578920000000000000e+05 2.792592400000000000e+08 5.404616712962962629e+04 3.122974537037035425e-01 6.000000000000000000e+01 5.999999999999999778e-01 7.745966692414833765e-02 1.342771799999999971e-12 1.000000000000000000e+02
4.579920000000000000e+05 2.792593400000000000e+08 5.404616828703703504e+04 3.130208333333333037e-01 3.200000000000000000e+01 3.200000000000000067e-01 5.656854249492380277e-02 7.161449599999999309e-13 1.000000000000000000e+02
4.580920000000000000e+05 2.792594400000000000e+08 5.404616944444444380e+04 3.137442129629630649e-01 4.300000000000000000e+01 4.299999999999999933e-01 6.557438524302000582e-02 9.623197899999998819e-13 1.000000000000000000e+02
4.581920000000000000e+05 2.792595400000000000e+08 5.404617060185185255e+04 3.144675925925923821e-01 5.300000000000000000e+01 5.300000000000000266e-01 7.280109889280518554e-02 1.186115089999999911e-12 1.000000000000000000e+02
4.582920000000000000e+05 2.792596400000000000e+08 5.404617175925926131e+04 3.151909722222221433e-01 4.800000000000000000e+01 4.799999999999999822e-01 6.928203230275509217e-02 1.074217439999999896e-12 1.000000000000000000e+02
4.583920000000000000e+05 2.792597400000000000e+08 5.404617291666667006e+04 3.159143518518519045e-01 3.200000000000000000e+01 3.200000000000000067e-01 5.656854249492380277e-02 7.161449599999999309e-13 1.000000000000000000e+02
4.584920000000000000e+05 2.792598400000000000e+08 5.404617407407407154e+04 3.166377314814816657e-01 4.200000000000000000e+01 4.199999999999999845e-01 6.480740698407860823e-02 9.399402599999999598e-13 1.000000000000000000e+02
4.585920000000000000e+05 2.792599400000000000e+08 5.404617523148148030e+04 3.173611111111109828e-01 4.800000000000000000e+01 4.799999999999999822e-01 6.928203230275509217e-02 1.074217439999999896e-12 1.000000000000000000e+02
4.586920000000000000e+05 2.792600400000000000e+08 5.404617638888888905e+04 3.180844907407407440e-01 4.700000000000000000e+01 4.699999999999999734e-01 6.855654600401044074e-02 1.051837909999999974e-12 1.000000000000000000e+02
4.587920000000000000e+05 2.792601400000000000e+08 5.404617754629629781e+04 3.188078703703705052e-01 4.400000000000000000e+01 4.400000000000000022e-01 6.633249580710799675e-02 9.846993200000000059e-13 1.000000000000000000e+02
4.588920000000000000e+05 2.792602400000000000e+08 5.404617870370370656e+04 3.195312499999998224e-01 4.100000000000000000e+01 4.099999999999999756e-01 6.403124237432848698e-02 9.175607299999998357e-13 1.000000000000000000e+02
4.589920000000000000e+05 2.792603400000000000e+08 5.404617986111110804e+04 3.202546296296295836e-01 3.300000000000000000e+01 3.300000000000000155e-01 5.744562646538028949e-02 7.385244899999999540e-13 1.000000000000000000e+02
4.590920000000000000e+05 2.792604400000000000e+08 5.404618101851851679e+04 3.209780092592593448e-01 4.700000000000000000e+01 4.699999999999999734e-01 6.855654600401044074e-02 1.051837909999999974e-12 1.000000000000000000e+02
4.591920000000000000e+05 2.792605400000000000e+08 5.404618217592592555e+04 3.217013888888891060e-01 4.500000000000000000e+01 4.500000000000000111e-01 6.708203932499369471e-02 1.007078849999999928e-12 1.000000000000000000e+02
4.592920000000000000e+05 2.792606400000000000e+08 5.404618333333333430e+04 3.224247685185184231e-01 5.600000000000000000e+01 5.600000000000000533e-01 7.483314773547883325e-02 1.253253680000000081e-12 1.000000000000000000e+02
4.593920000000000000e+05 2.792607400000000000e+08 5.404618449074074306e+04 3.231481481481481843e-01 3.700000000000000000e+01 3.699999999999999956e-01 6.082762530298219117e-02 8.280426099999999453e-13 1.000000000000000000e+02
4.594920000000000000e+05 2.792608400000000000e+08 5.404618564814815181e+04 3.238715277777779455e-01 4.500000000000000000e+01 4.500000000000000111e-01 6.708203932499369471e-02 1.007078849999999928e-12 1.000000000000000000e+02
4.595920000000000000e+05 2.792609400000000000e+08 5.404618680555555329e+04 3.245949074074072627e-01 3.700000000000000000e+01 3.699999999999999956e-01 6.082762530298219117e-02 8.280426099999999453e-13 1.000000000000000000e+02
4.596920000000000000e+05 2.792610400000000000e+08 5.404618796296296205e+04 3.253182870370370239e-01 3.300000000000000000e+01 3.300000000000000155e-01 5.744562646538028949e-02 7.385244899999999540e-13 1.000000000000000000e+02
4.597920000000000000e+05 2.792611400000000000e+08 5.404618912037037080e+04 3.260416666666667851e-01 5.600000000000000000e+01 5.600000000000000533e-01 7.483314773547883325e-02 1.253253680000000081e-12 1.000000000000000000e+02
4.598920000000000000e+05 2.792612400000000000e+08 5.404619027777777956e+04 3.267650462962961022e-01 5.200000000000000000e+01 5.200000000000000178e-01 7.211102550927978028e-02 1.163735559999999989e-12 1.000000000000000000e+02
4.599920000000000000e+05 2.792613400000000000e+08 5.404619143518518831e+04 3.274884259259258634e-01 4.400000000000000000e+01 4.400000000000000022e-01 6.633249580710799675e-02 9.846993200000000059e-13 1.000000000000000000e+02
4.600920000000000000e+05 2.792614400000000000e+08 5.404619259259258979e+04 3.282118055555556246e-01 4.500000000000000000e+01 4.500000000000000111e-01 6.708203932499369471e-02 1.007078849999999928e-12 1.000000000000000000e+02
4.601920000000000000e+05 2.792615400000000000e+08 5.404619374999999854e+04 3.289351851851853858e-01 3.600000000000000000e+01 3.599999999999999867e-01 5.999999999999999778e-02 8.056630799999999223e-13 1.000000000000000000e+02
4.602920000000000000e+05 2.792616400000000000e+08 5.404619490740740730e+04 3.296585648148147030e-01 4.000000000000000000e+01 4.000000000000000222e-01 6.324555320336759656e-02 8.951812000000000146e-13 1.000000000000000000e+02
4.603920000000000000e+05 2.792617400000000000e+08 5.404619606481481605e+04 3.303819444444444642e-01 5.000000000000000000e+01 5.000000000000000000e-01 7.071067811865475172e-02 1.118976499999999943e-12 1.000000000000000000e+02
4.604920000000000000e+05 2.792618400000000000e+08 5.404619722222222481e+04 3.311053240740742254e-01 4.400000000000000000e+01 4.400000000000000022e-01 6.633249580710799675e-02 9.846993200000000059e-13 1.000000000000000000e+02
4.605920000000000000e+05 2.792619400000000000e+08 5.404619837962962629e+04 3.318287037037035425e-01 3.700000000000000000e+01 3.699999999999999956e-01 6.082762530298219117e-02 8.280426099999999453e-13 1.000000000000000000e+02
4.606920000000000000e+05 2.792620400000000000e+08 5.404619953703703504e+04 3.325520833333333037e-01 3.900000000000000000e+01 3.900000000000000133e-01 6.244997998398398031e-02 8.728016699999999915e-13 1.000000000000000000e+02
4.607920000000000000e+05 2.792621400000000000e+08 5.404620069444444380e+04 3.332754629629630649e-01 3.600000000000000000e+01 3.599999999999999867e-01 5.999999999999999778e-02 8.056630799999999223e-13 1.000000000000000000e+02
4.608920000000000000e+05 2.792622400000000000e+08 5.404620185185185255e+04 3.339988425925923821e-01 3.100000000000000000e+01 3.099999999999999978e-01 5.567764362830021629e-02 6.937654300000000088e-13 1.000000000000000000e+02
4.609920000000000000e+05 2.792623400000000000e+08 5.404620300925926131e+04 3.347222222222221433e-01 5.300000000000000000e+01 5.300000000000000266e-01 7.280109889280518554e-02 1.186115089999999911e-12 1.000000000000000000e+02
4.610920000000000000e+05 2.792624400000000000e+08 5.404620416666667006e+04 3.354456018518519045e-01 4.400000000000000000e+01 4.400000000000000022e-01 6.633249580710799675e-02 9.846993200000000059e-13 1.000000000000000000e+02
4.611920000000000000e+05 2.792625400000000000e+08 5.404620532407407154e+04 3.361689814814816657e-01 5.300000000000000000e+01 5.300000000000000266e-01 7.280109889280518554e-02 1.186115089999999911e-12 1.000000000000000000e+02
4.612920000000000000e+05 2.792626400000000000e+08 5.404620648148148030e+04 3.368923611111109828e-01 3.900000000000000000e+01 3.900000000000000133e-01 6.244997998398398031e-02 8.728016699999999915e-13 1.000000000000000000e+02
4.613920000000000000e+05 2.792627400000000000e+08 5.404620763888888905e+04 3.376157407407407440e-01 4.200000000000000000e+01 4.199999999999999845e-01 6.480740698407860823e-02 9.399402599999999598e-13 1.000000000000000000e+02
4.614920000000000000e+05 2.792628400000000000e+08 5.404620879629629781e+04 3.383391203703705052e-01 4.800000000000000000e+01 4.799999999999999822e-01 6.928203230275509217e-02 1.074217439999999896e-12 1.000000000000000000e+02
4.615920000000000000e+05 2.792629400000000000e+08 5.404620995370370656e+04 3.390624999999998224e-01 4.400000000000000000e+01 4.400000000000000022e-01 6.633249580710799675e-02 9.846993200000000059e-13 1.000000000000000000e+02
4.616920000000000000e+05 2.792630400000000000e+08 5.404621111111110804e+04 3.397858796296295836e-01 3.500000000000000000e+01 3.499999999999999778e-01 5.916079783099616185e-02 7.832835499999998992e-13 1.000000000000000000e+02
4.617920000000000000e+05 2.792631400000000000e+08 5.404621226851851679e+04 3.405092592592593448e-01 4.200000000000000000e+01 4.199999999999999845e-01 6.480740698407860823e-02 9.399402599999999598e-13 1.000000000000000000e+02
4.618920000000000000e+05 2.792632400000000000e+08 5.404621342592592555e+04 3.412326388888891060e-01 4.100000000000000000e+01 4.099999999999999756e-01 6.403124237432848698e-02 9.175607299999998357e-13 1.000000000000000000e+02
4.619920000000000000e+05 2.792633400000000000e+08 5.404621458333333430e+04 3.419560185185184231e-01 4.500000000000000000e+01 4.500000000000000111e-01 6.708203932499369471e-02 1.007078849999999928e-12 1.000000000000000000e+02
4.620920000000000000e+05 2.792634400000000000e+08 5.404621574074074306e+04 3.426793981481481843e-01 4.600000000000000000e+01 4.600000000000000200e-01 6.782329983125268136e-02 1.029458380000000052e-12 1.000000000000000000e+02
4.621920000000000000e+05 2.792635400000000000e+08 5.404621689814815181e+04 3.434027777777779455e-01 4.800000000000000000e+01 4.799999999999999822e-01 6.928203230275509217e-02 1.074217439999999896e-12 1.000000000000000000e+02
4.622920000000000000e+05 2.792636400000000000e+08 5.404621805555555329e+04 3.441261574074072627e-01 2.800000000000000000e+01 2.800000000000000266e-01 5.291502622129181516e-02 6.266268400000000405e-13 1.000000000000000000e+02
4.623920000000000000e+05 2.792637400000000000e+08 5.404621921296296205e+04 3.448495370370370239e-01 4.000000000000000000e+01 4.000000000000000222e-01 6.324555320336759656e-02 8.951812000000000146e-13 1.000000000000000000e+02
4.624920000000000000e+05 2.792638400000000000e+08 5.404622037037037080e+04 3.455729166666667851e-01 5.300000000000000000e+01 5.300000000000000266e-01 7.280109889280518554e-02 1.186115089999999911e-12 1.000000000000000000e+02
4.625920000000000000e+05 2.792639400000000000e+08 5.404622152777777956e+04 3.462962962962961022e-01 3.500000000000000000e+01 3.499999999999999778e-01 5.916079783099616185e-02 7.832835499999998992e-13 1.000000000000000000e+02
4.626920000000000000e+05 2.792640400000000000e+08 5.404622268518518831e+04 3.470196759259258634e-01 4.100000000000000000e+01 4.099999999999999756e-01 6.403124237432848698e-02 9.175607299999998357e-13 1.000000000000000000e+02
4.627920000000000000e+05 2.792641400000000000e+08 5.404622384259258979e+04 3.477430555555556246e-01 5.400000000000000000e+01 5.400000000000000355e-01 7.348469228349534255e-02 1.208494620000000035e-12 1.000000000000000000e+02
4.628920000000000000e+05 2.792642400000000000e+08 5.404622499999999854e+04 3.484664351851853858e-01 4.200000000000000000e+01 4.199999999999999845e-01 6.480740698407860823e-02 9.399402599999999598e-13 1.000000000000000000e+02
4.629920000000000000e+05 2.792643400000000000e+08 5.404622615740740730e+04 3.491898148148147030e-01 4.300000000000000000e+01 4.299999999999999933e-01 6.557438524302000582e-02 9.623197899999998819e-13 1.000000000000000000e+02
4.630920000000000000e+05 2.792644400000000000e+08 5.404622731481481605e+04 3.499131944444444642e-01 5.000000000000000000e+01 5.000000000000000000e-01 7.071067811865475172e-02 1.118976499999999943e-12 1.000000000000000000e+02
4.631920000000000000e+05 2.792645400000000000e+08 5.404622847222222481e+04 3.506365740740742254e-01 3.700000000000000000e+01 3.699999999999999956e-01 6.082762530298219117e-02 8.280426099999999453e-13 1.000000000000000000e+02
4.632920000000000000e+05 2.792646400000000000e+08 5.404622962962962629e+04 3.513599537037035425e-01 3.900000000000000000e+01 3.900000000000000133e-01 6.244997998398398031e-02 8.728016699999999915e-13 1.000000000000000000e+02
4.633920000000000000e+05 2.792647400000000000e+08 5.404623078703703504e+04 3.520833333333333037e-01 4.100000000000000000e+01 4.099999999999999756e-01 6.403124237432848698e-02 9.175607299999998357e-13 1.000000000000000000e+02
4.634920000000000000e+05 2.792648400000000000e+08 5.404623194444444380e+04 3.528067129629630649e-01 3.100000000000000000e+01 3.099999999999999978e-01 5.567764362830021629e-02 6.937654300000000088e-13 1.000000000000000000e+02
4.635920000000000000e+05 2.792649400000000000e+08 5.404623310185185255e+04 3.535300925925923821e-01 4.000000000000000000e+01 4.000000000000000222e-01 6.324555320336759656e-02 8.951812000000000146e-13 1.000000000000000000e+02
4.636920000000000000e+05 2.792650400000000000e+08 5.404623425925926131e+04 3.542534722222221433e-01 3.000000000000000000e+01 2.999999999999999889e-01 5.477225575051661299e-02 6.713858999999999857e-13 1.000000000000000000e+02
4.637920000000000000e+05 2.792651400000000000e+08 5.404623541666667006e+04 3.549768518518519045e-01 3.600000000000000000e+01 3.599999999999999867e-01 5.999999999999999778e-02 8.056630799999999223e-13 1.000000000000000000e+02
4.638920000000000000e+05 2.792652400000000000e+08 5.404623657407407154e+04 3.557002314814816657e-01 4.100000000000000000e+01 4.099999999999999756e-01 6.403124237432848698e-02 9.175607299999998357e-13 1.000000000000000000e+02
4.639920000000000000e+05 2.792653400000000000e+08 5.404623773148148030e+04 3.564236111111109828e-01 5.100000000000000000e+01 5.100000000000000089e-01 7.141428428542850870e-02 1.141356029999999865e-12 1.000000000000000000e+02
4.640920000000000000e+05 2.792654400000000000e+08 5.404623888888888905e+04 3.571469907407407440e-01 3.000000000000000000e+01 2.999999999999999889e-01 5.477225575051661299e-02 6.713858999999999857e-13 1.000000000000000000e+02
4.641920000000000000e+05 2.792655400000000000e+08 5.404624004629629781e+04 3.578703703703705052e-01 3.500000000000000000e+01 3.499999999999999778e-01 5.916079783099616185e-02 7.832835499999998992e-13 1.000000000000000000e+02
4.642920000000000000e+05 2.792656400000000000e+08 5.404624120370370656e+04 3.585937499999998224e-01 5.300000000000000000e+01 5.300000000000000266e-01 7.280109889280518554e-02 1.186115089999999911e-12 1.000000000000000000e+02
4.643920000000000000e+05 2.792657400000000000e+08 5.404624236111110804e+04 3.593171296296295836e-01 3.200000000000000000e+01 3.200000000000000067e-01 5.656854249492380277e-02 7.161449599999999309e-13 1.000000000000000000e+02
4.644920000000000000e+05 2.792658400000000000e+08 5.404624351851851679e+04 3.600405092592593448e-01 4.400000000000000000e+01 4.400000000000000022e-01 6.633249580710799675e-02 9.846993200000000059e-13 1.000000000000000000e+02
4.645920000000000000e+05 2.792659400000000000e+08 5.404624467592592555e+04 3.607638888888891060e-01 4.500000000000000000e+01 4.500000000000000111e-01 6.708203932499369471e-02 1.007078849999999928e-12 1.000000000000000000e+02
4.646920000000000000e+05 2.792660400000000000e+08 5.404624583333333430e+04 3.614872685185184231e-01 5.500000000000000000e+01 5.500000000000000444e-01 7.416198487095662650e-02 1.230874149999999957e-12 1.000000000000000000e+02
4.647920000000000000e+05 2.792661400000000000e+08 5.404624699074074306e+04 3.622106481481481843e-01 4.200000000000000000e+01 4.199999999999999845e-01 6.480740698407860823e-02 9.399402599999999598e-13 1.000000000000000000e+02
4.648920000000000000e+05 2.792662400000000000e+08 5.404624814814815181e+04 3.629340277777779455e-01 3.500000000000000000e+01 3.499999999999999778e-01 5.916079783099616185e-02 7.832835499999998992e-13 1.000000000000000000e+02
4.649920000000000000e+05 2.792663400000000000e+08 5.404624930555555329e+04 3.636574074074072627e-01 4.100000000000000000e+01 4.099999999999999756e-01 6.403124237432848698e-02 9.175607299999998357e-13 1.000000000000000000e+02
4.650920000000000000e+05 2.792664400000000000e+08 5.404625046296296205e+04 3.643807870370370239e-01 4.100000000000000000e+01 4.099999999999999756e-01 6.403124237432848698e-02 9.175607299999998357e-13 1.000000000000000000e+02
4.651920000000000000e+05 2.792665400000000000e+08 5.404625162037037080e+04 3.651041666666667851e-01 3.800000000000000000e+01 3.800000000000000044e-01 6.164414002968975764e-02 8.504221399999999684e-13 1.000000000000000000e+02
4.652920000000000000e+05 2.792666400000000000e+08 5.404625277777777956e+04 3.658275462962961022e-01 3.600000000000000000e+01 3.599999999999999867e-01 5.999999999999999778e-02 8.056630799999999223e-13 1.000000000000000000e+02
4.653920000000000000e+05 2.792667400000000000e+08 5.404625393518518831e+04 3.665509259259258634e-01 4.200000000000000000e+01 4.199999999999999845e-01 6.480740698407860823e-02 9.399402599999999598e-13 1.000000000000000000e+02
4.654920000000000000e+05 2.792668400000000000e+08 5.404625509259258979e+04 3.672743055555556246e-01 4.400000000000000000e+01 4.400000000000000022e-01 6.633249580710799675e-02 9.846993200000000059e-13 1.000000000000000000e+02
4.655920000000000000e+05 2.792669400000000000e+08 5.404625624999999854e+04 3.679976851851853858e-01 4.900000000000000000e+01 4.899999999999999911e-01 7.000000000000000666e-02 1.096596970000000020e-12 1.000000000000000000e+02
4.656920000000000000e+05 2.792670400000000000e+08 5.404625740740740730e+04 3.687210648148147030e-01 4.800000000000000000e+01 4.799999999999999822e-01 6.928203230275509217e-02 1.074217439999999896e-12 1.000000000000000000e+02
4.657920000000000000e+05 2.792671400000000000e+08 5.404625856481481605e+04 3.694444444444444642e-01 3.000000000000000000e+01 2.999999999999999889e-01 5.477225575051661299e-02 6.713858999999999857e-13 1.000000000000000000e+02
4.658920000000000000e+05 2.792672400000000000e+08 5.404625972222222481e+04 3.701678240740742254e-01 3.300000000000000000e+01 3.300000000000000155e-01 5.744562646538028949e-02 7.385244899999999540e-13 1.000000000000000000e+02
4.659920000000000000e+05 2.792673400000000000e+08 5.404626087962962629e+04 3.708912037037035425e-01 3.500000000000000000e+01 3.499999999999999778e-01 5.916079783099616185e-02 7.832835499999998992e-13 1.000000000000000000e+02
4.660920000000000000e+05 2.792674400000000000e+08 5.404626203703703504e+04 3.716145833333333037e-01 2.200000000000000000e+01 2.200000000000000011e-01 4.690415759823429731e-02 4.923496600000000030e-13 1.000000000000000000e+02
4.661920000000000000e+05 2.792675400000000000e+08 5.404626319444444380e+04 3.723379629629630649e-01 3.800000000000000000e+01 3.800000000000000044e-01 6.164414002968975764e-02 8.504221399999999684e-13 1.000000000000000000e+02
4.662920000000000000e+05 2.792676400000000000e+08 5.404626435185185255e+04 3.730613425925923821e-01 4.500000000000000000e+01 4.500000000000000111e-01 6.708203932499369471e-02 1.007078849999999928e-12 1.000000000000000000e+02
4.663920000000000000e+05 2.792677400000000000e+08 5.404626550925926131e+04 3.737847222222221433e-01 4.400000000000000000e+01 4.400000000000000022e-01 6.633249580710799675e-02 9.846993200000000059e-13 1.000000000000000000e+02
4.664920000000000000e+05 2.792678400000000000e+08 5.404626666666667006e+04 3.745081018518519045e-01 3.400000000000000000e+01 3.400000000000000244e-01 5.830951894845300826e-02 7.609040199999999771e-13 1.000000000000000000e+02
4.665920000000000000e+05 2.792679400000000000e+08 5.404626782407407154e+04 3.752314814814816657e-01 4.000000000000000000e+01 4.000000000000000222e-01 6.324555320336759656e-02 8.951812000000000146e-13 1.000000000000000000e+02
4.666920000000000000e+05 2.792680400000000000e+08 5.404626898148148030e+04 3.759548611111109828e-01 4.600000000000000000e+01 4.600000000000000200e-01 6.782329983125268136e-02 1.029458380000000052e-12 1.000000000000000000e+02
4.667920000000000000e+05 2.792681400000000000e+08 5.404627013888888905e+04 3.766782407407407440e-01 4.000000000000000000e+01 4.000000000000000222e-01 6.324555320336759656e-02 8.951812000000000146e-13 1.000000000000000000e+02
4.668920000000000000e+05 2.792682400000000000e+08 5.404627129629629781e+04 3.774016203703705052e-01 3.500000000000000000e+01 3.499999999999999778e-01 5.916079783099616185e-02 7.832835499999998992e-13 1.000000000000000000e+02
4.669920000000000000e+05 2.792683400000000000e+08 5.404627245370370656e+04 3.781249999999998224e-01 5.300000000000000000e+01 5.300000000000000266e-01 7.280109889280518554e-02 1.186115089999999911e-12 1.000000000000000000e+02
4.670920000000000000e+05 2.792684400000000000e+08 5.404627361111110804e+04 3.788483796296295836e-01 6.300000000000000000e+01 6.300000000000000044e-01 7.937253933193771926e-02 1.409910389999999940e-12 1.000000000000000000e+02
4.671920000000000000e+05 2.792685400000000000e+08 5.404627476851851679e+04 3.795717592592593448e-01 5.200000000000000000e+01 5.200000000000000178e-01 7.211102550927978028e-02 1.163735559999999989e-12 1.000000000000000000e+02
4.672920000000000000e+05 2.792686400000000000e+08 5.404627592592592555e+04 3.802951388888891060e-01 3.800000000000000000e+01 3.800000000000000044e-01 6.164414002968975764e-02 8.504221399999999684e-13 1.000000000000000000e+02
4.673920000000000000e+05 2.792687400000000000e+08 5.404627708333333430e+04 3.810185185185184231e-01 3.900000000000000000e+01 3.900000000000000133e-01 6.244997998398398031e-02 8.728016699999999915e-13 1.000000000000000000e+02
4.674920000000000000e+05 2.792688400000000000e+08 5.404627824074074306e+04 3.817418981481481843e-01 4.000000000000000000e+01 4.000000000000000222e-01 6.324555320336759656e-02 8.951812000000000146e-13 1.000000000000000000e+02
4.675920000000000000e+05 2.792689400000000000e+08 5.404627939814815181e+04 3.824652777777779455e-01 3.600000000000000000e+01 3.599999999999999867e-01 5.999999999999999778e-02 8.056630799999999223e-13 1.000000000000000000e+02
4.676920000000000000e+05 2.792690400000000000e+08 5.404628055555555329e+04 3.831886574074072627e-01 5.400000000000000000e+01 5.400000000000000355e-01 7.348469228349534255e-02 1.208494620000000035e-12 1.000000000000000000e+02
4.677920000000000000e+05 2.792691400000000000e+08 5.404628171296296205e+04 3.839120370370370239e-01 3.100000000000000000e+01 3.099999999999999978e-01 5.567764362830021629e-02 6.937654300000000088e-13 1.000000000000000000e+02
4.678920000000000000e+05 2.792692400000000000e+08 5.404628287037037080e+04 3.846354166666667851e-01 5.800000000000000000e+01 5.799999999999999600e-01 7.615773105863908599e-02 1.298012739999999925e-12 1.000000000000000000e+02
4.679920000000000000e+05 2.792693400000000000e+08 5.404628402777777956e+04 3.853587962962961022e-01 3.400000000000000000e+01 3.400000000000000244e-01 5.830951894845300826e-02 7.609040199999999771e-13 1.000000000000000000e+02
4.680920000000000000e+05 2.792694400000000000e+08 5.404628518518518831e+04 3.860821759259258634e-01 3.000000000000000000e+01 2.999999999999999889e-01 5.477225575051661299e-02 6.713858999999999857e-13 1.000000000000000000e+02
4.681920000000000000e+05 2.792695400000000000e+08 5.404628634259258979e+04 3.868055555555556246e-01 3.900000000000000000e+01 3.900000000000000133e-01 6.244997998398398031e-02 8.728016699999999915e-13 1.000000000000000000e+02
4.682920000000000000e+05 2.792696400000000000e+08 5.404628749999999854e+04 3.875289351851853858e-01 2.900000000000000000e+01 2.899999999999999800e-01 5.385164807134503601e-02 6.490063699999999626e-13 1.000000000000000000e+02
4.683920000000000000e+05 2.792697400000000000e+08 5.404628865740740730e+04 3.882523148148147030e-01 4.300000000000000000e+01 4.299999999999999933e-01 6.557438524302000582e-02 9.623197899999998819e-13 1.000000000000000000e+02
4.684920000000000000e+05 2.792698400000000000e+08 5.404628981481481605e+04 3.889756944444444642e-01 5.200000000000000000e+01 5.200000000000000178e-01 7.211102550927978028e-02 1.163735559999999989e-12 1.000000000000000000e+02
4.685920000000000000e+05 2.792699400000000000e+08 5.404629097222222481e+04 3.896990740740742254e-01 3.800000000000000000e+01 3.800000000000000044e-01 6.164414002968975764e-02 8.504221399999999684e-13 1.000000000000000000e+02
4.686920000000000000e+05 2.792700400000000000e+08 5.404629212962962629e+04 3.904224537037035425e-01 4.400000000000000000e+01 4.400000000000000022e-01 6.633249580710799675e-02 9.846993200000000059e-13 1.000000000000000000e+02
4.687920000000000000e+05 2.792701400000000000e+08 5.404629328703703504e+04 3.911458333333333037e-01 3.800000000000000000e+01 3.800000000000000044e-01 6.164414002968975764e-02 8.504221399999999684e-13 1.000000000000000000e+02
4.688920000000000000e+05 2.792702400000000000e+08 5.404629444444444380e+04 3.918692129629630649e-01 3.000000000000000000e+01 2.999999999999999889e-01 5.477225575051661299e-02 6.713858999999999857e-13 1.000000000000000000e+02
4.689920000000000000e+05 2.792703400000000000e+08 5.404629560185185255e+04 3.925925925925923821e-01 6.200000000000000000e+01 6.199999999999999956e-01 7.874007874011811070e-02 1.387530860000000018e-12 1.000000000000000000e+02
4.690920000000000000e+05 2.792704400000000000e+08 5.404629675925926131e+04 3.933159722222221433e-01 4.700000000000000000e+01 4.699999999999999734e-01 6.855654600401044074e-02 1.051837909999999974e-12 1.000000000000000000e+02
4.691920000000000000e+05 2.792705400000000000e+08 5.404629791666667006e+04 3.940393518518519045e-01 4.800000000000000000e+01 4.799999999999999822e-01 6.928203230275509217e-02 1.074217439999999896e-12 1.000000000000000000e+02
4.692920000000000000e+05 2.792706400000000000e+08 5.404629907407407154e+04 3.947627314814816657e-01 4.100000000000000000e+01 4.099999999999999756e-01 6.403124237432848698e-02 9.175607299999998357e-13 1.000000000000000000e+02
4.693920000000000000e+05 2.792707400000000000e+08 5.404630023148148030e+04 3.954861111111109828e-01 4.100000000000000000e+01 4.099999999999999756e-01 6.403124237432848698e-02 9.175607299999998357e-13 1.000000000000000000e+02
4.694920000000000000e+05 2.792708400000000000e+08 5.404630138888888905e+04 3.962094907407407440e-01 4.400000000000000000e+01 4.400000000000000022e-01 6.633249580710799675e-02 9.846993200000000059e-13 1.000000000000000000e+02
4.695920000000000000e+05 2.792709400000000000e+08 5.404630254629629781e+04 3.969328703703705052e-01 4.800000000000000000e+01 4.799999999999999822e-01 6.928203230275509217e-02 1.074217439999999896e-12 1.000000000000000000e+02
4.696920000000000000e+05 2.792710400000000000e+08 5.404630370370370656e+04 3.976562499999998224e-01 2.800000000000000000e+01 2.800000000000000266e-01 5.291502622129181516e-02 6.266268400000000405e-13 1.000000000000000000e+02
4.697920000000000000e+05 2.792711400000000000e+08 5.404630486111110804e+04 3.983796296296295836e-01 2.300000000000000000e+01 2.300000000000000100e-01 4.795831523312719252e-02 5.147291900000000261e-13 1.000000000000000000e+02
4.698920000000000000e+05 2.792712400000000000e+08 5.404630601851851679e+04 3.991030092592593448e-01 3.700000000000000000e+01 3.699999999999999956e-01 6.082762530298219117e-02 8.280426099999999453e-13 1.000000000000000000e+02
4.699920000000000000e+05 2.792713400000000000e+08 5.404630717592592555e+04 3.998263888888891060e-01 2.700000000000000000e+01 2.700000000000000178e-01 5.196152422706631913e-02 6.042473100000000174e-13 1.000000000000000000e+02
4.700920000000000000e+05 2.792714400000000000e+08 5.404630833333333430e+04 4.005497685185184231e-01 3.400000000000000000e+01 3.400000000000000244e-01 5.830951894845300826e-02 7.609040199999999771e-13 1.000000000000000000e+02
4.701920000000000000e+05 2.792715400000000000e+08 5.404630949074074306e+04 4.012731481481481843e-01 3.700000000000000000e+01 3.699999999999999956e-01 6.082762530298219117e-02 8.280426099999999453e-13 1.000000000000000000e+02
4.702920000000000000e+05 2.792716400000000000e+08 5.404631064814815181e+04 4.019965277777779455e-01 3.900000000000000000e+01 3.900000000000000133e-01 6.244997998398398031e-02 8.728016699999999915e-13 1.000000000000000000e+02
4.703920000000000000e+05 2.792717400000000000e+08 5.404631180555555329e+04 4.027199074074072627e-01 4.300000000000000000e+01 4.299999999999999933e-01 6.557438524302000582e-02 9.623197899999998819e-13 1.000000000000000000e+02
4.704920000000000000e+05 2.792718400000000000e+08 5.404631296296296205e+04 4.034432870370370239e-01 2.500000000000000000e+01 2.500000000000000000e-01 5.000000000000000278e-02 5.594882499999999713e-13 1.000000000000000000e+02
4.705920000000000000e+05 2.792719400000000000e+08 5.404631412037037080e+04 4.041666666666667851e-01 4.400000000000000000e+01 4.400000000000000022e-01 6.633249580710799675e-02 9.846993200000000059e-13 1.000000000000000000e+02
4.706920000000000000e+05 2.792720400000000000e+08 5.404631527777777956e+04 4.048900462962961022e-01 4.100000000000000000e+01 4.099999999999999756e-01 6.403124237432848698e-02 9.175607299999998357e-13 1.000000000000000000e+02
4.707920000000000000e+05 2.792721400000000000e+08 5.404631643518518831e+04 4.056134259259258634e-01 5.000000000000000000e+01 5.000000000000000000e-01 7.071067811865475172e-02 1.118976499999999943e-12 1.000000000000000000e+02
4.708920000000000000e+05 2.792722400000000000e+08 5.404631759259258979e+04 4.063368055555556246e-01 3.300000000000000000e+01 3.300000000000000155e-01 5.744562646538028949e-02 7.385244899999999540e-13 1.000000000000000000e+02
4.709920000000000000e+05 2.792723400000000000e+08 5.404631874999999854e+04 4.070601851851853858e-01 3.500000000000000000e+01 3.499999999999999778e-01 5.916079783099616185e-02 7.832835499999998992e-13 1.000000000000000000e+02
4.710920000000000000e+05 2.792724400000000000e+08 5.404631990740740730e+04 4.077835648148147030e-01 4.900000000000000000e+01 4.899999999999999911e-01 7.000000000000000666e-02 1.096596970000000020e-12 1.000000000000000000e+02
4.711920000000000000e+05 2.792725400000000000e+08 5.404632106481481605e+04 4.085069444444444642e-01 3.900000000000000000e+01 3.900000000000000133e-01 6.244997998398398031e-02 8.728016699999999915e-13 1.000000000000000000e+02
4.712920000000000000e+05 2.792726400000000000e+08 5.404632222222222481e+04 4.092303240740742254e-01 3.700000000000000000e+01 3.699999999999999956e-01 6.082762530298219117e-02 8.280426099999999453e-13 1.000000000000000000e+02
4.713920000000000000e+05 2.792727400000000000e+08 5.404632337962962629e+04 4.099537037037035425e-01 3.500000000000000000e+01 3.499999999999999778e-01 5.916079783099616185e-02 7.832835499999998992e-13 1.000000000000000000e+02
4.714920000000000000e+05 2.792728400000000000e+08 5.404632453703703504e+04 4.106770833333333037e-01 4.300000000000000000e+01 4.299999999999999933e-01 6.557438524302000582e-02 9.623197899999998819e-13 1.000000000000000000e+02
4.715920000000000000e+05 2.792729400000000000e+08 5.404632569444444380e+04 4.114004629629630649e-01 4.500000000000000000e+01 4.500000000000000111e-01 6.708203932499369471e-02 1.007078849999999928e-12 1.000000000000000000e+02
4.716920000000000000e+05 2.792730400000000000e+08 5.404632685185185255e+04 4.121238425925923821e-01 3.100000000000000000e+01 3.099999999999999978e-01 5.567764362830021629e-02 6.937654300000000088e-13 1.000000000000000000e+02
4.717920000000000000e+05 2.792731400000000000e+08 5.404632800925926131e+04 4.128472222222221433e-01 3.800000000000000000e+01 3.800000000000000044e-01 6.164414002968975764e-02 8.504221399999999684e-13 1.000000000000000000e+02
4.718920000000000000e+05 2.792732400000000000e+08 5.404632916666667006e+04 4.135706018518519045e-01 3.000000000000000000e+01 2.999999999999999889e-01 5.477225575051661299e-02 6.713858999999999857e-13 1.000000000000000000e+02
4.719920000000000000e+05 2.792733400000000000e+08 5.404633032407407154e+04 4.142939814814816657e-01 3.200000000000000000e+01 3.200000000000000067e-01 5.656854249492380277e-02 7.161449599999999309e-13 1.000000000000000000e+02
4.720920000000000000e+05 2.792734400000000000e+08 5.404633148148148030e+04 4.150173611111109828e-01 3.600000000000000000e+01 3.599999999999999867e-01 5.999999999999999778e-02 8.056630799999999223e-13 1.000000000000000000e+02
4.721920000000000000e+05 2.792735400000000000e+08 5.404633263888888905e+04 4.157407407407407440e-01 4.500000000000000000e+01 4.500000000000000111e-01 6.708203932499369471e-02 1.007078849999999928e-12 1.000000000000000000e+02
4.722920000000000000e+05 2.792736400000000000e+08 5.404633379629629781e+04 4.164641203703705052e-01 3.500000000000000000e+01 3.499999999999999778e-01 5.916079783099616185e-02 7.832835499999998992e-13 1.000000000000000000e+02
4.723920000000000000e+05 2.792737400000000000e+08 5.404633495370370656e+04 4.171874999999998224e-01 3.300000000000000000e+01 3.300000000000000155e-01 5.744562646538028949e-02 7.385244899999999540e-13 1.000000000000000000e+02
4.724920000000000000e+05 2.792738400000000000e+08 5.404633611111110804e+04 4.179108796296295836e-01 3.300000000000000000e+01 3.300000000000000155e-01 5.744562646538028949e-02 7.385244899999999540e-13 1.000000000000000000e+02
4.725920000000000000e+05 2.792739400000000000e+08 5.404633726851851679e+04 4.186342592592593448e-01 3.200000000000000000e+01 3.200000000000000067e-01 5.656854249492380277e-02 7.161449599999999309e-13 1.000000000000000000e+02
4.726920000000000000e+05 2.792740400000000000e+08 5.404633842592592555e+04 4.193576388888891060e-01 3.000000000000000000e+01 2.999999999999999889e-01 5.477225575051661299e-02 6.713858999999999857e-13 1.000000000000000000e+02
4.727920000000000000e+05 2.792741400000000000e+08 5.404633958333333430e+04 4.200810185185184231e-01 3.600000000000000000e+01 3.599999999999999867e-01 5.999999999999999778e-02 8.056630799999999223e-13 1.000000000000000000e+02
4.728920000000000000e+05 2.792742400000000000e+08 5.404634074074074306e+04 4.208043981481481843e-01 4.600000000000000000e+01 4.600000000000000200e-01 6.782329983125268136e-02 1.029458380000000052e-12 1.000000000000000000e+02
4.729920000000000000e+05 2.792743400000000000e+08 5.404634189814815181e+04 4.215277777777779455e-01 3.500000000000000000e+01 3.499999999999999778e-01 5.916079783099616185e-02 7.832835499999998992e-13 1.000000000000000000e+02
4.730920000000000000e+05 2.792744400000000000e+08 5.404634305555555329e+04 4.222511574074072627e-01 4.500000000000000000e+01 4.500000000000000111e-01 6.708203932499369471e-02 1.007078849999999928e-12 1.000000000000000000e+02
4.731920000000000000e+05 2.792745400000000000e+08 5.404634421296296205e+04 4.229745370370370239e-01 3.900000000000000000e+01 3.900000000000000133e-01 6.244997998398398031e-02 8.728016699999999915e-13 1.000000000000000000e+02
4.732920000000000000e+05 2.792746400000000000e+08 5.404634537037037080e+04 4.236979166666667851e-01 3.900000000000000000e+01 3.900000000000000133e-01 6.244997998398398031e-02 8.728016699999999915e-13 1.000000000000000000e+02
4.733920000000000000e+05 2.792747400000000000e+08 5.404634652777777956e+04 4.244212962962961022e-01 3.600000000000000000e+01 3.599999999999999867e-01 5.999999999999999778e-02 8.056630799999999223e-13 1.000000000000000000e+02
4.734920000000000000e+05 2.792748400000000000e+08 5.404634768518518831e+04 4.251446759259258634e-01 3.800000000000000000e+01 3.800000000000000044e-01 6.164414002968975764e-02 8.504221399999999684e-13 1.000000000000000000e+02
4.735920000000000000e+05 2.792749400000000000e+08 5.404634884259258979e+04 4.258680555555556246e-01 2.400000000000000000e+01 2.399999999999999911e-01 4.898979485566355707e-02 5.371087199999999482e-13 1.000000000000000000e+02
4.736920000000000000e+05 2.792750400000000000e+08 5.404634999999999854e+04 4.265914351851853858e-01 3.100000000000000000e+01 3.099999999999999978e-01 5.567764362830021629e-02 6.937654300000000088e-13 1.000000000000000000e+02
4.737920000000000000e+05 2.792751400000000000e+08 5.404635115740740730e+04 4.273148148148147030e-01 3.100000000000000000e+01 3.099999999999999978e-01 5.567764362830021629e-02 6.937654300000000088e-13 1.000000000000000000e+02
4.738920000000000000e+05 2.792752400000000000e+08 5.404635231481481605e+04 4.280381944444444642e-01 3.300000000000000000e+01 3.300000000000000155e-01 5.744562646538028949e-02 7.385244899999999540e-13 1.000000000000000000e+02
4.739920000000000000e+05 2.792753400000000000e+08 5.404635347222222481e+04 4.287615740740742254e-01 3.700000000000000000e+01 3.699999999999999956e-01 6.082762530298219117e-02 8.280426099999999453e-13 1.000000000000000000e+02
4.740920000000000000e+05 2.792754400000000000e+08 5.404635462962962629e+04 4.294849537037035425e-01 5.100000000000000000e+01 5.100000000000000089e-01 7.141428428542850870e-02 1.141356029999999865e-12 1.000000000000000000e+02
4.741920000000000000e+05 2.792755400000000000e+08 5.404635578703703504e+04 4.302083333333333037e-01 3.800000000000000000e+01 3.800000000000000044e-01 6.164414002968975764e-02 8.504221399999999684e-13 1.000000000000000000e+02
4.742920000000000000e+05 2.792756400000000000e+08 5.404635694444444380e+04 4.309317129629630649e-01 2.900000000000000000e+01 2.899999999999999800e-01 5.385164807134503601e-02 6.490063699999999626e-13 1.000000000000000000e+02
4.743920000000000000e+05 2.792757400000000000e+08 5.404635810185185255e+04 4.316550925925923821e-01 3.600000000000000000e+01 3.599999999999999867e-01 5.999999999999999778e-02 8.056630799999999223e-13 1.000000000000000000e+02
4.744920000000000000e+05 2.792758400000000000e+08 5.404635925925926131e+04 4.323784722222221433e-01 2.700000000000000000e+01 2.700000000000000178e-01 5.196152422706631913e-02 6.042473100000000174e-13 1.000000000000000000e+02
4.745920000000000000e+05 2.792759400000000000e+08 5.404636041666667006e+04 4.331018518518519045e-01 3.700000000000000000e+01 3.699999999999999956e-01 6.082762530298219117e-02 8.280426099999999453e-13 1.000000000000000000e+02
4.776920000000000000e+05 2.792790400000000000e+08 5.404639629629629781e+04 4.555266203703705052e-01 3.600000000000000000e+01 3.599999999999999867e-01 5.999999999999999778e-02 8.056630799999999223e-13 1.000000000000000000e+02
4.777920000000000000e+05 2.792791400000000000e+08 5.404639745370370656e+04 4.562499999999998224e-01 2.600000000000000000e+01 2.600000000000000089e-01 5.099019513592784741e-02 5.818677799999999943e-13 1.000000000000000000e+02
4.778920000000000000e+05 2.792792400000000000e+08 5.404639861111110804e+04 4.569733796296295836e-01 2.300000000000000000e+01 2.300000000000000100e-01 4.795831523312719252e-02 5.147291900000000261e-13 1.000000000000000000e+02
4.809920000000000000e+05 2.792823400000000000e+08 5.404643449074074306e+04 4.793981481481481843e-01 1.600000000000000000e+01 1.600000000000000033e-01 4.000000000000000083e-02 3.580724799999999654e-13 1.000000000000000000e+02
4.810920000000000000e+05 2.792824400000000000e+08 5.404643564814815181e+04 4.801215277777779455e-01 2.100000000000000000e+01 2.099999999999999922e-01 4.582575694955839940e-02 4.699701299999999799e-13 1.000000000000000000e+02
4.811920000000000000e+05 2.792825400000000000e+08 5.404643680555555329e+04 4.808449074074072627e-01 2.200000000000000000e+01 2.200000000000000011e-01 4.690415759823429731e-02 4.923496600000000030e-13 1.000000000000000000e+02
4.812920000000000000e+05 2.792826400000000000e+08 5.404643796296296205e+04 4.815682870370370239e-01 1.800000000000000000e+01 1.799999999999999933e-01 4.242640687119284687e-02 4.028315399999999611e-13 1.000000000000000000e+02
4.813920000000000000e+05 2.792827400000000000e+08 5.404643912037037080e+04 4.822916666666667851e-01 2.400000000000000000e+01 2.399999999999999911e-01 4.898979485566355707e-02 5.371087199999999482e-13 1.000000000000000000e+02
4.814920000000000000e+05 2.792828400000000000e+08 5.404644027777777956e+04 4.830150462962961022e-01 1.600000000000000000e+01 1.600000000000000033e-01 4.000000000000000083e-02 3.580724799999999654e-13 1.000000000000000000e+02
4.815920000000000000e+05 2.792829400000000000e+08 5.404644143518518831e+04 4.837384259259258634e-01 3.000000000000000000e+01 2.999999999999999889e-01 5.477225575051661299e-02 6.713858999999999857e-13 1.000000000000000000e+02
4.816920000000000000e+05 2.792830400000000000e+08 5.404644259259258979e+04 4.844618055555556246e-01 2.100000000000000000e+01 2.099999999999999922e-01 4.582575694955839940e-02 4.699701299999999799e-13 1.000000000000000000e+02
4.817920000000000000e+05 2.792831400000000000e+08 5.404644374999999854e+04 4.851851851851853858e-01 1.200000000000000000e+01 1.199999999999999956e-01 3.464101615137754608e-02 2.685543599999999741e-13 1.000000000000000000e+02
4.818920000000000000e+05 2.792832400000000000e+08 5.404644490740740730e+04 4.859085648148147030e-01 1.500000000000000000e+01 1.499999999999999944e-01 3.872983346207416883e-02 3.356929499999999928e-13 1.000000000000000000e+02
4.819920000000000000e+05 2.792833400000000000e+08 5.404644606481481605e+04 4.866319444444444642e-01 2.200000000000000000e+01 2.200000000000000011e-01 4.690415759823429731e-02 4.923496600000000030e-13 1.000000000000000000e+02
4.820920000000000000e+05 2.792834400000000000e+08 5.404644722222222481e+04 4.873553240740742254e-01 1.800000000000000000e+01 1.799999999999999933e-01 4.242640687119284687e-02 4.028315399999999611e-13 1.000000000000000000e+02
4.821920000000000000e+05 2.792835400000000000e+08 5.404644837962962629e+04 4.880787037037035425e-01 2.900000000000000000e+01 2.899999999999999800e-01 5.385164807134503601e-02 6.490063699999999626e-13 1.000000000000000000e+02
4.822920000000000000e+05 2.792836400000000000e+08 5.404644953703703504e+04 4.888020833333333037e-01 1.500000000000000000e+01 1.499999999999999944e-01 3.872983346207416883e-02 3.356929499999999928e-13 1.000000000000000000e+02
4.823920000000000000e+05 2.792837400000000000e+08 5.404645069444444380e+04 4.895254629629630649e-01 2.000000000000000000e+01 2.000000000000000111e-01 4.472135954999579416e-02 4.475906000000000073e-13 1.000000000000000000e+02
4.824920000000000000e+05 2.792838400000000000e+08 5.404645185185185255e+04 4.902488425925923821e-01 2.000000000000000000e+01 2.000000000000000111e-01 4.472135954999579416e-02 4.475906000000000073e-13 1.000000000000000000e+02
4.825920000000000000e+05 2.792839400000000000e+08 5.404645300925926131e+04 4.909722222222221433e-01 1.600000000000000000e+01 1.600000000000000033e-01 4.000000000000000083e-02 3.580724799999999654e-13 1.000000000000000000e+02
4.826920000000000000e+05 2.792840400000000000e+08 5.404645416666667006e+04 4.916956018518519045e-01 1.700000000000000000e+01 1.700000000000000122e-01 4.123105625617660280e-02 3.804520099999999885e-13 1.000000000000000000e+02
4.827920000000000000e+05 2.792841400000000000e+08 5.404645532407407154e+04 4.924189814814816657e-01 1.400000000000000000e+01 1.400000000000000133e-01 3.741657386773941663e-02 3.133134200000000203e-13 1.000000000000000000e+02
4.828920000000000000e+05 2.792842400000000000e+08 5.404645648148148030e+04 4.931423611111109828e-01 1.500000000000000000e+01 1.499999999999999944e-01 3.872983346207416883e-02 3.356929499999999928e-13 1.000000000000000000e+02
4.829920000000000000e+05 2.792843400000000000e+08 5.404645763888888905e+04 4.938657407407407440e-01 2.200000000000000000e+01 2.200000000000000011e-01 4.690415759823429731e-02 4.923496600000000030e-13 1.000000000000000000e+02
4.830920000000000000e+05 2.792844400000000000e+08 5.404645879629629781e+04 4.945891203703705052e-01 2.300000000000000000e+01 2.300000000000000100e-01 4.795831523312719252e-02 5.147291900000000261e-13 1.000000000000000000e+02
4.831920000000000000e+05 2.792845400000000000e+08 5.404645995370370656e+04 4.953124999999998224e-01 1.000000000000000000e+01 1.000000000000000056e-01 3.162277660168379828e-02 2.237953000000000036e-13 1.000000000000000000e+02
4.832920000000000000e+05 2.792846400000000000e+08 5.404646111111110804e+04 4.960358796296295836e-01 1.100000000000000000e+01 1.100000000000000006e-01 3.316624790355399838e-02 2.461748300000000015e-13 1.000000000000000000e+02
4.833920000000000000e+05 2.792847400000000000e+08 5.404646226851851679e+04 4.967592592592593448e-01 1.600000000000000000e+01 1.600000000000000033e-01 4.000000000000000083e-02 3.580724799999999654e-13 1.000000000000000000e+02
4.834920000000000000e+05 2.792848400000000000e+08 5.404646342592592555e+04 4.974826388888891060e-01 2.300000000000000000e+01 2.300000000000000100e-01 4.795831523312719252e-02 5.147291900000000261e-13 1.000000000000000000e+02
4.835920000000000000e+05 2.792849400000000000e+08 5.404646458333333430e+04 4.982060185185184231e-01 2.000000000000000000e+01 2.000000000000000111e-01 4.472135954999579416e-02 4.475906000000000073e-13 1.000000000000000000e+02
4.836920000000000000e+05 2.792850400000000000e+08 5.404646574074074306e+04 4.989293981481481843e-01 1.600000000000000000e+01 1.600000000000000033e-01 4.000000000000000083e-02 3.580724799999999654e-13 1.000000000000000000e+02
4.837920000000000000e+05 2.792851400000000000e+08 5.404646689814815181e+04 4.996527777777779455e-01 1.300000000000000000e+01 1.300000000000000044e-01 3.605551275463989014e-02 2.909338899999999972e-13 1.000000000000000000e+02
4.838920000000000000e+05 2.792852400000000000e+08 5.404646805555555329e+04 5.003761574074072627e-01 7.000000000000000000e+00 7.000000000000000666e-02 2.645751311064590758e-02 1.566567100000000101e-13 1.000000000000000000e+02
4.839920000000000000e+05 2.792853400000000000e+08 5.404646921296296205e+04 5.010995370370370239e-01 1.600000000000000000e+01 1.600000000000000033e-01 4.000000000000000083e-02 3.580724799999999654e-13 1.000000000000000000e+02
4.840920000000000000e+05 2.792854400000000000e+08 5.404647037037037080e+04 5.018229166666667851e-01 1.200000000000000000e+01 1.199999999999999956e-01 3.464101615137754608e-02 2.685543599999999741e-13 1.000000000000000000e+02
4.841920000000000000e+05 2.792855400000000000e+08 5.404647152777777956e+04 5.025462962962961022e-01 7.000000000000000000e+00 7.000000000000000666e-02 2.645751311064590758e-02 1.566567100000000101e-13 1.000000000000000000e+02
4.842920000000000000e+05 2.792856400000000000e+08 5.404647268518518831e+04 5.032696759259258634e-01 1.800000000000000000e+01 1.799999999999999933e-01 4.242640687119284687e-02 4.028315399999999611e-13 1.000000000000000000e+02
4.843920000000000000e+05 2.792857400000000000e+08 5.404647384259258979e+04 5.039930555555556246e-01 5.000000000000000000e+00 5.000000000000000278e-02 2.236067977499789708e-02 1.118976500000000018e-13 1.000000000000000000e+02
4.844920000000000000e+05 2.792858400000000000e+08 5.404647499999999854e+04 5.047164351851853858e-01 6.000000000000000000e+00 5.999999999999999778e-02 2.449489742783177854e-02 1.342771799999999870e-13 1.000000000000000000e+02
4.845920000000000000e+05 2.792859400000000000e+08 5.404647615740740730e+04 5.054398148148147030e-01 6.000000000000000000e+00 5.999999999999999778e-02 2.449489742783177854e-02 1.342771799999999870e-13 1.000000000000000000e+02
4.846920000000000000e+05 2.792860400000000000e+08 5.404647731481481605e+04 5.061631944444444642e-01 1.000000000000000000e+00 1.000000000000000021e-02 1.000000000000000021e-02 2.237952999999999784e-14 1.000000000000000000e+02
4.847920000000000000e+05 2.792861400000000000e+08 5.404647847222222481e+04 5.068865740740742254e-01 2.000000000000000000e+00 2.000000000000000042e-02 1.414213562373095069e-02 4.475905999999999568e-14 1.000000000000000000e+02
4.848920000000000000e+05 2.792862400000000000e+08 5.404647962962962629e+04 5.076099537037035425e-01 1.000000000000000000e+00 1.000000000000000021e-02 1.000000000000000021e-02 2.237952999999999784e-14 1.000000000000000000e+02
4.849920000000000000e+05 2.792863400000000000e+08 5.404648078703703504e+04 5.083333333333333037e-01 1.000000000000000000e+00 1.000000000000000021e-02 1.000000000000000021e-02 2.237952999999999784e-14 1.000000000000000000e+02
4.850920000000000000e+05 2.792864400000000000e+08 5.404648194444444380e+04 5.090567129629630649e-01 2.000000000000000000e+00 2.000000000000000042e-02 1.414213562373095069e-02 4.475905999999999568e-14 1.000000000000000000e+02
4.851920000000000000e+05 2.792865400000000000e+08 5.404648310185185255e+04 5.097800925925923821e-01 1.000000000000000000e+00 1.000000000000000021e-02 1.000000000000000021e-02 2.237952999999999784e-14 1.000000000000000000e+02
4.852920000000000000e+05 2.792866400000000000e+08 5.404648425925926131e+04 5.105034722222221433e-01 2.000000000000000000e+00 2.000000000000000042e-02 1.414213562373095069e-02 4.475905999999999568e-14 1.000000000000000000e+02
4.853920000000000000e+05 2.792867400000000000e+08 5.404648541666667006e+04 5.112268518518519045e-01 2.000000000000000000e+00 2.000000000000000042e-02 1.414213562373095069e-02 4.475905999999999568e-14 1.000000000000000000e+02
4.854920000000000000e+05 2.792868400000000000e+08 5.404648657407407154e+04 5.119502314814816657e-01 2.000000000000000000e+00 2.000000000000000042e-02 1.414213562373095069e-02 4.475905999999999568e-14 1.000000000000000000e+02
4.855920000000000000e+05 2.792869400000000000e+08 5.404648773148148030e+04 5.126736111111109828e-01 1.000000000000000000e+00 1.000000000000000021e-02 1.000000000000000021e-02 2.237952999999999784e-14 1.000000000000000000e+02
4.856920000000000000e+05 2.792870400000000000e+08 5.404648888888888905e+04 5.133969907407407440e-01 3.000000000000000000e+00 2.999999999999999889e-02 1.732050807568877304e-02 6.713858999999999352e-14 1.000000000000000000e+02
4.857920000000000000e+05 2.792871400000000000e+08 5.404649004629629781e+04 5.141203703703705052e-01 2.000000000000000000e+00 2.000000000000000042e-02 1.414213562373095069e-02 4.475905999999999568e-14 1.000000000000000000e+02
4.858920000000000000e+05 2.792872400000000000e+08 5.404649120370370656e+04 5.148437499999998224e-01 1.000000000000000000e+00 1.000000000000000021e-02 1.000000000000000021e-02 2.237952999999999784e-14 1.000000000000000000e+02
4.859920000000000000e+05 2.792873400000000000e+08 5.404649236111110804e+04 5.155671296296295836e-01 0.000000000000000000e+00 0.000000000000000000e+00 0.000000000000000000e+00 0.000000000000000000e+00 1.000000000000000000e+02
4.860920000000000000e+05 2.792874400000000000e+08 5.404649351851851679e+04 5.162905092592593448e-01 0.000000000000000000e+00 0.000000000000000000e+00 0.000000000000000000e+00 0.000000000000000000e+00 1.000000000000000000e+02
4.861920000000000000e+05 2.792875400000000000e+08 5.404649467592592555e+04 5.170138888888891060e-01 2.000000000000000000e+00 2.000000000000000042e-02 1.414213562373095069e-02 4.475905999999999568e-14 1.000000000000000000e+02
4.862920000000000000e+05 2.792876400000000000e+08 5.404649583333333430e+04 5.177372685185184231e-01 2.000000000000000000e+00 2.000000000000000042e-02 1.414213562373095069e-02 4.475905999999999568e-14 1.000000000000000000e+02
4.863920000000000000e+05 2.792877400000000000e+08 5.404649699074074306e+04 5.184606481481481843e-01 1.000000000000000000e+00 1.000000000000000021e-02 1.000000000000000021e-02 2.237952999999999784e-14 1.000000000000000000e+02
4.864920000000000000e+05 2.792878400000000000e+08 5.404649814814815181e+04 5.191840277777779455e-01 0.000000000000000000e+00 0.000000000000000000e+00 0.000000000000000000e+00 0.000000000000000000e+00 1.000000000000000000e+02
4.865920000000000000e+05 2.792879400000000000e+08 5.404649930555555329e+04 5.199074074074072627e-01 1.000000000000000000e+00 1.000000000000000021e-02 1.000000000000000021e-02 2.237952999999999784e-14 1.000000000000000000e+02
4.866920000000000000e+05 2.792880400000000000e+08 5.404650046296296205e+04 5.206307870370370239e-01 0.000000000000000000e+00 0.000000000000000000e+00 0.000000000000000000e+00 0.000000000000000000e+00 1.000000000000000000e+02
4.867920000000000000e+05 2.792881400000000000e+08 5.404650162037037080e+04 5.213541666666667851e-01 1.000000000000000000e+00 1.000000000000000021e-02 1.000000000000000021e-02 2.237952999999999784e-14 1.000000000000000000e+02
4.868920000000000000e+05 2.792882400000000000e+08 5.404650277777777956e+04 5.220775462962961022e-01 1.000000000000000000e+00 1.000000000000000021e-02 1.000000000000000021e-02 2.237952999999999784e-14 1.000000000000000000e+02
4.869920000000000000e+05 2.792883400000000000e+08 5.404650393518518831e+04 5.228009259259258634e-01 0.000000000000000000e+00 0.000000000000000000e+00 0.000000000000000000e+00 0.000000000000000000e+00 1.000000000000000000e+02
4.870920000000000000e+05 2.792884400000000000e+08 5.404650509259258979e+04 5.235243055555556246e-01 1.000000000000000000e+00 1.000000000000000021e-02 1.000000000000000021e-02 2.237952999999999784e-14 1.000000000000000000e+02
4.871920000000000000e+05 2.792885400000000000e+08 5.404650624999999854e+04 5.242476851851853858e-01 0.000000000000000000e+00 0.000000000000000000e+00 0.000000000000000000e+00 0.000000000000000000e+00 1.000000000000000000e+02
4.872920000000000000e+05 2.792886400000000000e+08 5.404650740740740730e+04 5.249710648148147030e-01 1.000000000000000000e+00 1.000000000000000021e-02 1.000000000000000021e-02 2.237952999999999784e-14 1.000000000000000000e+02
4.873920000000000000e+05 2.792887400000000000e+08 5.404650856481481605e+04 5.256944444444444642e-01 2.000000000000000000e+00 2.000000000000000042e-02 1.414213562373095069e-02 4.475905999999999568e-14 1.000000000000000000e+02
4.874920000000000000e+05 2.792888400000000000e+08 5.404650972222222481e+04 5.264178240740742254e-01 1.000000000000000000e+00 1.000000000000000021e-02 1.000000000000000021e-02 2.237952999999999784e-14 1.000000000000000000e+02
4.875920000000000000e+05 2.792889400000000000e+08 5.404651087962962629e+04 5.271412037037035425e-01 1.000000000000000000e+00 1.000000000000000021e-02 1.000000000000000021e-02 2.237952999999999784e-14 1.000000000000000000e+02
4.876920000000000000e+05 2.792890400000000000e+08 5.404651203703703504e+04 5.278645833333333037e-01 2.000000000000000000e+00 2.000000000000000042e-02 1.414213562373095069e-02 4.475905999999999568e-14 1.000000000000000000e+02
4.877920000000000000e+05 2.792891400000000000e+08 5.404651319444444380e+04 5.285879629629630649e-01 1.000000000000000000e+00 1.000000000000000021e-02 1.000000000000000021e-02 2.237952999999999784e-14 1.000000000000000000e+02
4.878920000000000000e+05 2.792892400000000000e+08 5.404651435185185255e+04 5.293113425925923821e-01 0.000000000000000000e+00 0.000000000000000000e+00 0.000000000000000000e+00 0.000000000000000000e+00 1.000000000000000000e+02
4.879920000000000000e+05 2.792893400000000000e+08 5.404651550925926131e+04 5.300347222222221433e-01 2.000000000000000000e+00 2.000000000000000042e-02 1.414213562373095069e-02 4.475905999999999568e-14 1.000000000000000000e+02
4.880920000000000000e+05 2.792894400000000000e+08 5.404651666666667006e+04 5.307581018518519045e-01 2.000000000000000000e+00 2.000000000000000042e-02 1.414213562373095069e-02 4.475905999999999568e-14 1.000000000000000000e+02
4.881920000000000000e+05 2.792895400000000000e+08 5.404651782407407154e+04 5.314814814814816657e-01 3.000000000000000000e+00 2.999999999999999889e-02 1.732050807568877304e-02 6.713858999999999352e-14 1.000000000000000000e+02
4.882920000000000000e+05 2.792896400000000000e+08 5.404651898148148030e+04 5.322048611111109828e-01 0.000000000000000000e+00 0.000000000000000000e+00 0.000000000000000000e+00 0.000000000000000000e+00 1.000000000000000000e+02
4.883920000000000000e+05 2.792897400000000000e+08 5.404652013888888905e+04 5.329282407407407440e-01 0.000000000000000000e+00 0.000000000000000000e+00 0.000000000000000000e+00 0.000000000000000000e+00 1.000000000000000000e+02
4.884920000000000000e+05 2.792898400000000000e+08 5.404652129629629781e+04 5.336516203703705052e-01 0.000000000000000000e+00 0.000000000000000000e+00 0.000000000000000000e+00 0.000000000000000000e+00 1.000000000000000000e+02
4.885920000000000000e+05 2.792899400000000000e+08 5.404652245370370656e+04 5.343749999999998224e-01 3.000000000000000000e+00 2.999999999999999889e-02 1.732050807568877304e-02 6.713858999999999352e-14 1.000000000000000000e+02
4.886920000000000000e+05 2.792900400000000000e+08 5.404652361111110804e+04 5.350983796296295836e-01 4.000000000000000000e+00 4.000000000000000083e-02 2.000000000000000042e-02 8.951811999999999136e-14 1.000000000000000000e+02
4.887920000000000000e+05 2.792901400000000000e+08 5.404652476851851679e+04 5.358217592592593448e-01 1.200000000000000000e+01 1.199999999999999956e-01 3.464101615137754608e-02 2.685543599999999741e-13 1.000000000000000000e+02
4.888920000000000000e+05 2.792902400000000000e+08 5.404652592592592555e+04 5.365451388888891060e-01 1.400000000000000000e+01 1.400000000000000133e-01 3.741657386773941663e-02 3.133134200000000203e-13 1.000000000000000000e+02
4.889920000000000000e+05 2.792903400000000000e+08 5.404652708333333430e+04 5.372685185185184231e-01 1.600000000000000000e+01 1.600000000000000033e-01 4.000000000000000083e-02 3.580724799999999654e-13 1.000000000000000000e+02
4.890920000000000000e+05 2.792904400000000000e+08 5.404652824074074306e+04 5.379918981481481843e-01 1.300000000000000000e+01 1.300000000000000044e-01 3.605551275463989014e-02 2.909338899999999972e-13 1.000000000000000000e+02
4.891920000000000000e+05 2.792905400000000000e+08 5.404652939814815181e+04 5.387152777777779455e-01 1.300000000000000000e+01 1.300000000000000044e-01 3.605551275463989014e-02 2.909338899999999972e-13 1.000000000000000000e+02
4.892920000000000000e+05 2.792906400000000000e+08 5.404653055555555329e+04 5.394386574074072627e-01 1.300000000000000000e+01 1.300000000000000044e-01 3.605551275463989014e-02 2.909338899999999972e-13 1.000000000000000000e+02
4.893920000000000000e+05 2.792907400000000000e+08 5.404653171296296205e+04 5.401620370370370239e-01 1.900000000000000000e+01 1.900000000000000022e-01 4.358898943540674004e-02 4.252110699999999842e-13 1.000000000000000000e+02
4.894920000000000000e+05 2.792908400000000000e+08 5.404653287037037080e+04 5.408854166666667851e-01 1.300000000000000000e+01 1.300000000000000044e-01 3.605551275463989014e-02 2.909338899999999972e-13 1.000000000000000000e+02
4.895920000000000000e+05 2.792909400000000000e+08 5.404653402777777956e+04 5.416087962962961022e-01 5.000000000000000000e+00 5.000000000000000278e-02 2.236067977499789708e-02 1.118976500000000018e-13 1.000000000000000000e+02
4.896920000000000000e+05 2.792910400000000000e+08 5.404653518518518831e+04 5.423321759259258634e-01 1.200000000000000000e+01 1.199999999999999956e-01 3.464101615137754608e-02 2.685543599999999741e-13 1.000000000000000000e+02
4.897920000000000000e+05 2.792911400000000000e+08 5.404653634259258979e+04 5.430555555555556246e-01 1.200000000000000000e+01 1.199999999999999956e-01 3.464101615137754608e-02 2.685543599999999741e-13 1.000000000000000000e+02
4.898920000000000000e+05 2.792912400000000000e+08 5.404653749999999854e+04 5.437789351851853858e-01 6.000000000000000000e+00 5.999999999999999778e-02 2.449489742783177854e-02 1.342771799999999870e-13 1.000000000000000000e+02
4.899920000000000000e+05 2.792913400000000000e+08 5.404653865740740730e+04 5.445023148148147030e-01 9.000000000000000000e+00 8.999999999999999667e-02 2.999999999999999889e-02 2.014157699999999806e-13 1.000000000000000000e+02
4.900920000000000000e+05 2.792914400000000000e+08 5.404653981481481605e+04 5.452256944444444642e-01 2.400000000000000000e+01 2.399999999999999911e-01 4.898979485566355707e-02 5.371087199999999482e-13 1.000000000000000000e+02
4.901920000000000000e+05 2.792915400000000000e+08 5.404654097222222481e+04 5.459490740740742254e-01 1.200000000000000000e+01 1.199999999999999956e-01 3.464101615137754608e-02 2.685543599999999741e-13 1.000000000000000000e+02
4.902920000000000000e+05 2.792916400000000000e+08 5.404654212962962629e+04 5.466724537037035425e-01 3.100000000000000000e+01 3.099999999999999978e-01 5.567764362830021629e-02 6.937654300000000088e-13 1.000000000000000000e+02
4.903920000000000000e+05 2.792917400000000000e+08 5.404654328703703504e+04 5.473958333333333037e-01 1.900000000000000000e+01 1.900000000000000022e-01 4.358898943540674004e-02 4.252110699999999842e-13 1.000000000000000000e+02
4.904920000000000000e+05 2.792918400000000000e+08 5.404654444444444380e+04 5.481192129629630649e-01 1.500000000000000000e+01 1.499999999999999944e-01 3.872983346207416883e-02 3.356929499999999928e-13 1.000000000000000000e+02
4.905920000000000000e+05 2.792919400000000000e+08 5.404654560185185255e+04 5.488425925925923821e-01 1.000000000000000000e+01 1.000000000000000056e-01 3.162277660168379828e-02 2.237953000000000036e-13 1.000000000000000000e+02
4.906920000000000000e+05 2.792920400000000000e+08 5.404654675925926131e+04 5.495659722222221433e-01 2.600000000000000000e+01 2.600000000000000089e-01 5.099019513592784741e-02 5.818677799999999943e-13 1.000000000000000000e+02
4.907920000000000000e+05 2.792921400000000000e+08 5.404654791666667006e+04 5.502893518518519045e-01 1.800000000000000000e+01 1.799999999999999933e-01 4.242640687119284687e-02 4.028315399999999611e-13 1.000000000000000000e+02
4.908920000000000000e+05 2.792922400000000000e+08 5.404654907407407154e+04 5.510127314814816657e-01 1.800000000000000000e+01 1.799999999999999933e-01 4.242640687119284687e-02 4.028315399999999611e-13 1.000000000000000000e+02
4.909920000000000000e+05 2.792923400000000000e+08 5.404655023148148030e+04 5.517361111111109828e-01 2.000000000000000000e+01 2.000000000000000111e-01 4.472135954999579416e-02 4.475906000000000073e-13 1.000000000000000000e+02
4.910920000000000000e+05 2.792924400000000000e+08 5.404655138888888905e+04 5.524594907407407440e-01 1.400000000000000000e+01 1.400000000000000133e-01 3.741657386773941663e-02 3.133134200000000203e-13 1.000000000000000000e+02
4.911920000000000000e+05 2.792925400000000000e+08 5.404655254629629781e+04 5.531828703703705052e-01 2.000000000000000000e+01 2.000000000000000111e-01 4.472135954999579416e-02 4.475906000000000073e-13 1.000000000000000000e+02
4.912920000000000000e+05 2.792926400000000000e+08 5.404655370370370656e+04 5.539062499999998224e-01 1.600000000000000000e+01 1.600000000000000033e-01 4.000000000000000083e-02 3.580724799999999654e-13 1.000000000000000000e+02
4.913920000000000000e+05 2.792927400000000000e+08 5.404655486111110804e+04 5.546296296296295836e-01 2.000000000000000000e+01 2.000000000000000111e-01 4.472135954999579416e-02 4.475906000000000073e-13 1.000000000000000000e+02
4.914920000000000000e+05 2.792928400000000000e+08 5.404655601851851679e+04 5.553530092592593448e-01 1.300000000000000000e+01 1.300000000000000044e-01 3.605551275463989014e-02 2.909338899999999972e-13 1.000000000000000000e+02
4.915920000000000000e+05 2.792929400000000000e+08 5.404655717592592555e+04 5.560763888888891060e-01 1.700000000000000000e+01 1.700000000000000122e-01 4.123105625617660280e-02 3.804520099999999885e-13 1.000000000000000000e+02
4.916920000000000000e+05 2.792930400000000000e+08 5.404655833333333430e+04 5.567997685185184231e-01 2.100000000000000000e+01 2.099999999999999922e-01 4.582575694955839940e-02 4.699701299999999799e-13 1.000000000000000000e+02
4.917920000000000000e+05 2.792931400000000000e+08 5.404655949074074306e+04 5.575231481481481843e-01 1.600000000000000000e+01 1.600000000000000033e-01 4.000000000000000083e-02 3.580724799999999654e-13 1.000000000000000000e+02
4.918920000000000000e+05 2.792932400000000000e+08 5.404656064814815181e+04 5.582465277777779455e-01 2.200000000000000000e+01 2.200000000000000011e-01 4.690415759823429731e-02 4.923496600000000030e-13 1.000000000000000000e+02
4.919920000000000000e+05 2.792933400000000000e+08 5.404656180555555329e+04 5.589699074074072627e-01 2.300000000000000000e+01 2.300000000000000100e-01 4.795831523312719252e-02 5.147291900000000261e-13 1.000000000000000000e+02
4.920920000000000000e+05 2.792934400000000000e+08 5.404656296296296205e+04 5.596932870370370239e-01 1.600000000000000000e+01 1.600000000000000033e-01 4.000000000000000083e-02 3.580724799999999654e-13 1.000000000000000000e+02
4.921920000000000000e+05 2.792935400000000000e+08 5.404656412037037080e+04 5.604166666666667851e-01 2.300000000000000000e+01 2.300000000000000100e-01 4.795831523312719252e-02 5.147291900000000261e-13 1.000000000000000000e+02
4.922920000000000000e+05 2.792936400000000000e+08 5.404656527777777956e+04 5.611400462962961022e-01 2.300000000000000000e+01 2.300000000000000100e-01 4.795831523312719252e-02 5.147291900000000261e-13 1.000000000000000000e+02
4.923920000000000000e+05 2.792937400000000000e+08 5.404656643518518831e+04 5.618634259259258634e-01 2.500000000000000000e+01 2.500000000000000000e-01 5.000000000000000278e-02 5.594882499999999713e-13 1.000000000000000000e+02
4.924920000000000000e+05 2.792938400000000000e+08 5.404656759259258979e+04 5.625868055555556246e-01 1.600000000000000000e+01 1.600000000000000033e-01 4.000000000000000083e-02 3.580724799999999654e-13 1.000000000000000000e+02
4.925920000000000000e+05 2.792939400000000000e+08 5.404656874999999854e+04 5.633101851851853858e-01 1.900000000000000000e+01 1.900000000000000022e-01 4.358898943540674004e-02 4.252110699999999842e-13 1.000000000000000000e+02
4.926920000000000000e+05 2.792940400000000000e+08 5.404656990740740730e+04 5.640335648148147030e-01 1.700000000000000000e+01 1.700000000000000122e-01 4.123105625617660280e-02 3.804520099999999885e-13 1.000000000000000000e+02
4.927920000000000000e+05 2.792941400000000000e+08 5.404657106481481605e+04 5.647569444444444642e-01 2.500000000000000000e+01 2.500000000000000000e-01 5.000000000000000278e-02 5.594882499999999713e-13 1.000000000000000000e+02
4.928920000000000000e+05 2.792942400000000000e+08 5.404657222222222481e+04 5.654803240740742254e-01 4.200000000000000000e+01 4.199999999999999845e-01 6.480740698407860823e-02 9.399402599999999598e-13 1.000000000000000000e+02
4.929920000000000000e+05 2.792943400000000000e+08 5.404657337962962629e+04 5.662037037037035425e-01 2.600000000000000000e+01 2.600000000000000089e-01 5.099019513592784741e-02 5.818677799999999943e-13 1.000000000000000000e+02
4.930920000000000000e+05 2.792944400000000000e+08 5.404657453703703504e+04 5.669270833333333037e-01 2.400000000000000000e+01 2.399999999999999911e-01 4.898979485566355707e-02 5.371087199999999482e-13 1.000000000000000000e+02
4.931920000000000000e+05 2.792945400000000000e+08 5.404657569444444380e+04 5.676504629629630649e-01 1.900000000000000000e+01 1.900000000000000022e-01 4.358898943540674004e-02 4.252110699999999842e-13 1.000000000000000000e+02
4.932920000000000000e+05 2.792946400000000000e+08 5.404657685185185255e+04 5.683738425925923821e-01 2.500000000000000000e+01 2.500000000000000000e-01 5.000000000000000278e-02 5.594882499999999713e-13 1.000000000000000000e+02
4.933920000000000000e+05 2.792947400000000000e+08 5.404657800925926131e+04 5.690972222222221433e-01 2.700000000000000000e+01 2.700000000000000178e-01 5.196152422706631913e-02 6.042473100000000174e-13 1.000000000000000000e+02
4.934920000000000000e+05 2.792948400000000000e+08 5.404657916666667006e+04 5.698206018518519045e-01 3.100000000000000000e+01 3.099999999999999978e-01 5.567764362830021629e-02 6.937654300000000088e-13 1.000000000000000000e+02
4.935920000000000000e+05 2.792949400000000000e+08 5.404658032407407154e+04 5.705439814814816657e-01 2.900000000000000000e+01 2.899999999999999800e-01 5.385164807134503601e-02 6.490063699999999626e-13 1.000000000000000000e+02
4.936920000000000000e+05 2.792950400000000000e+08 5.404658148148148030e+04 5.712673611111109828e-01 1.700000000000000000e+01 1.700000000000000122e-01 4.123105625617660280e-02 3.804520099999999885e-13 1.000000000000000000e+02
4.937920000000000000e+05 2.792951400000000000e+08 5.404658263888888905e+04 5.719907407407407440e-01 2.600000000000000000e+01 2.600000000000000089e-01 5.099019513592784741e-02 5.818677799999999943e-13 1.000000000000000000e+02
4.938920000000000000e+05 2.792952400000000000e+08 5.404658379629629781e+04 5.727141203703705052e-01 1.700000000000000000e+01 1.700000000000000122e-01 4.123105625617660280e-02 3.804520099999999885e-13 1.000000000000000000e+02
4.939920000000000000e+05 2.792953400000000000e+08 5.404658495370370656e+04 5.734374999999998224e-01 3.300000000000000000e+01 3.300000000000000155e-01 5.744562646538028949e-02 7.385244899999999540e-13 1.000000000000000000e+02
4.940920000000000000e+05 2.792954400000000000e+08 5.404658611111110804e+04 5.741608796296295836e-01 3.300000000000000000e+01 3.300000000000000155e-01 5.744562646538028949e-02 7.385244899999999540e-13 1.000000000000000000e+02
4.941920000000000000e+05 2.792955400000000000e+08 5.404658726851851679e+04 5.748842592592593448e-01 2.600000000000000000e+01 2.600000000000000089e-01 5.099019513592784741e-02 5.818677799999999943e-13 1.000000000000000000e+02
4.942920000000000000e+05 2.792956400000000000e+08 5.404658842592592555e+04 5.756076388888891060e-01 2.000000000000000000e+01 2.000000000000000111e-01 4.472135954999579416e-02 4.475906000000000073e-13 1.000000000000000000e+02
4.943920000000000000e+05 2.792957400000000000e+08 5.404658958333333430e+04 5.763310185185184231e-01 2.800000000000000000e+01 2.800000000000000266e-01 5.291502622129181516e-02 6.266268400000000405e-13 1.000000000000000000e+02
4.944920000000000000e+05 2.792958400000000000e+08 5.404659074074074306e+04 5.770543981481481843e-01 2.900000000000000000e+01 2.899999999999999800e-01 5.385164807134503601e-02 6.490063699999999626e-13 1.000000000000000000e+02
4.945920000000000000e+05 2.792959400000000000e+08 5.404659189814815181e+04 5.777777777777779455e-01 3.500000000000000000e+01 3.499999999999999778e-01 5.916079783099616185e-02 7.832835499999998992e-13 1.000000000000000000e+02
4.946920000000000000e+05 2.792960400000000000e+08 5.404659305555555329e+04 5.785011574074072627e-01 2.900000000000000000e+01 2.899999999999999800e-01 5.385164807134503601e-02 6.490063699999999626e-13 1.000000000000000000e+02
4.947920000000000000e+05 2.792961400000000000e+08 5.404659421296296205e+04 5.792245370370370239e-01 3.200000000000000000e+01 3.200000000000000067e-01 5.656854249492380277e-02 7.161449599999999309e-13 1.000000000000000000e+02
4.948920000000000000e+05 2.792962400000000000e+08 5.404659537037037080e+04 5.799479166666667851e-01 1.900000000000000000e+01 1.900000000000000022e-01 4.358898943540674004e-02 4.252110699999999842e-13 1.000000000000000000e+02
4.949920000000000000e+05 2.792963400000000000e+08 5.404659652777777956e+04 5.806712962962961022e-01 2.100000000000000000e+01 2.099999999999999922e-01 4.582575694955839940e-02 4.699701299999999799e-13 1.000000000000000000e+02
4.950920000000000000e+05 2.792964400000000000e+08 5.404659768518518831e+04 5.813946759259258634e-01 2.700000000000000000e+01 2.700000000000000178e-01 5.196152422706631913e-02 6.042473100000000174e-13 1.000000000000000000e+02
4.951920000000000000e+05 2.792965400000000000e+08 5.404659884259258979e+04 5.821180555555556246e-01 2.900000000000000000e+01 2.899999999999999800e-01 5.385164807134503601e-02 6.490063699999999626e-13 1.000000000000000000e+02
4.952920000000000000e+05 2.792966400000000000e+08 5.404659999999999854e+04 5.828414351851853858e-01 3.500000000000000000e+01 3.499999999999999778e-01 5.916079783099616185e-02 7.832835499999998992e-13 1.000000000000000000e+02
4.953920000000000000e+05 2.792967400000000000e+08 5.404660115740740730e+04 5.835648148148147030e-01 3.200000000000000000e+01 3.200000000000000067e-01 5.656854249492380277e-02 7.161449599999999309e-13 1.000000000000000000e+02
4.954920000000000000e+05 2.792968400000000000e+08 5.404660231481481605e+04 5.842881944444444642e-01 2.800000000000000000e+01 2.800000000000000266e-01 5.291502622129181516e-02 6.266268400000000405e-13 1.000000000000000000e+02
4.955920000000000000e+05 2.792969400000000000e+08 5.404660347222222481e+04 5.850115740740742254e-01 3.000000000000000000e+01 2.999999999999999889e-01 5.477225575051661299e-02 6.713858999999999857e-13 1.000000000000000000e+02
4.956920000000000000e+05 2.792970400000000000e+08 5.404660462962962629e+04 5.857349537037035425e-01 2.800000000000000000e+01 2.800000000000000266e-01 5.291502622129181516e-02 6.266268400000000405e-13 1.000000000000000000e+02
4.957920000000000000e+05 2.792971400000000000e+08 5.404660578703703504e+04 5.864583333333333037e-01 4.700000000000000000e+01 4.699999999999999734e-01 6.855654600401044074e-02 1.051837909999999974e-12 1.000000000000000000e+02
4.958920000000000000e+05 2.792972400000000000e+08 5.404660694444444380e+04 5.871817129629630649e-01 2.500000000000000000e+01 2.500000000000000000e-01 5.000000000000000278e-02 5.594882499999999713e-13 1.000000000000000000e+02
4.959920000000000000e+05 2.792973400000000000e+08 5.404660810185185255e+04 5.879050925925923821e-01 2.100000000000000000e+01 2.099999999999999922e-01 4.582575694955839940e-02 4.699701299999999799e-13 1.000000000000000000e+02
4.960920000000000000e+05 2.792974400000000000e+08 5.404660925925926131e+04 5.886284722222221433e-01 3.000000000000000000e+01 2.999999999999999889e-01 5.477225575051661299e-02 6.713858999999999857e-13 1.000000000000000000e+02
1.050620000000000000e+06 2.798519680000000000e+08 5.405302740740740410e+04 5.999710648148148806e-01 4.000000000000000000e+01 4.000000000000000222e-01 6.324555320336759656e-02 8.951812000000000146e-13 1.000000000000000000e+02
1.050720000000000000e+06 2.798520680000000000e+08 5.405302856481481285e+04 6.006944444444446418e-01 3.400000000000000000e+01 3.400000000000000244e-01 5.830951894845300826e-02 7.609040199999999771e-13 1.000000000000000000e+02
1.050820000000000000e+06 2.798521680000000000e+08 5.405302972222222161e+04 6.014178240740744030e-01 3.800000000000000000e+01 3.800000000000000044e-01 6.164414002968975764e-02 8.504221399999999684e-13 1.000000000000000000e+02
1.050920000000000000e+06 2.798522680000000000e+08 5.405303087962963036e+04 6.021412037037032761e-01 4.000000000000000000e+01 4.000000000000000222e-01 6.324555320336759656e-02 8.951812000000000146e-13 1.000000000000000000e+02
1.051020000000000000e+06 2.798523680000000000e+08 5.405303203703703912e+04 6.028645833333330373e-01 4.300000000000000000e+01 4.299999999999999933e-01 6.557438524302000582e-02 9.623197899999998819e-13 1.000000000000000000e+02
1.051120000000000000e+06 2.798524680000000000e+08 5.405303319444444787e+04 6.035879629629627985e-01 3.200000000000000000e+01 3.200000000000000067e-01 5.656854249492380277e-02 7.161449599999999309e-13 1.000000000000000000e+02
1.051220000000000000e+06 2.798525680000000000e+08 5.405303435185184935e+04 6.043113425925925597e-01 3.200000000000000000e+01 3.200000000000000067e-01 5.656854249492380277e-02 7.161449599999999309e-13 1.000000000000000000e+02
1.051320000000000000e+06 2.798526680000000000e+08 5.405303550925925811e+04 6.050347222222223209e-01 2.500000000000000000e+01 2.500000000000000000e-01 5.000000000000000278e-02 5.594882499999999713e-13 1.000000000000000000e+02
1.051420000000000000e+06 2.798527680000000000e+08 5.405303666666666686e+04 6.057581018518520821e-01 4.100000000000000000e+01 4.099999999999999756e-01 6.403124237432848698e-02 9.175607299999998357e-13 1.000000000000000000e+02
1.051520000000000000e+06 2.798528680000000000e+08 5.405303782407407562e+04 6.064814814814818433e-01 3.300000000000000000e+01 3.300000000000000155e-01 5.744562646538028949e-02 7.385244899999999540e-13 1.000000000000000000e+02
1.051620000000000000e+06 2.798529680000000000e+08 5.405303898148148437e+04 6.072048611111107164e-01 2.700000000000000000e+01 2.700000000000000178e-01 5.196152422706631913e-02 6.042473100000000174e-13 1.000000000000000000e+02
1.051720000000000000e+06 2.798530680000000000e+08 5.405304013888888585e+04 6.079282407407404776e-01 4.600000000000000000e+01 4.600000000000000200e-01 6.782329983125268136e-02 1.029458380000000052e-12 1.000000000000000000e+02
1.051820000000000000e+06 2.798531680000000000e+08 5.405304129629629460e+04 6.086516203703702388e-01 3.400000000000000000e+01 3.400000000000000244e-01 5.830951894845300826e-02 7.609040199999999771e-13 1.000000000000000000e+02
1.051920000000000000e+06 2.798532680000000000e+08 5.405304245370370336e+04 6.093750000000000000e-01 2.400000000000000000e+01 2.399999999999999911e-01 4.898979485566355707e-02 5.371087199999999482e-13 1.000000000000000000e+02
1.052020000000000000e+06 2.798533680000000000e+08 5.405304361111111211e+04 6.100983796296297612e-01 3.800000000000000000e+01 3.800000000000000044e-01 6.164414002968975764e-02 8.504221399999999684e-13 1.000000000000000000e+02
1.052120000000000000e+06 2.798534680000000000e+08 5.405304476851852087e+04 6.108217592592595224e-01 4.600000000000000000e+01 4.600000000000000200e-01 6.782329983125268136e-02 1.029458380000000052e-12 1.000000000000000000e+02
1.052220000000000000e+06 2.798535680000000000e+08 5.405304592592592235e+04 6.115451388888892836e-01 3.200000000000000000e+01 3.200000000000000067e-01 5.656854249492380277e-02 7.161449599999999309e-13 1.000000000000000000e+02
1.052320000000000000e+06 2.798536680000000000e+08 5.405304708333333110e+04 6.122685185185181567e-01 2.400000000000000000e+01 2.399999999999999911e-01 4.898979485566355707e-02 5.371087199999999482e-13 1.000000000000000000e+02
1.052420000000000000e+06 2.798537680000000000e+08 5.405304824074073986e+04 6.129918981481479179e-01 3.600000000000000000e+01 3.599999999999999867e-01 5.999999999999999778e-02 8.056630799999999223e-13 1.000000000000000000e+02
1.052520000000000000e+06 2.798538680000000000e+08 5.405304939814814861e+04 6.137152777777776791e-01 3.200000000000000000e+01 3.200000000000000067e-01 5.656854249492380277e-02 7.161449599999999309e-13 1.000000000000000000e+02
1.052620000000000000e+06 2.798539680000000000e+08 5.405305055555555737e+04 6.144386574074074403e-01 2.300000000000000000e+01 2.300000000000000100e-01 4.795831523312719252e-02 5.147291900000000261e-13 1.000000000000000000e+02
1.052720000000000000e+06 2.798540680000000000e+08 5.405305171296296612e+04 6.151620370370372015e-01 3.600000000000000000e+01 3.599999999999999867e-01 5.999999999999999778e-02 8.056630799999999223e-13 1.000000000000000000e+02
1.052820000000000000e+06 2.798541680000000000e+08 5.405305287037036760e+04 6.158854166666669627e-01 2.900000000000000000e+01 2.899999999999999800e-01 5.385164807134503601e-02 6.490063699999999626e-13 1.000000000000000000e+02
1.052920000000000000e+06 2.798542680000000000e+08 5.405305402777777635e+04 6.166087962962967239e-01 2.900000000000000000e+01 2.899999999999999800e-01 5.385164807134503601e-02 6.490063699999999626e-13 1.000000000000000000e+02
1.053020000000000000e+06 2.798543680000000000e+08 5.405305518518518511e+04 6.173321759259255970e-01 3.600000000000000000e+01 3.599999999999999867e-01 5.999999999999999778e-02 8.056630799999999223e-13 1.000000000000000000e+02
1.053120000000000000e+06 2.798544680000000000e+08 5.405305634259259386e+04 6.180555555555553582e-01 4.200000000000000000e+01 4.199999999999999845e-01 6.480740698407860823e-02 9.399402599999999598e-13 1.000000000000000000e+02
1.053220000000000000e+06 2.798545680000000000e+08 5.405305750000000262e+04 6.187789351851851194e-01 3.900000000000000000e+01 3.900000000000000133e-01 6.244997998398398031e-02 8.728016699999999915e-13 1.000000000000000000e+02
1.053320000000000000e+06 2.798546680000000000e+08 5.405305865740740410e+04 6.195023148148148806e-01 3.300000000000000000e+01 3.300000000000000155e-01 5.744562646538028949e-02 7.385244899999999540e-13 1.000000000000000000e+02
1.053420000000000000e+06 2.798547680000000000e+08 5.405305981481481285e+04 6.202256944444446418e-01 3.000000000000000000e+01 2.999999999999999889e-01 5.477225575051661299e-02 6.713858999999999857e-13 1.000000000000000000e+02
1.053520000000000000e+06 2.798548680000000000e+08 5.405306097222222161e+04 6.209490740740744030e-01 4.200000000000000000e+01 4.199999999999999845e-01 6.480740698407860823e-02 9.399402599999999598e-13 1.000000000000000000e+02
1.053620000000000000e+06 2.798549680000000000e+08 5.405306212962963036e+04 6.216724537037032761e-01 4.500000000000000000e+01 4.500000000000000111e-01 6.708203932499369471e-02 1.007078849999999928e-12 1.000000000000000000e+02
1.053720000000000000e+06 2.798550680000000000e+08 5.405306328703703912e+04 6.223958333333330373e-01 4.000000000000000000e+01 4.000000000000000222e-01 6.324555320336759656e-02 8.951812000000000146e-13 1.000000000000000000e+02
1.053820000000000000e+06 2.798551680000000000e+08 5.405306444444444787e+04 6.231192129629627985e-01 4.300000000000000000e+01 4.299999999999999933e-01 6.557438524302000582e-02 9.623197899999998819e-13 1.000000000000000000e+02
1.053920000000000000e+06 2.798552680000000000e+08 5.405306560185184935e+04 6.238425925925925597e-01 3.000000000000000000e+01 2.999999999999999889e-01 5.477225575051661299e-02 6.713858999999999857e-13 1.000000000000000000e+02
1.054020000000000000e+06 2.798553680000000000e+08 5.405306675925925811e+04 6.245659722222223209e-01 4.300000000000000000e+01 4.299999999999999933e-01 6.557438524302000582e-02 9.623197899999998819e-13 1.000000000000000000e+02
1.054120000000000000e+06 2.798554680000000000e+08 5.405306791666666686e+04 6.252893518518520821e-01 3.400000000000000000e+01 3.400000000000000244e-01 5.830951894845300826e-02 7.609040199999999771e-13 1.000000000000000000e+02
1.054220000000000000e+06 2.798555680000000000e+08 5.405306907407407562e+04 6.260127314814818433e-01 2.700000000000000000e+01 2.700000000000000178e-01 5.196152422706631913e-02 6.042473100000000174e-13 1.000000000000000000e+02
1.054320000000000000e+06 2.798556680000000000e+08 5.405307023148148437e+04 6.267361111111107164e-01 2.300000000000000000e+01 2.300000000000000100e-01 4.795831523312719252e-02 5.147291900000000261e-13 1.000000000000000000e+02
1.054420000000000000e+06 2.798557680000000000e+08 5.405307138888888585e+04 6.274594907407404776e-01 4.200000000000000000e+01 4.199999999999999845e-01 6.480740698407860823e-02 9.399402599999999598e-13 1.000000000000000000e+02
1.054520000000000000e+06 2.798558680000000000e+08 5.405307254629629460e+04 6.281828703703702388e-01 4.800000000000000000e+01 4.799999999999999822e-01 6.928203230275509217e-02 1.074217439999999896e-12 1.000000000000000000e+02
1.054620000000000000e+06 2.798559680000000000e+08 5.405307370370370336e+04 6.289062500000000000e-01 5.400000000000000000e+01 5.400000000000000355e-01 7.348469228349534255e-02 1.208494620000000035e-12 1.000000000000000000e+02
1.054720000000000000e+06 2.798560680000000000e+08 5.405307486111111211e+04 6.296296296296297612e-01 4.200000000000000000e+01 4.199999999999999845e-01 6.480740698407860823e-02 9.399402599999999598e-13 1.000000000000000000e+02
1.054820000000000000e+06 2.798561680000000000e+08 5.405307601851852087e+04 6.303530092592595224e-01 4.000000000000000000e+01 4.000000000000000222e-01 6.324555320336759656e-02 8.951812000000000146e-13 1.000000000000000000e+02
1.054920000000000000e+06 2.798562680000000000e+08 5.405307717592592235e+04 6.310763888888892836e-01 5.000000000000000000e+01 5.000000000000000000e-01 7.071067811865475172e-02 1.118976499999999943e-12 1.000000000000000000e+02
1.055020000000000000e+06 2.798563680000000000e+08 5.405307833333333110e+04 6.317997685185181567e-01 3.700000000000000000e+01 3.699999999999999956e-01 6.082762530298219117e-02 8.280426099999999453e-13 1.000000000000000000e+02
1.055120000000000000e+06 2.798564680000000000e+08 5.405307949074073986e+04 6.325231481481479179e-01 5.100000000000000000e+01 5.100000000000000089e-01 7.141428428542850870e-02 1.141356029999999865e-12 1.000000000000000000e+02
1.055220000000000000e+06 2.798565680000000000e+08 5.405308064814814861e+04 6.332465277777776791e-01 4.000000000000000000e+01 4.000000000000000222e-01 6.324555320336759656e-02 8.951812000000000146e-13 1.000000000000000000e+02
1.055320000000000000e+06 2.798566680000000000e+08 5.405308180555555737e+04 6.339699074074074403e-01 3.600000000000000000e+01 3.599999999999999867e-01 5.999999999999999778e-02 8.056630799999999223e-13 1.000000000000000000e+02
1.055420000000000000e+06 2.798567680000000000e+08 5.405308296296296612e+04 6.346932870370372015e-01 4.000000000000000000e+01 4.000000000000000222e-01 6.324555320336759656e-02 8.951812000000000146e-13 1.000000000000000000e+02
1.055520000000000000e+06 2.798568680000000000e+08 5.405308412037036760e+04 6.354166666666669627e-01 5.000000000000000000e+01 5.000000000000000000e-01 7.071067811865475172e-02 1.118976499999999943e-12 1.000000000000000000e+02
1.055620000000000000e+06 2.798569680000000000e+08 5.405308527777777635e+04 6.361400462962967239e-01 3.800000000000000000e+01 3.800000000000000044e-01 6.164414002968975764e-02 8.504221399999999684e-13 1.000000000000000000e+02
1.055720000000000000e+06 2.798570680000000000e+08 5.405308643518518511e+04 6.368634259259255970e-01 3.300000000000000000e+01 3.300000000000000155e-01 5.744562646538028949e-02 7.385244899999999540e-13 1.000000000000000000e+02
1.055820000000000000e+06 2.798571680000000000e+08 5.405308759259259386e+04 6.375868055555553582e-01 4.400000000000000000e+01 4.400000000000000022e-01 6.633249580710799675e-02 9.846993200000000059e-13 1.000000000000000000e+02
1.055920000000000000e+06 2.798572680000000000e+08 5.405308875000000262e+04 6.383101851851851194e-01 4.000000000000000000e+01 4.000000000000000222e-01 6.324555320336759656e-02 8.951812000000000146e-13 1.000000000000000000e+02
1.056020000000000000e+06 2.798573680000000000e+08 5.405308990740740410e+04 6.390335648148148806e-01 4.500000000000000000e+01 4.500000000000000111e-01 6.708203932499369471e-02 1.007078849999999928e-12 1.000000000000000000e+02
1.056120000000000000e+06 2.798574680000000000e+08 5.405309106481481285e+04 6.397569444444446418e-01 3.700000000000000000e+01 3.699999999999999956e-01 6.082762530298219117e-02 8.280426099999999453e-13 1.000000000000000000e+02
1.056220000000000000e+06 2.798575680000000000e+08 5.405309222222222161e+04 6.404803240740744030e-01 2.700000000000000000e+01 2.700000000000000178e-01 5.196152422706631913e-02 6.042473100000000174e-13 1.000000000000000000e+02
1.056320000000000000e+06 2.798576680000000000e+08 5.405309337962963036e+04 6.412037037037032761e-01 4.400000000000000000e+01 4.400000000000000022e-01 6.633249580710799675e-02 9.846993200000000059e-13 1.000000000000000000e+02
1.056420000000000000e+06 2.798577680000000000e+08 5.405309453703703912e+04 6.419270833333330373e-01 2.900000000000000000e+01 2.899999999999999800e-01 5.385164807134503601e-02 6.490063699999999626e-13 1.000000000000000000e+02
1.056520000000000000e+06 2.798578680000000000e+08 5.405309569444444787e+04 6.426504629629627985e-01 3.900000000000000000e+01 3.900000000000000133e-01 6.244997998398398031e-02 8.728016699999999915e-13 1.000000000000000000e+02
1.056620000000000000e+06 2.798579680000000000e+08 5.405309685185184935e+04 6.433738425925925597e-01 3.600000000000000000e+01 3.599999999999999867e-01 5.999999999999999778e-02 8.056630799999999223e-13 1.000000000000000000e+02
1.056720000000000000e+06 2.798580680000000000e+08 5.405309800925925811e+04 6.440972222222223209e-01 3.900000000000000000e+01 3.900000000000000133e-01 6.244997998398398031e-02 8.728016699999999915e-13 1.000000000000000000e+02
1.056820000000000000e+06 2.798581680000000000e+08 5.405309916666666686e+04 6.448206018518520821e-01 3.400000000000000000e+01 3.400000000000000244e-01 5.830951894845300826e-02 7.609040199999999771e-13 1.000000000000000000e+02
1.056920000000000000e+06 2.798582680000000000e+08 5.405310032407407562e+04 6.455439814814818433e-01 4.100000000000000000e+01 4.099999999999999756e-01 6.403124237432848698e-02 9.175607299999998357e-13 1.000000000000000000e+02
1.057020000000000000e+06 2.798583680000000000e+08 5.405310148148148437e+04 6.462673611111107164e-01 2.800000000000000000e+01 2.800000000000000266e-01 5.291502622129181516e-02 6.266268400000000405e-13 1.000000000000000000e+02
1.057120000000000000e+06 2.798584680000000000e+08 5.405310263888888585e+04 6.469907407407404776e-01 3.400000000000000000e+01 3.400000000000000244e-01 5.830951894845300826e-02 7.609040199999999771e-13 1.000000000000000000e+02
1.057220000000000000e+06 2.798585680000000000e+08 5.405310379629629460e+04 6.477141203703702388e-01 3.700000000000000000e+01 3.699999999999999956e-01 6.082762530298219117e-02 8.280426099999999453e-13 1.000000000000000000e+02
1.057320000000000000e+06 2.798586680000000000e+08 5.405310495370370336e+04 6.484375000000000000e-01 4.500000000000000000e+01 4.500000000000000111e-01 6.708203932499369471e-02 1.007078849999999928e-12 1.000000000000000000e+02
1.057420000000000000e+06 2.798587680000000000e+08 5.405310611111111211e+04 6.491608796296297612e-01 4.300000000000000000e+01 4.299999999999999933e-01 6.557438524302000582e-02 9.623197899999998819e-13 1.000000000000000000e+02
1.057520000000000000e+06 2.798588680000000000e+08 5.405310726851852087e+04 6.498842592592595224e-01 3.700000000000000000e+01 3.699999999999999956e-01 6.082762530298219117e-02 8.280426099999999453e-13 1.000000000000000000e+02
1.057620000000000000e+06 2.798589680000000000e+08 5.405310842592592235e+04 6.506076388888892836e-01 4.200000000000000000e+01 4.199999999999999845e-01 6.480740698407860823e-02 9.399402599999999598e-13 1.000000000000000000e+02
1.057720000000000000e+06 2.798590680000000000e+08 5.405310958333333110e+04 6.513310185185181567e-01 3.600000000000000000e+01 3.599999999999999867e-01 5.999999999999999778e-02 8.056630799999999223e-13 1.000000000000000000e+02
1.057820000000000000e+06 2.798591680000000000e+08 5.405311074074073986e+04 6.520543981481479179e-01 5.200000000000000000e+01 5.200000000000000178e-01 7.211102550927978028e-02 1.163735559999999989e-12 1.000000000000000000e+02
1.057920000000000000e+06 2.798592680000000000e+08 5.405311189814814861e+04 6.527777777777776791e-01 2.900000000000000000e+01 2.899999999999999800e-01 5.385164807134503601e-02 6.490063699999999626e-13 1.000000000000000000e+02
1.058020000000000000e+06 2.798593680000000000e+08 5.405311305555555737e+04 6.535011574074074403e-01 4.800000000000000000e+01 4.799999999999999822e-01 6.928203230275509217e-02 1.074217439999999896e-12 1.000000000000000000e+02
1.058120000000000000e+06 2.798594680000000000e+08 5.405311421296296612e+04 6.542245370370372015e-01 3.800000000000000000e+01 3.800000000000000044e-01 6.164414002968975764e-02 8.504221399999999684e-13 1.000000000000000000e+02
1.058220000000000000e+06 2.798595680000000000e+08 5.405311537037036760e+04 6.549479166666669627e-01 3.800000000000000000e+01 3.800000000000000044e-01 6.164414002968975764e-02 8.504221399999999684e-13 1.000000000000000000e+02
1.058320000000000000e+06 2.798596680000000000e+08 5.405311652777777635e+04 6.556712962962967239e-01 4.300000000000000000e+01 4.299999999999999933e-01 6.557438524302000582e-02 9.623197899999998819e-13 1.000000000000000000e+02
1.058420000000000000e+06 2.798597680000000000e+08 5.405311768518518511e+04 6.563946759259255970e-01 3.400000000000000000e+01 3.400000000000000244e-01 5.830951894845300826e-02 7.609040199999999771e-13 1.000000000000000000e+02
1.058520000000000000e+06 2.798598680000000000e+08 5.405311884259259386e+04 6.571180555555553582e-01 5.700000000000000000e+01 5.699999999999999512e-01 7.549834435270749711e-02 1.275633209999999801e-12 1.000000000000000000e+02
1.058620000000000000e+06 2.798599680000000000e+08 5.405312000000000262e+04 6.578414351851851194e-01 2.500000000000000000e+01 2.500000000000000000e-01 5.000000000000000278e-02 5.594882499999999713e-13 1.000000000000000000e+02
1.058720000000000000e+06 2.798600680000000000e+08 5.405312115740740410e+04 6.585648148148148806e-01 3.000000000000000000e+01 2.999999999999999889e-01 5.477225575051661299e-02 6.713858999999999857e-13 1.000000000000000000e+02
1.058820000000000000e+06 2.798601680000000000e+08 5.405312231481481285e+04 6.592881944444446418e-01 4.900000000000000000e+01 4.899999999999999911e-01 7.000000000000000666e-02 1.096596970000000020e-12 1.000000000000000000e+02
1.058920000000000000e+06 2.798602680000000000e+08 5.405312347222222161e+04 6.600115740740744030e-01 4.900000000000000000e+01 4.899999999999999911e-01 7.000000000000000666e-02 1.096596970000000020e-12 1.000000000000000000e+02
1.059020000000000000e+06 2.798603680000000000e+08 5.405312462962963036e+04 6.607349537037032761e-01 2.400000000000000000e+01 2.399999999999999911e-01 4.898979485566355707e-02 5.371087199999999482e-13 1.000000000000000000e+02
1.059120000000000000e+06 2.798604680000000000e+08 5.405312578703703912e+04 6.614583333333330373e-01 4.400000000000000000e+01 4.400000000000000022e-01 6.633249580710799675e-02 9.846993200000000059e-13 1.000000000000000000e+02
1.059220000000000000e+06 2.798605680000000000e+08 5.405312694444444787e+04 6.621817129629627985e-01 3.700000000000000000e+01 3.699999999999999956e-01 6.082762530298219117e-02 8.280426099999999453e-13 1.000000000000000000e+02
1.059320000000000000e+06 2.798606680000000000e+08 5.405312810185184935e+04 6.629050925925925597e-01 4.200000000000000000e+01 4.199999999999999845e-01 6.480740698407860823e-02 9.399402599999999598e-13 1.000000000000000000e+02
1.059420000000000000e+06 2.798607680000000000e+08 5.405312925925925811e+04 6.636284722222223209e-01 2.500000000000000000e+01 2.500000000000000000e-01 5.000000000000000278e-02 5.594882499999999713e-13 1.000000000000000000e+02
1.059520000000000000e+06 2.798608680000000000e+08 5.405313041666666686e+04 6.643518518518520821e-01 3.400000000000000000e+01 3.400000000000000244e-01 5.830951894845300826e-02 7.609040199999999771e-13 1.000000000000000000e+02
1.059620000000000000e+06 2.798609680000000000e+08 5.405313157407407562e+04 6.650752314814818433e-01 4.600000000000000000e+01 4.600000000000000200e-01 6.782329983125268136e-02 1.029458380000000052e-12 1.000000000000000000e+02
1.059720000000000000e+06 2.798610680000000000e+08 5.405313273148148437e+04 6.657986111111107164e-01 2.800000000000000000e+01 2.800000000000000266e-01 5.291502622129181516e-02 6.266268400000000405e-13 1.000000000000000000e+02
1.059820000000000000e+06 2.798611680000000000e+08 5.405313388888888585e+04 6.665219907407404776e-01 3.900000000000000000e+01 3.900000000000000133e-01 6.244997998398398031e-02 8.728016699999999915e-13 1.000000000000000000e+02
1.059920000000000000e+06 2.798612680000000000e+08 5.405313504629629460e+04 6.672453703703702388e-01 2.300000000000000000e+01 2.300000000000000100e-01 4.795831523312719252e-02 5.147291900000000261e-13 1.000000000000000000e+02
1.060020000000000000e+06 2.798613680000000000e+08 5.405313620370370336e+04 6.679687500000000000e-01 3.800000000000000000e+01 3.800000000000000044e-01 6.164414002968975764e-02 8.504221399999999684e-13 1.000000000000000000e+02
1.060120000000000000e+06 2.798614680000000000e+08 5.405313736111111211e+04 6.686921296296297612e-01 4.000000000000000000e+01 4.000000000000000222e-01 6.324555320336759656e-02 8.951812000000000146e-13 1.000000000000000000e+02
1.060220000000000000e+06 2.798615680000000000e+08 5.405313851851852087e+04 6.694155092592595224e-01 4.200000000000000000e+01 4.199999999999999845e-01 6.480740698407860823e-02 9.399402599999999598e-13 1.000000000000000000e+02
1.060320000000000000e+06 2.798616680000000000e+08 5.405313967592592235e+04 6.701388888888892836e-01 3.900000000000000000e+01 3.900000000000000133e-01 6.244997998398398031e-02 8.728016699999999915e-13 1.000000000000000000e+02
1.060420000000000000e+06 2.798617680000000000e+08 5.405314083333333110e+04 6.708622685185181567e-01 3.800000000000000000e+01 3.800000000000000044e-01 6.164414002968975764e-02 8.504221399999999684e-13 1.000000000000000000e+02
1.060520000000000000e+06 2.798618680000000000e+08 5.405314199074073986e+04 6.715856481481479179e-01 4.000000000000000000e+01 4.000000000000000222e-01 6.324555320336759656e-02 8.951812000000000146e-13 1.000000000000000000e+02
1.060620000000000000e+06 2.798619680000000000e+08 5.405314314814814861e+04 6.723090277777776791e-01 5.200000000000000000e+01 5.200000000000000178e-01 7.211102550927978028e-02 1.163735559999999989e-12 1.000000000000000000e+02
1.060720000000000000e+06 2.798620680000000000e+08 5.405314430555555737e+04 6.730324074074074403e-01 3.700000000000000000e+01 3.699999999999999956e-01 6.082762530298219117e-02 8.280426099999999453e-13 1.000000000000000000e+02
1.060820000000000000e+06 2.798621680000000000e+08 5.405314546296296612e+04 6.737557870370372015e-01 4.000000000000000000e+01 4.000000000000000222e-01 6.324555320336759656e-02 8.951812000000000146e-13 1.000000000000000000e+02
1.060920000000000000e+06 2.798622680000000000e+08 5.405314662037036760e+04 6.744791666666669627e-01 5.000000000000000000e+01 5.000000000000000000e-01 7.071067811865475172e-02 1.118976499999999943e-12 1.000000000000000000e+02
1.061020000000000000e+06 2.798623680000000000e+08 5.405314777777777635e+04 6.752025462962967239e-01 5.800000000000000000e+01 5.799999999999999600e-01 7.615773105863908599e-02 1.298012739999999925e-12 1.000000000000000000e+02
1.061120000000000000e+06 2.798624680000000000e+08 5.405314893518518511e+04 6.759259259259255970e-01 3.500000000000000000e+01 3.499999999999999778e-01 5.916079783099616185e-02 7.832835499999998992e-13 1.000000000000000000e+02
1.061220000000000000e+06 2.798625680000000000e+08 5.405315009259259386e+04 6.766493055555553582e-01 3.800000000000000000e+01 3.800000000000000044e-01 6.164414002968975764e-02 8.504221399999999684e-13 1.000000000000000000e+02
1.061320000000000000e+06 2.798626680000000000e+08 5.405315125000000262e+04 6.773726851851851194e-01 2.900000000000000000e+01 2.899999999999999800e-01 5.385164807134503601e-02 6.490063699999999626e-13 1.000000000000000000e+02
1.061420000000000000e+06 2.798627680000000000e+08 5.405315240740740410e+04 6.780960648148148806e-01 5.500000000000000000e+01 5.500000000000000444e-01 7.416198487095662650e-02 1.230874149999999957e-12 1.000000000000000000e+02
1.061520000000000000e+06 2.798628680000000000e+08 5.405315356481481285e+04 6.788194444444446418e-01 4.000000000000000000e+01 4.000000000000000222e-01 6.324555320336759656e-02 8.951812000000000146e-13 1.000000000000000000e+02
1.061620000000000000e+06 2.798629680000000000e+08 5.405315472222222161e+04 6.795428240740744030e-01 3.600000000000000000e+01 3.599999999999999867e-01 5.999999999999999778e-02 8.056630799999999223e-13 1.000000000000000000e+02
1.061720000000000000e+06 2.798630680000000000e+08 5.405315587962963036e+04 6.802662037037032761e-01 3.700000000000000000e+01 3.699999999999999956e-01 6.082762530298219117e-02 8.280426099999999453e-13 1.000000000000000000e+02
1.061820000000000000e+06 2.798631680000000000e+08 5.405315703703703912e+04 6.809895833333330373e-01 4.700000000000000000e+01 4.699999999999999734e-01 6.855654600401044074e-02 1.051837909999999974e-12 1.000000000000000000e+02
1.061920000000000000e+06 2.798632680000000000e+08 5.405315819444444787e+04 6.817129629629627985e-01 3.100000000000000000e+01 3.099999999999999978e-01 5.567764362830021629e-02 6.937654300000000088e-13 1.000000000000000000e+02
1.062020000000000000e+06 2.798633680000000000e+08 5.405315935185184935e+04 6.824363425925925597e-01 4.600000000000000000e+01 4.600000000000000200e-01 6.782329983125268136e-02 1.029458380000000052e-12 1.000000000000000000e+02
1.062120000000000000e+06 2.798634680000000000e+08 5.405316050925925811e+04 6.831597222222223209e-01 3.800000000000000000e+01 3.800000000000000044e-01 6.164414002968975764e-02 8.504221399999999684e-13 1.000000000000000000e+02
1.062220000000000000e+06 2.798635680000000000e+08 5.405316166666666686e+04 6.838831018518520821e-01 4.500000000000000000e+01 4.500000000000000111e-01 6.708203932499369471e-02 1.007078849999999928e-12 1.000000000000000000e+02
1.062320000000000000e+06 2.798636680000000000e+08 5.405316282407407562e+04 6.846064814814818433e-01 3.900000000000000000e+01 3.900000000000000133e-01 6.244997998398398031e-02 8.728016699999999915e-13 1.000000000000000000e+02
1.062420000000000000e+06 2.798637680000000000e+08 5.405316398148148437e+04 6.853298611111107164e-01 4.300000000000000000e+01 4.299999999999999933e-01 6.557438524302000582e-02 9.623197899999998819e-13 1.000000000000000000e+02
1.062520000000000000e+06 2.798638680000000000e+08 5.405316513888888585e+04 6.860532407407404776e-01 3.400000000000000000e+01 3.400000000000000244e-01 5.830951894845300826e-02 7.609040199999999771e-13 1.000000000000000000e+02
1.062620000000000000e+06 2.798639680000000000e+08 5.405316629629629460e+04 6.867766203703702388e-01 4.300000000000000000e+01 4.299999999999999933e-01 6.557438524302000582e-02 9.623197899999998819e-13 1.000000000000000000e+02
1.062720000000000000e+06 2.798640680000000000e+08 5.405316745370370336e+04 6.875000000000000000e-01 4.900000000000000000e+01 4.899999999999999911e-01 7.000000000000000666e-02 1.096596970000000020e-12 1.000000000000000000e+02
1.062820000000000000e+06 2.798641680000000000e+08 5.405316861111111211e+04 6.882233796296297612e-01 4.500000000000000000e+01 4.500000000000000111e-01 6.708203932499369471e-02 1.007078849999999928e-12 1.000000000000000000e+02
1.062920000000000000e+06 2.798642680000000000e+08 5.405316976851852087e+04 6.889467592592595224e-01 4.000000000000000000e+01 4.000000000000000222e-01 6.324555320336759656e-02 8.951812000000000146e-13 1.000000000000000000e+02
1.063020000000000000e+06 2.798643680000000000e+08 5.405317092592592235e+04 6.896701388888892836e-01 3.700000000000000000e+01 3.699999999999999956e-01 6.082762530298219117e-02 8.280426099999999453e-13 1.000000000000000000e+02
1.063120000000000000e+06 2.798644680000000000e+08 5.405317208333333110e+04 6.903935185185181567e-01 3.900000000000000000e+01 3.900000000000000133e-01 6.244997998398398031e-02 8.728016699999999915e-13 1.000000000000000000e+02
1.063220000000000000e+06 2.798645680000000000e+08 5.405317324074073986e+04 6.911168981481479179e-01 4.400000000000000000e+01 4.400000000000000022e-01 6.633249580710799675e-02 9.846993200000000059e-13 1.000000000000000000e+02
1.063320000000000000e+06 2.798646680000000000e+08 5.405317439814814861e+04 6.918402777777776791e-01 3.800000000000000000e+01 3.800000000000000044e-01 6.164414002968975764e-02 8.504221399999999684e-13 1.000000000000000000e+02
1.063420000000000000e+06 2.798647680000000000e+08 5.405317555555555737e+04 6.925636574074074403e-01 5.300000000000000000e+01 5.300000000000000266e-01 7.280109889280518554e-02 1.186115089999999911e-12 1.000000000000000000e+02
1.063520000000000000e+06 2.798648680000000000e+08 5.405317671296296612e+04 6.932870370370372015e-01 3.900000000000000000e+01 3.900000000000000133e-01 6.244997998398398031e-02 8.728016699999999915e-13 1.000000000000000000e+02
1.063620000000000000e+06 2.798649680000000000e+08 5.405317787037036760e+04 6.940104166666669627e-01 3.600000000000000000e+01 3.599999999999999867e-01 5.999999999999999778e-02 8.056630799999999223e-13 1.000000000000000000e+02
1.063720000000000000e+06 2.798650680000000000e+08 5.405317902777777635e+04 6.947337962962967239e-01 5.100000000000000000e+01 5.100000000000000089e-01 7.141428428542850870e-02 1.141356029999999865e-12 1.000000000000000000e+02
1.063820000000000000e+06 2.798651680000000000e+08 5.405318018518518511e+04 6.954571759259255970e-01 5.500000000000000000e+01 5.500000000000000444e-01 7.416198487095662650e-02 1.230874149999999957e-12 1.000000000000000000e+02
1.063920000000000000e+06 2.798652680000000000e+08 5.405318134259259386e+04 6.961805555555553582e-01 4.400000000000000000e+01 4.400000000000000022e-01 6.633249580710799675e-02 9.846993200000000059e-13 1.000000000000000000e+02
1.064020000000000000e+06 2.798653680000000000e+08 5.405318250000000262e+04 6.969039351851851194e-01 4.600000000000000000e+01 4.600000000000000200e-01 6.782329983125268136e-02 1.029458380000000052e-12 1.000000000000000000e+02
1.064120000000000000e+06 2.798654680000000000e+08 5.405318365740740410e+04 6.976273148148148806e-01 3.400000000000000000e+01 3.400000000000000244e-01 5.830951894845300826e-02 7.609040199999999771e-13 1.000000000000000000e+02
1.064220000000000000e+06 2.798655680000000000e+08 5.405318481481481285e+04 6.983506944444446418e-01 3.700000000000000000e+01 3.699999999999999956e-01 6.082762530298219117e-02 8.280426099999999453e-13 1.000000000000000000e+02
1.064320000000000000e+06 2.798656680000000000e+08 5.405318597222222161e+04 6.990740740740744030e-01 4.200000000000000000e+01 4.199999999999999845e-01 6.480740698407860823e-02 9.399402599999999598e-13 1.000000000000000000e+02
1.064420000000000000e+06 2.798657680000000000e+08 5.405318712962963036e+04 6.997974537037032761e-01 4.900000000000000000e+01 4.899999999999999911e-01 7.000000000000000666e-02 1.096596970000000020e-12 1.000000000000000000e+02
1.064520000000000000e+06 2.798658680000000000e+08 5.405318828703703912e+04 7.005208333333330373e-01 4.700000000000000000e+01 4.699999999999999734e-01 6.855654600401044074e-02 1.051837909999999974e-12 1.000000000000000000e+02
1.064620000000000000e+06 2.798659680000000000e+08 5.405318944444444787e+04 7.012442129629627985e-01 4.700000000000000000e+01 4.699999999999999734e-01 6.855654600401044074e-02 1.051837909999999974e-12 1.000000000000000000e+02
1.064720000000000000e+06 2.798660680000000000e+08 5.405319060185184935e+04 7.019675925925925597e-01 4.700000000000000000e+01 4.699999999999999734e-01 6.855654600401044074e-02 1.051837909999999974e-12 1.000000000000000000e+02
1.064820000000000000e+06 2.798661680000000000e+08 5.405319175925925811e+04 7.026909722222223209e-01 4.300000000000000000e+01 4.299999999999999933e-01 6.557438524302000582e-02 9.623197899999998819e-13 1.000000000000000000e+02
1.064920000000000000e+06 2.798662680000000000e+08 5.405319291666666686e+04 7.034143518518520821e-01 3.500000000000000000e+01 3.499999999999999778e-01 5.916079783099616185e-02 7.832835499999998992e-13 1.000000000000000000e+02
1.065020000000000000e+06 2.798663680000000000e+08 5.405319407407407562e+04 7.041377314814818433e-01 4.100000000000000000e+01 4.099999999999999756e-01 6.403124237432848698e-02 9.175607299999998357e-13 1.000000000000000000e+02
1.065120000000000000e+06 2.798664680000000000e+08 5.405319523148148437e+04 7.048611111111107164e-01 4.600000000000000000e+01 4.600000000000000200e-01 6.782329983125268136e-02 1.029458380000000052e-12 1.000000000000000000e+02
1.065220000000000000e+06 2.798665680000000000e+08 5.405319638888888585e+04 7.055844907407404776e-01 4.000000000000000000e+01 4.000000000000000222e-01 6.324555320336759656e-02 8.951812000000000146e-13 1.000000000000000000e+02
1.065320000000000000e+06 2.798666680000000000e+08 5.405319754629629460e+04 7.063078703703702388e-01 3.700000000000000000e+01 3.699999999999999956e-01 6.082762530298219117e-02 8.280426099999999453e-13 1.000000000000000000e+02
1.065420000000000000e+06 2.798667680000000000e+08 5.405319870370370336e+04 7.070312500000000000e-01 4.400000000000000000e+01 4.400000000000000022e-01 6.633249580710799675e-02 9.846993200000000059e-13 1.000000000000000000e+02
1.065520000000000000e+06 2.798668680000000000e+08 5.405319986111111211e+04 7.077546296296297612e-01 4.300000000000000000e+01 4.299999999999999933e-01 6.557438524302000582e-02 9.623197899999998819e-13 1.000000000000000000e+02
1.065620000000000000e+06 2.798669680000000000e+08 5.405320101851852087e+04 7.084780092592595224e-01 4.500000000000000000e+01 4.500000000000000111e-01 6.708203932499369471e-02 1.007078849999999928e-12 1.000000000000000000e+02
1.065720000000000000e+06 2.798670680000000000e+08 5.405320217592592235e+04 7.092013888888892836e-01 5.300000000000000000e+01 5.300000000000000266e-01 7.280109889280518554e-02 1.186115089999999911e-12 1.000000000000000000e+02
1.065820000000000000e+06 2.798671680000000000e+08 5.405320333333333110e+04 7.099247685185181567e-01 5.800000000000000000e+01 5.799999999999999600e-01 7.615773105863908599e-02 1.298012739999999925e-12 1.000000000000000000e+02
1.065920000000000000e+06 2.798672680000000000e+08 5.405320449074073986e+04 7.106481481481479179e-01 6.000000000000000000e+01 5.999999999999999778e-01 7.745966692414833765e-02 1.342771799999999971e-12 1.000000000000000000e+02
1.066020000000000000e+06 2.798673680000000000e+08 5.405320564814814861e+04 7.113715277777776791e-01 5.200000000000000000e+01 5.200000000000000178e-01 7.211102550927978028e-02 1.163735559999999989e-12 1.000000000000000000e+02
1.066120000000000000e+06 2.798674680000000000e+08 5.405320680555555737e+04 7.120949074074074403e-01 4.300000000000000000e+01 4.299999999999999933e-01 6.557438524302000582e-02 9.623197899999998819e-13 1.000000000000000000e+02
1.066220000000000000e+06 2.798675680000000000e+08 5.405320796296296612e+04 7.128182870370372015e-01 4.300000000000000000e+01 4.299999999999999933e-01 6.557438524302000582e-02 9.623197899999998819e-13 1.000000000000000000e+02
1.066320000000000000e+06 2.798676680000000000e+08 5.405320912037036760e+04 7.135416666666669627e-01 3.700000000000000000e+01 3.699999999999999956e-01 6.082762530298219117e-02 8.280426099999999453e-13 1.000000000000000000e+02
1.066420000000000000e+06 2.798677680000000000e+08 5.405321027777777635e+04 7.142650462962967239e-01 4.700000000000000000e+01 4.699999999999999734e-01 6.855654600401044074e-02 1.051837909999999974e-12 1.000000000000000000e+02
1.066520000000000000e+06 2.798678680000000000e+08 5.405321143518518511e+04 7.149884259259255970e-01 4.700000000000000000e+01 4.699999999999999734e-01 6.855654600401044074e-02 1.051837909999999974e-12 1.000000000000000000e+02
1.066620000000000000e+06 2.798679680000000000e+08 5.405321259259259386e+04 7.157118055555553582e-01 4.100000000000000000e+01 4.099999999999999756e-01 6.403124237432848698e-02 9.175607299999998357e-13 1.000000000000000000e+02
1.066720000000000000e+06 2.798680680000000000e+08 5.405321375000000262e+04 7.164351851851851194e-01 5.700000000000000000e+01 5.699999999999999512e-01 7.549834435270749711e-02 1.275633209999999801e-12 1.000000000000000000e+02
1.066820000000000000e+06 2.798681680000000000e+08 5.405321490740740410e+04 7.171585648148148806e-01 3.700000000000000000e+01 3.699999999999999956e-01 6.082762530298219117e-02 8.280426099999999453e-13 1.000000000000000000e+02
1.066920000000000000e+06 2.798682680000000000e+08 5.405321606481481285e+04 7.178819444444446418e-01 4.600000000000000000e+01 4.600000000000000200e-01 6.782329983125268136e-02 1.029458380000000052e-12 1.000000000000000000e+02
1.067020000000000000e+06 2.798683680000000000e+08 5.405321722222222161e+04 7.186053240740744030e-01 2.900000000000000000e+01 2.899999999999999800e-01 5.385164807134503601e-02 6.490063699999999626e-13 1.000000000000000000e+02
1.067120000000000000e+06 2.798684680000000000e+08 5.405321837962963036e+04 7.193287037037032761e-01 5.600000000000000000e+01 5.600000000000000533e-01 7.483314773547883325e-02 1.253253680000000081e-12 1.000000000000000000e+02
1.067220000000000000e+06 2.798685680000000000e+08 5.405321953703703912e+04 7.200520833333330373e-01 4.900000000000000000e+01 4.899999999999999911e-01 7.000000000000000666e-02 1.096596970000000020e-12 1.000000000000000000e+02
1.067320000000000000e+06 2.798686680000000000e+08 5.405322069444444787e+04 7.207754629629627985e-01 4.800000000000000000e+01 4.799999999999999822e-01 6.928203230275509217e-02 1.074217439999999896e-12 1.000000000000000000e+02
1.067420000000000000e+06 2.798687680000000000e+08 5.405322185185184935e+04 7.214988425925925597e-01 3.900000000000000000e+01 3.900000000000000133e-01 6.244997998398398031e-02 8.728016699999999915e-13 1.000000000000000000e+02
1.067520000000000000e+06 2.798688680000000000e+08 5.405322300925925811e+04 7.222222222222223209e-01 3.200000000000000000e+01 3.200000000000000067e-01 5.656854249492380277e-02 7.161449599999999309e-13 1.000000000000000000e+02
1.067620000000000000e+06 2.798689680000000000e+08 5.405322416666666686e+04 7.229456018518520821e-01 4.900000000000000000e+01 4.899999999999999911e-01 7.000000000000000666e-02 1.096596970000000020e-12 1.000000000000000000e+02
1.067720000000000000e+06 2.798690680000000000e+08 5.405322532407407562e+04 7.236689814814818433e-01 3.700000000000000000e+01 3.699999999999999956e-01 6.082762530298219117e-02 8.280426099999999453e-13 1.000000000000000000e+02
1.067820000000000000e+06 2.798691680000000000e+08 5.405322648148148437e+04 7.243923611111107164e-01 4.300000000000000000e+01 4.299999999999999933e-01 6.557438524302000582e-02 9.623197899999998819e-13 1.000000000000000000e+02
1.067920000000000000e+06 2.798692680000000000e+08 5.405322763888888585e+04 7.251157407407404776e-01 5.400000000000000000e+01 5.400000000000000355e-01 7.348469228349534255e-02 1.208494620000000035e-12 1.000000000000000000e+02
1.068020000000000000e+06 2.798693680000000000e+08 5.405322879629629460e+04 7.258391203703702388e-01 4.900000000000000000e+01 4.899999999999999911e-01 7.000000000000000666e-02 1.096596970000000020e-12 1.000000000000000000e+02
1.068120000000000000e+06 2.798694680000000000e+08 5.405322995370370336e+04 7.265625000000000000e-01 4.900000000000000000e+01 4.899999999999999911e-01 7.000000000000000666e-02 1.096596970000000020e-12 1.000000000000000000e+02
1.068220000000000000e+06 2.798695680000000000e+08 5.405323111111111211e+04 7.272858796296297612e-01 4.900000000000000000e+01 4.899999999999999911e-01 7.000000000000000666e-02 1.096596970000000020e-12 1.000000000000000000e+02
1.068320000000000000e+06 2.798696680000000000e+08 5.405323226851852087e+04 7.280092592592595224e-01 5.300000000000000000e+01 5.300000000000000266e-01 7.280109889280518554e-02 1.186115089999999911e-12 1.000000000000000000e+02
1.068420000000000000e+06 2.798697680000000000e+08 5.405323342592592235e+04 7.287326388888892836e-01 5.200000000000000000e+01 5.200000000000000178e-01 7.211102550927978028e-02 1.163735559999999989e-12 1.000000000000000000e+02
1.068520000000000000e+06 2.798698680000000000e+08 5.405323458333333110e+04 7.294560185185181567e-01 4.500000000000000000e+01 4.500000000000000111e-01 6.708203932499369471e-02 1.007078849999999928e-12 1.000000000000000000e+02
1.068620000000000000e+06 2.798699680000000000e+08 5.405323574074073986e+04 7.301793981481479179e-01 5.500000000000000000e+01 5.500000000000000444e-01 7.416198487095662650e-02 1.230874149999999957e-12 1.000000000000000000e+02
1.068720000000000000e+06 2.798700680000000000e+08 5.405323689814814861e+04 7.309027777777776791e-01 4.600000000000000000e+01 4.600000000000000200e-01 6.782329983125268136e-02 1.029458380000000052e-12 1.000000000000000000e+02
1.068820000000000000e+06 2.798701680000000000e+08 5.405323805555555737e+04 7.316261574074074403e-01 4.300000000000000000e+01 4.299999999999999933e-01 6.557438524302000582e-02 9.623197899999998819e-13 1.000000000000000000e+02
1.068920000000000000e+06 2.798702680000000000e+08 5.405323921296296612e+04 7.323495370370372015e-01 5.100000000000000000e+01 5.100000000000000089e-01 7.141428428542850870e-02 1.141356029999999865e-12 1.000000000000000000e+02
1.069020000000000000e+06 2.798703680000000000e+08 5.405324037037036760e+04 7.330729166666669627e-01 3.900000000000000000e+01 3.900000000000000133e-01 6.244997998398398031e-02 8.728016699999999915e-13 1.000000000000000000e+02
1.069120000000000000e+06 2.798704680000000000e+08 5.405324152777777635e+04 7.337962962962967239e-01 4.600000000000000000e+01 4.600000000000000200e-01 6.782329983125268136e-02 1.029458380000000052e-12 1.000000000000000000e+02
1.069220000000000000e+06 2.798705680000000000e+08 5.405324268518518511e+04 7.345196759259255970e-01 4.900000000000000000e+01 4.899999999999999911e-01 7.000000000000000666e-02 1.096596970000000020e-12 1.000000000000000000e+02
1.069320000000000000e+06 2.798706680000000000e+08 5.405324384259259386e+04 7.352430555555553582e-01 4.400000000000000000e+01 4.400000000000000022e-01 6.633249580710799675e-02 9.846993200000000059e-13 1.000000000000000000e+02
1.069420000000000000e+06 2.798707680000000000e+08 5.405324500000000262e+04 7.359664351851851194e-01 5.100000000000000000e+01 5.100000000000000089e-01 7.141428428542850870e-02 1.141356029999999865e-12 1.000000000000000000e+02
1.069520000000000000e+06 2.798708680000000000e+08 5.405324615740740410e+04 7.366898148148148806e-01 3.800000000000000000e+01 3.800000000000000044e-01 6.164414002968975764e-02 8.504221399999999684e-13 1.000000000000000000e+02
1.069620000000000000e+06 2.798709680000000000e+08 5.405324731481481285e+04 7.374131944444446418e-01 4.300000000000000000e+01 4.299999999999999933e-01 6.557438524302000582e-02 9.623197899999998819e-13 1.000000000000000000e+02
1.069720000000000000e+06 2.798710680000000000e+08 5.405324847222222161e+04 7.381365740740744030e-01 5.400000000000000000e+01 5.400000000000000355e-01 7.348469228349534255e-02 1.208494620000000035e-12 1.000000000000000000e+02
1.069820000000000000e+06 2.798711680000000000e+08 5.405324962962963036e+04 7.388599537037032761e-01 4.600000000000000000e+01 4.600000000000000200e-01 6.782329983125268136e-02 1.029458380000000052e-12 1.000000000000000000e+02
1.069920000000000000e+06 2.798712680000000000e+08 5.405325078703703912e+04 7.395833333333330373e-01 4.600000000000000000e+01 4.600000000000000200e-01 6.782329983125268136e-02 1.029458380000000052e-12 1.000000000000000000e+02
1.070020000000000000e+06 2.798713680000000000e+08 5.405325194444444787e+04 7.403067129629627985e-01 5.100000000000000000e+01 5.100000000000000089e-01 7.141428428542850870e-02 1.141356029999999865e-12 1.000000000000000000e+02
1.070120000000000000e+06 2.798714680000000000e+08 5.405325310185184935e+04 7.410300925925925597e-01 5.700000000000000000e+01 5.699999999999999512e-01 7.549834435270749711e-02 1.275633209999999801e-12 1.000000000000000000e+02
1.070220000000000000e+06 2.798715680000000000e+08 5.405325425925925811e+04 7.417534722222223209e-01 5.000000000000000000e+01 5.000000000000000000e-01 7.071067811865475172e-02 1.118976499999999943e-12 1.000000000000000000e+02
1.070320000000000000e+06 2.798716680000000000e+08 5.405325541666666686e+04 7.424768518518520821e-01 4.100000000000000000e+01 4.099999999999999756e-01 6.403124237432848698e-02 9.175607299999998357e-13 1.000000000000000000e+02
1.070420000000000000e+06 2.798717680000000000e+08 5.405325657407407562e+04 7.432002314814818433e-01 4.300000000000000000e+01 4.299999999999999933e-01 6.557438524302000582e-02 9.623197899999998819e-13 1.000000000000000000e+02
1.070520000000000000e+06 2.798718680000000000e+08 5.405325773148148437e+04 7.439236111111107164e-01 5.500000000000000000e+01 5.500000000000000444e-01 7.416198487095662650e-02 1.230874149999999957e-12 1.000000000000000000e+02
1.070620000000000000e+06 2.798719680000000000e+08 5.405325888888888585e+04 7.446469907407404776e-01 4.000000000000000000e+01 4.000000000000000222e-01 6.324555320336759656e-02 8.951812000000000146e-13 1.000000000000000000e+02
1.070720000000000000e+06 2.798720680000000000e+08 5.405326004629629460e+04 7.453703703703702388e-01 4.200000000000000000e+01 4.199999999999999845e-01 6.480740698407860823e-02 9.399402599999999598e-13 1.000000000000000000e+02
1.070820000000000000e+06 2.798721680000000000e+08 5.405326120370370336e+04 7.460937500000000000e-01 3.500000000000000000e+01 3.499999999999999778e-01 5.916079783099616185e-02 7.832835499999998992e-13 1.000000000000000000e+02
1.070920000000000000e+06 2.798722680000000000e+08 5.405326236111111211e+04 7.468171296296297612e-01 5.300000000000000000e+01 5.300000000000000266e-01 7.280109889280518554e-02 1.186115089999999911e-12 1.000000000000000000e+02
1.071020000000000000e+06 2.798723680000000000e+08 5.405326351851852087e+04 7.475405092592595224e-01 5.800000000000000000e+01 5.799999999999999600e-01 7.615773105863908599e-02 1.298012739999999925e-12 1.000000000000000000e+02
1.071120000000000000e+06 2.798724680000000000e+08 5.405326467592592235e+04 7.482638888888892836e-01 4.300000000000000000e+01 4.299999999999999933e-01 6.557438524302000582e-02 9.623197899999998819e-13 1.000000000000000000e+02
1.071220000000000000e+06 2.798725680000000000e+08 5.405326583333333110e+04 7.489872685185181567e-01 5.300000000000000000e+01 5.300000000000000266e-01 7.280109889280518554e-02 1.186115089999999911e-12 1.000000000000000000e+02
1.071320000000000000e+06 2.798726680000000000e+08 5.405326699074073986e+04 7.497106481481479179e-01 4.500000000000000000e+01 4.500000000000000111e-01 6.708203932499369471e-02 1.007078849999999928e-12 1.000000000000000000e+02
1.071420000000000000e+06 2.798727680000000000e+08 5.405326814814814861e+04 7.504340277777776791e-01 3.100000000000000000e+01 3.099999999999999978e-01 5.567764362830021629e-02 6.937654300000000088e-13 1.000000000000000000e+02
1.071520000000000000e+06 2.798728680000000000e+08 5.405326930555555737e+04 7.511574074074074403e-01 4.200000000000000000e+01 4.199999999999999845e-01 6.480740698407860823e-02 9.399402599999999598e-13 1.000000000000000000e+02
1.071620000000000000e+06 2.798729680000000000e+08 5.405327046296296612e+04 7.518807870370372015e-01 4.500000000000000000e+01 4.500000000000000111e-01 6.708203932499369471e-02 1.007078849999999928e-12 1.000000000000000000e+02
1.071720000000000000e+06 2.798730680000000000e+08 5.405327162037036760e+04 7.526041666666669627e-01 5.400000000000000000e+01 5.400000000000000355e-01 7.348469228349534255e-02 1.208494620000000035e-12 1.000000000000000000e+02
1.071820000000000000e+06 2.798731680000000000e+08 5.405327277777777635e+04 7.533275462962967239e-01 6.100000000000000000e+01 6.099999999999999867e-01 7.810249675906653921e-02 1.365151329999999894e-12 1.000000000000000000e+02
1.071920000000000000e+06 2.798732680000000000e+08 5.405327393518518511e+04 7.540509259259255970e-01 4.700000000000000000e+01 4.699999999999999734e-01 6.855654600401044074e-02 1.051837909999999974e-12 1.000000000000000000e+02
1.072020000000000000e+06 2.798733680000000000e+08 5.405327509259259386e+04 7.547743055555553582e-01 5.900000000000000000e+01 5.899999999999999689e-01 7.681145747868607654e-02 1.320392269999999847e-12 1.000000000000000000e+02
1.072120000000000000e+06 2.798734680000000000e+08 5.405327625000000262e+04 7.554976851851851194e-01 4.600000000000000000e+01 4.600000000000000200e-01 6.782329983125268136e-02 1.029458380000000052e-12 1.000000000000000000e+02
1.072220000000000000e+06 2.798735680000000000e+08 5.405327740740740410e+04 7.562210648148148806e-01 6.000000000000000000e+01 5.999999999999999778e-01 7.745966692414833765e-02 1.342771799999999971e-12 1.000000000000000000e+02
1.072320000000000000e+06 2.798736680000000000e+08 5.405327856481481285e+04 7.569444444444446418e-01 4.300000000000000000e+01 4.299999999999999933e-01 6.557438524302000582e-02 9.623197899999998819e-13 1.000000000000000000e+02
1.072420000000000000e+06 2.798737680000000000e+08 5.405327972222222161e+04 7.576678240740744030e-01 4.800000000000000000e+01 4.799999999999999822e-01 6.928203230275509217e-02 1.074217439999999896e-12 1.000000000000000000e+02
1.072520000000000000e+06 2.798738680000000000e+08 5.405328087962963036e+04 7.583912037037032761e-01 4.800000000000000000e+01 4.799999999999999822e-01 6.928203230275509217e-02 1.074217439999999896e-12 1.000000000000000000e+02
1.072620000000000000e+06 2.798739680000000000e+08 5.405328203703703912e+04 7.591145833333330373e-01 3.400000000000000000e+01 3.400000000000000244e-01 5.830951894845300826e-02 7.609040199999999771e-13 1.000000000000000000e+02
1.072720000000000000e+06 2.798740680000000000e+08 5.405328319444444787e+04 7.598379629629627985e-01 4.400000000000000000e+01 4.400000000000000022e-01 6.633249580710799675e-02 9.846993200000000059e-13 1.000000000000000000e+02
1.072820000000000000e+06 2.798741680000000000e+08 5.405328435185184935e+04 7.605613425925925597e-01 3.800000000000000000e+01 3.800000000000000044e-01 6.164414002968975764e-02 8.504221399999999684e-13 1.000000000000000000e+02
1.075920000000000000e+06 2.798772680000000000e+08 5.405332023148148437e+04 7.829861111111107164e-01 4.200000000000000000e+01 4.199999999999999845e-01 6.480740698407860823e-02 9.399402599999999598e-13 1.000000000000000000e+02
1.076020000000000000e+06 2.798773680000000000e+08 5.405332138888888585e+04 7.837094907407404776e-01 4.300000000000000000e+01 4.299999999999999933e-01 6.557438524302000582e-02 9.623197899999998819e-13 1.000000000000000000e+02
1.076120000000000000e+06 2.798774680000000000e+08 5.405332254629629460e+04 7.844328703703702388e-01 6.000000000000000000e+01 5.999999999999999778e-01 7.745966692414833765e-02 1.342771799999999971e-12 1.000000000000000000e+02
1.076220000000000000e+06 2.798775680000000000e+08 5.405332370370370336e+04 7.851562500000000000e-01 4.400000000000000000e+01 4.400000000000000022e-01 6.633249580710799675e-02 9.846993200000000059e-13 1.000000000000000000e+02
1.076320000000000000e+06 2.798776680000000000e+08 5.405332486111111211e+04 7.858796296296297612e-01 4.300000000000000000e+01 4.299999999999999933e-01 6.557438524302000582e-02 9.623197899999998819e-13 1.000000000000000000e+02
1.076420000000000000e+06 2.798777680000000000e+08 5.405332601851852087e+04 7.866030092592595224e-01 5.600000000000000000e+01 5.600000000000000533e-01 7.483314773547883325e-02 1.253253680000000081e-12 1.000000000000000000e+02
1.076520000000000000e+06 2.798778680000000000e+08 5.405332717592592235e+04 7.873263888888892836e-01 4.200000000000000000e+01 4.199999999999999845e-01 6.480740698407860823e-02 9.399402599999999598e-13 1.000000000000000000e+02
1.076620000000000000e+06 2.798779680000000000e+08 5.405332833333333110e+04 7.880497685185181567e-01 5.700000000000000000e+01 5.699999999999999512e-01 7.549834435270749711e-02 1.275633209999999801e-12 1.000000000000000000e+02
1.076720000000000000e+06 2.798780680000000000e+08 5.405332949074073986e+04 7.887731481481479179e-01 3.400000000000000000e+01 3.400000000000000244e-01 5.830951894845300826e-02 7.609040199999999771e-13 1.000000000000000000e+02
1.076820000000000000e+06 2.798781680000000000e+08 5.405333064814814861e+04 7.894965277777776791e-01 5.100000000000000000e+01 5.100000000000000089e-01 7.141428428542850870e-02 1.141356029999999865e-12 1.000000000000000000e+02
1.076920000000000000e+06 2.798782680000000000e+08 5.405333180555555737e+04 7.902199074074074403e-01 5.600000000000000000e+01 5.600000000000000533e-01 7.483314773547883325e-02 1.253253680000000081e-12 1.000000000000000000e+02
1.080020000000000000e+06 2.798813680000000000e+08 5.405336768518518511e+04 8.126446759259255970e-01 4.700000000000000000e+01 4.699999999999999734e-01 6.855654600401044074e-02 1.051837909999999974e-12 1.000000000000000000e+02
1.080120000000000000e+06 2.798814680000000000e+08 5.405336884259259386e+04 8.133680555555553582e-01 3.500000000000000000e+01 3.499999999999999778e-01 5.916079783099616185e-02 7.832835499999998992e-13 1.000000000000000000e+02
1.080220000000000000e+06 2.798815680000000000e+08 5.405337000000000262e+04 8.140914351851851194e-01 3.400000000000000000e+01 3.400000000000000244e-01 5.830951894845300826e-02 7.609040199999999771e-13 1.000000000000000000e+02
1.080320000000000000e+06 2.798816680000000000e+08 5.405337115740740410e+04 8.148148148148148806e-01 4.000000000000000000e+01 4.000000000000000222e-01 6.324555320336759656e-02 8.951812000000000146e-13 1.000000000000000000e+02
1.080420000000000000e+06 2.798817680000000000e+08 5.405337231481481285e+04 8.155381944444446418e-01 4.500000000000000000e+01 4.500000000000000111e-01 6.708203932499369471e-02 1.007078849999999928e-12 1.000000000000000000e+02
1.080520000000000000e+06 2.798818680000000000e+08 5.405337347222222161e+04 8.162615740740744030e-01 6.100000000000000000e+01 6.099999999999999867e-01 7.810249675906653921e-02 1.365151329999999894e-12 1.000000000000000000e+02
1.080620000000000000e+06 2.798819680000000000e+08 5.405337462962963036e+04 8.169849537037032761e-01 4.100000000000000000e+01 4.099999999999999756e-01 6.403124237432848698e-02 9.175607299999998357e-13 1.000000000000000000e+02
1.080720000000000000e+06 2.798820680000000000e+08 5.405337578703703912e+04 8.177083333333330373e-01 5.200000000000000000e+01 5.200000000000000178e-01 7.211102550927978028e-02 1.163735559999999989e-12 1.000000000000000000e+02
1.080820000000000000e+06 2.798821680000000000e+08 5.405337694444444787e+04 8.184317129629627985e-01 4.100000000000000000e+01 4.099999999999999756e-01 6.403124237432848698e-02 9.175607299999998357e-13 1.000000000000000000e+02
1.080920000000000000e+06 2.798822680000000000e+08 5.405337810185184935e+04 8.191550925925925597e-01 4.700000000000000000e+01 4.699999999999999734e-01 6.855654600401044074e-02 1.051837909999999974e-12 1.000000000000000000e+02
1.081020000000000000e+06 2.798823680000000000e+08 5.405337925925925811e+04 8.198784722222223209e-01 4.800000000000000000e+01 4.799999999999999822e-01 6.928203230275509217e-02 1.074217439999999896e-12 1.000000000000000000e+02
1.081120000000000000e+06 2.798824680000000000e+08 5.405338041666666686e+04 8.206018518518520821e-01 4.000000000000000000e+01 4.000000000000000222e-01 6.324555320336759656e-02 8.951812000000000146e-13 1.000000000000000000e+02
1.081220000000000000e+06 2.798825680000000000e+08 5.405338157407407562e+04 8.213252314814818433e-01 4.000000000000000000e+01 4.000000000000000222e-01 6.324555320336759656e-02 8.951812000000000146e-13 1.000000000000000000e+02
1.081320000000000000e+06 2.798826680000000000e+08 5.405338273148148437e+04 8.220486111111107164e-01 5.400000000000000000e+01 5.400000000000000355e-01 7.348469228349534255e-02 1.208494620000000035e-12 1.000000000000000000e+02
1.081420000000000000e+06 2.798827680000000000e+08 5.405338388888888585e+04 8.227719907407404776e-01 5.500000000000000000e+01 5.500000000000000444e-01 7.416198487095662650e-02 1.230874149999999957e-12 1.000000000000000000e+02
1.081520000000000000e+06 2.798828680000000000e+08 5.405338504629629460e+04 8.234953703703702388e-01 4.800000000000000000e+01 4.799999999999999822e-01 6.928203230275509217e-02 1.074217439999999896e-12 1.000000000000000000e+02
1.081620000000000000e+06 2.798829680000000000e+08 5.405338620370370336e+04 8.242187500000000000e-01 5.200000000000000000e+01 5.200000000000000178e-01 7.211102550927978028e-02 1.163735559999999989e-12 1.000000000000000000e+02
1.081720000000000000e+06 2.798830680000000000e+08 5.405338736111111211e+04 8.249421296296297612e-01 5.300000000000000000e+01 5.300000000000000266e-01 7.280109889280518554e-02 1.186115089999999911e-12 1.000000000000000000e+02
1.081820000000000000e+06 2.798831680000000000e+08 5.405338851851852087e+04 8.256655092592595224e-01 3.900000000000000000e+01 3.900000000000000133e-01 6.244997998398398031e-02 8.728016699999999915e-13 1.000000000000000000e+02
1.081920000000000000e+06 2.798832680000000000e+08 5.405338967592592235e+04 8.263888888888892836e-01 7.800000000000000000e+01 7.800000000000000266e-01 8.831760866327847959e-02 1.745603339999999983e-12 1.000000000000000000e+02
1.082020000000000000e+06 2.798833680000000000e+08 5.405339083333333110e+04 8.271122685185181567e-01 3.400000000000000000e+01 3.400000000000000244e-01 5.830951894845300826e-02 7.609040199999999771e-13 1.000000000000000000e+02
1.082120000000000000e+06 2.798834680000000000e+08 5.405339199074073986e+04 8.278356481481479179e-01 3.700000000000000000e+01 3.699999999999999956e-01 6.082762530298219117e-02 8.280426099999999453e-13 1.000000000000000000e+02
1.082220000000000000e+06 2.798835680000000000e+08 5.405339314814814861e+04 8.285590277777776791e-01 5.000000000000000000e+01 5.000000000000000000e-01 7.071067811865475172e-02 1.118976499999999943e-12 1.000000000000000000e+02
1.082320000000000000e+06 2.798836680000000000e+08 5.405339430555555737e+04 8.292824074074074403e-01 5.000000000000000000e+01 5.000000000000000000e-01 7.071067811865475172e-02 1.118976499999999943e-12 1.000000000000000000e+02
1.082420000000000000e+06 2.798837680000000000e+08 5.405339546296296612e+04 8.300057870370372015e-01 4.800000000000000000e+01 4.799999999999999822e-01 6.928203230275509217e-02 1.074217439999999896e-12 1.000000000000000000e+02
1.082520000000000000e+06 2.798838680000000000e+08 5.405339662037036760e+04 8.307291666666669627e-01 5.800000000000000000e+01 5.799999999999999600e-01 7.615773105863908599e-02 1.298012739999999925e-12 1.000000000000000000e+02
1.082620000000000000e+06 2.798839680000000000e+08 5.405339777777777635e+04 8.314525462962967239e-01 6.600000000000000000e+01 6.600000000000000311e-01 8.124038404635960942e-02 1.477048979999999908e-12 1.000000000000000000e+02
1.082720000000000000e+06 2.798840680000000000e+08 5.405339893518518511e+04 8.321759259259255970e-01 3.700000000000000000e+01 3.699999999999999956e-01 6.082762530298219117e-02 8.280426099999999453e-13 1.000000000000000000e+02
1.082820000000000000e+06 2.798841680000000000e+08 5.405340009259259386e+04 8.328993055555553582e-01 4.200000000000000000e+01 4.199999999999999845e-01 6.480740698407860823e-02 9.399402599999999598e-13 1.000000000000000000e+02
1.082920000000000000e+06 2.798842680000000000e+08 5.405340125000000262e+04 8.336226851851851194e-01 4.800000000000000000e+01 4.799999999999999822e-01 6.928203230275509217e-02 1.074217439999999896e-12 1.000000000000000000e+02
1.083020000000000000e+06 2.798843680000000000e+08 5.405340240740740410e+04 8.343460648148148806e-01 4.100000000000000000e+01 4.099999999999999756e-01 6.403124237432848698e-02 9.175607299999998357e-13 1.000000000000000000e+02
1.083120000000000000e+06 2.798844680000000000e+08 5.405340356481481285e+04 8.350694444444446418e-01 5.600000000000000000e+01 5.600000000000000533e-01 7.483314773547883325e-02 1.253253680000000081e-12 1.000000000000000000e+02
1.083220000000000000e+06 2.798845680000000000e+08 5.405340472222222161e+04 8.357928240740744030e-01 4.600000000000000000e+01 4.600000000000000200e-01 6.782329983125268136e-02 1.029458380000000052e-12 1.000000000000000000e+02
1.083320000000000000e+06 2.798846680000000000e+08 5.405340587962963036e+04 8.365162037037032761e-01 5.900000000000000000e+01 5.899999999999999689e-01 7.681145747868607654e-02 1.320392269999999847e-12 1.000000000000000000e+02
1.083420000000000000e+06 2.798847680000000000e+08 5.405340703703703912e+04 8.372395833333330373e-01 5.900000000000000000e+01 5.899999999999999689e-01 7.681145747868607654e-02 1.320392269999999847e-12 1.000000000000000000e+02
1.083520000000000000e+06 2.798848680000000000e+08 5.405340819444444787e+04 8.379629629629627985e-01 5.000000000000000000e+01 5.000000000000000000e-01 7.071067811865475172e-02 1.118976499999999943e-12 1.000000000000000000e+02
1.083620000000000000e+06 2.798849680000000000e+08 5.405340935185184935e+04 8.386863425925925597e-01 4.500000000000000000e+01 4.500000000000000111e-01 6.708203932499369471e-02 1.007078849999999928e-12 1.000000000000000000e+02
1.083720000000000000e+06 2.798850680000000000e+08 5.405341050925925811e+04 8.394097222222223209e-01 6.500000000000000000e+01 6.500000000000000222e-01 8.062257748298548576e-02 1.454669449999999986e-12 1.000000000000000000e+02
1.083820000000000000e+06 2.798851680000000000e+08 5.405341166666666686e+04 8.401331018518520821e-01 4.600000000000000000e+01 4.600000000000000200e-01 6.782329983125268136e-02 1.029458380000000052e-12 1.000000000000000000e+02
1.083920000000000000e+06 2.798852680000000000e+08 5.405341282407407562e+04 8.408564814814818433e-01 5.800000000000000000e+01 5.799999999999999600e-01 7.615773105863908599e-02 1.298012739999999925e-12 1.000000000000000000e+02
1.084020000000000000e+06 2.798853680000000000e+08 5.405341398148148437e+04 8.415798611111107164e-01 5.600000000000000000e+01 5.600000000000000533e-01 7.483314773547883325e-02 1.253253680000000081e-12 1.000000000000000000e+02
1.084120000000000000e+06 2.798854680000000000e+08 5.405341513888888585e+04 8.423032407407404776e-01 4.400000000000000000e+01 4.400000000000000022e-01 6.633249580710799675e-02 9.846993200000000059e-13 1.000000000000000000e+02
1.084220000000000000e+06 2.798855680000000000e+08 5.405341629629629460e+04 8.430266203703702388e-01 4.600000000000000000e+01 4.600000000000000200e-01 6.782329983125268136e-02 1.029458380000000052e-12 1.000000000000000000e+02
1.084320000000000000e+06 2.798856680000000000e+08 5.405341745370370336e+04 8.437500000000000000e-01 5.600000000000000000e+01 5.600000000000000533e-01 7.483314773547883325e-02 1.253253680000000081e-12 1.000000000000000000e+02
1.084420000000000000e+06 2.798857680000000000e+08 5.405341861111111211e+04 8.444733796296297612e-01 5.600000000000000000e+01 5.600000000000000533e-01 7.483314773547883325e-02 1.253253680000000081e-12 1.000000000000000000e+02
1.084520000000000000e+06 2.798858680000000000e+08 5.405341976851852087e+04 8.451967592592595224e-01 5.400000000000000000e+01 5.400000000000000355e-01 7.348469228349534255e-02 1.208494620000000035e-12 1.000000000000000000e+02
1.084620000000000000e+06 2.798859680000000000e+08 5.405342092592592235e+04 8.459201388888892836e-01 4.200000000000000000e+01 4.199999999999999845e-01 6.480740698407860823e-02 9.399402599999999598e-13 1.000000000000000000e+02
1.084720000000000000e+06 2.798860680000000000e+08 5.405342208333333110e+04 8.466435185185181567e-01 4.600000000000000000e+01 4.600000000000000200e-01 6.782329983125268136e-02 1.029458380000000052e-12 1.000000000000000000e+02
1.084820000000000000e+06 2.798861680000000000e+08 5.405342324074073986e+04 8.473668981481479179e-01 5.200000000000000000e+01 5.200000000000000178e-01 7.211102550927978028e-02 1.163735559999999989e-12 1.000000000000000000e+02
1.084920000000000000e+06 2.798862680000000000e+08 5.405342439814814861e+04 8.480902777777776791e-01 5.800000000000000000e+01 5.799999999999999600e-01 7.615773105863908599e-02 1.298012739999999925e-12 1.000000000000000000e+02
1.085020000000000000e+06 2.798863680000000000e+08 5.405342555555555737e+04 8.488136574074074403e-01 4.000000000000000000e+01 4.000000000000000222e-01 6.324555320336759656e-02 8.951812000000000146e-13 1.000000000000000000e+02
1.085120000000000000e+06 2.798864680000000000e+08 5.405342671296296612e+04 8.495370370370372015e-01 5.100000000000000000e+01 5.100000000000000089e-01 7.141428428542850870e-02 1.141356029999999865e-12 1.000000000000000000e+02
1.085220000000000000e+06 2.798865680000000000e+08 5.405342787037036760e+04 8.502604166666669627e-01 5.100000000000000000e+01 5.100000000000000089e-01 7.141428428542850870e-02 1.141356029999999865e-12 1.000000000000000000e+02
1.085320000000000000e+06 2.798866680000000000e+08 5.405342902777777635e+04 8.509837962962967239e-01 5.800000000000000000e+01 5.799999999999999600e-01 7.615773105863908599e-02 1.298012739999999925e-12 1.000000000000000000e+02
1.085420000000000000e+06 2.798867680000000000e+08 5.405343018518518511e+04 8.517071759259255970e-01 7.100000000000000000e+01 7.099999999999999645e-01 8.426149773176358493e-02 1.588946629999999922e-12 1.000000000000000000e+02
1.085520000000000000e+06 2.798868680000000000e+08 5.405343134259259386e+04 8.524305555555553582e-01 5.200000000000000000e+01 5.200000000000000178e-01 7.211102550927978028e-02 1.163735559999999989e-12 1.000000000000000000e+02
1.085620000000000000e+06 2.798869680000000000e+08 5.405343250000000262e+04 8.531539351851851194e-01 5.600000000000000000e+01 5.600000000000000533e-01 7.483314773547883325e-02 1.253253680000000081e-12 1.000000000000000000e+02
1.085720000000000000e+06 2.798870680000000000e+08 5.405343365740740410e+04 8.538773148148148806e-01 4.600000000000000000e+01 4.600000000000000200e-01 6.782329983125268136e-02 1.029458380000000052e-12 1.000000000000000000e+02
1.085820000000000000e+06 2.798871680000000000e+08 5.405343481481481285e+04 8.546006944444446418e-01 5.900000000000000000e+01 5.899999999999999689e-01 7.681145747868607654e-02 1.320392269999999847e-12 1.000000000000000000e+02
1.085920000000000000e+06 2.798872680000000000e+08 5.405343597222222161e+04 8.553240740740744030e-01 4.100000000000000000e+01 4.099999999999999756e-01 6.403124237432848698e-02 9.175607299999998357e-13 1.000000000000000000e+02
1.086020000000000000e+06 2.798873680000000000e+08 5.405343712962963036e+04 8.560474537037032761e-01 5.600000000000000000e+01 5.600000000000000533e-01 7.483314773547883325e-02 1.253253680000000081e-12 1.000000000000000000e+02
1.086120000000000000e+06 2.798874680000000000e+08 5.405343828703703912e+04 8.567708333333330373e-01 7.100000000000000000e+01 7.099999999999999645e-01 8.426149773176358493e-02 1.588946629999999922e-12 1.000000000000000000e+02
1.086220000000000000e+06 2.798875680000000000e+08 5.405343944444444787e+04 8.574942129629627985e-01 4.100000000000000000e+01 4.099999999999999756e-01 6.403124237432848698e-02 9.175607299999998357e-13 1.000000000000000000e+02
1.086320000000000000e+06 2.798876680000000000e+08 5.405344060185184935e+04 8.582175925925925597e-01 4.000000000000000000e+01 4.000000000000000222e-01 6.324555320336759656e-02 8.951812000000000146e-13 1.000000000000000000e+02
1.086420000000000000e+06 2.798877680000000000e+08 5.405344175925925811e+04 8.589409722222223209e-01 5.000000000000000000e+01 5.000000000000000000e-01 7.071067811865475172e-02 1.118976499999999943e-12 1.000000000000000000e+02
1.086520000000000000e+06 2.798878680000000000e+08 5.405344291666666686e+04 8.596643518518520821e-01 4.800000000000000000e+01 4.799999999999999822e-01 6.928203230275509217e-02 1.074217439999999896e-12 1.000000000000000000e+02
1.086620000000000000e+06 2.798879680000000000e+08 5.405344407407407562e+04 8.603877314814818433e-01 5.400000000000000000e+01 5.400000000000000355e-01 7.348469228349534255e-02 1.208494620000000035e-12 1.000000000000000000e+02
1.086720000000000000e+06 2.798880680000000000e+08 5.405344523148148437e+04 8.611111111111107164e-01 5.100000000000000000e+01 5.100000000000000089e-01 7.141428428542850870e-02 1.141356029999999865e-12 1.000000000000000000e+02
1.086820000000000000e+06 2.798881680000000000e+08 5.405344638888888585e+04 8.618344907407404776e-01 3.800000000000000000e+01 3.800000000000000044e-01 6.164414002968975764e-02 8.504221399999999684e-13 1.000000000000000000e+02
1.086920000000000000e+06 2.798882680000000000e+08 5.405344754629629460e+04 8.625578703703702388e-01 3.200000000000000000e+01 3.200000000000000067e-01 5.656854249492380277e-02 7.161449599999999309e-13 1.000000000000000000e+02
1.087020000000000000e+06 2.798883680000000000e+08 5.405344870370370336e+04 8.632812500000000000e-01 4.900000000000000000e+01 4.899999999999999911e-01 7.000000000000000666e-02 1.096596970000000020e-12 1.000000000000000000e+02
1.087120000000000000e+06 2.798884680000000000e+08 5.405344986111111211e+04 8.640046296296297612e-01 4.600000000000000000e+01 4.600000000000000200e-01 6.782329983125268136e-02 1.029458380000000052e-12 1.000000000000000000e+02
1.087220000000000000e+06 2.798885680000000000e+08 5.405345101851852087e+04 8.647280092592595224e-01 4.200000000000000000e+01 4.199999999999999845e-01 6.480740698407860823e-02 9.399402599999999598e-13 1.000000000000000000e+02
1.087320000000000000e+06 2.798886680000000000e+08 5.405345217592592235e+04 8.654513888888892836e-01 5.600000000000000000e+01 5.600000000000000533e-01 7.483314773547883325e-02 1.253253680000000081e-12 1.000000000000000000e+02
1.087420000000000000e+06 2.798887680000000000e+08 5.405345333333333110e+04 8.661747685185181567e-01 4.300000000000000000e+01 4.299999999999999933e-01 6.557438524302000582e-02 9.623197899999998819e-13 1.000000000000000000e+02
1.087520000000000000e+06 2.798888680000000000e+08 5.405345449074073986e+04 8.668981481481479179e-01 3.900000000000000000e+01 3.900000000000000133e-01 6.244997998398398031e-02 8.728016699999999915e-13 1.000000000000000000e+02
1.087620000000000000e+06 2.798889680000000000e+08 5.405345564814814861e+04 8.676215277777776791e-01 4.700000000000000000e+01 4.699999999999999734e-01 6.855654600401044074e-02 1.051837909999999974e-12 1.000000000000000000e+02
1.087720000000000000e+06 2.798890680000000000e+08 5.405345680555555737e+04 8.683449074074074403e-01 5.200000000000000000e+01 5.200000000000000178e-01 7.211102550927978028e-02 1.163735559999999989e-12 1.000000000000000000e+02
1.087820000000000000e+06 2.798891680000000000e+08 5.405345796296296612e+04 8.690682870370372015e-01 5.200000000000000000e+01 5.200000000000000178e-01 7.211102550927978028e-02 1.163735559999999989e-12 1.000000000000000000e+02
1.087920000000000000e+06 2.798892680000000000e+08 5.405345912037036760e+04 8.697916666666669627e-01 5.900000000000000000e+01 5.899999999999999689e-01 7.681145747868607654e-02 1.320392269999999847e-12 1.000000000000000000e+02
1.088020000000000000e+06 2.798893680000000000e+08 5.405346027777777635e+04 8.705150462962967239e-01 6.300000000000000000e+01 6.300000000000000044e-01 7.937253933193771926e-02 1.409910389999999940e-12 1.000000000000000000e+02
1.088120000000000000e+06 2.798894680000000000e+08 5.405346143518518511e+04 8.712384259259255970e-01 4.600000000000000000e+01 4.600000000000000200e-01 6.782329983125268136e-02 1.029458380000000052e-12 1.000000000000000000e+02
1.088220000000000000e+06 2.798895680000000000e+08 5.405346259259259386e+04 8.719618055555553582e-01 5.000000000000000000e+01 5.000000000000000000e-01 7.071067811865475172e-02 1.118976499999999943e-12 1.000000000000000000e+02
1.088320000000000000e+06 2.798896680000000000e+08 5.405346375000000262e+04 8.726851851851851194e-01 3.900000000000000000e+01 3.900000000000000133e-01 6.244997998398398031e-02 8.728016699999999915e-13 1.000000000000000000e+02
1.088420000000000000e+06 2.798897680000000000e+08 5.405346490740740410e+04 8.734085648148148806e-01 4.300000000000000000e+01 4.299999999999999933e-01 6.557438524302000582e-02 9.623197899999998819e-13 1.000000000000000000e+02
1.088520000000000000e+06 2.798898680000000000e+08 5.405346606481481285e+04 8.741319444444446418e-01 4.800000000000000000e+01 4.799999999999999822e-01 6.928203230275509217e-02 1.074217439999999896e-12 1.000000000000000000e+02
1.088620000000000000e+06 2.798899680000000000e+08 5.405346722222222161e+04 8.748553240740744030e-01 4.400000000000000000e+01 4.400000000000000022e-01 6.633249580710799675e-02 9.846993200000000059e-13 1.000000000000000000e+02
1.088720000000000000e+06 2.798900680000000000e+08 5.405346837962963036e+04 8.755787037037032761e-01 4.300000000000000000e+01 4.299999999999999933e-01 6.557438524302000582e-02 9.623197899999998819e-13 1.000000000000000000e+02
1.088820000000000000e+06 2.798901680000000000e+08 5.405346953703703912e+04 8.763020833333330373e-01 6.100000000000000000e+01 6.099999999999999867e-01 7.810249675906653921e-02 1.365151329999999894e-12 1.000000000000000000e+02
1.088920000000000000e+06 2.798902680000000000e+08 5.405347069444444787e+04 8.770254629629627985e-01 5.200000000000000000e+01 5.200000000000000178e-01 7.211102550927978028e-02 1.163735559999999989e-12 1.000000000000000000e+02
1.089020000000000000e+06 2.798903680000000000e+08 5.405347185185184935e+04 8.777488425925925597e-01 3.600000000000000000e+01 3.599999999999999867e-01 5.999999999999999778e-02 8.056630799999999223e-13 1.000000000000000000e+02
1.089120000000000000e+06 2.798904680000000000e+08 5.405347300925925811e+04 8.784722222222223209e-01 4.000000000000000000e+01 4.000000000000000222e-01 6.324555320336759656e-02 8.951812000000000146e-13 1.000000000000000000e+02
1.089220000000000000e+06 2.798905680000000000e+08 5.405347416666666686e+04 8.791956018518520821e-01 6.300000000000000000e+01 6.300000000000000044e-01 7.937253933193771926e-02 1.409910389999999940e-12 1.000000000000000000e+02
1.089320000000000000e+06 2.798906680000000000e+08 5.405347532407407562e+04 8.799189814814818433e-01 5.900000000000000000e+01 5.899999999999999689e-01 7.681145747868607654e-02 1.320392269999999847e-12 1.000000000000000000e+02
1.089420000000000000e+06 2.798907680000000000e+08 5.405347648148148437e+04 8.806423611111107164e-01 5.200000000000000000e+01 5.200000000000000178e-01 7.211102550927978028e-02 1.163735559999999989e-12 1.000000000000000000e+02
1.089520000000000000e+06 2.798908680000000000e+08 5.405347763888888585e+04 8.813657407407404776e-01 4.800000000000000000e+01 4.799999999999999822e-01 6.928203230275509217e-02 1.074217439999999896e-12 1.000000000000000000e+02
1.089620000000000000e+06 2.798909680000000000e+08 5.405347879629629460e+04 8.820891203703702388e-01 4.600000000000000000e+01 4.600000000000000200e-01 6.782329983125268136e-02 1.029458380000000052e-12 1.000000000000000000e+02
1.089720000000000000e+06 2.798910680000000000e+08 5.405347995370370336e+04 8.828125000000000000e-01 6.400000000000000000e+01 6.400000000000000133e-01 8.000000000000000167e-02 1.432289919999999862e-12 1.000000000000000000e+02
1.089820000000000000e+06 2.798911680000000000e+08 5.405348111111111211e+04 8.835358796296297612e-01 2.900000000000000000e+01 2.899999999999999800e-01 5.385164807134503601e-02 6.490063699999999626e-13 1.000000000000000000e+02
1.089920000000000000e+06 2.798912680000000000e+08 5.405348226851852087e+04 8.842592592592595224e-01 5.300000000000000000e+01 5.300000000000000266e-01 7.280109889280518554e-02 1.186115089999999911e-12 1.000000000000000000e+02
1.090020000000000000e+06 2.798913680000000000e+08 5.405348342592592235e+04 8.849826388888892836e-01 6.700000000000000000e+01 6.700000000000000400e-01 8.185352771872450584e-02 1.499428510000000032e-12 1.000000000000000000e+02
1.090120000000000000e+06 2.798914680000000000e+08 5.405348458333333110e+04 8.857060185185181567e-01 5.200000000000000000e+01 5.200000000000000178e-01 7.211102550927978028e-02 1.163735559999999989e-12 1.000000000000000000e+02
1.090220000000000000e+06 2.798915680000000000e+08 5.405348574074073986e+04 8.864293981481479179e-01 6.400000000000000000e+01 6.400000000000000133e-01 8.000000000000000167e-02 1.432289919999999862e-12 1.000000000000000000e+02
1.090320000000000000e+06 2.798916680000000000e+08 5.405348689814814861e+04 8.871527777777776791e-01 4.400000000000000000e+01 4.400000000000000022e-01 6.633249580710799675e-02 9.846993200000000059e-13 1.000000000000000000e+02
1.090420000000000000e+06 2.798917680000000000e+08 5.405348805555555737e+04 8.878761574074074403e-01 7.100000000000000000e+01 7.099999999999999645e-01 8.426149773176358493e-02 1.588946629999999922e-12 1.000000000000000000e+02
1.090520000000000000e+06 2.798918680000000000e+08 5.405348921296296612e+04 8.885995370370372015e-01 5.000000000000000000e+01 5.000000000000000000e-01 7.071067811865475172e-02 1.118976499999999943e-12 1.000000000000000000e+02
1.783300000000000000e+06 2.805846480000000000e+08 5.406150749999999971e+04 9.000289351851851194e-01 3.600000000000000000e+01 3.599999999999999867e-01 5.999999999999999778e-02 8.056630799999999223e-13 1.000000000000000000e+02
1.783400000000000000e+06 2.805847480000000000e+08 5.406150865740740846e+04 9.007523148148148806e-01 4.400000000000000000e+01 4.400000000000000022e-01 6.633249580710799675e-02 9.846993200000000059e-13 1.000000000000000000e+02
1.783500000000000000e+06 2.805848480000000000e+08 5.406150981481481722e+04 9.014756944444446418e-01 7.200000000000000000e+01 7.199999999999999734e-01 8.485281374238569374e-02 1.611326159999999845e-12 1.000000000000000000e+02
1.783600000000000000e+06 2.805849480000000000e+08 5.406151097222222597e+04 9.021990740740744030e-01 3.800000000000000000e+01 3.800000000000000044e-01 6.164414002968975764e-02 8.504221399999999684e-13 1.000000000000000000e+02
1.783700000000000000e+06 2.805850480000000000e+08 5.406151212962962745e+04 9.029224537037041642e-01 5.100000000000000000e+01 5.100000000000000089e-01 7.141428428542850870e-02 1.141356029999999865e-12 1.000000000000000000e+02
1.783800000000000000e+06 2.805851480000000000e+08 5.406151328703703621e+04 9.036458333333339255e-01 3.200000000000000000e+01 3.200000000000000067e-01 5.656854249492380277e-02 7.161449599999999309e-13 1.000000000000000000e+02
1.783900000000000000e+06 2.805852480000000000e+08 5.406151444444444496e+04 9.043692129629636867e-01 4.000000000000000000e+01 4.000000000000000222e-01 6.324555320336759656e-02 8.951812000000000146e-13 1.000000000000000000e+02
1.784000000000000000e+06 2.805853480000000000e+08 5.406151560185185372e+04 9.050925925925934479e-01 6.900000000000000000e+01 6.899999999999999467e-01 8.306623862918074974e-02 1.544187569999999876e-12 1.000000000000000000e+02
1.784100000000000000e+06 2.805854480000000000e+08 5.406151675925926247e+04 9.058159722222214327e-01 5.000000000000000000e+01 5.000000000000000000e-01 7.071067811865475172e-02 1.118976499999999943e-12 1.000000000000000000e+02
1.784200000000000000e+06 2.805855480000000000e+08 5.406151791666666395e+04 9.065393518518511939e-01 6.400000000000000000e+01 6.400000000000000133e-01 8.000000000000000167e-02 1.432289919999999862e-12 1.000000000000000000e+02
1.787300000000000000e+06 2.805886480000000000e+08 5.406155379629629897e+04 9.289641203703702388e-01 4.600000000000000000e+01 4.600000000000000200e-01 6.782329983125268136e-02 1.029458380000000052e-12 1.000000000000000000e+02
1.787400000000000000e+06 2.805887480000000000e+08 5.406155495370370045e+04 9.296875000000000000e-01 4.800000000000000000e+01 4.799999999999999822e-01 6.928203230275509217e-02 1.074217439999999896e-12 1.000000000000000000e+02
1.787500000000000000e+06 2.805888480000000000e+08 5.406155611111110920e+04 9.304108796296297612e-01 4.700000000000000000e+01 4.699999999999999734e-01 6.855654600401044074e-02 1.051837909999999974e-12 1.000000000000000000e+02
1.787600000000000000e+06 2.805889480000000000e+08 5.406155726851851796e+04 9.311342592592595224e-01 4.800000000000000000e+01 4.799999999999999822e-01 6.928203230275509217e-02 1.074217439999999896e-12 1.000000000000000000e+02
1.787700000000000000e+06 2.805890480000000000e+08 5.406155842592592671e+04 9.318576388888892836e-01 5.100000000000000000e+01 5.100000000000000089e-01 7.141428428542850870e-02 1.141356029999999865e-12 1.000000000000000000e+02
1.787800000000000000e+06 2.805891480000000000e+08 5.406155958333333547e+04 9.325810185185190448e-01 5.300000000000000000e+01 5.300000000000000266e-01 7.280109889280518554e-02 1.186115089999999911e-12 1.000000000000000000e+02
1.787900000000000000e+06 2.805892480000000000e+08 5.406156074074073695e+04 9.333043981481488061e-01 4.900000000000000000e+01 4.899999999999999911e-01 7.000000000000000666e-02 1.096596970000000020e-12 1.000000000000000000e+02
1.788000000000000000e+06 2.805893480000000000e+08 5.406156189814814570e+04 9.340277777777785673e-01 5.400000000000000000e+01 5.400000000000000355e-01 7.348469228349534255e-02 1.208494620000000035e-12 1.000000000000000000e+02
1.788100000000000000e+06 2.805894480000000000e+08 5.406156305555555446e+04 9.347511574074065521e-01 4.500000000000000000e+01 4.500000000000000111e-01 6.708203932499369471e-02 1.007078849999999928e-12 1.000000000000000000e+02
1.788200000000000000e+06 2.805895480000000000e+08 5.406156421296296321e+04 9.354745370370363133e-01 4.100000000000000000e+01 4.099999999999999756e-01 6.403124237432848698e-02 9.175607299999998357e-13 1.000000000000000000e+02
1.788300000000000000e+06 2.805896480000000000e+08 5.406156537037037197e+04 9.361979166666660745e-01 4.300000000000000000e+01 4.299999999999999933e-01 6.557438524302000582e-02 9.623197899999998819e-13 1.000000000000000000e+02
1.788400000000000000e+06 2.805897480000000000e+08 5.406156652777778072e+04 9.369212962962958358e-01 4.000000000000000000e+01 4.000000000000000222e-01 6.324555320336759656e-02 8.951812000000000146e-13 1.000000000000000000e+02
1.788500000000000000e+06 2.805898480000000000e+08 5.406156768518518220e+04 9.376446759259255970e-01 5.300000000000000000e+01 5.300000000000000266e-01 7.280109889280518554e-02 1.186115089999999911e-12 1.000000000000000000e+02
1.788600000000000000e+06 2.805899480000000000e+08 5.406156884259259095e+04 9.383680555555553582e-01 6.100000000000000000e+01 6.099999999999999867e-01 7.810249675906653921e-02 1.365151329999999894e-12 1.000000000000000000e+02
1.788700000000000000e+06 2.805900480000000000e+08 5.406156999999999971e+04 9.390914351851851194e-01 6.200000000000000000e+01 6.199999999999999956e-01 7.874007874011811070e-02 1.387530860000000018e-12 1.000000000000000000e+02
1.788800000000000000e+06 2.805901480000000000e+08 5.406157115740740846e+04 9.398148148148148806e-01 4.500000000000000000e+01 4.500000000000000111e-01 6.708203932499369471e-02 1.007078849999999928e-12 1.000000000000000000e+02
1.788900000000000000e+06 2.805902480000000000e+08 5.406157231481481722e+04 9.405381944444446418e-01 5.300000000000000000e+01 5.300000000000000266e-01 7.280109889280518554e-02 1.186115089999999911e-12 1.000000000000000000e+02
1.789000000000000000e+06 2.805903480000000000e+08 5.406157347222222597e+04 9.412615740740744030e-01 4.900000000000000000e+01 4.899999999999999911e-01 7.000000000000000666e-02 1.096596970000000020e-12 1.000000000000000000e+02
1.789100000000000000e+06 2.805904480000000000e+08 5.406157462962962745e+04 9.419849537037041642e-01 5.000000000000000000e+01 5.000000000000000000e-01 7.071067811865475172e-02 1.118976499999999943e-12 1.000000000000000000e+02
1.789200000000000000e+06 2.805905480000000000e+08 5.406157578703703621e+04 9.427083333333339255e-01 5.400000000000000000e+01 5.400000000000000355e-01 7.348469228349534255e-02 1.208494620000000035e-12 1.000000000000000000e+02
1.789300000000000000e+06 2.805906480000000000e+08 5.406157694444444496e+04 9.434317129629636867e-01 3.800000000000000000e+01 3.800000000000000044e-01 6.164414002968975764e-02 8.504221399999999684e-13 1.000000000000000000e+02
1.789400000000000000e+06 2.805907480000000000e+08 5.406157810185185372e+04 9.441550925925934479e-01 5.100000000000000000e+01 5.100000000000000089e-01 7.141428428542850870e-02 1.141356029999999865e-12 1.000000000000000000e+02
1.789500000000000000e+06 2.805908480000000000e+08 5.406157925925926247e+04 9.448784722222214327e-01 4.700000000000000000e+01 4.699999999999999734e-01 6.855654600401044074e-02 1.051837909999999974e-12 1.000000000000000000e+02
1.789600000000000000e+06 2.805909480000000000e+08 5.406158041666666395e+04 9.456018518518511939e-01 4.900000000000000000e+01 4.899999999999999911e-01 7.000000000000000666e-02 1.096596970000000020e-12 1.000000000000000000e+02
1.789700000000000000e+06 2.805910480000000000e+08 5.406158157407407271e+04 9.463252314814809552e-01 5.600000000000000000e+01 5.600000000000000533e-01 7.483314773547883325e-02 1.253253680000000081e-12 1.000000000000000000e+02
1.789800000000000000e+06 2.805911480000000000e+08 5.406158273148148146e+04 9.470486111111107164e-01 4.700000000000000000e+01 4.699999999999999734e-01 6.855654600401044074e-02 1.051837909999999974e-12 1.000000000000000000e+02
1.789900000000000000e+06 2.805912480000000000e+08 5.406158388888889021e+04 9.477719907407404776e-01 6.200000000000000000e+01 6.199999999999999956e-01 7.874007874011811070e-02 1.387530860000000018e-12 1.000000000000000000e+02
1.790000000000000000e+06 2.805913480000000000e+08 5.406158504629629897e+04 9.484953703703702388e-01 5.800000000000000000e+01 5.799999999999999600e-01 7.615773105863908599e-02 1.298012739999999925e-12 1.000000000000000000e+02
1.790100000000000000e+06 2.805914480000000000e+08 5.406158620370370045e+04 9.492187500000000000e-01 6.200000000000000000e+01 6.199999999999999956e-01 7.874007874011811070e-02 1.387530860000000018e-12 1.000000000000000000e+02
1.790200000000000000e+06 2.805915480000000000e+08 5.406158736111110920e+04 9.499421296296297612e-01 5.100000000000000000e+01 5.100000000000000089e-01 7.141428428542850870e-02 1.141356029999999865e-12 1.000000000000000000e+02
1.790300000000000000e+06 2.805916480000000000e+08 5.406158851851851796e+04 9.506655092592595224e-01 4.700000000000000000e+01 4.699999999999999734e-01 6.855654600401044074e-02 1.051837909999999974e-12 1.000000000000000000e+02
1.790400000000000000e+06 2.805917480000000000e+08 5.406158967592592671e+04 9.513888888888892836e-01 5.700000000000000000e+01 5.699999999999999512e-01 7.549834435270749711e-02 1.275633209999999801e-12 1.000000000000000000e+02
1.790500000000000000e+06 2.805918480000000000e+08 5.406159083333333547e+04 9.521122685185190448e-01 5.100000000000000000e+01 5.100000000000000089e-01 7.141428428542850870e-02 1.141356029999999865e-12 1.000000000000000000e+02
1.790600000000000000e+06 2.805919480000000000e+08 5.406159199074073695e+04 9.528356481481488061e-01 5.300000000000000000e+01 5.300000000000000266e-01 7.280109889280518554e-02 1.186115089999999911e-12 1.000000000000000000e+02
1.790700000000000000e+06 2.805920480000000000e+08 5.406159314814814570e+04 9.535590277777785673e-01 5.500000000000000000e+01 5.500000000000000444e-01 7.416198487095662650e-02 1.230874149999999957e-12 1.000000000000000000e+02
1.790800000000000000e+06 2.805921480000000000e+08 5.406159430555555446e+04 9.542824074074065521e-01 4.400000000000000000e+01 4.400000000000000022e-01 6.633249580710799675e-02 9.846993200000000059e-13 1.000000000000000000e+02
1.790900000000000000e+06 2.805922480000000000e+08 5.406159546296296321e+04 9.550057870370363133e-01 5.200000000000000000e+01 5.200000000000000178e-01 7.211102550927978028e-02 1.163735559999999989e-12 1.000000000000000000e+02
1.791000000000000000e+06 2.805923480000000000e+08 5.406159662037037197e+04 9.557291666666660745e-01 6.100000000000000000e+01 6.099999999999999867e-01 7.810249675906653921e-02 1.365151329999999894e-12 1.000000000000000000e+02
1.791100000000000000e+06 2.805924480000000000e+08 5.406159777777778072e+04 9.564525462962958358e-01 3.500000000000000000e+01 3.499999999999999778e-01 5.916079783099616185e-02 7.832835499999998992e-13 1.000000000000000000e+02
1.791200000000000000e+06 2.805925480000000000e+08 5.406159893518518220e+04 9.571759259259255970e-01 5.300000000000000000e+01 5.300000000000000266e-01 7.280109889280518554e-02 1.186115089999999911e-12 1.000000000000000000e+02
1.791300000000000000e+06 2.805926480000000000e+08 5.406160009259259095e+04 9.578993055555553582e-01 4.800000000000000000e+01 4.799999999999999822e-01 6.928203230275509217e-02 1.074217439999999896e-12 1.000000000000000000e+02
1.791400000000000000e+06 2.805927480000000000e+08 5.406160124999999971e+04 9.586226851851851194e-01 4.100000000000000000e+01 4.099999999999999756e-01 6.403124237432848698e-02 9.175607299999998357e-13 1.000000000000000000e+02
1.791500000000000000e+06 2.805928480000000000e+08 5.406160240740740846e+04 9.593460648148148806e-01 5.000000000000000000e+01 5.000000000000000000e-01 7.071067811865475172e-02 1.118976499999999943e-12 1.000000000000000000e+02
1.791600000000000000e+06 2.805929480000000000e+08 5.406160356481481722e+04 9.600694444444446418e-01 4.800000000000000000e+01 4.799999999999999822e-01 6.928203230275509217e-02 1.074217439999999896e-12 1.000000000000000000e+02
1.791700000000000000e+06 2.805930480000000000e+08 5.406160472222222597e+04 9.607928240740744030e-01 5.300000000000000000e+01 5.300000000000000266e-01 7.280109889280518554e-02 1.186115089999999911e-12 1.000000000000000000e+02
1.791800000000000000e+06 2.805931480000000000e+08 5.406160587962962745e+04 9.615162037037041642e-01 4.500000000000000000e+01 4.500000000000000111e-01 6.708203932499369471e-02 1.007078849999999928e-12 1.000000000000000000e+02
1.791900000000000000e+06 2.805932480000000000e+08 5.406160703703703621e+04 9.622395833333339255e-01 5.800000000000000000e+01 5.799999999999999600e-01 7.615773105863908599e-02 1.298012739999999925e-12 1.000000000000000000e+02
1.792000000000000000e+06 2.805933480000000000e+08 5.406160819444444496e+04 9.629629629629636867e-01 5.900000000000000000e+01 5.899999999999999689e-01 7.681145747868607654e-02 1.320392269999999847e-12 1.000000000000000000e+02
1.792100000000000000e+06 2.805934480000000000e+08 5.406160935185185372e+04 9.636863425925934479e-01 6.100000000000000000e+01 6.099999999999999867e-01 7.810249675906653921e-02 1.365151329999999894e-12 1.000000000000000000e+02
1.792200000000000000e+06 2.805935480000000000e+08 5.406161050925926247e+04 9.644097222222214327e-01 6.400000000000000000e+01 6.400000000000000133e-01 8.000000000000000167e-02 1.432289919999999862e-12 1.000000000000000000e+02
1.792300000000000000e+06 2.805936480000000000e+08 5.406161166666666395e+04 9.651331018518511939e-01 5.300000000000000000e+01 5.300000000000000266e-01 7.280109889280518554e-02 1.186115089999999911e-12 1.000000000000000000e+02
1.792400000000000000e+06 2.805937480000000000e+08 5.406161282407407271e+04 9.658564814814809552e-01 5.600000000000000000e+01 5.600000000000000533e-01 7.483314773547883325e-02 1.253253680000000081e-12 1.000000000000000000e+02
1.792500000000000000e+06 2.805938480000000000e+08 5.406161398148148146e+04 9.665798611111107164e-01 5.800000000000000000e+01 5.799999999999999600e-01 7.615773105863908599e-02 1.298012739999999925e-12 1.000000000000000000e+02
1.792600000000000000e+06 2.805939480000000000e+08 5.406161513888889021e+04 9.673032407407404776e-01 6.400000000000000000e+01 6.400000000000000133e-01 8.000000000000000167e-02 1.432289919999999862e-12 1.000000000000000000e+02
1.792700000000000000e+06 2.805940480000000000e+08 5.406161629629629897e+04 9.680266203703702388e-01 4.000000000000000000e+01 4.000000000000000222e-01 6.324555320336759656e-02 8.951812000000000146e-13 1.000000000000000000e+02
1.792800000000000000e+06 2.805941480000000000e+08 5.406161745370370045e+04 9.687500000000000000e-01 5.000000000000000000e+01 5.000000000000000000e-01 7.071067811865475172e-02 1.118976499999999943e-12 1.000000000000000000e+02
1.792900000000000000e+06 2.805942480000000000e+08 5.406161861111110920e+04 9.694733796296297612e-01 5.800000000000000000e+01 5.799999999999999600e-01 7.615773105863908599e-02 1.298012739999999925e-12 1.000000000000000000e+02
1.793000000000000000e+06 2.805943480000000000e+08 5.406161976851851796e+04 9.701967592592595224e-01 5.400000000000000000e+01 5.400000000000000355e-01 7.348469228349534255e-02 1.208494620000000035e-12 1.000000000000000000e+02
1.793100000000000000e+06 2.805944480000000000e+08 5.406162092592592671e+04 9.709201388888892836e-01 4.800000000000000000e+01 4.799999999999999822e-01 6.928203230275509217e-02 1.074217439999999896e-12 1.000000000000000000e+02
1.793200000000000000e+06 2.805945480000000000e+08 5.406162208333333547e+04 9.716435185185190448e-01 5.800000000000000000e+01 5.799999999999999600e-01 7.615773105863908599e-02 1.298012739999999925e-12 1.000000000000000000e+02
1.793300000000000000e+06 2.805946480000000000e+08 5.406162324074073695e+04 9.723668981481488061e-01 4.800000000000000000e+01 4.799999999999999822e-01 6.928203230275509217e-02 1.074217439999999896e-12 1.000000000000000000e+02
1.793400000000000000e+06 2.805947480000000000e+08 5.406162439814814570e+04 9.730902777777785673e-01 6.200000000000000000e+01 6.199999999999999956e-01 7.874007874011811070e-02 1.387530860000000018e-12 1.000000000000000000e+02
1.793500000000000000e+06 2.805948480000000000e+08 5.406162555555555446e+04 9.738136574074065521e-01 4.600000000000000000e+01 4.600000000000000200e-01 6.782329983125268136e-02 1.029458380000000052e-12 1.000000000000000000e+02
1.793600000000000000e+06 2.805949480000000000e+08 5.406162671296296321e+04 9.745370370370363133e-01 4.900000000000000000e+01 4.899999999999999911e-01 7.000000000000000666e-02 1.096596970000000020e-12 1.000000000000000000e+02
1.793700000000000000e+06 2.805950480000000000e+08 5.406162787037037197e+04 9.752604166666660745e-01 4.400000000000000000e+01 4.400000000000000022e-01 6.633249580710799675e-02 9.846993200000000059e-13 1.000000000000000000e+02
1.793800000000000000e+06 2.805951480000000000e+08 5.406162902777778072e+04 9.759837962962958358e-01 4.800000000000000000e+01 4.799999999999999822e-01 6.928203230275509217e-02 1.074217439999999896e-12 1.000000000000000000e+02
1.793900000000000000e+06 2.805952480000000000e+08 5.406163018518518220e+04 9.767071759259255970e-01 5.600000000000000000e+01 5.600000000000000533e-01 7.483314773547883325e-02 1.253253680000000081e-12 1.000000000000000000e+02
1.794000000000000000e+06 2.805953480000000000e+08 5.406163134259259095e+04 9.774305555555553582e-01 5.500000000000000000e+01 5.500000000000000444e-01 7.416198487095662650e-02 1.230874149999999957e-12 1.000000000000000000e+02
1.794100000000000000e+06 2.805954480000000000e+08 5.406163249999999971e+04 9.781539351851851194e-01 6.400000000000000000e+01 6.400000000000000133e-01 8.000000000000000167e-02 1.432289919999999862e-12 1.000000000000000000e+02
1.794200000000000000e+06 2.805955480000000000e+08 5.406163365740740846e+04 9.788773148148148806e-01 6.000000000000000000e+01 5.999999999999999778e-01 7.745966692414833765e-02 1.342771799999999971e-12 1.000000000000000000e+02
1.794300000000000000e+06 2.805956480000000000e+08 5.406163481481481722e+04 9.796006944444446418e-01 5.000000000000000000e+01 5.000000000000000000e-01 7.071067811865475172e-02 1.118976499999999943e-12 1.000000000000000000e+02
1.794400000000000000e+06 2.805957480000000000e+08 5.406163597222222597e+04 9.803240740740744030e-01 5.500000000000000000e+01 5.500000000000000444e-01 7.416198487095662650e-02 1.230874149999999957e-12 1.000000000000000000e+02
1.794500000000000000e+06 2.805958480000000000e+08 5.406163712962962745e+04 9.810474537037041642e-01 5.200000000000000000e+01 5.200000000000000178e-01 7.211102550927978028e-02 1.163735559999999989e-12 1.000000000000000000e+02
1.794600000000000000e+06 2.805959480000000000e+08 5.406163828703703621e+04 9.817708333333339255e-01 3.800000000000000000e+01 3.800000000000000044e-01 6.164414002968975764e-02 8.504221399999999684e-13 1.000000000000000000e+02
1.794700000000000000e+06 2.805960480000000000e+08 5.406163944444444496e+04 9.824942129629636867e-01 5.000000000000000000e+01 5.000000000000000000e-01 7.071067811865475172e-02 1.118976499999999943e-12 1.000000000000000000e+02
1.794800000000000000e+06 2.805961480000000000e+08 5.406164060185185372e+04 9.832175925925934479e-01 4.900000000000000000e+01 4.899999999999999911e-01 7.000000000000000666e-02 1.096596970000000020e-12 1.000000000000000000e+02
1.794900000000000000e+06 2.805962480000000000e+08 5.406164175925926247e+04 9.839409722222214327e-01 5.800000000000000000e+01 5.799999999999999600e-01 7.615773105863908599e-02 1.298012739999999925e-12 1.000000000000000000e+02
1.795000000000000000e+06 2.805963480000000000e+08 5.406164291666666395e+04 9.846643518518511939e-01 5.200000000000000000e+01 5.200000000000000178e-01 7.211102550927978028e-02 1.163735559999999989e-12 1.000000000000000000e+02
1.795100000000000000e+06 2.805964480000000000e+08 5.406164407407407271e+04 9.853877314814809552e-01 4.000000000000000000e+01 4.000000000000000222e-01 6.324555320336759656e-02 8.951812000000000146e-13 1.000000000000000000e+02
1.795200000000000000e+06 2.805965480000000000e+08 5.406164523148148146e+04 9.861111111111107164e-01 4.900000000000000000e+01 4.899999999999999911e-01 7.000000000000000666e-02 1.096596970000000020e-12 1.000000000000000000e+02
1.795300000000000000e+06 2.805966480000000000e+08 5.406164638888889021e+04 9.868344907407404776e-01 5.500000000000000000e+01 5.500000000000000444e-01 7.416198487095662650e-02 1.230874149999999957e-12 1.000000000000000000e+02
1.795400000000000000e+06 2.805967480000000000e+08 5.406164754629629897e+04 9.875578703703702388e-01 5.300000000000000000e+01 5.300000000000000266e-01 7.280109889280518554e-02 1.186115089999999911e-12 1.000000000000000000e+02
1.795500000000000000e+06 2.805968480000000000e+08 5.406164870370370045e+04 9.882812500000000000e-01 6.400000000000000000e+01 6.400000000000000133e-01 8.000000000000000167e-02 1.432289919999999862e-12 1.000000000000000000e+02
1.795600000000000000e+06 2.805969480000000000e+08 5.406164986111110920e+04 9.890046296296297612e-01 5.100000000000000000e+01 5.100000000000000089e-01 7.141428428542850870e-02 1.141356029999999865e-12 1.000000000000000000e+02
1.795700000000000000e+06 2.805970480000000000e+08 5.406165101851851796e+04 9.897280092592595224e-01 4.800000000000000000e+01 4.799999999999999822e-01 6.928203230275509217e-02 1.074217439999999896e-12 1.000000000000000000e+02
1.795800000000000000e+06 2.805971480000000000e+08 5.406165217592592671e+04 9.904513888888892836e-01 4.500000000000000000e+01 4.500000000000000111e-01 6.708203932499369471e-02 1.007078849999999928e-12 1.000000000000000000e+02
1.795900000000000000e+06 2.805972480000000000e+08 5.406165333333333547e+04 9.911747685185190448e-01 6.100000000000000000e+01 6.099999999999999867e-01 7.810249675906653921e-02 1.365151329999999894e-12 1.000000000000000000e+02
1.796000000000000000e+06 2.805973480000000000e+08 5.406165449074073695e+04 9.918981481481488061e-01 4.200000000000000000e+01 4.199999999999999845e-01 6.480740698407860823e-02 9.399402599999999598e-13 1.000000000000000000e+02
1.796100000000000000e+06 2.805974480000000000e+08 5.406165564814814570e+04 9.926215277777785673e-01 5.400000000000000000e+01 5.400000000000000355e-01 7.348469228349534255e-02 1.208494620000000035e-12 1.000000000000000000e+02
1.796200000000000000e+06 2.805975480000000000e+08 5.406165680555555446e+04 9.933449074074065521e-01 5.000000000000000000e+01 5.000000000000000000e-01 7.071067811865475172e-02 1.118976499999999943e-12 1.000000000000000000e+02
1.796300000000000000e+06 2.805976480000000000e+08 5.406165796296296321e+04 9.940682870370363133e-01 5.600000000000000000e+01 5.600000000000000533e-01 7.483314773547883325e-02 1.253253680000000081e-12 1.000000000000000000e+02
1.796400000000000000e+06 2.805977480000000000e+08 5.406165912037037197e+04 9.947916666666660745e-01 4.700000000000000000e+01 4.699999999999999734e-01 6.855654600401044074e-02 1.051837909999999974e-12 1.000000000000000000e+02
1.796500000000000000e+06 2.805978480000000000e+08 5.406166027777778072e+04 9.955150462962958358e-01 6.700000000000000000e+01 6.700000000000000400e-01 8.185352771872450584e-02 1.499428510000000032e-12 1.000000000000000000e+02
1.796600000000000000e+06 2.805979480000000000e+08 5.406166143518518220e+04 9.962384259259255970e-01 4.900000000000000000e+01 4.899999999999999911e-01 7.000000000000000666e-02 1.096596970000000020e-12 1.000000000000000000e+02
1.796700000000000000e+06 2.805980480000000000e+08 5.406166259259259095e+04 9.969618055555553582e-01 3.800000000000000000e+01 3.800000000000000044e-01 6.164414002968975764e-02 8.504221399999999684e-13 1.000000000000000000e+02
1.796800000000000000e+06 2.805981480000000000e+08 5.406166374999999971e+04 9.976851851851851194e-01 5.400000000000000000e+01 5.400000000000000355e-01 7.348469228349534255e-02 1.208494620000000035e-12 1.000000000000000000e+02
1.796900000000000000e+06 2.805982480000000000e+08 5.406166490740740846e+04 9.984085648148148806e-01 5.100000000000000000e+01 5.100000000000000089e-01 7.141428428542850870e-02 1.141356029999999865e-12 1.000000000000000000e+02
1.797000000000000000e+06 2.805983480000000000e+08 5.406166606481481722e+04 9.991319444444446418e-01 6.100000000000000000e+01 6.099999999999999867e-01 7.810249675906653921e-02 1.365151329999999894e-12 1.000000000000000000e+02
1.797100000000000000e+06 2.805984480000000000e+08 5.406166722222222597e+04 9.998553240740744030e-01 5.000000000000000000e+01 5.000000000000000000e-01 7.071067811865475172e-02 1.118976499999999943e-12 1.000000000000000000e+02
1.797200000000000000e+06 2.805985480000000000e+08 5.406166837962962745e+04 5.787037037041642407e-04 5.800000000000000000e+01 5.799999999999999600e-01 7.615773105863908599e-02 1.298012739999999925e-12 1.000000000000000000e+02
1.797300000000000000e+06 2.805986480000000000e+08 5.406166953703703621e+04 1.302083333333925452e-03 4.300000000000000000e+01 4.299999999999999933e-01 6.557438524302000582e-02 9.623197899999998819e-13 1.000000000000000000e+02
1.797400000000000000e+06 2.805987480000000000e+08 5.406167069444444496e+04 2.025462962963686664e-03 5.300000000000000000e+01 5.300000000000000266e-01 7.280109889280518554e-02 1.186115089999999911e-12 1.000000000000000000e+02
1.797500000000000000e+06 2.805988480000000000e+08 5.406167185185185372e+04 2.748842592593447876e-03 6.000000000000000000e+01 5.999999999999999778e-01 7.745966692414833765e-02 1.342771799999999971e-12 1.000000000000000000e+02
1.797600000000000000e+06 2.805989480000000000e+08 5.406167300925926247e+04 3.472222222221432730e-03 4.700000000000000000e+01 4.699999999999999734e-01 6.855654600401044074e-02 1.051837909999999974e-12 1.000000000000000000e+02
1.797700000000000000e+06 2.805990480000000000e+08 5.406167416666666395e+04 4.195601851851193942e-03 4.700000000000000000e+01 4.699999999999999734e-01 6.855654600401044074e-02 1.051837909999999974e-12 1.000000000000000000e+02
1.797800000000000000e+06 2.805991480000000000e+08 5.406167532407407271e+04 4.918981481480955154e-03 4.300000000000000000e+01 4.299999999999999933e-01 6.557438524302000582e-02 9.623197899999998819e-13 1.000000000000000000e+02
1.797900000000000000e+06 2.805992480000000000e+08 5.406167648148148146e+04 5.642361111110716365e-03 4.600000000000000000e+01 4.600000000000000200e-01 6.782329983125268136e-02 1.029458380000000052e-12 1.000000000000000000e+02
1.798000000000000000e+06 2.805993480000000000e+08 5.406167763888889021e+04 6.365740740740477577e-03 4.400000000000000000e+01 4.400000000000000022e-01 6.633249580710799675e-02 9.846993200000000059e-13 1.000000000000000000e+02
1.798100000000000000e+06 2.805994480000000000e+08 5.406167879629629897e+04 7.089120370370238788e-03 4.600000000000000000e+01 4.600000000000000200e-01 6.782329983125268136e-02 1.029458380000000052e-12 1.000000000000000000e+02
1.798200000000000000e+06 2.805995480000000000e+08 5.406167995370370045e+04 7.812500000000000000e-03 6.200000000000000000e+01 6.199999999999999956e-01 7.874007874011811070e-02 1.387530860000000018e-12 1.000000000000000000e+02
1.798300000000000000e+06 2.805996480000000000e+08 5.406168111111110920e+04 8.535879629629761212e-03 5.700000000000000000e+01 5.699999999999999512e-01 7.549834435270749711e-02 1.275633209999999801e-12 1.000000000000000000e+02
1.798400000000000000e+06 2.805997480000000000e+08 5.406168226851851796e+04 9.259259259259522423e-03 4.000000000000000000e+01 4.000000000000000222e-01 6.324555320336759656e-02 8.951812000000000146e-13 1.000000000000000000e+02
1.798500000000000000e+06 2.805998480000000000e+08 5.406168342592592671e+04 9.982638888889283635e-03 5.100000000000000000e+01 5.100000000000000089e-01 7.141428428542850870e-02 1.141356029999999865e-12 1.000000000000000000e+02
1.798600000000000000e+06 2.805999480000000000e+08 5.406168458333333547e+04 1.070601851851904485e-02 4.300000000000000000e+01 4.299999999999999933e-01 6.557438524302000582e-02 9.623197899999998819e-13 1.000000000000000000e+02
1.798700000000000000e+06 2.806000480000000000e+08 5.406168574074073695e+04 1.142939814814880606e-02 5.800000000000000000e+01 5.799999999999999600e-01 7.615773105863908599e-02 1.298012739999999925e-12 1.000000000000000000e+02
1.798800000000000000e+06 2.806001480000000000e+08 5.406168689814814570e+04 1.215277777777856727e-02 4.100000000000000000e+01 4.099999999999999756e-01 6.403124237432848698e-02 9.175607299999998357e-13 1.000000000000000000e+02
1.798900000000000000e+06 2.806002480000000000e+08 5.406168805555555446e+04 1.287615740740655212e-02 5.200000000000000000e+01 5.200000000000000178e-01 7.211102550927978028e-02 1.163735559999999989e-12 1.000000000000000000e+02
1.799000000000000000e+06 2.806003480000000000e+08 5.406168921296296321e+04 1.359953703703631334e-02 3.300000000000000000e+01 3.300000000000000155e-01 5.744562646538028949e-02 7.385244899999999540e-13 1.000000000000000000e+02
1.799100000000000000e+06 2.806004480000000000e+08 5.406169037037037197e+04 1.432291666666607455e-02 4.600000000000000000e+01 4.600000000000000200e-01 6.782329983125268136e-02 1.029458380000000052e-12 1.000000000000000000e+02
1.799200000000000000e+06 2.806005480000000000e+08 5.406169152777778072e+04 1.504629629629583576e-02 5.000000000000000000e+01 5.000000000000000000e-01 7.071067811865475172e-02 1.118976499999999943e-12 1.000000000000000000e+02
1.799300000000000000e+06 2.806006480000000000e+08 5.406169268518518220e+04 1.576967592592559697e-02 5.400000000000000000e+01 5.400000000000000355e-01 7.348469228349534255e-02 1.208494620000000035e-12 1.000000000000000000e+02
1.799400000000000000e+06 2.806007480000000000e+08 5.406169384259259095e+04 1.649305555555535818e-02 6.700000000000000000e+01 6.700000000000000400e-01 8.185352771872450584e-02 1.499428510000000032e-12 1.000000000000000000e+02
1.799500000000000000e+06 2.806008480000000000e+08 5.406169499999999971e+04 1.721643518518511939e-02 4.800000000000000000e+01 4.799999999999999822e-01 6.928203230275509217e-02 1.074217439999999896e-12 1.000000000000000000e+02
1.799600000000000000e+06 2.806009480000000000e+08 5.406169615740740846e+04 1.793981481481488061e-02 7.300000000000000000e+01 7.299999999999999822e-01 8.544003745317529930e-02 1.633705689999999969e-12 1.000000000000000000e+02
1.799700000000000000e+06 2.806010480000000000e+08 5.406169731481481722e+04 1.866319444444464182e-02 5.900000000000000000e+01 5.899999999999999689e-01 7.681145747868607654e-02 1.320392269999999847e-12 1.000000000000000000e+02
1.799800000000000000e+06 2.806011480000000000e+08 5.406169847222222597e+04 1.938657407407440303e-02 5.600000000000000000e+01 5.600000000000000533e-01 7.483314773547883325e-02 1.253253680000000081e-12 1.000000000000000000e+02
1.799900000000000000e+06 2.806012480000000000e+08 5.406169962962962745e+04 2.010995370370416424e-02 4.400000000000000000e+01 4.400000000000000022e-01 6.633249580710799675e-02 9.846993200000000059e-13 1.000000000000000000e+02
1.800000000000000000e+06 2.806013480000000000e+08 5.406170078703703621e+04 2.083333333333392545e-02 4.600000000000000000e+01 4.600000000000000200e-01 6.782329983125268136e-02 1.029458380000000052e-12 1.000000000000000000e+02
1.800100000000000000e+06 2.806014480000000000e+08 5.406170194444444496e+04 2.155671296296368666e-02 5.300000000000000000e+01 5.300000000000000266e-01 7.280109889280518554e-02 1.186115089999999911e-12 1.000000000000000000e+02
1.800200000000000000e+06 2.806015480000000000e+08 5.406170310185185372e+04 2.228009259259344788e-02 4.700000000000000000e+01 4.699999999999999734e-01 6.855654600401044074e-02 1.051837909999999974e-12 1.000000000000000000e+02
1.800300000000000000e+06 2.806016480000000000e+08 5.406170425925926247e+04 2.300347222222143273e-02 5.700000000000000000e+01 5.699999999999999512e-01 7.549834435270749711e-02 1.275633209999999801e-12 1.000000000000000000e+02
1.800400000000000000e+06 2.806017480000000000e+08 5.406170541666666395e+04 2.372685185185119394e-02 5.700000000000000000e+01 5.699999999999999512e-01 7.549834435270749711e-02 1.275633209999999801e-12 1.000000000000000000e+02
1.800500000000000000e+06 2.806018480000000000e+08 5.406170657407407271e+04 2.445023148148095515e-02 3.600000000000000000e+01 3.599999999999999867e-01 5.999999999999999778e-02 8.056630799999999223e-13 1.000000000000000000e+02
1.800600000000000000e+06 2.806019480000000000e+08 5.406170773148148146e+04 2.517361111111071637e-02 6.000000000000000000e+01 5.999999999999999778e-01 7.745966692414833765e-02 1.342771799999999971e-12 1.000000000000000000e+02
1.800700000000000000e+06 2.806020480000000000e+08 5.406170888888889021e+04 2.589699074074047758e-02 6.300000000000000000e+01 6.300000000000000044e-01 7.937253933193771926e-02 1.409910389999999940e-12 1.000000000000000000e+02
1.800800000000000000e+06 2.806021480000000000e+08 5.406171004629629897e+04 2.662037037037023879e-02 3.100000000000000000e+01 3.099999999999999978e-01 5.567764362830021629e-02 6.937654300000000088e-13 1.000000000000000000e+02
1.800900000000000000e+06 2.806022480000000000e+08 5.406171120370370045e+04 2.734375000000000000e-02 4.300000000000000000e+01 4.299999999999999933e-01 6.557438524302000582e-02 9.623197899999998819e-13 1.000000000000000000e+02
1.801000000000000000e+06 2.806023480000000000e+08 5.406171236111110920e+04 2.806712962962976121e-02 6.500000000000000000e+01 6.500000000000000222e-01 8.062257748298548576e-02 1.454669449999999986e-12 1.000000000000000000e+02
1.801100000000000000e+06 2.806024480000000000e+08 5.406171351851851796e+04 2.879050925925952242e-02 6.700000000000000000e+01 6.700000000000000400e-01 8.185352771872450584e-02 1.499428510000000032e-12 1.000000000000000000e+02
1.801200000000000000e+06 2.806025480000000000e+08 5.406171467592592671e+04 2.951388888888928363e-02 5.000000000000000000e+01 5.000000000000000000e-01 7.071067811865475172e-02 1.118976499999999943e-12 1.000000000000000000e+02
1.804300000000000000e+06 2.806056480000000000e+08 5.406175055555555446e+04 5.193865740740655212e-02 6.300000000000000000e+01 6.300000000000000044e-01 7.937253933193771926e-02 1.409910389999999940e-12 1.000000000000000000e+02
1.804400000000000000e+06 2.806057480000000000e+08 5.406175171296296321e+04 5.266203703703631334e-02 5.100000000000000000e+01 5.100000000000000089e-01 7.141428428542850870e-02 1.141356029999999865e-12 1.000000000000000000e+02
1.804500000000000000e+06 2.806058480000000000e+08 5.406175287037037197e+04 5.338541666666607455e-02 6.800000000000000000e+01 6.800000000000000488e-01 8.246211251235320561e-02 1.521808039999999954e-12 1.000000000000000000e+02
1.804600000000000000e+06 2.806059480000000000e+08 5.406175402777778072e+04 5.410879629629583576e-02 5.800000000000000000e+01 5.799999999999999600e-01 7.615773105863908599e-02 1.298012739999999925e-12 1.000000000000000000e+02
1.804700000000000000e+06 2.806060480000000000e+08 5.406175518518518220e+04 5.483217592592559697e-02 3.900000000000000000e+01 3.900000000000000133e-01 6.244997998398398031e-02 8.728016699999999915e-13 1.000000000000000000e+02
1.804800000000000000e+06 2.806061480000000000e+08 5.406175634259259095e+04 5.555555555555535818e-02 6.100000000000000000e+01 6.099999999999999867e-01 7.810249675906653921e-02 1.365151329999999894e-12 1.000000000000000000e+02
1.804900000000000000e+06 2.806062480000000000e+08 5.406175749999999971e+04 5.627893518518511939e-02 6.200000000000000000e+01 6.199999999999999956e-01 7.874007874011811070e-02 1.387530860000000018e-12 1.000000000000000000e+02
1.805000000000000000e+06 2.806063480000000000e+08 5.406175865740740846e+04 5.700231481481488061e-02 5.900000000000000000e+01 5.899999999999999689e-01 7.681145747868607654e-02 1.320392269999999847e-12 1.000000000000000000e+02
1.805100000000000000e+06 2.806064480000000000e+08 5.406175981481481722e+04 5.772569444444464182e-02 5.200000000000000000e+01 5.200000000000000178e-01 7.211102550927978028e-02 1.163735559999999989e-12 1.000000000000000000e+02
1.805200000000000000e+06 2.806065480000000000e+08 5.406176097222222597e+04 5.844907407407440303e-02 6.100000000000000000e+01 6.099999999999999867e-01 7.810249675906653921e-02 1.365151329999999894e-12 1.000000000000000000e+02
1.805300000000000000e+06 2.806066480000000000e+08 5.406176212962962745e+04 5.917245370370416424e-02 4.900000000000000000e+01 4.899999999999999911e-01 7.000000000000000666e-02 1.096596970000000020e-12 1.000000000000000000e+02
1.805400000000000000e+06 2.806067480000000000e+08 5.406176328703703621e+04 5.989583333333392545e-02 3.000000000000000000e+01 2.999999999999999889e-01 5.477225575051661299e-02 6.713858999999999857e-13 1.000000000000000000e+02
1.805500000000000000e+06 2.806068480000000000e+08 5.406176444444444496e+04 6.061921296296368666e-02 4.500000000000000000e+01 4.500000000000000111e-01 6.708203932499369471e-02 1.007078849999999928e-12 1.000000000000000000e+02
1.805600000000000000e+06 2.806069480000000000e+08 5.406176560185185372e+04 6.134259259259344788e-02 5.500000000000000000e+01 5.500000000000000444e-01 7.416198487095662650e-02 1.230874149999999957e-12 1.000000000000000000e+02
1.805700000000000000e+06 2.806070480000000000e+08 5.406176675925926247e+04 6.206597222222143273e-02 5.000000000000000000e+01 5.000000000000000000e-01 7.071067811865475172e-02 1.118976499999999943e-12 1.000000000000000000e+02
1.805800000000000000e+06 2.806071480000000000e+08 5.406176791666666395e+04 6.278935185185119394e-02 4.300000000000000000e+01 4.299999999999999933e-01 6.557438524302000582e-02 9.623197899999998819e-13 1.000000000000000000e+02
1.805900000000000000e+06 2.806072480000000000e+08 5.406176907407407271e+04 6.351273148148095515e-02 3.700000000000000000e+01 3.699999999999999956e-01 6.082762530298219117e-02 8.280426099999999453e-13 1.000000000000000000e+02
1.806000000000000000e+06 2.806073480000000000e+08 5.406177023148148146e+04 6.423611111111071637e-02 5.800000000000000000e+01 5.799999999999999600e-01 7.615773105863908599e-02 1.298012739999999925e-12 1.000000000000000000e+02
1.806100000000000000e+06 2.806074480000000000e+08 5.406177138888889021e+04 6.495949074074047758e-02 4.200000000000000000e+01 4.199999999999999845e-01 6.480740698407860823e-02 9.399402599999999598e-13 1.000000000000000000e+02
1.806200000000000000e+06 2.806075480000000000e+08 5.406177254629629897e+04 6.568287037037023879e-02 5.200000000000000000e+01 5.200000000000000178e-01 7.211102550927978028e-02 1.163735559999999989e-12 1.000000000000000000e+02
1.806300000000000000e+06 2.806076480000000000e+08 5.406177370370370045e+04 6.640625000000000000e-02 6.400000000000000000e+01 6.400000000000000133e-01 8.000000000000000167e-02 1.432289919999999862e-12 1.000000000000000000e+02
1.806400000000000000e+06 2.806077480000000000e+08 5.406177486111110920e+04 6.712962962962976121e-02 3.900000000000000000e+01 3.900000000000000133e-01 6.244997998398398031e-02 8.728016699999999915e-13 1.000000000000000000e+02
1.806500000000000000e+06 2.806078480000000000e+08 5.406177601851851796e+04 6.785300925925952242e-02 4.700000000000000000e+01 4.699999999999999734e-01 6.855654600401044074e-02 1.051837909999999974e-12 1.000000000000000000e+02
1.806600000000000000e+06 2.806079480000000000e+08 5.406177717592592671e+04 6.857638888888928363e-02 4.300000000000000000e+01 4.299999999999999933e-01 6.557438524302000582e-02 9.623197899999998819e-13 1.000000000000000000e+02
1.806700000000000000e+06 2.806080480000000000e+08 5.406177833333333547e+04 6.929976851851904485e-02 4.900000000000000000e+01 4.899999999999999911e-01 7.000000000000000666e-02 1.096596970000000020e-12 1.000000000000000000e+02
1.806800000000000000e+06 2.806081480000000000e+08 5.406177949074073695e+04 7.002314814814880606e-02 6.200000000000000000e+01 6.199999999999999956e-01 7.874007874011811070e-02 1.387530860000000018e-12 1.000000000000000000e+02
1.806900000000000000e+06 2.806082480000000000e+08 5.406178064814814570e+04 7.074652777777856727e-02 5.400000000000000000e+01 5.400000000000000355e-01 7.348469228349534255e-02 1.208494620000000035e-12 1.000000000000000000e+02
1.807000000000000000e+06 2.806083480000000000e+08 5.406178180555555446e+04 7.146990740740655212e-02 4.500000000000000000e+01 4.500000000000000111e-01 6.708203932499369471e-02 1.007078849999999928e-12 1.000000000000000000e+02
1.807100000000000000e+06 2.806084480000000000e+08 5.406178296296296321e+04 7.219328703703631334e-02 5.300000000000000000e+01 5.300000000000000266e-01 7.280109889280518554e-02 1.186115089999999911e-12 1.000000000000000000e+02
1.807200000000000000e+06 2.806085480000000000e+08 5.406178412037037197e+04 7.291666666666607455e-02 4.100000000000000000e+01 4.099999999999999756e-01 6.403124237432848698e-02 9.175607299999998357e-13 1.000000000000000000e+02
1.807300000000000000e+06 2.806086480000000000e+08 5.406178527777778072e+04 7.364004629629583576e-02 6.500000000000000000e+01 6.500000000000000222e-01 8.062257748298548576e-02 1.454669449999999986e-12 1.000000000000000000e+02
1.807400000000000000e+06 2.806087480000000000e+08 5.406178643518518220e+04 7.436342592592559697e-02 4.600000000000000000e+01 4.600000000000000200e-01 6.782329983125268136e-02 1.029458380000000052e-12 1.000000000000000000e+02
1.807500000000000000e+06 2.806088480000000000e+08 5.406178759259259095e+04 7.508680555555535818e-02 4.800000000000000000e+01 4.799999999999999822e-01 6.928203230275509217e-02 1.074217439999999896e-12 1.000000000000000000e+02
1.807600000000000000e+06 2.806089480000000000e+08 5.406178874999999971e+04 7.581018518518511939e-02 5.600000000000000000e+01 5.600000000000000533e-01 7.483314773547883325e-02 1.253253680000000081e-12 1.000000000000000000e+02
1.807700000000000000e+06 2.806090480000000000e+08 5.406178990740740846e+04 7.653356481481488061e-02 4.200000000000000000e+01 4.199999999999999845e-01 6.480740698407860823e-02 9.399402599999999598e-13 1.000000000000000000e+02
1.807800000000000000e+06 2.806091480000000000e+08 5.406179106481481722e+04 7.725694444444464182e-02 4.400000000000000000e+01 4.400000000000000022e-01 6.633249580710799675e-02 9.846993200000000059e-13 1.000000000000000000e+02
1.807900000000000000e+06 2.806092480000000000e+08 5.406179222222222597e+04 7.798032407407440303e-02 5.300000000000000000e+01 5.300000000000000266e-01 7.280109889280518554e-02 1.186115089999999911e-12 1.000000000000000000e+02
1.808000000000000000e+06 2.806093480000000000e+08 5.406179337962962745e+04 7.870370370370416424e-02 4.800000000000000000e+01 4.799999999999999822e-01 6.928203230275509217e-02 1.074217439999999896e-12 1.000000000000000000e+02
1.808100000000000000e+06 2.806094480000000000e+08 5.406179453703703621e+04 7.942708333333392545e-02 3.400000000000000000e+01 3.400000000000000244e-01 5.830951894845300826e-02 7.609040199999999771e-13 1.000000000000000000e+02
1.808200000000000000e+06 2.806095480000000000e+08 5.406179569444444496e+04 8.015046296296368666e-02 5.100000000000000000e+01 5.100000000000000089e-01 7.141428428542850870e-02 1.141356029999999865e-12 1.000000000000000000e+02
1.808300000000000000e+06 2.806096480000000000e+08 5.406179685185185372e+04 8.087384259259344788e-02 3.500000000000000000e+01 3.499999999999999778e-01 5.916079783099616185e-02 7.832835499999998992e-13 1.000000000000000000e+02
1.808400000000000000e+06 2.806097480000000000e+08 5.406179800925926247e+04 8.159722222222143273e-02 4.400000000000000000e+01 4.400000000000000022e-01 6.633249580710799675e-02 9.846993200000000059e-13 1.000000000000000000e+02
1.808500000000000000e+06 2.806098480000000000e+08 5.406179916666666395e+04 8.232060185185119394e-02 5.900000000000000000e+01 5.899999999999999689e-01 7.681145747868607654e-02 1.320392269999999847e-12 1.000000000000000000e+02
1.808600000000000000e+06 2.806099480000000000e+08 5.406180032407407271e+04 8.304398148148095515e-02 7.000000000000000000e+01 6.999999999999999556e-01 8.366600265340755349e-02 1.566567099999999798e-12 1.000000000000000000e+02
1.808700000000000000e+06 2.806100480000000000e+08 5.406180148148148146e+04 8.376736111111071637e-02 5.200000000000000000e+01 5.200000000000000178e-01 7.211102550927978028e-02 1.163735559999999989e-12 1.000000000000000000e+02
1.808800000000000000e+06 2.806101480000000000e+08 5.406180263888889021e+04 8.449074074074047758e-02 5.800000000000000000e+01 5.799999999999999600e-01 7.615773105863908599e-02 1.298012739999999925e-12 1.000000000000000000e+02
1.808900000000000000e+06 2.806102480000000000e+08 5.406180379629629897e+04 8.521412037037023879e-02 6.000000000000000000e+01 5.999999999999999778e-01 7.745966692414833765e-02 1.342771799999999971e-12 1.000000000000000000e+02
1.809000000000000000e+06 2.806103480000000000e+08 5.406180495370370045e+04 8.593750000000000000e-02 5.000000000000000000e+01 5.000000000000000000e-01 7.071067811865475172e-02 1.118976499999999943e-12 1.000000000000000000e+02
1.809100000000000000e+06 2.806104480000000000e+08 5.406180611111110920e+04 8.666087962962976121e-02 6.200000000000000000e+01 6.199999999999999956e-01 7.874007874011811070e-02 1.387530860000000018e-12 1.000000000000000000e+02
1.809200000000000000e+06 2.806105480000000000e+08 5.406180726851851796e+04 8.738425925925952242e-02 5.900000000000000000e+01 5.899999999999999689e-01 7.681145747868607654e-02 1.320392269999999847e-12 1.000000000000000000e+02
1.809300000000000000e+06 2.806106480000000000e+08 5.406180842592592671e+04 8.810763888888928363e-02 4.600000000000000000e+01 4.600000000000000200e-01 6.782329983125268136e-02 1.029458380000000052e-12 1.000000000000000000e+02
1.809400000000000000e+06 2.806107480000000000e+08 5.406180958333333547e+04 8.883101851851904485e-02 4.600000000000000000e+01 4.600000000000000200e-01 6.782329983125268136e-02 1.029458380000000052e-12 1.000000000000000000e+02
1.809500000000000000e+06 2.806108480000000000e+08 5.406181074074073695e+04 8.955439814814880606e-02 4.800000000000000000e+01 4.799999999999999822e-01 6.928203230275509217e-02 1.074217439999999896e-12 1.000000000000000000e+02
1.809600000000000000e+06 2.806109480000000000e+08 5.406181189814814570e+04 9.027777777777856727e-02 5.000000000000000000e+01 5.000000000000000000e-01 7.071067811865475172e-02 1.118976499999999943e-12 1.000000000000000000e+02
1.809700000000000000e+06 2.806110480000000000e+08 5.406181305555555446e+04 9.100115740740655212e-02 4.500000000000000000e+01 4.500000000000000111e-01 6.708203932499369471e-02 1.007078849999999928e-12 1.000000000000000000e+02
1.809800000000000000e+06 2.806111480000000000e+08 5.406181421296296321e+04 9.172453703703631334e-02 5.800000000000000000e+01 5.799999999999999600e-01 7.615773105863908599e-02 1.298012739999999925e-12 1.000000000000000000e+02
1.809900000000000000e+06 2.806112480000000000e+08 5.406181537037037197e+04 9.244791666666607455e-02 5.600000000000000000e+01 5.600000000000000533e-01 7.483314773547883325e-02 1.253253680000000081e-12 1.000000000000000000e+02
1.810000000000000000e+06 2.806113480000000000e+08 5.406181652777778072e+04 9.317129629629583576e-02 4.200000000000000000e+01 4.199999999999999845e-01 6.480740698407860823e-02 9.399402599999999598e-13 1.000000000000000000e+02
1.810100000000000000e+06 2.806114480000000000e+08 5.406181768518518220e+04 9.389467592592559697e-02 3.700000000000000000e+01 3.699999999999999956e-01 6.082762530298219117e-02 8.280426099999999453e-13 1.000000000000000000e+02
1.810200000000000000e+06 2.806115480000000000e+08 5.406181884259259095e+04 9.461805555555535818e-02 5.000000000000000000e+01 5.000000000000000000e-01 7.071067811865475172e-02 1.118976499999999943e-12 1.000000000000000000e+02
1.810300000000000000e+06 2.806116480000000000e+08 5.406181999999999971e+04 9.534143518518511939e-02 6.500000000000000000e+01 6.500000000000000222e-01 8.062257748298548576e-02 1.454669449999999986e-12 1.000000000000000000e+02
1.810400000000000000e+06 2.806117480000000000e+08 5.406182115740740846e+04 9.606481481481488061e-02 5.600000000000000000e+01 5.600000000000000533e-01 7.483314773547883325e-02 1.253253680000000081e-12 1.000000000000000000e+02
1.810500000000000000e+06 2.806118480000000000e+08 5.406182231481481722e+04 9.678819444444464182e-02 4.800000000000000000e+01 4.799999999999999822e-01 6.928203230275509217e-02 1.074217439999999896e-12 1.000000000000000000e+02
1.810600000000000000e+06 2.806119480000000000e+08 5.406182347222222597e+04 9.751157407407440303e-02 5.000000000000000000e+01 5.000000000000000000e-01 7.071067811865475172e-02 1.118976499999999943e-12 1.000000000000000000e+02
1.810700000000000000e+06 2.806120480000000000e+08 5.406182462962962745e+04 9.823495370370416424e-02 5.700000000000000000e+01 5.699999999999999512e-01 7.549834435270749711e-02 1.275633209999999801e-12 1.000000000000000000e+02
1.810800000000000000e+06 2.806121480000000000e+08 5.406182578703703621e+04 9.895833333333392545e-02 6.000000000000000000e+01 5.999999999999999778e-01 7.745966692414833765e-02 1.342771799999999971e-12 1.000000000000000000e+02
1.810900000000000000e+06 2.806122480000000000e+08 5.406182694444444496e+04 9.968171296296368666e-02 4.600000000000000000e+01 4.600000000000000200e-01 6.782329983125268136e-02 1.029458380000000052e-12 1.000000000000000000e+02
1.811000000000000000e+06 2.806123480000000000e+08 5.406182810185185372e+04 1.004050925925934479e-01 4.500000000000000000e+01 4.500000000000000111e-01 6.708203932499369471e-02 1.007078849999999928e-12 1.000000000000000000e+02
1.811100000000000000e+06 2.806124480000000000e+08 5.406182925925926247e+04 1.011284722222214327e-01 5.000000000000000000e+01 5.000000000000000000e-01 7.071067811865475172e-02 1.118976499999999943e-12 1.000000000000000000e+02
1.811200000000000000e+06 2.806125480000000000e+08 5.406183041666666395e+04 1.018518518518511939e-01 5.900000000000000000e+01 5.899999999999999689e-01 7.681145747868607654e-02 1.320392269999999847e-12 1.000000000000000000e+02
1.811300000000000000e+06 2.806126480000000000e+08 5.406183157407407271e+04 1.025752314814809552e-01 5.000000000000000000e+01 5.000000000000000000e-01 7.071067811865475172e-02 1.118976499999999943e-12 1.000000000000000000e+02
1.811400000000000000e+06 2.806127480000000000e+08 5.406183273148148146e+04 1.032986111111107164e-01 5.300000000000000000e+01 5.300000000000000266e-01 7.280109889280518554e-02 1.186115089999999911e-12 1.000000000000000000e+02
1.811500000000000000e+06 2.806128480000000000e+08 5.406183388888889021e+04 1.040219907407404776e-01 5.400000000000000000e+01 5.400000000000000355e-01 7.348469228349534255e-02 1.208494620000000035e-12 1.000000000000000000e+02
1.811600000000000000e+06 2.806129480000000000e+08 5.406183504629629897e+04 1.047453703703702388e-01 5.300000000000000000e+01 5.300000000000000266e-01 7.280109889280518554e-02 1.186115089999999911e-12 1.000000000000000000e+02
1.811700000000000000e+06 2.806130480000000000e+08 5.406183620370370045e+04 1.054687500000000000e-01 4.700000000000000000e+01 4.699999999999999734e-01 6.855654600401044074e-02 1.051837909999999974e-12 1.000000000000000000e+02
1.811800000000000000e+06 2.806131480000000000e+08 5.406183736111110920e+04 1.061921296296297612e-01 5.300000000000000000e+01 5.300000000000000266e-01 7.280109889280518554e-02 1.186115089999999911e-12 1.000000000000000000e+02
1.811900000000000000e+06 2.806132480000000000e+08 5.406183851851851796e+04 1.069155092592595224e-01 5.900000000000000000e+01 5.899999999999999689e-01 7.681145747868607654e-02 1.320392269999999847e-12 1.000000000000000000e+02
1.812000000000000000e+06 2.806133480000000000e+08 5.406183967592592671e+04 1.076388888888892836e-01 5.500000000000000000e+01 5.500000000000000444e-01 7.416198487095662650e-02 1.230874149999999957e-12 1.000000000000000000e+02
1.812100000000000000e+06 2.806134480000000000e+08 5.406184083333333547e+04 1.083622685185190448e-01 4.300000000000000000e+01 4.299999999999999933e-01 6.557438524302000582e-02 9.623197899999998819e-13 1.000000000000000000e+02
1.812200000000000000e+06 2.806135480000000000e+08 5.406184199074073695e+04 1.090856481481488061e-01 6.600000000000000000e+01 6.600000000000000311e-01 8.124038404635960942e-02 1.477048979999999908e-12 1.000000000000000000e+02
1.812300000000000000e+06 2.806136480000000000e+08 5.406184314814814570e+04 1.098090277777785673e-01 6.200000000000000000e+01 6.199999999999999956e-01 7.874007874011811070e-02 1.387530860000000018e-12 1.000000000000000000e+02
1.812400000000000000e+06 2.806137480000000000e+08 5.406184430555555446e+04 1.105324074074065521e-01 5.400000000000000000e+01 5.400000000000000355e-01 7.348469228349534255e-02 1.208494620000000035e-12 1.000000000000000000e+02
1.812500000000000000e+06 2.806138480000000000e+08 5.406184546296296321e+04 1.112557870370363133e-01 5.300000000000000000e+01 5.300000000000000266e-01 7.280109889280518554e-02 1.186115089999999911e-12 1.000000000000000000e+02
1.812600000000000000e+06 2.806139480000000000e+08 5.406184662037037197e+04 1.119791666666660745e-01 5.000000000000000000e+01 5.000000000000000000e-01 7.071067811865475172e-02 1.118976499999999943e-12 1.000000000000000000e+02
1.812700000000000000e+06 2.806140480000000000e+08 5.406184777777778072e+04 1.127025462962958358e-01 5.300000000000000000e+01 5.300000000000000266e-01 7.280109889280518554e-02 1.186115089999999911e-12 1.000000000000000000e+02
1.812800000000000000e+06 2.806141480000000000e+08 5.406184893518518220e+04 1.134259259259255970e-01 7.900000000000000000e+01 7.900000000000000355e-01 8.888194417315588292e-02 1.767982869999999905e-12 1.000000000000000000e+02
1.812900000000000000e+06 2.806142480000000000e+08 5.406185009259259095e+04 1.141493055555553582e-01 5.400000000000000000e+01 5.400000000000000355e-01 7.348469228349534255e-02 1.208494620000000035e-12 1.000000000000000000e+02
1.813000000000000000e+06 2.806143480000000000e+08 5.406185124999999971e+04 1.148726851851851194e-01 6.600000000000000000e+01 6.600000000000000311e-01 8.124038404635960942e-02 1.477048979999999908e-12 1.000000000000000000e+02
1.813100000000000000e+06 2.806144480000000000e+08 5.406185240740740846e+04 1.155960648148148806e-01 4.600000000000000000e+01 4.600000000000000200e-01 6.782329983125268136e-02 1.029458380000000052e-12 1.000000000000000000e+02
1.813200000000000000e+06 2.806145480000000000e+08 5.406185356481481722e+04 1.163194444444446418e-01 6.200000000000000000e+01 6.199999999999999956e-01 7.874007874011811070e-02 1.387530860000000018e-12 1.000000000000000000e+02
1.813300000000000000e+06 2.806146480000000000e+08 5.406185472222222597e+04 1.170428240740744030e-01 5.300000000000000000e+01 5.300000000000000266e-01 7.280109889280518554e-02 1.186115089999999911e-12 1.000000000000000000e+02
1.813400000000000000e+06 2.806147480000000000e+08 5.406185587962962745e+04 1.177662037037041642e-01 5.300000000000000000e+01 5.300000000000000266e-01 7.280109889280518554e-02 1.186115089999999911e-12 1.000000000000000000e+02
1.813500000000000000e+06 2.806148480000000000e+08 5.406185703703703621e+04 1.184895833333339255e-01 5.400000000000000000e+01 5.400000000000000355e-01 7.348469228349534255e-02 1.208494620000000035e-12 1.000000000000000000e+02
1.813600000000000000e+06 2.806149480000000000e+08 5.406185819444444496e+04 1.192129629629636867e-01 4.700000000000000000e+01 4.699999999999999734e-01 6.855654600401044074e-02 1.051837909999999974e-12 1.000000000000000000e+02
1.813700000000000000e+06 2.806150480000000000e+08 5.406185935185185372e+04 1.199363425925934479e-01 3.300000000000000000e+01 3.300000000000000155e-01 5.744562646538028949e-02 7.385244899999999540e-13 1.000000000000000000e+02
1.813800000000000000e+06 2.806151480000000000e+08 5.406186050925926247e+04 1.206597222222214327e-01 4.800000000000000000e+01 4.799999999999999822e-01 6.928203230275509217e-02 1.074217439999999896e-12 1.000000000000000000e+02
1.813900000000000000e+06 2.806152480000000000e+08 5.406186166666666395e+04 1.213831018518511939e-01 4.400000000000000000e+01 4.400000000000000022e-01 6.633249580710799675e-02 9.846993200000000059e-13 1.000000000000000000e+02
1.814000000000000000e+06 2.806153480000000000e+08 5.406186282407407271e+04 1.221064814814809552e-01 6.600000000000000000e+01 6.600000000000000311e-01 8.124038404635960942e-02 1.477048979999999908e-12 1.000000000000000000e+02
1.814100000000000000e+06 2.806154480000000000e+08 5.406186398148148146e+04 1.228298611111107164e-01 4.200000000000000000e+01 4.199999999999999845e-01 6.480740698407860823e-02 9.399402599999999598e-13 1.000000000000000000e+02
1.814200000000000000e+06 2.806155480000000000e+08 5.406186513888889021e+04 1.235532407407404776e-01 4.100000000000000000e+01 4.099999999999999756e-01 6.403124237432848698e-02 9.175607299999998357e-13 1.000000000000000000e+02
1.814300000000000000e+06 2.806156480000000000e+08 5.406186629629629897e+04 1.242766203703702388e-01 5.700000000000000000e+01 5.699999999999999512e-01 7.549834435270749711e-02 1.275633209999999801e-12 1.000000000000000000e+02
1.814400000000000000e+06 2.806157480000000000e+08 5.406186745370370045e+04 1.250000000000000000e-01 4.800000000000000000e+01 4.799999999999999822e-01 6.928203230275509217e-02 1.074217439999999896e-12 1.000000000000000000e+02
1.814500000000000000e+06 2.806158480000000000e+08 5.406186861111110920e+04 1.257233796296297612e-01 3.900000000000000000e+01 3.900000000000000133e-01 6.244997998398398031e-02 8.728016699999999915e-13 1.000000000000000000e+02
1.814600000000000000e+06 2.806159480000000000e+08 5.406186976851851796e+04 1.264467592592595224e-01 4.100000000000000000e+01 4.099999999999999756e-01 6.403124237432848698e-02 9.175607299999998357e-13 1.000000000000000000e+02
1.814700000000000000e+06 2.806160480000000000e+08 5.406187092592592671e+04 1.271701388888892836e-01 6.400000000000000000e+01 6.400000000000000133e-01 8.000000000000000167e-02 1.432289919999999862e-12 1.000000000000000000e+02
1.814800000000000000e+06 2.806161480000000000e+08 5.406187208333333547e+04 1.278935185185190448e-01 5.100000000000000000e+01 5.100000000000000089e-01 7.141428428542850870e-02 1.141356029999999865e-12 1.000000000000000000e+02
1.814900000000000000e+06 2.806162480000000000e+08 5.406187324074073695e+04 1.286168981481488061e-01 4.300000000000000000e+01 4.299999999999999933e-01 6.557438524302000582e-02 9.623197899999998819e-13 1.000000000000000000e+02
1.815000000000000000e+06 2.806163480000000000e+08 5.406187439814814570e+04 1.293402777777785673e-01 5.600000000000000000e+01 5.600000000000000533e-01 7.483314773547883325e-02 1.253253680000000081e-12 1.000000000000000000e+02
1.815100000000000000e+06 2.806164480000000000e+08 5.406187555555555446e+04 1.300636574074065521e-01 4.300000000000000000e+01 4.299999999999999933e-01 6.557438524302000582e-02 9.623197899999998819e-13 1.000000000000000000e+02
1.815200000000000000e+06 2.806165480000000000e+08 5.406187671296296321e+04 1.307870370370363133e-01 6.200000000000000000e+01 6.199999999999999956e-01 7.874007874011811070e-02 1.387530860000000018e-12 1.000000000000000000e+02
1.815300000000000000e+06 2.806166480000000000e+08 5.406187787037037197e+04 1.315104166666660745e-01 4.800000000000000000e+01 4.799999999999999822e-01 6.928203230275509217e-02 1.074217439999999896e-12 1.000000000000000000e+02
1.815400000000000000e+06 2.806167480000000000e+08 5.406187902777778072e+04 1.322337962962958358e-01 4.900000000000000000e+01 4.899999999999999911e-01 7.000000000000000666e-02 1.096596970000000020e-12 1.000000000000000000e+02
1.815500000000000000e+06 2.806168480000000000e+08 5.406188018518518220e+04 1.329571759259255970e-01 4.400000000000000000e+01 4.400000000000000022e-01 6.633249580710799675e-02 9.846993200000000059e-13 1.000000000000000000e+02
1.815600000000000000e+06 2.806169480000000000e+08 5.406188134259259095e+04 1.336805555555553582e-01 5.400000000000000000e+01 5.400000000000000355e-01 7.348469228349534255e-02 1.208494620000000035e-12 1.000000000000000000e+02
1.815700000000000000e+06 2.806170480000000000e+08 5.406188249999999971e+04 1.344039351851851194e-01 4.500000000000000000e+01 4.500000000000000111e-01 6.708203932499369471e-02 1.007078849999999928e-12 1.000000000000000000e+02
1.815800000000000000e+06 2.806171480000000000e+08 5.406188365740740846e+04 1.351273148148148806e-01 3.700000000000000000e+01 3.699999999999999956e-01 6.082762530298219117e-02 8.280426099999999453e-13 1.000000000000000000e+02
1.815900000000000000e+06 2.806172480000000000e+08 5.406188481481481722e+04 1.358506944444446418e-01 4.600000000000000000e+01 4.600000000000000200e-01 6.782329983125268136e-02 1.029458380000000052e-12 1.000000000000000000e+02
1.816000000000000000e+06 2.806173480000000000e+08 5.406188597222222597e+04 1.365740740740744030e-01 5.800000000000000000e+01 5.799999999999999600e-01 7.615773105863908599e-02 1.298012739999999925e-12 1.000000000000000000e+02
1.816100000000000000e+06 2.806174480000000000e+08 5.406188712962962745e+04 1.372974537037041642e-01 5.000000000000000000e+01 5.000000000000000000e-01 7.071067811865475172e-02 1.118976499999999943e-12 1.000000000000000000e+02
1.816200000000000000e+06 2.806175480000000000e+08 5.406188828703703621e+04 1.380208333333339255e-01 5.900000000000000000e+01 5.899999999999999689e-01 7.681145747868607654e-02 1.320392269999999847e-12 1.000000000000000000e+02
1.816300000000000000e+06 2.806176480000000000e+08 5.406188944444444496e+04 1.387442129629636867e-01 4.800000000000000000e+01 4.799999999999999822e-01 6.928203230275509217e-02 1.074217439999999896e-12 1.000000000000000000e+02
1.816400000000000000e+06 2.806177480000000000e+08 5.406189060185185372e+04 1.394675925925934479e-01 4.300000000000000000e+01 4.299999999999999933e-01 6.557438524302000582e-02 9.623197899999998819e-13 1.000000000000000000e+02
1.816500000000000000e+06 2.806178480000000000e+08 5.406189175925926247e+04 1.401909722222214327e-01 5.600000000000000000e+01 5.600000000000000533e-01 7.483314773547883325e-02 1.253253680000000081e-12 1.000000000000000000e+02
1.816600000000000000e+06 2.806179480000000000e+08 5.406189291666666395e+04 1.409143518518511939e-01 4.400000000000000000e+01 4.400000000000000022e-01 6.633249580710799675e-02 9.846993200000000059e-13 1.000000000000000000e+02
1.816700000000000000e+06 2.806180480000000000e+08 5.406189407407407271e+04 1.416377314814809552e-01 5.500000000000000000e+01 5.500000000000000444e-01 7.416198487095662650e-02 1.230874149999999957e-12 1.000000000000000000e+02
1.816800000000000000e+06 2.806181480000000000e+08 5.406189523148148146e+04 1.423611111111107164e-01 3.800000000000000000e+01 3.800000000000000044e-01 6.164414002968975764e-02 8.504221399999999684e-13 1.000000000000000000e+02
1.816900000000000000e+06 2.806182480000000000e+08 5.406189638888889021e+04 1.430844907407404776e-01 3.800000000000000000e+01 3.800000000000000044e-01 6.164414002968975764e-02 8.504221399999999684e-13 1.000000000000000000e+02
1.817000000000000000e+06 2.806183480000000000e+08 5.406189754629629897e+04 1.438078703703702388e-01 5.300000000000000000e+01 5.300000000000000266e-01 7.280109889280518554e-02 1.186115089999999911e-12 1.000000000000000000e+02
1.817100000000000000e+06 2.806184480000000000e+08 5.406189870370370045e+04 1.445312500000000000e-01 5.100000000000000000e+01 5.100000000000000089e-01 7.141428428542850870e-02 1.141356029999999865e-12 1.000000000000000000e+02
1.817200000000000000e+06 2.806185480000000000e+08 5.406189986111110920e+04 1.452546296296297612e-01 4.800000000000000000e+01 4.799999999999999822e-01 6.928203230275509217e-02 1.074217439999999896e-12 1.000000000000000000e+02
1.817300000000000000e+06 2.806186480000000000e+08 5.406190101851851796e+04 1.459780092592595224e-01 4.000000000000000000e+01 4.000000000000000222e-01 6.324555320336759656e-02 8.951812000000000146e-13 1.000000000000000000e+02
1.817400000000000000e+06 2.806187480000000000e+08 5.406190217592592671e+04 1.467013888888892836e-01 5.700000000000000000e+01 5.699999999999999512e-01 7.549834435270749711e-02 1.275633209999999801e-12 1.000000000000000000e+02
1.817500000000000000e+06 2.806188480000000000e+08 5.406190333333333547e+04 1.474247685185190448e-01 4.800000000000000000e+01 4.799999999999999822e-01 6.928203230275509217e-02 1.074217439999999896e-12 1.000000000000000000e+02
1.817600000000000000e+06 2.806189480000000000e+08 5.406190449074073695e+04 1.481481481481488061e-01 6.000000000000000000e+01 5.999999999999999778e-01 7.745966692414833765e-02 1.342771799999999971e-12 1.000000000000000000e+02
1.817700000000000000e+06 2.806190480000000000e+08 5.406190564814814570e+04 1.488715277777785673e-01 5.100000000000000000e+01 5.100000000000000089e-01 7.141428428542850870e-02 1.141356029999999865e-12 1.000000000000000000e+02
1.817800000000000000e+06 2.806191480000000000e+08 5.406190680555555446e+04 1.495949074074065521e-01 4.300000000000000000e+01 4.299999999999999933e-01 6.557438524302000582e-02 9.623197899999998819e-13 1.000000000000000000e+02
1.817900000000000000e+06 2.806192480000000000e+08 5.406190796296296321e+04 1.503182870370363133e-01 4.800000000000000000e+01 4.799999999999999822e-01 6.928203230275509217e-02 1.074217439999999896e-12 1.000000000000000000e+02
1.818000000000000000e+06 2.806193480000000000e+08 5.406190912037037197e+04 1.510416666666660745e-01 3.700000000000000000e+01 3.699999999999999956e-01 6.082762530298219117e-02 8.280426099999999453e-13 1.000000000000000000e+02
1.818100000000000000e+06 2.806194480000000000e+08 5.406191027777778072e+04 1.517650462962958358e-01 5.300000000000000000e+01 5.300000000000000266e-01 7.280109889280518554e-02 1.186115089999999911e-12 1.000000000000000000e+02
1.818200000000000000e+06 2.806195480000000000e+08 5.406191143518518220e+04 1.524884259259255970e-01 4.500000000000000000e+01 4.500000000000000111e-01 6.708203932499369471e-02 1.007078849999999928e-12 1.000000000000000000e+02
1.818300000000000000e+06 2.806196480000000000e+08 5.406191259259259095e+04 1.532118055555553582e-01 6.600000000000000000e+01 6.600000000000000311e-01 8.124038404635960942e-02 1.477048979999999908e-12 1.000000000000000000e+02
1.818400000000000000e+06 2.806197480000000000e+08 5.406191374999999971e+04 1.539351851851851194e-01 6.300000000000000000e+01 6.300000000000000044e-01 7.937253933193771926e-02 1.409910389999999940e-12 1.000000000000000000e+02
1.818500000000000000e+06 2.806198480000000000e+08 5.406191490740740846e+04 1.546585648148148806e-01 4.300000000000000000e+01 4.299999999999999933e-01 6.557438524302000582e-02 9.623197899999998819e-13 1.000000000000000000e+02
1.818600000000000000e+06 2.806199480000000000e+08 5.406191606481481722e+04 1.553819444444446418e-01 4.900000000000000000e+01 4.899999999999999911e-01 7.000000000000000666e-02 1.096596970000000020e-12 1.000000000000000000e+02
1.818700000000000000e+06 2.806200480000000000e+08 5.406191722222222597e+04 1.561053240740744030e-01 4.500000000000000000e+01 4.500000000000000111e-01 6.708203932499369471e-02 1.007078849999999928e-12 1.000000000000000000e+02
1.818800000000000000e+06 2.806201480000000000e+08 5.406191837962962745e+04 1.568287037037041642e-01 5.300000000000000000e+01 5.300000000000000266e-01 7.280109889280518554e-02 1.186115089999999911e-12 1.000000000000000000e+02
1.818900000000000000e+06 2.806202480000000000e+08 5.406191953703703621e+04 1.575520833333339255e-01 5.400000000000000000e+01 5.400000000000000355e-01 7.348469228349534255e-02 1.208494620000000035e-12 1.000000000000000000e+02
1.819000000000000000e+06 2.806203480000000000e+08 5.406192069444444496e+04 1.582754629629636867e-01 5.600000000000000000e+01 5.600000000000000533e-01 7.483314773547883325e-02 1.253253680000000081e-12 1.000000000000000000e+02
1.819100000000000000e+06 2.806204480000000000e+08 5.406192185185185372e+04 1.589988425925934479e-01 4.000000000000000000e+01 4.000000000000000222e-01 6.324555320336759656e-02 8.951812000000000146e-13 1.000000000000000000e+02
1.819200000000000000e+06 2.806205480000000000e+08 5.406192300925926247e+04 1.597222222222214327e-01 4.600000000000000000e+01 4.600000000000000200e-01 6.782329983125268136e-02 1.029458380000000052e-12 1.000000000000000000e+02
1.819300000000000000e+06 2.806206480000000000e+08 5.406192416666666395e+04 1.604456018518511939e-01 4.200000000000000000e+01 4.199999999999999845e-01 6.480740698407860823e-02 9.399402599999999598e-13 1.000000000000000000e+02
1.819400000000000000e+06 2.806207480000000000e+08 5.406192532407407271e+04 1.611689814814809552e-01 5.100000000000000000e+01 5.100000000000000089e-01 7.141428428542850870e-02 1.141356029999999865e-12 1.000000000000000000e+02
1.819500000000000000e+06 2.806208480000000000e+08 5.406192648148148146e+04 1.618923611111107164e-01 5.300000000000000000e+01 5.300000000000000266e-01 7.280109889280518554e-02 1.186115089999999911e-12 1.000000000000000000e+02
1.819600000000000000e+06 2.806209480000000000e+08 5.406192763888889021e+04 1.626157407407404776e-01 3.900000000000000000e+01 3.900000000000000133e-01 6.244997998398398031e-02 8.728016699999999915e-13 1.000000000000000000e+02
1.819700000000000000e+06 2.806210480000000000e+08 5.406192879629629897e+04 1.633391203703702388e-01 5.400000000000000000e+01 5.400000000000000355e-01 7.348469228349534255e-02 1.208494620000000035e-12 1.000000000000000000e+02
1.819800000000000000e+06 2.806211480000000000e+08 5.406192995370370045e+04 1.640625000000000000e-01 4.700000000000000000e+01 4.699999999999999734e-01 6.855654600401044074e-02 1.051837909999999974e-12 1.000000000000000000e+02
1.819900000000000000e+06 2.806212480000000000e+08 5.406193111111110920e+04 1.647858796296297612e-01 4.100000000000000000e+01 4.099999999999999756e-01 6.403124237432848698e-02 9.175607299999998357e-13 1.000000000000000000e+02
1.820000000000000000e+06 2.806213480000000000e+08 5.406193226851851796e+04 1.655092592592595224e-01 5.600000000000000000e+01 5.600000000000000533e-01 7.483314773547883325e-02 1.253253680000000081e-12 1.000000000000000000e+02
1.820100000000000000e+06 2.806214480000000000e+08 5.406193342592592671e+04 1.662326388888892836e-01 6.600000000000000000e+01 6.600000000000000311e-01 8.124038404635960942e-02 1.477048979999999908e-12 1.000000000000000000e+02
1.820200000000000000e+06 2.806215480000000000e+08 5.406193458333333547e+04 1.669560185185190448e-01 4.400000000000000000e+01 4.400000000000000022e-01 6.633249580710799675e-02 9.846993200000000059e-13 1.000000000000000000e+02
1.820300000000000000e+06 2.806216480000000000e+08 5.406193574074073695e+04 1.676793981481488061e-01 5.700000000000000000e+01 5.699999999999999512e-01 7.549834435270749711e-02 1.275633209999999801e-12 1.000000000000000000e+02
1.820400000000000000e+06 2.806217480000000000e+08 5.406193689814814570e+04 1.684027777777785673e-01 4.800000000000000000e+01 4.799999999999999822e-01 6.928203230275509217e-02 1.074217439999999896e-12 1.000000000000000000e+02
1.820500000000000000e+06 2.806218480000000000e+08 5.406193805555555446e+04 1.691261574074065521e-01 6.400000000000000000e+01 6.400000000000000133e-01 8.000000000000000167e-02 1.432289919999999862e-12 1.000000000000000000e+02
1.820600000000000000e+06 2.806219480000000000e+08 5.406193921296296321e+04 1.698495370370363133e-01 3.400000000000000000e+01 3.400000000000000244e-01 5.830951894845300826e-02 7.609040199999999771e-13 1.000000000000000000e+02
1.820700000000000000e+06 2.806220480000000000e+08 5.406194037037037197e+04 1.705729166666660745e-01 4.500000000000000000e+01 4.500000000000000111e-01 6.708203932499369471e-02 1.007078849999999928e-12 1.000000000000000000e+02
1.820800000000000000e+06 2.806221480000000000e+08 5.406194152777778072e+04 1.712962962962958358e-01 4.500000000000000000e+01 4.500000000000000111e-01 6.708203932499369471e-02 1.007078849999999928e-12 1.000000000000000000e+02
1.820900000000000000e+06 2.806222480000000000e+08 5.406194268518518220e+04 1.720196759259255970e-01 4.800000000000000000e+01 4.799999999999999822e-01 6.928203230275509217e-02 1.074217439999999896e-12 1.000000000000000000e+02
1.821000000000000000e+06 2.806223480000000000e+08 5.406194384259259095e+04 1.727430555555553582e-01 3.400000000000000000e+01 3.400000000000000244e-01 5.830951894845300826e-02 7.609040199999999771e-13 1.000000000000000000e+02
1.821100000000000000e+06 2.806224480000000000e+08 5.406194499999999971e+04 1.734664351851851194e-01 6.600000000000000000e+01 6.600000000000000311e-01 8.124038404635960942e-02 1.477048979999999908e-12 1.000000000000000000e+02
1.821200000000000000e+06 2.806225480000000000e+08 5.406194615740740846e+04 1.741898148148148806e-01 5.300000000000000000e+01 5.300000000000000266e-01 7.280109889280518554e-02 1.186115089999999911e-12 1.000000000000000000e+02
1.821300000000000000e+06 2.806226480000000000e+08 5.406194731481481722e+04 1.749131944444446418e-01 5.800000000000000000e+01 5.799999999999999600e-01 7.615773105863908599e-02 1.298012739999999925e-12 1.000000000000000000e+02
1.821400000000000000e+06 2.806227480000000000e+08 5.406194847222222597e+04 1.756365740740744030e-01 4.300000000000000000e+01 4.299999999999999933e-01 6.557438524302000582e-02 9.623197899999998819e-13 1.000000000000000000e+02
1.821500000000000000e+06 2.806228480000000000e+08 5.406194962962962745e+04 1.763599537037041642e-01 5.700000000000000000e+01 5.699999999999999512e-01 7.549834435270749711e-02 1.275633209999999801e-12 1.000000000000000000e+02
1.821600000000000000e+06 2.806229480000000000e+08 5.406195078703703621e+04 1.770833333333339255e-01 4.400000000000000000e+01 4.400000000000000022e-01 6.633249580710799675e-02 9.846993200000000059e-13 1.000000000000000000e+02
1.821700000000000000e+06 2.806230480000000000e+08 5.406195194444444496e+04 1.778067129629636867e-01 4.900000000000000000e+01 4.899999999999999911e-01 7.000000000000000666e-02 1.096596970000000020e-12 1.000000000000000000e+02
1.821800000000000000e+06 2.806231480000000000e+08 5.406195310185185372e+04 1.785300925925934479e-01 4.700000000000000000e+01 4.699999999999999734e-01 6.855654600401044074e-02 1.051837909999999974e-12 1.000000000000000000e+02
1.821900000000000000e+06 2.806232480000000000e+08 5.406195425925926247e+04 1.792534722222214327e-01 6.000000000000000000e+01 5.999999999999999778e-01 7.745966692414833765e-02 1.342771799999999971e-12 1.000000000000000000e+02
1.822000000000000000e+06 2.806233480000000000e+08 5.406195541666666395e+04 1.799768518518511939e-01 5.100000000000000000e+01 5.100000000000000089e-01 7.141428428542850870e-02 1.141356029999999865e-12 1.000000000000000000e+02
1.822100000000000000e+06 2.806234480000000000e+08 5.406195657407407271e+04 1.807002314814809552e-01 4.100000000000000000e+01 4.099999999999999756e-01 6.403124237432848698e-02 9.175607299999998357e-13 1.000000000000000000e+02
1.822200000000000000e+06 2.806235480000000000e+08 5.406195773148148146e+04 1.814236111111107164e-01 4.600000000000000000e+01 4.600000000000000200e-01 6.782329983125268136e-02 1.029458380000000052e-12 1.000000000000000000e+02
1.822300000000000000e+06 2.806236480000000000e+08 5.406195888888889021e+04 1.821469907407404776e-01 3.400000000000000000e+01 3.400000000000000244e-01 5.830951894845300826e-02 7.609040199999999771e-13 1.000000000000000000e+02
1.822400000000000000e+06 2.806237480000000000e+08 5.406196004629629897e+04 1.828703703703702388e-01 4.500000000000000000e+01 4.500000000000000111e-01 6.708203932499369471e-02 1.007078849999999928e-12 1.000000000000000000e+02
1.822500000000000000e+06 2.806238480000000000e+08 5.406196120370370045e+04 1.835937500000000000e-01 5.700000000000000000e+01 5.699999999999999512e-01 7.549834435270749711e-02 1.275633209999999801e-12 1.000000000000000000e+02
1.822600000000000000e+06 2.806239480000000000e+08 5.406196236111110920e+04 1.843171296296297612e-01 5.600000000000000000e+01 5.600000000000000533e-01 7.483314773547883325e-02 1.253253680000000081e-12 1.000000000000000000e+02
1.822700000000000000e+06 2.806240480000000000e+08 5.406196351851851796e+04 1.850405092592595224e-01 4.300000000000000000e+01 4.299999999999999933e-01 6.557438524302000582e-02 9.623197899999998819e-13 1.000000000000000000e+02
1.822800000000000000e+06 2.806241480000000000e+08 5.406196467592592671e+04 1.857638888888892836e-01 4.600000000000000000e+01 4.600000000000000200e-01 6.782329983125268136e-02 1.029458380000000052e-12 1.000000000000000000e+02
1.822900000000000000e+06 2.806242480000000000e+08 5.406196583333333547e+04 1.864872685185190448e-01 5.100000000000000000e+01 5.100000000000000089e-01 7.141428428542850870e-02 1.141356029999999865e-12 1.000000000000000000e+02
1.823000000000000000e+06 2.806243480000000000e+08 5.406196699074073695e+04 1.872106481481488061e-01 4.200000000000000000e+01 4.199999999999999845e-01 6.480740698407860823e-02 9.399402599999999598e-13 1.000000000000000000e+02
1.823100000000000000e+06 2.806244480000000000e+08 5.406196814814814570e+04 1.879340277777785673e-01 5.600000000000000000e+01 5.600000000000000533e-01 7.483314773547883325e-02 1.253253680000000081e-12 1.000000000000000000e+02
1.823200000000000000e+06 2.806245480000000000e+08 5.406196930555555446e+04 1.886574074074065521e-01 5.000000000000000000e+01 5.000000000000000000e-01 7.071067811865475172e-02 1.118976499999999943e-12 1.000000000000000000e+02
2.654210000000000000e+06 2.814555580000000000e+08 5.407158747685185517e+04 2.000144675925916715e-01 5.300000000000000000e+01 5.300000000000000266e-01 7.280109889280518554e-02 1.186115089999999911e-12 1.000000000000000000e+02
2.654310000000000000e+06 2.814556580000000000e+08 5.407158863425925665e+04 2.007378472222214327e-01 5.700000000000000000e+01 5.699999999999999512e-01 7.549834435270749711e-02 1.275633209999999801e-12 1.000000000000000000e+02
2.654410000000000000e+06 2.814557580000000000e+08 5.407158979166666541e+04 2.014612268518511939e-01 4.500000000000000000e+01 4.500000000000000111e-01 6.708203932499369471e-02 1.007078849999999928e-12 1.000000000000000000e+02
2.654510000000000000e+06 2.814558580000000000e+08 5.407159094907407416e+04 2.021846064814809552e-01 3.700000000000000000e+01 3.699999999999999956e-01 6.082762530298219117e-02 8.280426099999999453e-13 1.000000000000000000e+02
2.654610000000000000e+06 2.814559580000000000e+08 5.407159210648148292e+04 2.029079861111107164e-01 5.400000000000000000e+01 5.400000000000000355e-01 7.348469228349534255e-02 1.208494620000000035e-12 1.000000000000000000e+02
2.654710000000000000e+06 2.814560580000000000e+08 5.407159326388889167e+04 2.036313657407404776e-01 5.200000000000000000e+01 5.200000000000000178e-01 7.211102550927978028e-02 1.163735559999999989e-12 1.000000000000000000e+02
2.654810000000000000e+06 2.814561580000000000e+08 5.407159442129629315e+04 2.043547453703702388e-01 4.700000000000000000e+01 4.699999999999999734e-01 6.855654600401044074e-02 1.051837909999999974e-12 1.000000000000000000e+02
2.654910000000000000e+06 2.814562580000000000e+08 5.407159557870370190e+04 2.050781250000000000e-01 4.000000000000000000e+01 4.000000000000000222e-01 6.324555320336759656e-02 8.951812000000000146e-13 1.000000000000000000e+02
2.655010000000000000e+06 2.814563580000000000e+08 5.407159673611111066e+04 2.058015046296297612e-01 4.500000000000000000e+01 4.500000000000000111e-01 6.708203932499369471e-02 1.007078849999999928e-12 1.000000000000000000e+02
2.655110000000000000e+06 2.814564580000000000e+08 5.407159789351851941e+04 2.065248842592595224e-01 4.700000000000000000e+01 4.699999999999999734e-01 6.855654600401044074e-02 1.051837909999999974e-12 1.000000000000000000e+02
2.655210000000000000e+06 2.814565580000000000e+08 5.407159905092592817e+04 2.072482638888892836e-01 4.800000000000000000e+01 4.799999999999999822e-01 6.928203230275509217e-02 1.074217439999999896e-12 1.000000000000000000e+02
2.655310000000000000e+06 2.814566580000000000e+08 5.407160020833332965e+04 2.079716435185190448e-01 4.500000000000000000e+01 4.500000000000000111e-01 6.708203932499369471e-02 1.007078849999999928e-12 1.000000000000000000e+02
2.655410000000000000e+06 2.814567580000000000e+08 5.407160136574073840e+04 2.086950231481488061e-01 5.300000000000000000e+01 5.300000000000000266e-01 7.280109889280518554e-02 1.186115089999999911e-12 1.000000000000000000e+02
2.655510000000000000e+06 2.814568580000000000e+08 5.407160252314814716e+04 2.094184027777785673e-01 4.900000000000000000e+01 4.899999999999999911e-01 7.000000000000000666e-02 1.096596970000000020e-12 1.000000000000000000e+02
2.655610000000000000e+06 2.814569580000000000e+08 5.407160368055555591e+04 2.101417824074083285e-01 6.200000000000000000e+01 6.199999999999999956e-01 7.874007874011811070e-02 1.387530860000000018e-12 1.000000000000000000e+02
2.655710000000000000e+06 2.814570580000000000e+08 5.407160483796296467e+04 2.108651620370380897e-01 5.600000000000000000e+01 5.600000000000000533e-01 7.483314773547883325e-02 1.253253680000000081e-12 1.000000000000000000e+02
2.655810000000000000e+06 2.814571580000000000e+08 5.407160599537037342e+04 2.115885416666678509e-01 5.000000000000000000e+01 5.000000000000000000e-01 7.071067811865475172e-02 1.118976499999999943e-12 1.000000000000000000e+02
2.655910000000000000e+06 2.814572580000000000e+08 5.407160715277777490e+04 2.123119212962976121e-01 7.100000000000000000e+01 7.099999999999999645e-01 8.426149773176358493e-02 1.588946629999999922e-12 1.000000000000000000e+02
2.656010000000000000e+06 2.814573580000000000e+08 5.407160831018518365e+04 2.130353009259273733e-01 6.000000000000000000e+01 5.999999999999999778e-01 7.745966692414833765e-02 1.342771799999999971e-12 1.000000000000000000e+02
2.656110000000000000e+06 2.814574580000000000e+08 5.407160946759259241e+04 2.137586805555571345e-01 4.300000000000000000e+01 4.299999999999999933e-01 6.557438524302000582e-02 9.623197899999998819e-13 1.000000000000000000e+02
2.656210000000000000e+06 2.814575580000000000e+08 5.407161062500000116e+04 2.144820601851868958e-01 3.600000000000000000e+01 3.599999999999999867e-01 5.999999999999999778e-02 8.056630799999999223e-13 1.000000000000000000e+02
2.656310000000000000e+06 2.814576580000000000e+08 5.407161178240740992e+04 2.152054398148131042e-01 3.600000000000000000e+01 3.599999999999999867e-01 5.999999999999999778e-02 8.056630799999999223e-13 1.000000000000000000e+02
2.656410000000000000e+06 2.814577580000000000e+08 5.407161293981481867e+04 2.159288194444428655e-01 3.300000000000000000e+01 3.300000000000000155e-01 5.744562646538028949e-02 7.385244899999999540e-13 1.000000000000000000e+02
2.656510000000000000e+06 2.814578580000000000e+08 5.407161409722222015e+04 2.166521990740726267e-01 4.700000000000000000e+01 4.699999999999999734e-01 6.855654600401044074e-02 1.051837909999999974e-12 1.000000000000000000e+02
2.656610000000000000e+06 2.814579580000000000e+08 5.407161525462962891e+04 2.173755787037023879e-01 5.500000000000000000e+01 5.500000000000000444e-01 7.416198487095662650e-02 1.230874149999999957e-12 1.000000000000000000e+02
2.656710000000000000e+06 2.814580580000000000e+08 5.407161641203703766e+04 2.180989583333321491e-01 3.800000000000000000e+01 3.800000000000000044e-01 6.164414002968975764e-02 8.504221399999999684e-13 1.000000000000000000e+02
2.656810000000000000e+06 2.814581580000000000e+08 5.407161756944444642e+04 2.188223379629619103e-01 4.500000000000000000e+01 4.500000000000000111e-01 6.708203932499369471e-02 1.007078849999999928e-12 1.000000000000000000e+02
2.656910000000000000e+06 2.814582580000000000e+08 5.407161872685185517e+04 2.195457175925916715e-01 4.500000000000000000e+01 4.500000000000000111e-01 6.708203932499369471e-02 1.007078849999999928e-12 1.000000000000000000e+02
2.657010000000000000e+06 2.814583580000000000e+08 5.407161988425925665e+04 2.202690972222214327e-01 4.100000000000000000e+01 4.099999999999999756e-01 6.403124237432848698e-02 9.175607299999998357e-13 1.000000000000000000e+02
2.657110000000000000e+06 2.814584580000000000e+08 5.407162104166666541e+04 2.209924768518511939e-01 3.900000000000000000e+01 3.900000000000000133e-01 6.244997998398398031e-02 8.728016699999999915e-13 1.000000000000000000e+02
2.657210000000000000e+06 2.814585580000000000e+08 5.407162219907407416e+04 2.217158564814809552e-01 4.400000000000000000e+01 4.400000000000000022e-01 6.633249580710799675e-02 9.846993200000000059e-13 1.000000000000000000e+02
2.657310000000000000e+06 2.814586580000000000e+08 5.407162335648148292e+04 2.224392361111107164e-01 4.700000000000000000e+01 4.699999999999999734e-01 6.855654600401044074e-02 1.051837909999999974e-12 1.000000000000000000e+02
2.657410000000000000e+06 2.814587580000000000e+08 5.407162451388889167e+04 2.231626157407404776e-01 3.900000000000000000e+01 3.900000000000000133e-01 6.244997998398398031e-02 8.728016699999999915e-13 1.000000000000000000e+02
2.657510000000000000e+06 2.814588580000000000e+08 5.407162567129629315e+04 2.238859953703702388e-01 4.400000000000000000e+01 4.400000000000000022e-01 6.633249580710799675e-02 9.846993200000000059e-13 1.000000000000000000e+02
2.657610000000000000e+06 2.814589580000000000e+08 5.407162682870370190e+04 2.246093750000000000e-01 5.300000000000000000e+01 5.300000000000000266e-01 7.280109889280518554e-02 1.186115089999999911e-12 1.000000000000000000e+02
2.657710000000000000e+06 2.814590580000000000e+08 5.407162798611111066e+04 2.253327546296297612e-01 3.700000000000000000e+01 3.699999999999999956e-01 6.082762530298219117e-02 8.280426099999999453e-13 1.000000000000000000e+02
2.657810000000000000e+06 2.814591580000000000e+08 5.407162914351851941e+04 2.260561342592595224e-01 4.400000000000000000e+01 4.400000000000000022e-01 6.633249580710799675e-02 9.846993200000000059e-13 1.000000000000000000e+02
2.657910000000000000e+06 2.814592580000000000e+08 5.407163030092592817e+04 2.267795138888892836e-01 4.700000000000000000e+01 4.699999999999999734e-01 6.855654600401044074e-02 1.051837909999999974e-12 1.000000000000000000e+02
2.658010000000000000e+06 2.814593580000000000e+08 5.407163145833332965e+04 2.275028935185190448e-01 5.100000000000000000e+01 5.100000000000000089e-01 7.141428428542850870e-02 1.141356029999999865e-12 1.000000000000000000e+02
2.658110000000000000e+06 2.814594580000000000e+08 5.407163261574073840e+04 2.282262731481488061e-01 4.800000000000000000e+01 4.799999999999999822e-01 6.928203230275509217e-02 1.074217439999999896e-12 1.000000000000000000e+02
2.658210000000000000e+06 2.814595580000000000e+08 5.407163377314814716e+04 2.289496527777785673e-01 5.000000000000000000e+01 5.000000000000000000e-01 7.071067811865475172e-02 1.118976499999999943e-12 1.000000000000000000e+02
2.658310000000000000e+06 2.814596580000000000e+08 5.407163493055555591e+04 2.296730324074083285e-01 6.400000000000000000e+01 6.400000000000000133e-01 8.000000000000000167e-02 1.432289919999999862e-12 1.000000000000000000e+02
2.658410000000000000e+06 2.814597580000000000e+08 5.407163608796296467e+04 2.303964120370380897e-01 6.600000000000000000e+01 6.600000000000000311e-01 8.124038404635960942e-02 1.477048979999999908e-12 1.000000000000000000e+02
2.658510000000000000e+06 2.814598580000000000e+08 5.407163724537037342e+04 2.311197916666678509e-01 4.000000000000000000e+01 4.000000000000000222e-01 6.324555320336759656e-02 8.951812000000000146e-13 1.000000000000000000e+02
2.658610000000000000e+06 2.814599580000000000e+08 5.407163840277777490e+04 2.318431712962976121e-01 6.300000000000000000e+01 6.300000000000000044e-01 7.937253933193771926e-02 1.409910389999999940e-12 1.000000000000000000e+02
2.658710000000000000e+06 2.814600580000000000e+08 5.407163956018518365e+04 2.325665509259273733e-01 4.600000000000000000e+01 4.600000000000000200e-01 6.782329983125268136e-02 1.029458380000000052e-12 1.000000000000000000e+02
2.658810000000000000e+06 2.814601580000000000e+08 5.407164071759259241e+04 2.332899305555571345e-01 3.000000000000000000e+01 2.999999999999999889e-01 5.477225575051661299e-02 6.713858999999999857e-13 1.000000000000000000e+02
2.658910000000000000e+06 2.814602580000000000e+08 5.407164187500000116e+04 2.340133101851868958e-01 4.700000000000000000e+01 4.699999999999999734e-01 6.855654600401044074e-02 1.051837909999999974e-12 1.000000000000000000e+02
2.659010000000000000e+06 2.814603580000000000e+08 5.407164303240740992e+04 2.347366898148131042e-01 3.300000000000000000e+01 3.300000000000000155e-01 5.744562646538028949e-02 7.385244899999999540e-13 1.000000000000000000e+02
2.659110000000000000e+06 2.814604580000000000e+08 5.407164418981481867e+04 2.354600694444428655e-01 5.700000000000000000e+01 5.699999999999999512e-01 7.549834435270749711e-02 1.275633209999999801e-12 1.000000000000000000e+02
2.659210000000000000e+06 2.814605580000000000e+08 5.407164534722222015e+04 2.361834490740726267e-01 4.800000000000000000e+01 4.799999999999999822e-01 6.928203230275509217e-02 1.074217439999999896e-12 1.000000000000000000e+02
2.659310000000000000e+06 2.814606580000000000e+08 5.407164650462962891e+04 2.369068287037023879e-01 3.700000000000000000e+01 3.699999999999999956e-01 6.082762530298219117e-02 8.280426099999999453e-13 1.000000000000000000e+02
2.659410000000000000e+06 2.814607580000000000e+08 5.407164766203703766e+04 2.376302083333321491e-01 3.600000000000000000e+01 3.599999999999999867e-01 5.999999999999999778e-02 8.056630799999999223e-13 1.000000000000000000e+02
2.659510000000000000e+06 2.814608580000000000e+08 5.407164881944444642e+04 2.383535879629619103e-01 5.600000000000000000e+01 5.600000000000000533e-01 7.483314773547883325e-02 1.253253680000000081e-12 1.000000000000000000e+02
2.662610000000000000e+06 2.814639580000000000e+08 5.407168469907407416e+04 2.607783564814809552e-01 2.800000000000000000e+01 2.800000000000000266e-01 5.291502622129181516e-02 6.266268400000000405e-13 1.000000000000000000e+02
2.662710000000000000e+06 2.814640580000000000e+08 5.407168585648148292e+04 2.615017361111107164e-01 4.100000000000000000e+01 4.099999999999999756e-01 6.403124237432848698e-02 9.175607299999998357e-13 1.000000000000000000e+02
2.662810000000000000e+06 2.814641580000000000e+08 5.407168701388889167e+04 2.622251157407404776e-01 3.300000000000000000e+01 3.300000000000000155e-01 5.744562646538028949e-02 7.385244899999999540e-13 1.000000000000000000e+02
2.662910000000000000e+06 2.814642580000000000e+08 5.407168817129629315e+04 2.629484953703702388e-01 6.800000000000000000e+01 6.800000000000000488e-01 8.246211251235320561e-02 1.521808039999999954e-12 1.000000000000000000e+02
2.663010000000000000e+06 2.814643580000000000e+08 5.407168932870370190e+04 2.636718750000000000e-01 4.200000000000000000e+01 4.199999999999999845e-01 6.480740698407860823e-02 9.399402599999999598e-13 1.000000000000000000e+02
2.663110000000000000e+06 2.814644580000000000e+08 5.407169048611111066e+04 2.643952546296297612e-01 4.300000000000000000e+01 4.299999999999999933e-01 6.557438524302000582e-02 9.623197899999998819e-13 1.000000000000000000e+02
2.663210000000000000e+06 2.814645580000000000e+08 5.407169164351851941e+04 2.651186342592595224e-01 5.500000000000000000e+01 5.500000000000000444e-01 7.416198487095662650e-02 1.230874149999999957e-12 1.000000000000000000e+02
2.663310000000000000e+06 2.814646580000000000e+08 5.407169280092592817e+04 2.658420138888892836e-01 4.600000000000000000e+01 4.600000000000000200e-01 6.782329983125268136e-02 1.029458380000000052e-12 1.000000000000000000e+02
2.663410000000000000e+06 2.814647580000000000e+08 5.407169395833332965e+04 2.665653935185190448e-01 3.000000000000000000e+01 2.999999999999999889e-01 5.477225575051661299e-02 6.713858999999999857e-13 1.000000000000000000e+02
2.663510000000000000e+06 2.814648580000000000e+08 5.407169511574073840e+04 2.672887731481488061e-01 5.000000000000000000e+01 5.000000000000000000e-01 7.071067811865475172e-02 1.118976499999999943e-12 1.000000000000000000e+02
2.663610000000000000e+06 2.814649580000000000e+08 5.407169627314814716e+04 2.680121527777785673e-01 4.900000000000000000e+01 4.899999999999999911e-01 7.000000000000000666e-02 1.096596970000000020e-12 1.000000000000000000e+02
2.663710000000000000e+06 2.814650580000000000e+08 5.407169743055555591e+04 2.687355324074083285e-01 4.700000000000000000e+01 4.699999999999999734e-01 6.855654600401044074e-02 1.051837909999999974e-12 1.000000000000000000e+02
2.663810000000000000e+06 2.814651580000000000e+08 5.407169858796296467e+04 2.694589120370380897e-01 6.400000000000000000e+01 6.400000000000000133e-01 8.000000000000000167e-02 1.432289919999999862e-12 1.000000000000000000e+02
2.663910000000000000e+06 2.814652580000000000e+08 5.407169974537037342e+04 2.701822916666678509e-01 5.600000000000000000e+01 5.600000000000000533e-01 7.483314773547883325e-02 1.253253680000000081e-12 1.000000000000000000e+02
2.664010000000000000e+06 2.814653580000000000e+08 5.407170090277777490e+04 2.709056712962976121e-01 5.100000000000000000e+01 5.100000000000000089e-01 7.141428428542850870e-02 1.141356029999999865e-12 1.000000000000000000e+02
2.664110000000000000e+06 2.814654580000000000e+08 5.407170206018518365e+04 2.716290509259273733e-01 2.900000000000000000e+01 2.899999999999999800e-01 5.385164807134503601e-02 6.490063699999999626e-13 1.000000000000000000e+02
2.664210000000000000e+06 2.814655580000000000e+08 5.407170321759259241e+04 2.723524305555571345e-01 4.500000000000000000e+01 4.500000000000000111e-01 6.708203932499369471e-02 1.007078849999999928e-12 1.000000000000000000e+02
2.664310000000000000e+06 2.814656580000000000e+08 5.407170437500000116e+04 2.730758101851868958e-01 2.700000000000000000e+01 2.700000000000000178e-01 5.196152422706631913e-02 6.042473100000000174e-13 1.000000000000000000e+02
2.664410000000000000e+06 2.814657580000000000e+08 5.407170553240740992e+04 2.737991898148131042e-01 6.900000000000000000e+01 6.899999999999999467e-01 8.306623862918074974e-02 1.544187569999999876e-12 1.000000000000000000e+02
2.664510000000000000e+06 2.814658580000000000e+08 5.407170668981481867e+04 2.745225694444428655e-01 4.100000000000000000e+01 4.099999999999999756e-01 6.403124237432848698e-02 9.175607299999998357e-13 1.000000000000000000e+02
2.664610000000000000e+06 2.814659580000000000e+08 5.407170784722222015e+04 2.752459490740726267e-01 3.900000000000000000e+01 3.900000000000000133e-01 6.244997998398398031e-02 8.728016699999999915e-13 1.000000000000000000e+02
2.664710000000000000e+06 2.814660580000000000e+08 5.407170900462962891e+04 2.759693287037023879e-01 5.700000000000000000e+01 5.699999999999999512e-01 7.549834435270749711e-02 1.275633209999999801e-12 1.000000000000000000e+02
2.664810000000000000e+06 2.814661580000000000e+08 5.407171016203703766e+04 2.766927083333321491e-01 3.900000000000000000e+01 3.900000000000000133e-01 6.244997998398398031e-02 8.728016699999999915e-13 1.000000000000000000e+02
2.664910000000000000e+06 2.814662580000000000e+08 5.407171131944444642e+04 2.774160879629619103e-01 4.900000000000000000e+01 4.899999999999999911e-01 7.000000000000000666e-02 1.096596970000000020e-12 1.000000000000000000e+02
2.665010000000000000e+06 2.814663580000000000e+08 5.407171247685185517e+04 2.781394675925916715e-01 3.300000000000000000e+01 3.300000000000000155e-01 5.744562646538028949e-02 7.385244899999999540e-13 1.000000000000000000e+02
2.665110000000000000e+06 2.814664580000000000e+08 5.407171363425925665e+04 2.788628472222214327e-01 4.500000000000000000e+01 4.500000000000000111e-01 6.708203932499369471e-02 1.007078849999999928e-12 1.000000000000000000e+02
2.665210000000000000e+06 2.814665580000000000e+08 5.407171479166666541e+04 2.795862268518511939e-01 5.500000000000000000e+01 5.500000000000000444e-01 7.416198487095662650e-02 1.230874149999999957e-12 1.000000000000000000e+02
2.665310000000000000e+06 2.814666580000000000e+08 5.407171594907407416e+04 2.803096064814809552e-01 4.900000000000000000e+01 4.899999999999999911e-01 7.000000000000000666e-02 1.096596970000000020e-12 1.000000000000000000e+02
2.665410000000000000e+06 2.814667580000000000e+08 5.407171710648148292e+04 2.810329861111107164e-01 4.400000000000000000e+01 4.400000000000000022e-01 6.633249580710799675e-02 9.846993200000000059e-13 1.000000000000000000e+02
2.665510000000000000e+06 2.814668580000000000e+08 5.407171826388889167e+04 2.817563657407404776e-01 5.900000000000000000e+01 5.899999999999999689e-01 7.681145747868607654e-02 1.320392269999999847e-12 1.000000000000000000e+02
2.665610000000000000e+06 2.814669580000000000e+08 5.407171942129629315e+04 2.824797453703702388e-01 5.800000000000000000e+01 5.799999999999999600e-01 7.615773105863908599e-02 1.298012739999999925e-12 1.000000000000000000e+02
2.665710000000000000e+06 2.814670580000000000e+08 5.407172057870370190e+04 2.832031250000000000e-01 5.000000000000000000e+01 5.000000000000000000e-01 7.071067811865475172e-02 1.118976499999999943e-12 1.000000000000000000e+02
2.665810000000000000e+06 2.814671580000000000e+08 5.407172173611111066e+04 2.839265046296297612e-01 4.800000000000000000e+01 4.799999999999999822e-01 6.928203230275509217e-02 1.074217439999999896e-12 1.000000000000000000e+02
2.665910000000000000e+06 2.814672580000000000e+08 5.407172289351851941e+04 2.846498842592595224e-01 6.600000000000000000e+01 6.600000000000000311e-01 8.124038404635960942e-02 1.477048979999999908e-12 1.000000000000000000e+02
2.666010000000000000e+06 2.814673580000000000e+08 5.407172405092592817e+04 2.853732638888892836e-01 3.800000000000000000e+01 3.800000000000000044e-01 6.164414002968975764e-02 8.504221399999999684e-13 1.000000000000000000e+02
2.666110000000000000e+06 2.814674580000000000e+08 5.407172520833332965e+04 2.860966435185190448e-01 4.200000000000000000e+01 4.199999999999999845e-01 6.480740698407860823e-02 9.399402599999999598e-13 1.000000000000000000e+02
2.666210000000000000e+06 2.814675580000000000e+08 5.407172636574073840e+04 2.868200231481488061e-01 4.900000000000000000e+01 4.899999999999999911e-01 7.000000000000000666e-02 1.096596970000000020e-12 1.000000000000000000e+02
2.666310000000000000e+06 2.814676580000000000e+08 5.407172752314814716e+04 2.875434027777785673e-01 4.100000000000000000e+01 4.099999999999999756e-01 6.403124237432848698e-02 9.175607299999998357e-13 1.000000000000000000e+02
2.666410000000000000e+06 2.814677580000000000e+08 5.407172868055555591e+04 2.882667824074083285e-01 3.100000000000000000e+01 3.099999999999999978e-01 5.567764362830021629e-02 6.937654300000000088e-13 1.000000000000000000e+02
2.666510000000000000e+06 2.814678580000000000e+08 5.407172983796296467e+04 2.889901620370380897e-01 3.800000000000000000e+01 3.800000000000000044e-01 6.164414002968975764e-02 8.504221399999999684e-13 1.000000000000000000e+02
2.666610000000000000e+06 2.814679580000000000e+08 5.407173099537037342e+04 2.897135416666678509e-01 4.200000000000000000e+01 4.199999999999999845e-01 6.480740698407860823e-02 9.399402599999999598e-13 1.000000000000000000e+02
2.666710000000000000e+06 2.814680580000000000e+08 5.407173215277777490e+04 2.904369212962976121e-01 5.500000000000000000e+01 5.500000000000000444e-01 7.416198487095662650e-02 1.230874149999999957e-12 1.000000000000000000e+02
2.666810000000000000e+06 2.814681580000000000e+08 5.407173331018518365e+04 2.911603009259273733e-01 5.800000000000000000e+01 5.799999999999999600e-01 7.615773105863908599e-02 1.298012739999999925e-12 1.000000000000000000e+02
2.666910000000000000e+06 2.814682580000000000e+08 5.407173446759259241e+04 2.918836805555571345e-01 4.800000000000000000e+01 4.799999999999999822e-01 6.928203230275509217e-02 1.074217439999999896e-12 1.000000000000000000e+02
2.667010000000000000e+06 2.814683580000000000e+08 5.407173562500000116e+04 2.926070601851868958e-01 4.400000000000000000e+01 4.400000000000000022e-01 6.633249580710799675e-02 9.846993200000000059e-13 1.000000000000000000e+02
2.667110000000000000e+06 2.814684580000000000e+08 5.407173678240740992e+04 2.933304398148131042e-01 5.600000000000000000e+01 5.600000000000000533e-01 7.483314773547883325e-02 1.253253680000000081e-12 1.000000000000000000e+02
2.667210000000000000e+06 2.814685580000000000e+08 5.407173793981481867e+04 2.940538194444428655e-01 5.300000000000000000e+01 5.300000000000000266e-01 7.280109889280518554e-02 1.186115089999999911e-12 1.000000000000000000e+02
2.667310000000000000e+06 2.814686580000000000e+08 5.407173909722222015e+04 2.947771990740726267e-01 4.200000000000000000e+01 4.199999999999999845e-01 6.480740698407860823e-02 9.399402599999999598e-13 1.000000000000000000e+02
2.667410000000000000e+06 2.814687580000000000e+08 5.407174025462962891e+04 2.955005787037023879e-01 6.800000000000000000e+01 6.800000000000000488e-01 8.246211251235320561e-02 1.521808039999999954e-12 1.000000000000000000e+02
2.667510000000000000e+06 2.814688580000000000e+08 5.407174141203703766e+04 2.962239583333321491e-01 4.200000000000000000e+01 4.199999999999999845e-01 6.480740698407860823e-02 9.399402599999999598e-13 1.000000000000000000e+02
2.667610000000000000e+06 2.814689580000000000e+08 5.407174256944444642e+04 2.969473379629619103e-01 5.900000000000000000e+01 5.899999999999999689e-01 7.681145747868607654e-02 1.320392269999999847e-12 1.000000000000000000e+02
2.667710000000000000e+06 2.814690580000000000e+08 5.407174372685185517e+04 2.976707175925916715e-01 4.900000000000000000e+01 4.899999999999999911e-01 7.000000000000000666e-02 1.096596970000000020e-12 1.000000000000000000e+02
2.667810000000000000e+06 2.814691580000000000e+08 5.407174488425925665e+04 2.983940972222214327e-01 4.100000000000000000e+01 4.099999999999999756e-01 6.403124237432848698e-02 9.175607299999998357e-13 1.000000000000000000e+02
2.667910000000000000e+06 2.814692580000000000e+08 5.407174604166666541e+04 2.991174768518511939e-01 3.800000000000000000e+01 3.800000000000000044e-01 6.164414002968975764e-02 8.504221399999999684e-13 1.000000000000000000e+02
2.668010000000000000e+06 2.814693580000000000e+08 5.407174719907407416e+04 2.998408564814809552e-01 4.300000000000000000e+01 4.299999999999999933e-01 6.557438524302000582e-02 9.623197899999998819e-13 1.000000000000000000e+02
2.668110000000000000e+06 2.814694580000000000e+08 5.407174835648148292e+04 3.005642361111107164e-01 4.700000000000000000e+01 4.699999999999999734e-01 6.855654600401044074e-02 1.051837909999999974e-12 1.000000000000000000e+02
2.668210000000000000e+06 2.814695580000000000e+08 5.407174951388889167e+04 3.012876157407404776e-01 5.300000000000000000e+01 5.300000000000000266e-01 7.280109889280518554e-02 1.186115089999999911e-12 1.000000000000000000e+02
2.668310000000000000e+06 2.814696580000000000e+08 5.407175067129629315e+04 3.020109953703702388e-01 5.400000000000000000e+01 5.400000000000000355e-01 7.348469228349534255e-02 1.208494620000000035e-12 1.000000000000000000e+02
2.668410000000000000e+06 2.814697580000000000e+08 5.407175182870370190e+04 3.027343750000000000e-01 5.600000000000000000e+01 5.600000000000000533e-01 7.483314773547883325e-02 1.253253680000000081e-12 1.000000000000000000e+02
2.668510000000000000e+06 2.814698580000000000e+08 5.407175298611111066e+04 3.034577546296297612e-01 3.200000000000000000e+01 3.200000000000000067e-01 5.656854249492380277e-02 7.161449599999999309e-13 1.000000000000000000e+02
2.668610000000000000e+06 2.814699580000000000e+08 5.407175414351851941e+04 3.041811342592595224e-01 3.900000000000000000e+01 3.900000000000000133e-01 6.244997998398398031e-02 8.728016699999999915e-13 1.000000000000000000e+02
2.668710000000000000e+06 2.814700580000000000e+08 5.407175530092592817e+04 3.049045138888892836e-01 3.500000000000000000e+01 3.499999999999999778e-01 5.916079783099616185e-02 7.832835499999998992e-13 1.000000000000000000e+02
2.668810000000000000e+06 2.814701580000000000e+08 5.407175645833332965e+04 3.056278935185190448e-01 4.700000000000000000e+01 4.699999999999999734e-01 6.855654600401044074e-02 1.051837909999999974e-12 1.000000000000000000e+02
2.668910000000000000e+06 2.814702580000000000e+08 5.407175761574073840e+04 3.063512731481488061e-01 4.000000000000000000e+01 4.000000000000000222e-01 6.324555320336759656e-02 8.951812000000000146e-13 1.000000000000000000e+02
2.672010000000000000e+06 2.814733580000000000e+08 5.407179349537037342e+04 3.287760416666678509e-01 4.600000000000000000e+01 4.600000000000000200e-01 6.782329983125268136e-02 1.029458380000000052e-12 1.000000000000000000e+02
2.672110000000000000e+06 2.814734580000000000e+08 5.407179465277777490e+04 3.294994212962976121e-01 4.500000000000000000e+01 4.500000000000000111e-01 6.708203932499369471e-02 1.007078849999999928e-12 1.000000000000000000e+02
2.672210000000000000e+06 2.814735580000000000e+08 5.407179581018518365e+04 3.302228009259273733e-01 3.900000000000000000e+01 3.900000000000000133e-01 6.244997998398398031e-02 8.728016699999999915e-13 1.000000000000000000e+02
2.672310000000000000e+06 2.814736580000000000e+08 5.407179696759259241e+04 3.309461805555571345e-01 4.700000000000000000e+01 4.699999999999999734e-01 6.855654600401044074e-02 1.051837909999999974e-12 1.000000000000000000e+02
2.672410000000000000e+06 2.814737580000000000e+08 5.407179812500000116e+04 3.316695601851868958e-01 5.700000000000000000e+01 5.699999999999999512e-01 7.549834435270749711e-02 1.275633209999999801e-12 1.000000000000000000e+02
2.672510000000000000e+06 2.814738580000000000e+08 5.407179928240740992e+04 3.323929398148131042e-01 4.200000000000000000e+01 4.199999999999999845e-01 6.480740698407860823e-02 9.399402599999999598e-13 1.000000000000000000e+02
2.672610000000000000e+06 2.814739580000000000e+08 5.407180043981481867e+04 3.331163194444428655e-01 3.700000000000000000e+01 3.699999999999999956e-01 6.082762530298219117e-02 8.280426099999999453e-13 1.000000000000000000e+02
2.672710000000000000e+06 2.814740580000000000e+08 5.407180159722222015e+04 3.338396990740726267e-01 4.600000000000000000e+01 4.600000000000000200e-01 6.782329983125268136e-02 1.029458380000000052e-12 1.000000000000000000e+02
2.672810000000000000e+06 2.814741580000000000e+08 5.407180275462962891e+04 3.345630787037023879e-01 3.500000000000000000e+01 3.499999999999999778e-01 5.916079783099616185e-02 7.832835499999998992e-13 1.000000000000000000e+02
2.672910000000000000e+06 2.814742580000000000e+08 5.407180391203703766e+04 3.352864583333321491e-01 4.700000000000000000e+01 4.699999999999999734e-01 6.855654600401044074e-02 1.051837909999999974e-12 1.000000000000000000e+02
2.673010000000000000e+06 2.814743580000000000e+08 5.407180506944444642e+04 3.360098379629619103e-01 5.200000000000000000e+01 5.200000000000000178e-01 7.211102550927978028e-02 1.163735559999999989e-12 1.000000000000000000e+02
2.673110000000000000e+06 2.814744580000000000e+08 5.407180622685185517e+04 3.367332175925916715e-01 4.200000000000000000e+01 4.199999999999999845e-01 6.480740698407860823e-02 9.399402599999999598e-13 1.000000000000000000e+02
2.673210000000000000e+06 2.814745580000000000e+08 5.407180738425925665e+04 3.374565972222214327e-01 4.900000000000000000e+01 4.899999999999999911e-01 7.000000000000000666e-02 1.096596970000000020e-12 1.000000000000000000e+02
2.673310000000000000e+06 2.814746580000000000e+08 5.407180854166666541e+04 3.381799768518511939e-01 3.600000000000000000e+01 3.599999999999999867e-01 5.999999999999999778e-02 8.056630799999999223e-13 1.000000000000000000e+02
2.673410000000000000e+06 2.814747580000000000e+08 5.407180969907407416e+04 3.389033564814809552e-01 3.200000000000000000e+01 3.200000000000000067e-01 5.656854249492380277e-02 7.161449599999999309e-13 1.000000000000000000e+02
2.673510000000000000e+06 2.814748580000000000e+08 5.407181085648148292e+04 3.396267361111107164e-01 3.300000000000000000e+01 3.300000000000000155e-01 5.744562646538028949e-02 7.385244899999999540e-13 1.000000000000000000e+02
2.673610000000000000e+06 2.814749580000000000e+08 5.407181201388889167e+04 3.403501157407404776e-01 3.000000000000000000e+01 2.999999999999999889e-01 5.477225575051661299e-02 6.713858999999999857e-13 1.000000000000000000e+02
2.673710000000000000e+06 2.814750580000000000e+08 5.407181317129629315e+04 3.410734953703702388e-01 3.700000000000000000e+01 3.699999999999999956e-01 6.082762530298219117e-02 8.280426099999999453e-13 1.000000000000000000e+02
2.673810000000000000e+06 2.814751580000000000e+08 5.407181432870370190e+04 3.417968750000000000e-01 3.900000000000000000e+01 3.900000000000000133e-01 6.244997998398398031e-02 8.728016699999999915e-13 1.000000000000000000e+02
2.673910000000000000e+06 2.814752580000000000e+08 5.407181548611111066e+04 3.425202546296297612e-01 4.200000000000000000e+01 4.199999999999999845e-01 6.480740698407860823e-02 9.399402599999999598e-13 1.000000000000000000e+02
2.674010000000000000e+06 2.814753580000000000e+08 5.407181664351851941e+04 3.432436342592595224e-01 5.100000000000000000e+01 5.100000000000000089e-01 7.141428428542850870e-02 1.141356029999999865e-12 1.000000000000000000e+02
2.674110000000000000e+06 2.814754580000000000e+08 5.407181780092592817e+04 3.439670138888892836e-01 4.600000000000000000e+01 4.600000000000000200e-01 6.782329983125268136e-02 1.029458380000000052e-12 1.000000000000000000e+02
2.674210000000000000e+06 2.814755580000000000e+08 5.407181895833332965e+04 3.446903935185190448e-01 4.100000000000000000e+01 4.099999999999999756e-01 6.403124237432848698e-02 9.175607299999998357e-13 1.000000000000000000e+02
2.674310000000000000e+06 2.814756580000000000e+08 5.407182011574073840e+04 3.454137731481488061e-01 3.700000000000000000e+01 3.699999999999999956e-01 6.082762530298219117e-02 8.280426099999999453e-13 1.000000000000000000e+02
2.674410000000000000e+06 2.814757580000000000e+08 5.407182127314814716e+04 3.461371527777785673e-01 4.000000000000000000e+01 4.000000000000000222e-01 6.324555320336759656e-02 8.951812000000000146e-13 1.000000000000000000e+02
2.674510000000000000e+06 2.814758580000000000e+08 5.407182243055555591e+04 3.468605324074083285e-01 4.600000000000000000e+01 4.600000000000000200e-01 6.782329983125268136e-02 1.029458380000000052e-12 1.000000000000000000e+02
2.674610000000000000e+06 2.814759580000000000e+08 5.407182358796296467e+04 3.475839120370380897e-01 5.200000000000000000e+01 5.200000000000000178e-01 7.211102550927978028e-02 1.163735559999999989e-12 1.000000000000000000e+02
2.674710000000000000e+06 2.814760580000000000e+08 5.407182474537037342e+04 3.483072916666678509e-01 4.500000000000000000e+01 4.500000000000000111e-01 6.708203932499369471e-02 1.007078849999999928e-12 1.000000000000000000e+02
2.674810000000000000e+06 2.814761580000000000e+08 5.407182590277777490e+04 3.490306712962976121e-01 4.300000000000000000e+01 4.299999999999999933e-01 6.557438524302000582e-02 9.623197899999998819e-13 1.000000000000000000e+02
2.674910000000000000e+06 2.814762580000000000e+08 5.407182706018518365e+04 3.497540509259273733e-01 3.300000000000000000e+01 3.300000000000000155e-01 5.744562646538028949e-02 7.385244899999999540e-13 1.000000000000000000e+02
2.675010000000000000e+06 2.814763580000000000e+08 5.407182821759259241e+04 3.504774305555571345e-01 4.000000000000000000e+01 4.000000000000000222e-01 6.324555320336759656e-02 8.951812000000000146e-13 1.000000000000000000e+02
2.675110000000000000e+06 2.814764580000000000e+08 5.407182937500000116e+04 3.512008101851868958e-01 4.000000000000000000e+01 4.000000000000000222e-01 6.324555320336759656e-02 8.951812000000000146e-13 1.000000000000000000e+02
2.675210000000000000e+06 2.814765580000000000e+08 5.407183053240740992e+04 3.519241898148131042e-01 4.100000000000000000e+01 4.099999999999999756e-01 6.403124237432848698e-02 9.175607299999998357e-13 1.000000000000000000e+02
2.675310000000000000e+06 2.814766580000000000e+08 5.407183168981481867e+04 3.526475694444428655e-01 3.600000000000000000e+01 3.599999999999999867e-01 5.999999999999999778e-02 8.056630799999999223e-13 1.000000000000000000e+02
2.675410000000000000e+06 2.814767580000000000e+08 5.407183284722222015e+04 3.533709490740726267e-01 4.400000000000000000e+01 4.400000000000000022e-01 6.633249580710799675e-02 9.846993200000000059e-13 1.000000000000000000e+02
2.675510000000000000e+06 2.814768580000000000e+08 5.407183400462962891e+04 3.540943287037023879e-01 4.900000000000000000e+01 4.899999999999999911e-01 7.000000000000000666e-02 1.096596970000000020e-12 1.000000000000000000e+02
2.675610000000000000e+06 2.814769580000000000e+08 5.407183516203703766e+04 3.548177083333321491e-01 4.500000000000000000e+01 4.500000000000000111e-01 6.708203932499369471e-02 1.007078849999999928e-12 1.000000000000000000e+02
2.675710000000000000e+06 2.814770580000000000e+08 5.407183631944444642e+04 3.555410879629619103e-01 4.300000000000000000e+01 4.299999999999999933e-01 6.557438524302000582e-02 9.623197899999998819e-13 1.000000000000000000e+02
2.675810000000000000e+06 2.814771580000000000e+08 5.407183747685185517e+04 3.562644675925916715e-01 5.600000000000000000e+01 5.600000000000000533e-01 7.483314773547883325e-02 1.253253680000000081e-12 1.000000000000000000e+02
2.675910000000000000e+06 2.814772580000000000e+08 5.407183863425925665e+04 3.569878472222214327e-01 2.800000000000000000e+01 2.800000000000000266e-01 5.291502622129181516e-02 6.266268400000000405e-13 1.000000000000000000e+02
2.676010000000000000e+06 2.814773580000000000e+08 5.407183979166666541e+04 3.577112268518511939e-01 4.000000000000000000e+01 4.000000000000000222e-01 6.324555320336759656e-02 8.951812000000000146e-13 1.000000000000000000e+02
2.676110000000000000e+06 2.814774580000000000e+08 5.407184094907407416e+04 3.584346064814809552e-01 5.000000000000000000e+01 5.000000000000000000e-01 7.071067811865475172e-02 1.118976499999999943e-12 1.000000000000000000e+02
2.676210000000000000e+06 2.814775580000000000e+08 5.407184210648148292e+04 3.591579861111107164e-01 3.900000000000000000e+01 3.900000000000000133e-01 6.244997998398398031e-02 8.728016699999999915e-13 1.000000000000000000e+02
2.676310000000000000e+06 2.814776580000000000e+08 5.407184326388889167e+04 3.598813657407404776e-01 4.400000000000000000e+01 4.400000000000000022e-01 6.633249580710799675e-02 9.846993200000000059e-13 1.000000000000000000e+02
2.676410000000000000e+06 2.814777580000000000e+08 5.407184442129629315e+04 3.606047453703702388e-01 4.000000000000000000e+01 4.000000000000000222e-01 6.324555320336759656e-02 8.951812000000000146e-13 1.000000000000000000e+02
2.676510000000000000e+06 2.814778580000000000e+08 5.407184557870370190e+04 3.613281250000000000e-01 5.300000000000000000e+01 5.300000000000000266e-01 7.280109889280518554e-02 1.186115089999999911e-12 1.000000000000000000e+02
2.676610000000000000e+06 2.814779580000000000e+08 5.407184673611111066e+04 3.620515046296297612e-01 3.000000000000000000e+01 2.999999999999999889e-01 5.477225575051661299e-02 6.713858999999999857e-13 1.000000000000000000e+02
2.676710000000000000e+06 2.814780580000000000e+08 5.407184789351851941e+04 3.627748842592595224e-01 3.600000000000000000e+01 3.599999999999999867e-01 5.999999999999999778e-02 8.056630799999999223e-13 1.000000000000000000e+02
2.676810000000000000e+06 2.814781580000000000e+08 5.407184905092592817e+04 3.634982638888892836e-01 4.500000000000000000e+01 4.500000000000000111e-01 6.708203932499369471e-02 1.007078849999999928e-12 1.000000000000000000e+02
2.676910000000000000e+06 2.814782580000000000e+08 5.407185020833332965e+04 3.642216435185190448e-01 5.000000000000000000e+01 5.000000000000000000e-01 7.071067811865475172e-02 1.118976499999999943e-12 1.000000000000000000e+02
2.677010000000000000e+06 2.814783580000000000e+08 5.407185136574073840e+04 3.649450231481488061e-01 3.500000000000000000e+01 3.499999999999999778e-01 5.916079783099616185e-02 7.832835499999998992e-13 1.000000000000000000e+02
2.677110000000000000e+06 2.814784580000000000e+08 5.407185252314814716e+04 3.656684027777785673e-01 3.600000000000000000e+01 3.599999999999999867e-01 5.999999999999999778e-02 8.056630799999999223e-13 1.000000000000000000e+02
2.677210000000000000e+06 2.814785580000000000e+08 5.407185368055555591e+04 3.663917824074083285e-01 3.500000000000000000e+01 3.499999999999999778e-01 5.916079783099616185e-02 7.832835499999998992e-13 1.000000000000000000e+02
2.677310000000000000e+06 2.814786580000000000e+08 5.407185483796296467e+04 3.671151620370380897e-01 4.500000000000000000e+01 4.500000000000000111e-01 6.708203932499369471e-02 1.007078849999999928e-12 1.000000000000000000e+02
2.677410000000000000e+06 2.814787580000000000e+08 5.407185599537037342e+04 3.678385416666678509e-01 3.400000000000000000e+01 3.400000000000000244e-01 5.830951894845300826e-02 7.609040199999999771e-13 1.000000000000000000e+02
2.677510000000000000e+06 2.814788580000000000e+08 5.407185715277777490e+04 3.685619212962976121e-01 3.300000000000000000e+01 3.300000000000000155e-01 5.744562646538028949e-02 7.385244899999999540e-13 1.000000000000000000e+02
2.677610000000000000e+06 2.814789580000000000e+08 5.407185831018518365e+04 3.692853009259273733e-01 4.400000000000000000e+01 4.400000000000000022e-01 6.633249580710799675e-02 9.846993200000000059e-13 1.000000000000000000e+02
2.677710000000000000e+06 2.814790580000000000e+08 5.407185946759259241e+04 3.700086805555571345e-01 3.500000000000000000e+01 3.499999999999999778e-01 5.916079783099616185e-02 7.832835499999998992e-13 1.000000000000000000e+02
2.677810000000000000e+06 2.814791580000000000e+08 5.407186062500000116e+04 3.707320601851868958e-01 3.900000000000000000e+01 3.900000000000000133e-01 6.244997998398398031e-02 8.728016699999999915e-13 1.000000000000000000e+02
2.677910000000000000e+06 2.814792580000000000e+08 5.407186178240740992e+04 3.714554398148131042e-01 4.000000000000000000e+01 4.000000000000000222e-01 6.324555320336759656e-02 8.951812000000000146e-13 1.000000000000000000e+02
2.678010000000000000e+06 2.814793580000000000e+08 5.407186293981481867e+04 3.721788194444428655e-01 3.700000000000000000e+01 3.699999999999999956e-01 6.082762530298219117e-02 8.280426099999999453e-13 1.000000000000000000e+02
2.678110000000000000e+06 2.814794580000000000e+08 5.407186409722222015e+04 3.729021990740726267e-01 4.200000000000000000e+01 4.199999999999999845e-01 6.480740698407860823e-02 9.399402599999999598e-13 1.000000000000000000e+02
2.678210000000000000e+06 2.814795580000000000e+08 5.407186525462962891e+04 3.736255787037023879e-01 4.400000000000000000e+01 4.400000000000000022e-01 6.633249580710799675e-02 9.846993200000000059e-13 1.000000000000000000e+02
2.678310000000000000e+06 2.814796580000000000e+08 5.407186641203703766e+04 3.743489583333321491e-01 4.200000000000000000e+01 4.199999999999999845e-01 6.480740698407860823e-02 9.399402599999999598e-13 1.000000000000000000e+02
2.678410000000000000e+06 2.814797580000000000e+08 5.407186756944444642e+04 3.750723379629619103e-01 3.700000000000000000e+01 3.699999999999999956e-01 6.082762530298219117e-02 8.280426099999999453e-13 1.000000000000000000e+02
2.678510000000000000e+06 2.814798580000000000e+08 5.407186872685185517e+04 3.757957175925916715e-01 2.900000000000000000e+01 2.899999999999999800e-01 5.385164807134503601e-02 6.490063699999999626e-13 1.000000000000000000e+02
2.678610000000000000e+06 2.814799580000000000e+08 5.407186988425925665e+04 3.765190972222214327e-01 3.700000000000000000e+01 3.699999999999999956e-01 6.082762530298219117e-02 8.280426099999999453e-13 1.000000000000000000e+02
2.678710000000000000e+06 2.814800580000000000e+08 5.407187104166666541e+04 3.772424768518511939e-01 3.700000000000000000e+01 3.699999999999999956e-01 6.082762530298219117e-02 8.280426099999999453e-13 1.000000000000000000e+02
2.678810000000000000e+06 2.814801580000000000e+08 5.407187219907407416e+04 3.779658564814809552e-01 2.600000000000000000e+01 2.600000000000000089e-01 5.099019513592784741e-02 5.818677799999999943e-13 1.000000000000000000e+02
2.678910000000000000e+06 2.814802580000000000e+08 5.407187335648148292e+04 3.786892361111107164e-01 4.000000000000000000e+01 4.000000000000000222e-01 6.324555320336759656e-02 8.951812000000000146e-13 1.000000000000000000e+02
2.679010000000000000e+06 2.814803580000000000e+08 5.407187451388889167e+04 3.794126157407404776e-01 4.400000000000000000e+01 4.400000000000000022e-01 6.633249580710799675e-02 9.846993200000000059e-13 1.000000000000000000e+02
2.679110000000000000e+06 2.814804580000000000e+08 5.407187567129629315e+04 3.801359953703702388e-01 4.300000000000000000e+01 4.299999999999999933e-01 6.557438524302000582e-02 9.623197899999998819e-13 1.000000000000000000e+02
2.679210000000000000e+06 2.814805580000000000e+08 5.407187682870370190e+04 3.808593750000000000e-01 5.200000000000000000e+01 5.200000000000000178e-01 7.211102550927978028e-02 1.163735559999999989e-12 1.000000000000000000e+02
2.679310000000000000e+06 2.814806580000000000e+08 5.407187798611111066e+04 3.815827546296297612e-01 4.300000000000000000e+01 4.299999999999999933e-01 6.557438524302000582e-02 9.623197899999998819e-13 1.000000000000000000e+02
2.679410000000000000e+06 2.814807580000000000e+08 5.407187914351851941e+04 3.823061342592595224e-01 4.000000000000000000e+01 4.000000000000000222e-01 6.324555320336759656e-02 8.951812000000000146e-13 1.000000000000000000e+02
2.679510000000000000e+06 2.814808580000000000e+08 5.407188030092592817e+04 3.830295138888892836e-01 4.800000000000000000e+01 4.799999999999999822e-01 6.928203230275509217e-02 1.074217439999999896e-12 1.000000000000000000e+02
2.679610000000000000e+06 2.814809580000000000e+08 5.407188145833332965e+04 3.837528935185190448e-01 5.300000000000000000e+01 5.300000000000000266e-01 7.280109889280518554e-02 1.186115089999999911e-12 1.000000000000000000e+02
2.679710000000000000e+06 2.814810580000000000e+08 5.407188261574073840e+04 3.844762731481488061e-01 3.500000000000000000e+01 3.499999999999999778e-01 5.916079783099616185e-02 7.832835499999998992e-13 1.000000000000000000e+02
2.679810000000000000e+06 2.814811580000000000e+08 5.407188377314814716e+04 3.851996527777785673e-01 3.600000000000000000e+01 3.599999999999999867e-01 5.999999999999999778e-02 8.056630799999999223e-13 1.000000000000000000e+02
2.679910000000000000e+06 2.814812580000000000e+08 5.407188493055555591e+04 3.859230324074083285e-01 3.600000000000000000e+01 3.599999999999999867e-01 5.999999999999999778e-02 8.056630799999999223e-13 1.000000000000000000e+02
2.680010000000000000e+06 2.814813580000000000e+08 5.407188608796296467e+04 3.866464120370380897e-01 3.600000000000000000e+01 3.599999999999999867e-01 5.999999999999999778e-02 8.056630799999999223e-13 1.000000000000000000e+02
2.680110000000000000e+06 2.814814580000000000e+08 5.407188724537037342e+04 3.873697916666678509e-01 4.500000000000000000e+01 4.500000000000000111e-01 6.708203932499369471e-02 1.007078849999999928e-12 1.000000000000000000e+02
2.680210000000000000e+06 2.814815580000000000e+08 5.407188840277777490e+04 3.880931712962976121e-01 3.500000000000000000e+01 3.499999999999999778e-01 5.916079783099616185e-02 7.832835499999998992e-13 1.000000000000000000e+02
2.680310000000000000e+06 2.814816580000000000e+08 5.407188956018518365e+04 3.888165509259273733e-01 4.600000000000000000e+01 4.600000000000000200e-01 6.782329983125268136e-02 1.029458380000000052e-12 1.000000000000000000e+02
2.680410000000000000e+06 2.814817580000000000e+08 5.407189071759259241e+04 3.895399305555571345e-01 4.900000000000000000e+01 4.899999999999999911e-01 7.000000000000000666e-02 1.096596970000000020e-12 1.000000000000000000e+02
2.680510000000000000e+06 2.814818580000000000e+08 5.407189187500000116e+04 3.902633101851868958e-01 3.700000000000000000e+01 3.699999999999999956e-01 6.082762530298219117e-02 8.280426099999999453e-13 1.000000000000000000e+02
2.680610000000000000e+06 2.814819580000000000e+08 5.407189303240740992e+04 3.909866898148131042e-01 5.400000000000000000e+01 5.400000000000000355e-01 7.348469228349534255e-02 1.208494620000000035e-12 1.000000000000000000e+02
2.680710000000000000e+06 2.814820580000000000e+08 5.407189418981481867e+04 3.917100694444428655e-01 4.300000000000000000e+01 4.299999999999999933e-01 6.557438524302000582e-02 9.623197899999998819e-13 1.000000000000000000e+02
2.680810000000000000e+06 2.814821580000000000e+08 5.407189534722222015e+04 3.924334490740726267e-01 4.100000000000000000e+01 4.099999999999999756e-01 6.403124237432848698e-02 9.175607299999998357e-13 1.000000000000000000e+02
2.680910000000000000e+06 2.814822580000000000e+08 5.407189650462962891e+04 3.931568287037023879e-01 3.900000000000000000e+01 3.900000000000000133e-01 6.244997998398398031e-02 8.728016699999999915e-13 1.000000000000000000e+02
2.681010000000000000e+06 2.814823580000000000e+08 5.407189766203703766e+04 3.938802083333321491e-01 4.100000000000000000e+01 4.099999999999999756e-01 6.403124237432848698e-02 9.175607299999998357e-13 1.000000000000000000e+02
2.681110000000000000e+06 2.814824580000000000e+08 5.407189881944444642e+04 3.946035879629619103e-01 3.000000000000000000e+01 2.999999999999999889e-01 5.477225575051661299e-02 6.713858999999999857e-13 1.000000000000000000e+02
2.681210000000000000e+06 2.814825580000000000e+08 5.407189997685185517e+04 3.953269675925916715e-01 3.200000000000000000e+01 3.200000000000000067e-01 5.656854249492380277e-02 7.161449599999999309e-13 1.000000000000000000e+02
2.681310000000000000e+06 2.814826580000000000e+08 5.407190113425925665e+04 3.960503472222214327e-01 4.100000000000000000e+01 4.099999999999999756e-01 6.403124237432848698e-02 9.175607299999998357e-13 1.000000000000000000e+02
2.681410000000000000e+06 2.814827580000000000e+08 5.407190229166666541e+04 3.967737268518511939e-01 3.900000000000000000e+01 3.900000000000000133e-01 6.244997998398398031e-02 8.728016699999999915e-13 1.000000000000000000e+02
2.681510000000000000e+06 2.814828580000000000e+08 5.407190344907407416e+04 3.974971064814809552e-01 3.900000000000000000e+01 3.900000000000000133e-01 6.244997998398398031e-02 8.728016699999999915e-13 1.000000000000000000e+02
2.681610000000000000e+06 2.814829580000000000e+08 5.407190460648148292e+04 3.982204861111107164e-01 4.700000000000000000e+01 4.699999999999999734e-01 6.855654600401044074e-02 1.051837909999999974e-12 1.000000000000000000e+02
2.681710000000000000e+06 2.814830580000000000e+08 5.407190576388889167e+04 3.989438657407404776e-01 4.200000000000000000e+01 4.199999999999999845e-01 6.480740698407860823e-02 9.399402599999999598e-13 1.000000000000000000e+02
2.681810000000000000e+06 2.814831580000000000e+08 5.407190692129629315e+04 3.996672453703702388e-01 3.400000000000000000e+01 3.400000000000000244e-01 5.830951894845300826e-02 7.609040199999999771e-13 1.000000000000000000e+02
2.681910000000000000e+06 2.814832580000000000e+08 5.407190807870370190e+04 4.003906250000000000e-01 4.700000000000000000e+01 4.699999999999999734e-01 6.855654600401044074e-02 1.051837909999999974e-12 1.000000000000000000e+02
2.682010000000000000e+06 2.814833580000000000e+08 5.407190923611111066e+04 4.011140046296297612e-01 3.000000000000000000e+01 2.999999999999999889e-01 5.477225575051661299e-02 6.713858999999999857e-13 1.000000000000000000e+02
2.682110000000000000e+06 2.814834580000000000e+08 5.407191039351851941e+04 4.018373842592595224e-01 3.000000000000000000e+01 2.999999999999999889e-01 5.477225575051661299e-02 6.713858999999999857e-13 1.000000000000000000e+02
2.682210000000000000e+06 2.814835580000000000e+08 5.407191155092592817e+04 4.025607638888892836e-01 4.400000000000000000e+01 4.400000000000000022e-01 6.633249580710799675e-02 9.846993200000000059e-13 1.000000000000000000e+02
2.682310000000000000e+06 2.814836580000000000e+08 5.407191270833332965e+04 4.032841435185190448e-01 3.400000000000000000e+01 3.400000000000000244e-01 5.830951894845300826e-02 7.609040199999999771e-13 1.000000000000000000e+02
2.682410000000000000e+06 2.814837580000000000e+08 5.407191386574073840e+04 4.040075231481488061e-01 6.000000000000000000e+01 5.999999999999999778e-01 7.745966692414833765e-02 1.342771799999999971e-12 1.000000000000000000e+02
2.682510000000000000e+06 2.814838580000000000e+08 5.407191502314814716e+04 4.047309027777785673e-01 3.800000000000000000e+01 3.800000000000000044e-01 6.164414002968975764e-02 8.504221399999999684e-13 1.000000000000000000e+02
2.682610000000000000e+06 2.814839580000000000e+08 5.407191618055555591e+04 4.054542824074083285e-01 5.200000000000000000e+01 5.200000000000000178e-01 7.211102550927978028e-02 1.163735559999999989e-12 1.000000000000000000e+02
2.682710000000000000e+06 2.814840580000000000e+08 5.407191733796296467e+04 4.061776620370380897e-01 3.800000000000000000e+01 3.800000000000000044e-01 6.164414002968975764e-02 8.504221399999999684e-13 1.000000000000000000e+02
2.682810000000000000e+06 2.814841580000000000e+08 5.407191849537037342e+04 4.069010416666678509e-01 1.800000000000000000e+01 1.799999999999999933e-01 4.242640687119284687e-02 4.028315399999999611e-13 1.000000000000000000e+02
2.682910000000000000e+06 2.814842580000000000e+08 5.407191965277777490e+04 4.076244212962976121e-01 3.600000000000000000e+01 3.599999999999999867e-01 5.999999999999999778e-02 8.056630799999999223e-13 1.000000000000000000e+02
2.683010000000000000e+06 2.814843580000000000e+08 5.407192081018518365e+04 4.083478009259273733e-01 3.500000000000000000e+01 3.499999999999999778e-01 5.916079783099616185e-02 7.832835499999998992e-13 1.000000000000000000e+02
2.683110000000000000e+06 2.814844580000000000e+08 5.407192196759259241e+04 4.090711805555571345e-01 4.100000000000000000e+01 4.099999999999999756e-01 6.403124237432848698e-02 9.175607299999998357e-13 1.000000000000000000e+02
2.683210000000000000e+06 2.814845580000000000e+08 5.407192312500000116e+04 4.097945601851868958e-01 3.100000000000000000e+01 3.099999999999999978e-01 5.567764362830021629e-02 6.937654300000000088e-13 1.000000000000000000e+02
2.683310000000000000e+06 2.814846580000000000e+08 5.407192428240740992e+04 4.105179398148131042e-01 4.000000000000000000e+01 4.000000000000000222e-01 6.324555320336759656e-02 8.951812000000000146e-13 1.000000000000000000e+02
2.683410000000000000e+06 2.814847580000000000e+08 5.407192543981481867e+04 4.112413194444428655e-01 4.000000000000000000e+01 4.000000000000000222e-01 6.324555320336759656e-02 8.951812000000000146e-13 1.000000000000000000e+02
2.683510000000000000e+06 2.814848580000000000e+08 5.407192659722222015e+04 4.119646990740726267e-01 3.400000000000000000e+01 3.400000000000000244e-01 5.830951894845300826e-02 7.609040199999999771e-13 1.000000000000000000e+02
2.683610000000000000e+06 2.814849580000000000e+08 5.407192775462962891e+04 4.126880787037023879e-01 2.500000000000000000e+01 2.500000000000000000e-01 5.000000000000000278e-02 5.594882499999999713e-13 1.000000000000000000e+02
2.683710000000000000e+06 2.814850580000000000e+08 5.407192891203703766e+04 4.134114583333321491e-01 5.400000000000000000e+01 5.400000000000000355e-01 7.348469228349534255e-02 1.208494620000000035e-12 1.000000000000000000e+02
2.683810000000000000e+06 2.814851580000000000e+08 5.407193006944444642e+04 4.141348379629619103e-01 3.200000000000000000e+01 3.200000000000000067e-01 5.656854249492380277e-02 7.161449599999999309e-13 1.000000000000000000e+02
2.683910000000000000e+06 2.814852580000000000e+08 5.407193122685185517e+04 4.148582175925916715e-01 3.000000000000000000e+01 2.999999999999999889e-01 5.477225575051661299e-02 6.713858999999999857e-13 1.000000000000000000e+02
2.684010000000000000e+06 2.814853580000000000e+08 5.407193238425925665e+04 4.155815972222214327e-01 2.600000000000000000e+01 2.600000000000000089e-01 5.099019513592784741e-02 5.818677799999999943e-13 1.000000000000000000e+02
2.684110000000000000e+06 2.814854580000000000e+08 5.407193354166666541e+04 4.163049768518511939e-01 3.800000000000000000e+01 3.800000000000000044e-01 6.164414002968975764e-02 8.504221399999999684e-13 1.000000000000000000e+02
2.684210000000000000e+06 2.814855580000000000e+08 5.407193469907407416e+04 4.170283564814809552e-01 4.400000000000000000e+01 4.400000000000000022e-01 6.633249580710799675e-02 9.846993200000000059e-13 1.000000000000000000e+02
2.684310000000000000e+06 2.814856580000000000e+08 5.407193585648148292e+04 4.177517361111107164e-01 3.600000000000000000e+01 3.599999999999999867e-01 5.999999999999999778e-02 8.056630799999999223e-13 1.000000000000000000e+02
2.684410000000000000e+06 2.814857580000000000e+08 5.407193701388889167e+04 4.184751157407404776e-01 3.600000000000000000e+01 3.599999999999999867e-01 5.999999999999999778e-02 8.056630799999999223e-13 1.000000000000000000e+02
2.684510000000000000e+06 2.814858580000000000e+08 5.407193817129629315e+04 4.191984953703702388e-01 3.400000000000000000e+01 3.400000000000000244e-01 5.830951894845300826e-02 7.609040199999999771e-13 1.000000000000000000e+02
2.684610000000000000e+06 2.814859580000000000e+08 5.407193932870370190e+04 4.199218750000000000e-01 3.800000000000000000e+01 3.800000000000000044e-01 6.164414002968975764e-02 8.504221399999999684e-13 1.000000000000000000e+02
2.684710000000000000e+06 2.814860580000000000e+08 5.407194048611111066e+04 4.206452546296297612e-01 3.800000000000000000e+01 3.800000000000000044e-01 6.164414002968975764e-02 8.504221399999999684e-13 1.000000000000000000e+02
2.684810000000000000e+06 2.814861580000000000e+08 5.407194164351851941e+04 4.213686342592595224e-01 4.200000000000000000e+01 4.199999999999999845e-01 6.480740698407860823e-02 9.399402599999999598e-13 1.000000000000000000e+02
2.684910000000000000e+06 2.814862580000000000e+08 5.407194280092592817e+04 4.220920138888892836e-01 2.000000000000000000e+01 2.000000000000000111e-01 4.472135954999579416e-02 4.475906000000000073e-13 1.000000000000000000e+02
2.685010000000000000e+06 2.814863580000000000e+08 5.407194395833332965e+04 4.228153935185190448e-01 2.600000000000000000e+01 2.600000000000000089e-01 5.099019513592784741e-02 5.818677799999999943e-13 1.000000000000000000e+02
2.685110000000000000e+06 2.814864580000000000e+08 5.407194511574073840e+04 4.235387731481488061e-01 4.800000000000000000e+01 4.799999999999999822e-01 6.928203230275509217e-02 1.074217439999999896e-12 1.000000000000000000e+02
2.685210000000000000e+06 2.814865580000000000e+08 5.407194627314814716e+04 4.242621527777785673e-01 2.800000000000000000e+01 2.800000000000000266e-01 5.291502622129181516e-02 6.266268400000000405e-13 1.000000000000000000e+02
2.685310000000000000e+06 2.814866580000000000e+08 5.407194743055555591e+04 4.249855324074083285e-01 3.500000000000000000e+01 3.499999999999999778e-01 5.916079783099616185e-02 7.832835499999998992e-13 1.000000000000000000e+02
2.685410000000000000e+06 2.814867580000000000e+08 5.407194858796296467e+04 4.257089120370380897e-01 3.800000000000000000e+01 3.800000000000000044e-01 6.164414002968975764e-02 8.504221399999999684e-13 1.000000000000000000e+02
2.685510000000000000e+06 2.814868580000000000e+08 5.407194974537037342e+04 4.264322916666678509e-01 3.300000000000000000e+01 3.300000000000000155e-01 5.744562646538028949e-02 7.385244899999999540e-13 1.000000000000000000e+02
2.685610000000000000e+06 2.814869580000000000e+08 5.407195090277777490e+04 4.271556712962976121e-01 3.500000000000000000e+01 3.499999999999999778e-01 5.916079783099616185e-02 7.832835499999998992e-13 1.000000000000000000e+02
2.685710000000000000e+06 2.814870580000000000e+08 5.407195206018518365e+04 4.278790509259273733e-01 3.500000000000000000e+01 3.499999999999999778e-01 5.916079783099616185e-02 7.832835499999998992e-13 1.000000000000000000e+02
2.685810000000000000e+06 2.814871580000000000e+08 5.407195321759259241e+04 4.286024305555571345e-01 4.200000000000000000e+01 4.199999999999999845e-01 6.480740698407860823e-02 9.399402599999999598e-13 1.000000000000000000e+02
2.685910000000000000e+06 2.814872580000000000e+08 5.407195437500000116e+04 4.293258101851868958e-01 3.700000000000000000e+01 3.699999999999999956e-01 6.082762530298219117e-02 8.280426099999999453e-13 1.000000000000000000e+02
2.686010000000000000e+06 2.814873580000000000e+08 5.407195553240740992e+04 4.300491898148131042e-01 3.100000000000000000e+01 3.099999999999999978e-01 5.567764362830021629e-02 6.937654300000000088e-13 1.000000000000000000e+02
2.686110000000000000e+06 2.814874580000000000e+08 5.407195668981481867e+04 4.307725694444428655e-01 2.600000000000000000e+01 2.600000000000000089e-01 5.099019513592784741e-02 5.818677799999999943e-13 1.000000000000000000e+02
2.686210000000000000e+06 2.814875580000000000e+08 5.407195784722222015e+04 4.314959490740726267e-01 3.100000000000000000e+01 3.099999999999999978e-01 5.567764362830021629e-02 6.937654300000000088e-13 1.000000000000000000e+02
2.686310000000000000e+06 2.814876580000000000e+08 5.407195900462962891e+04 4.322193287037023879e-01 3.600000000000000000e+01 3.599999999999999867e-01 5.999999999999999778e-02 8.056630799999999223e-13 1.000000000000000000e+02
2.686410000000000000e+06 2.814877580000000000e+08 5.407196016203703766e+04 4.329427083333321491e-01 3.600000000000000000e+01 3.599999999999999867e-01 5.999999999999999778e-02 8.056630799999999223e-13 1.000000000000000000e+02
2.686510000000000000e+06 2.814878580000000000e+08 5.407196131944444642e+04 4.336660879629619103e-01 2.900000000000000000e+01 2.899999999999999800e-01 5.385164807134503601e-02 6.490063699999999626e-13 1.000000000000000000e+02
2.686610000000000000e+06 2.814879580000000000e+08 5.407196247685185517e+04 4.343894675925916715e-01 3.500000000000000000e+01 3.499999999999999778e-01 5.916079783099616185e-02 7.832835499999998992e-13 1.000000000000000000e+02
2.686710000000000000e+06 2.814880580000000000e+08 5.407196363425925665e+04 4.351128472222214327e-01 2.600000000000000000e+01 2.600000000000000089e-01 5.099019513592784741e-02 5.818677799999999943e-13 1.000000000000000000e+02
2.686810000000000000e+06 2.814881580000000000e+08 5.407196479166666541e+04 4.358362268518511939e-01 3.200000000000000000e+01 3.200000000000000067e-01 5.656854249492380277e-02 7.161449599999999309e-13 1.000000000000000000e+02
2.686910000000000000e+06 2.814882580000000000e+08 5.407196594907407416e+04 4.365596064814809552e-01 3.900000000000000000e+01 3.900000000000000133e-01 6.244997998398398031e-02 8.728016699999999915e-13 1.000000000000000000e+02
2.687010000000000000e+06 2.814883580000000000e+08 5.407196710648148292e+04 4.372829861111107164e-01 3.500000000000000000e+01 3.499999999999999778e-01 5.916079783099616185e-02 7.832835499999998992e-13 1.000000000000000000e+02
2.687110000000000000e+06 2.814884580000000000e+08 5.407196826388889167e+04 4.380063657407404776e-01 3.300000000000000000e+01 3.300000000000000155e-01 5.744562646538028949e-02 7.385244899999999540e-13 1.000000000000000000e+02
2.687210000000000000e+06 2.814885580000000000e+08 5.407196942129629315e+04 4.387297453703702388e-01 3.300000000000000000e+01 3.300000000000000155e-01 5.744562646538028949e-02 7.385244899999999540e-13 1.000000000000000000e+02
2.687310000000000000e+06 2.814886580000000000e+08 5.407197057870370190e+04 4.394531250000000000e-01 2.700000000000000000e+01 2.700000000000000178e-01 5.196152422706631913e-02 6.042473100000000174e-13 1.000000000000000000e+02
2.687410000000000000e+06 2.814887580000000000e+08 5.407197173611111066e+04 4.401765046296297612e-01 3.200000000000000000e+01 3.200000000000000067e-01 5.656854249492380277e-02 7.161449599999999309e-13 1.000000000000000000e+02
2.687510000000000000e+06 2.814888580000000000e+08 5.407197289351851941e+04 4.408998842592595224e-01 3.600000000000000000e+01 3.599999999999999867e-01 5.999999999999999778e-02 8.056630799999999223e-13 1.000000000000000000e+02
2.687610000000000000e+06 2.814889580000000000e+08 5.407197405092592817e+04 4.416232638888892836e-01 1.400000000000000000e+01 1.400000000000000133e-01 3.741657386773941663e-02 3.133134200000000203e-13 1.000000000000000000e+02
2.687710000000000000e+06 2.814890580000000000e+08 5.407197520833332965e+04 4.423466435185190448e-01 2.500000000000000000e+01 2.500000000000000000e-01 5.000000000000000278e-02 5.594882499999999713e-13 1.000000000000000000e+02
2.687810000000000000e+06 2.814891580000000000e+08 5.407197636574073840e+04 4.430700231481488061e-01 3.100000000000000000e+01 3.099999999999999978e-01 5.567764362830021629e-02 6.937654300000000088e-13 1.000000000000000000e+02
2.687910000000000000e+06 2.814892580000000000e+08 5.407197752314814716e+04 4.437934027777785673e-01 3.600000000000000000e+01 3.599999999999999867e-01 5.999999999999999778e-02 8.056630799999999223e-13 1.000000000000000000e+02
2.688010000000000000e+06 2.814893580000000000e+08 5.407197868055555591e+04 4.445167824074083285e-01 2.700000000000000000e+01 2.700000000000000178e-01 5.196152422706631913e-02 6.042473100000000174e-13 1.000000000000000000e+02
2.688110000000000000e+06 2.814894580000000000e+08 5.407197983796296467e+04 4.452401620370380897e-01 2.900000000000000000e+01 2.899999999999999800e-01 5.385164807134503601e-02 6.490063699999999626e-13 1.000000000000000000e+02
2.688210000000000000e+06 2.814895580000000000e+08 5.407198099537037342e+04 4.459635416666678509e-01 2.500000000000000000e+01 2.500000000000000000e-01 5.000000000000000278e-02 5.594882499999999713e-13 1.000000000000000000e+02
2.688310000000000000e+06 2.814896580000000000e+08 5.407198215277777490e+04 4.466869212962976121e-01 4.100000000000000000e+01 4.099999999999999756e-01 6.403124237432848698e-02 9.175607299999998357e-13 1.000000000000000000e+02
2.688410000000000000e+06 2.814897580000000000e+08 5.407198331018518365e+04 4.474103009259273733e-01 3.000000000000000000e+01 2.999999999999999889e-01 5.477225575051661299e-02 6.713858999999999857e-13 1.000000000000000000e+02
2.688510000000000000e+06 2.814898580000000000e+08 5.407198446759259241e+04 4.481336805555571345e-01 2.800000000000000000e+01 2.800000000000000266e-01 5.291502622129181516e-02 6.266268400000000405e-13 1.000000000000000000e+02
2.688610000000000000e+06 2.814899580000000000e+08 5.407198562500000116e+04 4.488570601851868958e-01 3.200000000000000000e+01 3.200000000000000067e-01 5.656854249492380277e-02 7.161449599999999309e-13 1.000000000000000000e+02
2.688710000000000000e+06 2.814900580000000000e+08 5.407198678240740992e+04 4.495804398148131042e-01 2.200000000000000000e+01 2.200000000000000011e-01 4.690415759823429731e-02 4.923496600000000030e-13 1.000000000000000000e+02
2.688810000000000000e+06 2.814901580000000000e+08 5.407198793981481867e+04 4.503038194444428655e-01 3.900000000000000000e+01 3.900000000000000133e-01 6.244997998398398031e-02 8.728016699999999915e-13 1.000000000000000000e+02
2.688910000000000000e+06 2.814902580000000000e+08 5.407198909722222015e+04 4.510271990740726267e-01 3.500000000000000000e+01 3.499999999999999778e-01 5.916079783099616185e-02 7.832835499999998992e-13 1.000000000000000000e+02
2.689010000000000000e+06 2.814903580000000000e+08 5.407199025462962891e+04 4.517505787037023879e-01 2.700000000000000000e+01 2.700000000000000178e-01 5.196152422706631913e-02 6.042473100000000174e-13 1.000000000000000000e+02
2.689110000000000000e+06 2.814904580000000000e+08 5.407199141203703766e+04 4.524739583333321491e-01 2.700000000000000000e+01 2.700000000000000178e-01 5.196152422706631913e-02 6.042473100000000174e-13 1.000000000000000000e+02
2.689210000000000000e+06 2.814905580000000000e+08 5.407199256944444642e+04 4.531973379629619103e-01 3.200000000000000000e+01 3.200000000000000067e-01 5.656854249492380277e-02 7.161449599999999309e-13 1.000000000000000000e+02
2.689310000000000000e+06 2.814906580000000000e+08 5.407199372685185517e+04 4.539207175925916715e-01 3.200000000000000000e+01 3.200000000000000067e-01 5.656854249492380277e-02 7.161449599999999309e-13 1.000000000000000000e+02
2.689410000000000000e+06 2.814907580000000000e+08 5.407199488425925665e+04 4.546440972222214327e-01 2.200000000000000000e+01 2.200000000000000011e-01 4.690415759823429731e-02 4.923496600000000030e-13 1.000000000000000000e+02
2.689510000000000000e+06 2.814908580000000000e+08 5.407199604166666541e+04 4.553674768518511939e-01 4.100000000000000000e+01 4.099999999999999756e-01 6.403124237432848698e-02 9.175607299999998357e-13 1.000000000000000000e+02
2.689610000000000000e+06 2.814909580000000000e+08 5.407199719907407416e+04 4.560908564814809552e-01 2.300000000000000000e+01 2.300000000000000100e-01 4.795831523312719252e-02 5.147291900000000261e-13 1.000000000000000000e+02
2.689710000000000000e+06 2.814910580000000000e+08 5.407199835648148292e+04 4.568142361111107164e-01 3.200000000000000000e+01 3.200000000000000067e-01 5.656854249492380277e-02 7.161449599999999309e-13 1.000000000000000000e+02
2.689810000000000000e+06 2.814911580000000000e+08 5.407199951388889167e+04 4.575376157407404776e-01 2.800000000000000000e+01 2.800000000000000266e-01 5.291502622129181516e-02 6.266268400000000405e-13 1.000000000000000000e+02
2.689910000000000000e+06 2.814912580000000000e+08 5.407200067129629315e+04 4.582609953703702388e-01 2.900000000000000000e+01 2.899999999999999800e-01 5.385164807134503601e-02 6.490063699999999626e-13 1.000000000000000000e+02
2.690010000000000000e+06 2.814913580000000000e+08 5.407200182870370190e+04 4.589843750000000000e-01 2.100000000000000000e+01 2.099999999999999922e-01 4.582575694955839940e-02 4.699701299999999799e-13 1.000000000000000000e+02
2.690110000000000000e+06 2.814914580000000000e+08 5.407200298611111066e+04 4.597077546296297612e-01 1.800000000000000000e+01 1.799999999999999933e-01 4.242640687119284687e-02 4.028315399999999611e-13 1.000000000000000000e+02
2.690210000000000000e+06 2.814915580000000000e+08 5.407200414351851941e+04 4.604311342592595224e-01 2.000000000000000000e+01 2.000000000000000111e-01 4.472135954999579416e-02 4.475906000000000073e-13 1.000000000000000000e+02
2.690310000000000000e+06 2.814916580000000000e+08 5.407200530092592817e+04 4.611545138888892836e-01 3.600000000000000000e+01 3.599999999999999867e-01 5.999999999999999778e-02 8.056630799999999223e-13 1.000000000000000000e+02
2.690410000000000000e+06 2.814917580000000000e+08 5.407200645833332965e+04 4.618778935185190448e-01 1.700000000000000000e+01 1.700000000000000122e-01 4.123105625617660280e-02 3.804520099999999885e-13 1.000000000000000000e+02
2.690510000000000000e+06 2.814918580000000000e+08 5.407200761574073840e+04 4.626012731481488061e-01 2.600000000000000000e+01 2.600000000000000089e-01 5.099019513592784741e-02 5.818677799999999943e-13 1.000000000000000000e+02
2.690610000000000000e+06 2.814919580000000000e+08 5.407200877314814716e+04 4.633246527777785673e-01 3.000000000000000000e+01 2.999999999999999889e-01 5.477225575051661299e-02 6.713858999999999857e-13 1.000000000000000000e+02
2.690710000000000000e+06 2.814920580000000000e+08 5.407200993055555591e+04 4.640480324074083285e-01 3.300000000000000000e+01 3.300000000000000155e-01 5.744562646538028949e-02 7.385244899999999540e-13 1.000000000000000000e+02
2.690810000000000000e+06 2.814921580000000000e+08 5.407201108796296467e+04 4.647714120370380897e-01 3.100000000000000000e+01 3.099999999999999978e-01 5.567764362830021629e-02 6.937654300000000088e-13 1.000000000000000000e+02
2.690910000000000000e+06 2.814922580000000000e+08 5.407201224537037342e+04 4.654947916666678509e-01 2.100000000000000000e+01 2.099999999999999922e-01 4.582575694955839940e-02 4.699701299999999799e-13 1.000000000000000000e+02
2.691010000000000000e+06 2.814923580000000000e+08 5.407201340277777490e+04 4.662181712962976121e-01 2.700000000000000000e+01 2.700000000000000178e-01 5.196152422706631913e-02 6.042473100000000174e-13 1.000000000000000000e+02
2.691110000000000000e+06 2.814924580000000000e+08 5.407201456018518365e+04 4.669415509259273733e-01 2.900000000000000000e+01 2.899999999999999800e-01 5.385164807134503601e-02 6.490063699999999626e-13 1.000000000000000000e+02
2.691210000000000000e+06 2.814925580000000000e+08 5.407201571759259241e+04 4.676649305555571345e-01 1.900000000000000000e+01 1.900000000000000022e-01 4.358898943540674004e-02 4.252110699999999842e-13 1.000000000000000000e+02
2.691310000000000000e+06 2.814926580000000000e+08 5.407201687500000116e+04 4.683883101851868958e-01 2.300000000000000000e+01 2.300000000000000100e-01 4.795831523312719252e-02 5.147291900000000261e-13 1.000000000000000000e+02
2.691410000000000000e+06 2.814927580000000000e+08 5.407201803240740992e+04 4.691116898148131042e-01 2.100000000000000000e+01 2.099999999999999922e-01 4.582575694955839940e-02 4.699701299999999799e-13 1.000000000000000000e+02
2.691510000000000000e+06 2.814928580000000000e+08 5.407201918981481867e+04 4.698350694444428655e-01 2.000000000000000000e+01 2.000000000000000111e-01 4.472135954999579416e-02 4.475906000000000073e-13 1.000000000000000000e+02
2.691610000000000000e+06 2.814929580000000000e+08 5.407202034722222015e+04 4.705584490740726267e-01 2.400000000000000000e+01 2.399999999999999911e-01 4.898979485566355707e-02 5.371087199999999482e-13 1.000000000000000000e+02
2.691710000000000000e+06 2.814930580000000000e+08 5.407202150462962891e+04 4.712818287037023879e-01 2.500000000000000000e+01 2.500000000000000000e-01 5.000000000000000278e-02 5.594882499999999713e-13 1.000000000000000000e+02
2.691810000000000000e+06 2.814931580000000000e+08 5.407202266203703766e+04 4.720052083333321491e-01 2.200000000000000000e+01 2.200000000000000011e-01 4.690415759823429731e-02 4.923496600000000030e-13 1.000000000000000000e+02
2.691910000000000000e+06 2.814932580000000000e+08 5.407202381944444642e+04 4.727285879629619103e-01 2.000000000000000000e+01 2.000000000000000111e-01 4.472135954999579416e-02 4.475906000000000073e-13 1.000000000000000000e+02
2.692010000000000000e+06 2.814933580000000000e+08 5.407202497685185517e+04 4.734519675925916715e-01 2.300000000000000000e+01 2.300000000000000100e-01 4.795831523312719252e-02 5.147291900000000261e-13 1.000000000000000000e+02
2.692110000000000000e+06 2.814934580000000000e+08 5.407202613425925665e+04 4.741753472222214327e-01 2.700000000000000000e+01 2.700000000000000178e-01 5.196152422706631913e-02 6.042473100000000174e-13 1.000000000000000000e+02
2.692210000000000000e+06 2.814935580000000000e+08 5.407202729166666541e+04 4.748987268518511939e-01 2.600000000000000000e+01 2.600000000000000089e-01 5.099019513592784741e-02 5.818677799999999943e-13 1.000000000000000000e+02
2.692310000000000000e+06 2.814936580000000000e+08 5.407202844907407416e+04 4.756221064814809552e-01 1.800000000000000000e+01 1.799999999999999933e-01 4.242640687119284687e-02 4.028315399999999611e-13 1.000000000000000000e+02
2.692410000000000000e+06 2.814937580000000000e+08 5.407202960648148292e+04 4.763454861111107164e-01 2.500000000000000000e+01 2.500000000000000000e-01 5.000000000000000278e-02 5.594882499999999713e-13 1.000000000000000000e+02
2.692510000000000000e+06 2.814938580000000000e+08 5.407203076388889167e+04 4.770688657407404776e-01 1.500000000000000000e+01 1.499999999999999944e-01 3.872983346207416883e-02 3.356929499999999928e-13 1.000000000000000000e+02
2.692610000000000000e+06 2.814939580000000000e+08 5.407203192129629315e+04 4.777922453703702388e-01 2.100000000000000000e+01 2.099999999999999922e-01 4.582575694955839940e-02 4.699701299999999799e-13 1.000000000000000000e+02
2.692710000000000000e+06 2.814940580000000000e+08 5.407203307870370190e+04 4.785156250000000000e-01 1.500000000000000000e+01 1.499999999999999944e-01 3.872983346207416883e-02 3.356929499999999928e-13 1.000000000000000000e+02
2.692810000000000000e+06 2.814941580000000000e+08 5.407203423611111066e+04 4.792390046296297612e-01 2.700000000000000000e+01 2.700000000000000178e-01 5.196152422706631913e-02 6.042473100000000174e-13 1.000000000000000000e+02
2.692910000000000000e+06 2.814942580000000000e+08 5.407203539351851941e+04 4.799623842592595224e-01 2.100000000000000000e+01 2.099999999999999922e-01 4.582575694955839940e-02 4.699701299999999799e-13 1.000000000000000000e+02
2.693010000000000000e+06 2.814943580000000000e+08 5.407203655092592817e+04 4.806857638888892836e-01 2.900000000000000000e+01 2.899999999999999800e-01 5.385164807134503601e-02 6.490063699999999626e-13 1.000000000000000000e+02
2.693110000000000000e+06 2.814944580000000000e+08 5.407203770833332965e+04 4.814091435185190448e-01 1.900000000000000000e+01 1.900000000000000022e-01 4.358898943540674004e-02 4.252110699999999842e-13 1.000000000000000000e+02
2.693210000000000000e+06 2.814945580000000000e+08 5.407203886574073840e+04 4.821325231481488061e-01 3.100000000000000000e+01 3.099999999999999978e-01 5.567764362830021629e-02 6.937654300000000088e-13 1.000000000000000000e+02
2.693310000000000000e+06 2.814946580000000000e+08 5.407204002314814716e+04 4.828559027777785673e-01 2.000000000000000000e+01 2.000000000000000111e-01 4.472135954999579416e-02 4.475906000000000073e-13 1.000000000000000000e+02
2.693410000000000000e+06 2.814947580000000000e+08 5.407204118055555591e+04 4.835792824074083285e-01 1.500000000000000000e+01 1.499999999999999944e-01 3.872983346207416883e-02 3.356929499999999928e-13 1.000000000000000000e+02
2.693510000000000000e+06 2.814948580000000000e+08 5.407204233796296467e+04 4.843026620370380897e-01 1.800000000000000000e+01 1.799999999999999933e-01 4.242640687119284687e-02 4.028315399999999611e-13 1.000000000000000000e+02
2.693610000000000000e+06 2.814949580000000000e+08 5.407204349537037342e+04 4.850260416666678509e-01 2.600000000000000000e+01 2.600000000000000089e-01 5.099019513592784741e-02 5.818677799999999943e-13 1.000000000000000000e+02
2.693710000000000000e+06 2.814950580000000000e+08 5.407204465277777490e+04 4.857494212962976121e-01 2.200000000000000000e+01 2.200000000000000011e-01 4.690415759823429731e-02 4.923496600000000030e-13 1.000000000000000000e+02
2.693810000000000000e+06 2.814951580000000000e+08 5.407204581018518365e+04 4.864728009259273733e-01 1.600000000000000000e+01 1.600000000000000033e-01 4.000000000000000083e-02 3.580724799999999654e-13 1.000000000000000000e+02
2.693910000000000000e+06 2.814952580000000000e+08 5.407204696759259241e+04 4.871961805555571345e-01 1.300000000000000000e+01 1.300000000000000044e-01 3.605551275463989014e-02 2.909338899999999972e-13 1.000000000000000000e+02
2.694010000000000000e+06 2.814953580000000000e+08 5.407204812500000116e+04 4.879195601851868958e-01 2.500000000000000000e+01 2.500000000000000000e-01 5.000000000000000278e-02 5.594882499999999713e-13 1.000000000000000000e+02
2.694110000000000000e+06 2.814954580000000000e+08 5.407204928240740992e+04 4.886429398148131042e-01 1.800000000000000000e+01 1.799999999999999933e-01 4.242640687119284687e-02 4.028315399999999611e-13 1.000000000000000000e+02
