# Light curve with FLUX columns added
# Conversion factor: 2.807102e-11 (erg/cm²/s)/(count/s)
# Source file: 15803_100s_hard.txt
#
# TIME	COUNTS	COUNT_RATE	COUNT_RATE_ERR	EXPOSURE	NET_COUNTS	NET_RATE	ERR_RATE	FLUX	FLUX_ERR
5.3170294976e+08	0	0.0000000000e+00	0.0000000000e+00	0.0000000000e+00	nan	0.0000000000e+00	nan	0.0000000000e+00	0.0000000000e+00
5.3170304976e+08	0	0.0000000000e+00	0.0000000000e+00	0.0000000000e+00	nan	0.0000000000e+00	nan	0.0000000000e+00	0.0000000000e+00
5.3170314976e+08	0	0.0000000000e+00	0.0000000000e+00	0.0000000000e+00	nan	0.0000000000e+00	nan	0.0000000000e+00	0.0000000000e+00
5.3170324976e+08	0	0.0000000000e+00	0.0000000000e+00	0.0000000000e+00	nan	0.0000000000e+00	nan	0.0000000000e+00	0.0000000000e+00
5.3170334976e+08	0	0.0000000000e+00	0.0000000000e+00	0.0000000000e+00	nan	0.0000000000e+00	nan	0.0000000000e+00	0.0000000000e+00
5.3170344976e+08	0	0.0000000000e+00	0.0000000000e+00	0.0000000000e+00	nan	0.0000000000e+00	nan	0.0000000000e+00	0.0000000000e+00
5.3170354976e+08	3	5.7717017529e-02	3.3322935607e-02	5.1977737735e+01	3.0000000000e+00	5.7717017529e-02	3.3322935607e-02	1.6201755534e-12	9.3540879188e-13
5.3170364976e+08	4	4.4104000000e-02	2.2052000000e-02	9.0694721567e+01	4.0000000000e+00	4.4104000000e-02	2.2052000000e-02	1.2380442661e-12	6.1902213304e-13
5.3170374976e+08	3	3.3078000000e-02	1.9097592204e-02	9.0694721567e+01	3.0000000000e+00	3.3078000000e-02	1.9097592204e-02	9.2853319956e-13	5.3608889271e-13
5.3170384976e+08	3	3.3078000000e-02	1.9097592204e-02	9.0694721567e+01	3.0000000000e+00	3.3078000000e-02	1.9097592204e-02	9.2853319956e-13	5.3608889271e-13
5.3170394976e+08	6	6.6156000000e-02	2.7008073904e-02	9.0694721567e+01	6.0000000000e+00	6.6156000000e-02	2.7008073904e-02	1.8570663991e-12	7.5814418272e-13
5.3170404976e+08	1	1.1026000000e-02	1.1026000000e-02	9.0694721567e+01	1.0000000000e+00	1.1026000000e-02	1.1026000000e-02	3.0951106652e-13	3.0951106652e-13
5.3170414976e+08	8	8.8208000000e-02	3.1186237477e-02	9.0694721567e+01	8.0000000000e+00	8.8208000000e-02	3.1186237477e-02	2.4760885322e-12	8.7542949594e-13
5.3170424976e+08	6	6.6156000000e-02	2.7008073904e-02	9.0694721567e+01	5.8095238095e+00	6.4055809524e-02	2.7089607897e-02	1.8570663991e-12	7.5814418272e-13
5.3170434976e+08	8	8.8208000000e-02	3.1186237477e-02	9.0694721567e+01	8.0000000000e+00	8.8208000000e-02	3.1186237477e-02	2.4760885322e-12	8.7542949594e-13
5.3170444976e+08	5	5.5130000000e-02	2.4654885520e-02	9.0694721567e+01	5.0000000000e+00	5.5130000000e-02	2.4654885520e-02	1.5475553326e-12	6.9208778453e-13
5.3170454976e+08	7	7.7182000000e-02	2.9172053956e-02	9.0694721567e+01	7.0000000000e+00	7.7182000000e-02	2.9172053956e-02	2.1665774656e-12	8.1888931004e-13
5.3170464976e+08	3	3.3078000000e-02	1.9097592204e-02	9.0694721567e+01	3.0000000000e+00	3.3078000000e-02	1.9097592204e-02	9.2853319956e-13	5.3608889271e-13
5.3170474976e+08	4	4.4104000000e-02	2.2052000000e-02	9.0694721567e+01	4.0000000000e+00	4.4104000000e-02	2.2052000000e-02	1.2380442661e-12	6.1902213304e-13
5.3170484976e+08	8	8.8208000000e-02	3.1186237477e-02	9.0694721567e+01	8.0000000000e+00	8.8208000000e-02	3.1186237477e-02	2.4760885322e-12	8.7542949594e-13
5.3170494976e+08	6	6.6156000000e-02	2.7008073904e-02	9.0694721567e+01	6.0000000000e+00	6.6156000000e-02	2.7008073904e-02	1.8570663991e-12	7.5814418272e-13
5.3170504976e+08	4	4.4104000000e-02	2.2052000000e-02	9.0694721567e+01	4.0000000000e+00	4.4104000000e-02	2.2052000000e-02	1.2380442661e-12	6.1902213304e-13
5.3170514976e+08	2	2.2052000000e-02	1.5593118739e-02	9.0694721567e+01	2.0000000000e+00	2.2052000000e-02	1.5593118739e-02	6.1902213304e-13	4.3771474798e-13
5.3170524976e+08	1	1.1026000000e-02	1.1026000000e-02	9.0694721567e+01	1.0000000000e+00	1.1026000000e-02	1.1026000000e-02	3.0951106652e-13	3.0951106652e-13
5.3170534976e+08	6	6.6156000000e-02	2.7008073904e-02	9.0694721567e+01	6.0000000000e+00	6.6156000000e-02	2.7008073904e-02	1.8570663991e-12	7.5814418272e-13
5.3170544976e+08	6	6.6156000000e-02	2.7008073904e-02	9.0694721567e+01	6.0000000000e+00	6.6156000000e-02	2.7008073904e-02	1.8570663991e-12	7.5814418272e-13
5.3170554976e+08	8	8.8208000000e-02	3.1186237477e-02	9.0694721567e+01	8.0000000000e+00	8.8208000000e-02	3.1186237477e-02	2.4760885322e-12	8.7542949594e-13
5.3170564976e+08	5	5.5130000000e-02	2.4654885520e-02	9.0694721567e+01	5.0000000000e+00	5.5130000000e-02	2.4654885520e-02	1.5475553326e-12	6.9208778453e-13
5.3170574976e+08	3	3.3078000000e-02	1.9097592204e-02	9.0694721567e+01	3.0000000000e+00	3.3078000000e-02	1.9097592204e-02	9.2853319956e-13	5.3608889271e-13
5.3170584976e+08	6	6.6156000000e-02	2.7008073904e-02	9.0694721567e+01	6.0000000000e+00	6.6156000000e-02	2.7008073904e-02	1.8570663991e-12	7.5814418272e-13
5.3170594976e+08	4	4.4104000000e-02	2.2052000000e-02	9.0694721567e+01	4.0000000000e+00	4.4104000000e-02	2.2052000000e-02	1.2380442661e-12	6.1902213304e-13
5.3170604976e+08	10	1.1026000000e-01	3.4867273481e-02	9.0694721567e+01	9.8095238095e+00	1.0815980952e-01	3.4930467504e-02	3.0951106652e-12	9.7875993123e-13
5.3170614976e+08	8	8.8208000000e-02	3.1186237477e-02	9.0694721567e+01	8.0000000000e+00	8.8208000000e-02	3.1186237477e-02	2.4760885322e-12	8.7542949594e-13
5.3170624976e+08	12	1.3231200000e-01	3.8195184409e-02	9.0694721567e+01	1.2000000000e+01	1.3231200000e-01	3.8195184409e-02	3.7141327982e-12	1.0721777854e-12
5.3170634976e+08	9	9.9234000000e-02	3.3078000000e-02	9.0694721567e+01	9.0000000000e+00	9.9234000000e-02	3.3078000000e-02	2.7855995987e-12	9.2853319956e-13
5.3170644976e+08	12	1.3231200000e-01	3.8195184409e-02	9.0694721567e+01	1.1809523810e+01	1.3021180952e-01	3.8252881095e-02	3.7141327982e-12	1.0721777854e-12
5.3170654976e+08	7	7.7182000000e-02	2.9172053956e-02	9.0694721567e+01	7.0000000000e+00	7.7182000000e-02	2.9172053956e-02	2.1665774656e-12	8.1888931004e-13
5.3170664976e+08	6	6.6156000000e-02	2.7008073904e-02	9.0694721567e+01	6.0000000000e+00	6.6156000000e-02	2.7008073904e-02	1.8570663991e-12	7.5814418272e-13
5.3170674976e+08	3	3.3078000000e-02	1.9097592204e-02	9.0694721567e+01	3.0000000000e+00	3.3078000000e-02	1.9097592204e-02	9.2853319956e-13	5.3608889271e-13
5.3170684976e+08	2	2.2052000000e-02	1.5593118739e-02	9.0694721567e+01	2.0000000000e+00	2.2052000000e-02	1.5593118739e-02	6.1902213304e-13	4.3771474798e-13
5.3170694976e+08	2	2.2052000000e-02	1.5593118739e-02	9.0694721567e+01	2.0000000000e+00	2.2052000000e-02	1.5593118739e-02	6.1902213304e-13	4.3771474798e-13
5.3170704976e+08	2	2.2052000000e-02	1.5593118739e-02	9.0694721567e+01	2.0000000000e+00	2.2052000000e-02	1.5593118739e-02	6.1902213304e-13	4.3771474798e-13
5.3170714976e+08	5	5.5130000000e-02	2.4654885520e-02	9.0694721567e+01	5.0000000000e+00	5.5130000000e-02	2.4654885520e-02	1.5475553326e-12	6.9208778453e-13
5.3170724976e+08	5	5.5130000000e-02	2.4654885520e-02	9.0694721567e+01	5.0000000000e+00	5.5130000000e-02	2.4654885520e-02	1.5475553326e-12	6.9208778453e-13
5.3170734976e+08	5	5.5130000000e-02	2.4654885520e-02	9.0694721567e+01	5.0000000000e+00	5.5130000000e-02	2.4654885520e-02	1.5475553326e-12	6.9208778453e-13
5.3170744976e+08	4	4.4104000000e-02	2.2052000000e-02	9.0694721567e+01	4.0000000000e+00	4.4104000000e-02	2.2052000000e-02	1.2380442661e-12	6.1902213304e-13
5.3170754976e+08	2	2.2052000000e-02	1.5593118739e-02	9.0694721567e+01	1.8095238095e+00	1.9951809524e-02	1.5733917250e-02	6.1902213304e-13	4.3771474798e-13
5.3170764976e+08	2	2.2052000000e-02	1.5593118739e-02	9.0694721567e+01	2.0000000000e+00	2.2052000000e-02	1.5593118739e-02	6.1902213304e-13	4.3771474798e-13
5.3170774976e+08	7	7.7182000000e-02	2.9172053956e-02	9.0694721567e+01	7.0000000000e+00	7.7182000000e-02	2.9172053956e-02	2.1665774656e-12	8.1888931004e-13
5.3170784976e+08	4	4.4104000000e-02	2.2052000000e-02	9.0694721567e+01	4.0000000000e+00	4.4104000000e-02	2.2052000000e-02	1.2380442661e-12	6.1902213304e-13
5.3170794976e+08	2	2.2052000000e-02	1.5593118739e-02	9.0694721567e+01	1.8095238095e+00	1.9951809524e-02	1.5733917250e-02	6.1902213304e-13	4.3771474798e-13
5.3170804976e+08	5	5.5130000000e-02	2.4654885520e-02	9.0694721567e+01	5.0000000000e+00	5.5130000000e-02	2.4654885520e-02	1.5475553326e-12	6.9208778453e-13
5.3170814976e+08	4	4.4104000000e-02	2.2052000000e-02	9.0694721567e+01	4.0000000000e+00	4.4104000000e-02	2.2052000000e-02	1.2380442661e-12	6.1902213304e-13
5.3170824976e+08	4	4.4104000000e-02	2.2052000000e-02	9.0694721567e+01	3.8095238095e+00	4.2003809524e-02	2.2151783315e-02	1.2380442661e-12	6.1902213304e-13
5.3170834976e+08	3	3.3078000000e-02	1.9097592204e-02	9.0694721567e+01	3.0000000000e+00	3.3078000000e-02	1.9097592204e-02	9.2853319956e-13	5.3608889271e-13
5.3170844976e+08	9	9.9234000000e-02	3.3078000000e-02	9.0694721567e+01	9.0000000000e+00	9.9234000000e-02	3.3078000000e-02	2.7855995987e-12	9.2853319956e-13
5.3170854976e+08	5	5.5130000000e-02	2.4654885520e-02	9.0694721567e+01	5.0000000000e+00	5.5130000000e-02	2.4654885520e-02	1.5475553326e-12	6.9208778453e-13
5.3170864976e+08	5	5.5130000000e-02	2.4654885520e-02	9.0694721567e+01	5.0000000000e+00	5.5130000000e-02	2.4654885520e-02	1.5475553326e-12	6.9208778453e-13
5.3170874976e+08	2	2.2052000000e-02	1.5593118739e-02	9.0694721567e+01	2.0000000000e+00	2.2052000000e-02	1.5593118739e-02	6.1902213304e-13	4.3771474798e-13
5.3170884976e+08	7	7.7182000000e-02	2.9172053956e-02	9.0694721567e+01	7.0000000000e+00	7.7182000000e-02	2.9172053956e-02	2.1665774656e-12	8.1888931004e-13
5.3170894976e+08	1	1.1026000000e-02	1.1026000000e-02	9.0694721567e+01	1.0000000000e+00	1.1026000000e-02	1.1026000000e-02	3.0951106652e-13	3.0951106652e-13
5.3170904976e+08	5	5.5130000000e-02	2.4654885520e-02	9.0694721567e+01	5.0000000000e+00	5.5130000000e-02	2.4654885520e-02	1.5475553326e-12	6.9208778453e-13
5.3170914976e+08	7	7.7182000000e-02	2.9172053956e-02	9.0694721567e+01	7.0000000000e+00	7.7182000000e-02	2.9172053956e-02	2.1665774656e-12	8.1888931004e-13
5.3170924976e+08	11	1.2128600000e-01	3.6569104938e-02	9.0694721567e+01	1.1000000000e+01	1.2128600000e-01	3.6569104938e-02	3.4046217317e-12	1.0265320761e-12
5.3170934976e+08	2	2.2052000000e-02	1.5593118739e-02	9.0694721567e+01	2.0000000000e+00	2.2052000000e-02	1.5593118739e-02	6.1902213304e-13	4.3771474798e-13
5.3170944976e+08	5	5.5130000000e-02	2.4654885520e-02	9.0694721567e+01	5.0000000000e+00	5.5130000000e-02	2.4654885520e-02	1.5475553326e-12	6.9208778453e-13
5.3170954976e+08	2	2.2052000000e-02	1.5593118739e-02	9.0694721567e+01	2.0000000000e+00	2.2052000000e-02	1.5593118739e-02	6.1902213304e-13	4.3771474798e-13
5.3170964976e+08	5	5.5130000000e-02	2.4654885520e-02	9.0694721567e+01	5.0000000000e+00	5.5130000000e-02	2.4654885520e-02	1.5475553326e-12	6.9208778453e-13
5.3170974976e+08	7	7.7182000000e-02	2.9172053956e-02	9.0694721567e+01	7.0000000000e+00	7.7182000000e-02	2.9172053956e-02	2.1665774656e-12	8.1888931004e-13
5.3170984976e+08	1	1.1026000000e-02	1.1026000000e-02	9.0694721567e+01	1.0000000000e+00	1.1026000000e-02	1.1026000000e-02	3.0951106652e-13	3.0951106652e-13
5.3170994976e+08	5	5.5130000000e-02	2.4654885520e-02	9.0694721567e+01	5.0000000000e+00	5.5130000000e-02	2.4654885520e-02	1.5475553326e-12	6.9208778453e-13
5.3171004976e+08	2	2.2052000000e-02	1.5593118739e-02	9.0694721567e+01	2.0000000000e+00	2.2052000000e-02	1.5593118739e-02	6.1902213304e-13	4.3771474798e-13
5.3171014976e+08	2	2.2052000000e-02	1.5593118739e-02	9.0694721567e+01	2.0000000000e+00	2.2052000000e-02	1.5593118739e-02	6.1902213304e-13	4.3771474798e-13
5.3171024976e+08	4	4.4104000000e-02	2.2052000000e-02	9.0694721567e+01	4.0000000000e+00	4.4104000000e-02	2.2052000000e-02	1.2380442661e-12	6.1902213304e-13
5.3171034976e+08	8	8.8208000000e-02	3.1186237477e-02	9.0694721567e+01	8.0000000000e+00	8.8208000000e-02	3.1186237477e-02	2.4760885322e-12	8.7542949594e-13
5.3171044976e+08	3	3.3078000000e-02	1.9097592204e-02	9.0694721567e+01	3.0000000000e+00	3.3078000000e-02	1.9097592204e-02	9.2853319956e-13	5.3608889271e-13
5.3171054976e+08	5	5.5130000000e-02	2.4654885520e-02	9.0694721567e+01	5.0000000000e+00	5.5130000000e-02	2.4654885520e-02	1.5475553326e-12	6.9208778453e-13
5.3171064976e+08	5	5.5130000000e-02	2.4654885520e-02	9.0694721567e+01	5.0000000000e+00	5.5130000000e-02	2.4654885520e-02	1.5475553326e-12	6.9208778453e-13
5.3171074976e+08	2	2.2052000000e-02	1.5593118739e-02	9.0694721567e+01	2.0000000000e+00	2.2052000000e-02	1.5593118739e-02	6.1902213304e-13	4.3771474798e-13
5.3171084976e+08	3	3.3078000000e-02	1.9097592204e-02	9.0694721567e+01	3.0000000000e+00	3.3078000000e-02	1.9097592204e-02	9.2853319956e-13	5.3608889271e-13
5.3171094976e+08	5	5.5130000000e-02	2.4654885520e-02	9.0694721567e+01	5.0000000000e+00	5.5130000000e-02	2.4654885520e-02	1.5475553326e-12	6.9208778453e-13
5.3171104976e+08	5	5.5130000000e-02	2.4654885520e-02	9.0694721567e+01	5.0000000000e+00	5.5130000000e-02	2.4654885520e-02	1.5475553326e-12	6.9208778453e-13
5.3171114976e+08	4	4.4104000000e-02	2.2052000000e-02	9.0694721567e+01	4.0000000000e+00	4.4104000000e-02	2.2052000000e-02	1.2380442661e-12	6.1902213304e-13
5.3171124976e+08	4	4.4104000000e-02	2.2052000000e-02	9.0694721567e+01	4.0000000000e+00	4.4104000000e-02	2.2052000000e-02	1.2380442661e-12	6.1902213304e-13
5.3171134976e+08	8	8.8208000000e-02	3.1186237477e-02	9.0694721567e+01	8.0000000000e+00	8.8208000000e-02	3.1186237477e-02	2.4760885322e-12	8.7542949594e-13
5.3171144976e+08	1	1.1026000000e-02	1.1026000000e-02	9.0694721567e+01	1.0000000000e+00	1.1026000000e-02	1.1026000000e-02	3.0951106652e-13	3.0951106652e-13
5.3171154976e+08	6	6.6156000000e-02	2.7008073904e-02	9.0694721567e+01	6.0000000000e+00	6.6156000000e-02	2.7008073904e-02	1.8570663991e-12	7.5814418272e-13
5.3171164976e+08	3	3.3078000000e-02	1.9097592204e-02	9.0694721567e+01	3.0000000000e+00	3.3078000000e-02	1.9097592204e-02	9.2853319956e-13	5.3608889271e-13
5.3171174976e+08	4	4.4104000000e-02	2.2052000000e-02	9.0694721567e+01	4.0000000000e+00	4.4104000000e-02	2.2052000000e-02	1.2380442661e-12	6.1902213304e-13
5.3171184976e+08	5	5.5130000000e-02	2.4654885520e-02	9.0694721567e+01	5.0000000000e+00	5.5130000000e-02	2.4654885520e-02	1.5475553326e-12	6.9208778453e-13
5.3171194976e+08	7	7.7182000000e-02	2.9172053956e-02	9.0694721567e+01	7.0000000000e+00	7.7182000000e-02	2.9172053956e-02	2.1665774656e-12	8.1888931004e-13
5.3171204976e+08	3	3.3078000000e-02	1.9097592204e-02	9.0694721567e+01	3.0000000000e+00	3.3078000000e-02	1.9097592204e-02	9.2853319956e-13	5.3608889271e-13
5.3171214976e+08	1	1.1026000000e-02	1.1026000000e-02	9.0694721567e+01	1.0000000000e+00	1.1026000000e-02	1.1026000000e-02	3.0951106652e-13	3.0951106652e-13
5.3171224976e+08	6	6.6156000000e-02	2.7008073904e-02	9.0694721567e+01	6.0000000000e+00	6.6156000000e-02	2.7008073904e-02	1.8570663991e-12	7.5814418272e-13
5.3171234976e+08	2	2.2052000000e-02	1.5593118739e-02	9.0694721567e+01	2.0000000000e+00	2.2052000000e-02	1.5593118739e-02	6.1902213304e-13	4.3771474798e-13
5.3171244976e+08	4	4.4104000000e-02	2.2052000000e-02	9.0694721567e+01	4.0000000000e+00	4.4104000000e-02	2.2052000000e-02	1.2380442661e-12	6.1902213304e-13
5.3171254976e+08	2	2.2052000000e-02	1.5593118739e-02	9.0694721567e+01	1.8095238095e+00	1.9951809524e-02	1.5733917250e-02	6.1902213304e-13	4.3771474798e-13
5.3171264976e+08	3	3.3078000000e-02	1.9097592204e-02	9.0694721567e+01	3.0000000000e+00	3.3078000000e-02	1.9097592204e-02	9.2853319956e-13	5.3608889271e-13
5.3171274976e+08	7	7.7182000000e-02	2.9172053956e-02	9.0694721567e+01	7.0000000000e+00	7.7182000000e-02	2.9172053956e-02	2.1665774656e-12	8.1888931004e-13
5.3171284976e+08	8	8.8208000000e-02	3.1186237477e-02	9.0694721567e+01	8.0000000000e+00	8.8208000000e-02	3.1186237477e-02	2.4760885322e-12	8.7542949594e-13
5.3171294976e+08	9	9.9234000000e-02	3.3078000000e-02	9.0694721567e+01	9.0000000000e+00	9.9234000000e-02	3.3078000000e-02	2.7855995987e-12	9.2853319956e-13
5.3171304976e+08	7	7.7182000000e-02	2.9172053956e-02	9.0694721567e+01	7.0000000000e+00	7.7182000000e-02	2.9172053956e-02	2.1665774656e-12	8.1888931004e-13
5.3171314976e+08	6	6.6156000000e-02	2.7008073904e-02	9.0694721567e+01	6.0000000000e+00	6.6156000000e-02	2.7008073904e-02	1.8570663991e-12	7.5814418272e-13
5.3171324976e+08	5	5.5130000000e-02	2.4654885520e-02	9.0694721567e+01	5.0000000000e+00	5.5130000000e-02	2.4654885520e-02	1.5475553326e-12	6.9208778453e-13
5.3171334976e+08	5	5.5130000000e-02	2.4654885520e-02	9.0694721567e+01	5.0000000000e+00	5.5130000000e-02	2.4654885520e-02	1.5475553326e-12	6.9208778453e-13
5.3171344976e+08	3	3.3078000000e-02	1.9097592204e-02	9.0694721567e+01	3.0000000000e+00	3.3078000000e-02	1.9097592204e-02	9.2853319956e-13	5.3608889271e-13
5.3171354976e+08	4	4.4104000000e-02	2.2052000000e-02	9.0694721567e+01	4.0000000000e+00	4.4104000000e-02	2.2052000000e-02	1.2380442661e-12	6.1902213304e-13
5.3171364976e+08	4	4.4104000000e-02	2.2052000000e-02	9.0694721567e+01	4.0000000000e+00	4.4104000000e-02	2.2052000000e-02	1.2380442661e-12	6.1902213304e-13
5.3171374976e+08	3	3.3078000000e-02	1.9097592204e-02	9.0694721567e+01	3.0000000000e+00	3.3078000000e-02	1.9097592204e-02	9.2853319956e-13	5.3608889271e-13
5.3171384976e+08	5	5.5130000000e-02	2.4654885520e-02	9.0694721567e+01	5.0000000000e+00	5.5130000000e-02	2.4654885520e-02	1.5475553326e-12	6.9208778453e-13
5.3171394976e+08	6	6.6156000000e-02	2.7008073904e-02	9.0694721567e+01	6.0000000000e+00	6.6156000000e-02	2.7008073904e-02	1.8570663991e-12	7.5814418272e-13
5.3171404976e+08	2	2.2052000000e-02	1.5593118739e-02	9.0694721567e+01	2.0000000000e+00	2.2052000000e-02	1.5593118739e-02	6.1902213304e-13	4.3771474798e-13
5.3171414976e+08	4	4.4104000000e-02	2.2052000000e-02	9.0694721567e+01	4.0000000000e+00	4.4104000000e-02	2.2052000000e-02	1.2380442661e-12	6.1902213304e-13
5.3171424976e+08	6	6.6156000000e-02	2.7008073904e-02	9.0694721567e+01	6.0000000000e+00	6.6156000000e-02	2.7008073904e-02	1.8570663991e-12	7.5814418272e-13
5.3171434976e+08	9	9.9234000000e-02	3.3078000000e-02	9.0694721567e+01	9.0000000000e+00	9.9234000000e-02	3.3078000000e-02	2.7855995987e-12	9.2853319956e-13
5.3171444976e+08	9	9.9234000000e-02	3.3078000000e-02	9.0694721567e+01	8.8095238095e+00	9.7133809524e-02	3.3144605655e-02	2.7855995987e-12	9.2853319956e-13
5.3171454976e+08	6	6.6156000000e-02	2.7008073904e-02	9.0694721567e+01	6.0000000000e+00	6.6156000000e-02	2.7008073904e-02	1.8570663991e-12	7.5814418272e-13
5.3171464976e+08	6	6.6156000000e-02	2.7008073904e-02	9.0694721567e+01	6.0000000000e+00	6.6156000000e-02	2.7008073904e-02	1.8570663991e-12	7.5814418272e-13
5.3171474976e+08	7	7.7182000000e-02	2.9172053956e-02	9.0694721567e+01	7.0000000000e+00	7.7182000000e-02	2.9172053956e-02	2.1665774656e-12	8.1888931004e-13
5.3171484976e+08	5	5.5130000000e-02	2.4654885520e-02	9.0694721567e+01	5.0000000000e+00	5.5130000000e-02	2.4654885520e-02	1.5475553326e-12	6.9208778453e-13
5.3171494976e+08	3	3.3078000000e-02	1.9097592204e-02	9.0694721567e+01	3.0000000000e+00	3.3078000000e-02	1.9097592204e-02	9.2853319956e-13	5.3608889271e-13
5.3171504976e+08	0	0.0000000000e+00	0.0000000000e+00	9.0694721567e+01	0.0000000000e+00	0.0000000000e+00	0.0000000000e+00	0.0000000000e+00	0.0000000000e+00
5.3171514976e+08	5	5.5130000000e-02	2.4654885520e-02	9.0694721567e+01	5.0000000000e+00	5.5130000000e-02	2.4654885520e-02	1.5475553326e-12	6.9208778453e-13
5.3171524976e+08	7	7.7182000000e-02	2.9172053956e-02	9.0694721567e+01	7.0000000000e+00	7.7182000000e-02	2.9172053956e-02	2.1665774656e-12	8.1888931004e-13
5.3171534976e+08	6	6.6156000000e-02	2.7008073904e-02	9.0694721567e+01	5.8095238095e+00	6.4055809524e-02	2.7089607897e-02	1.8570663991e-12	7.5814418272e-13
5.3171544976e+08	5	5.5130000000e-02	2.4654885520e-02	9.0694721567e+01	5.0000000000e+00	5.5130000000e-02	2.4654885520e-02	1.5475553326e-12	6.9208778453e-13
5.3171554976e+08	7	7.7182000000e-02	2.9172053956e-02	9.0694721567e+01	7.0000000000e+00	7.7182000000e-02	2.9172053956e-02	2.1665774656e-12	8.1888931004e-13
5.3171564976e+08	8	8.8208000000e-02	3.1186237477e-02	9.0694721567e+01	8.0000000000e+00	8.8208000000e-02	3.1186237477e-02	2.4760885322e-12	8.7542949594e-13
5.3171574976e+08	9	9.9234000000e-02	3.3078000000e-02	9.0694721567e+01	9.0000000000e+00	9.9234000000e-02	3.3078000000e-02	2.7855995987e-12	9.2853319956e-13
5.3171584976e+08	5	5.5130000000e-02	2.4654885520e-02	9.0694721567e+01	5.0000000000e+00	5.5130000000e-02	2.4654885520e-02	1.5475553326e-12	6.9208778453e-13
5.3171594976e+08	6	6.6156000000e-02	2.7008073904e-02	9.0694721567e+01	6.0000000000e+00	6.6156000000e-02	2.7008073904e-02	1.8570663991e-12	7.5814418272e-13
5.3171604976e+08	3	3.3078000000e-02	1.9097592204e-02	9.0694721567e+01	3.0000000000e+00	3.3078000000e-02	1.9097592204e-02	9.2853319956e-13	5.3608889271e-13
5.3171614976e+08	5	5.5130000000e-02	2.4654885520e-02	9.0694721567e+01	5.0000000000e+00	5.5130000000e-02	2.4654885520e-02	1.5475553326e-12	6.9208778453e-13
5.3171624976e+08	3	3.3078000000e-02	1.9097592204e-02	9.0694721567e+01	3.0000000000e+00	3.3078000000e-02	1.9097592204e-02	9.2853319956e-13	5.3608889271e-13
5.3171634976e+08	6	6.6156000000e-02	2.7008073904e-02	9.0694721567e+01	6.0000000000e+00	6.6156000000e-02	2.7008073904e-02	1.8570663991e-12	7.5814418272e-13
5.3171644976e+08	6	6.6156000000e-02	2.7008073904e-02	9.0694721567e+01	6.0000000000e+00	6.6156000000e-02	2.7008073904e-02	1.8570663991e-12	7.5814418272e-13
5.3171654976e+08	4	4.4104000000e-02	2.2052000000e-02	9.0694721567e+01	4.0000000000e+00	4.4104000000e-02	2.2052000000e-02	1.2380442661e-12	6.1902213304e-13
5.3171664976e+08	2	2.2052000000e-02	1.5593118739e-02	9.0694721567e+01	2.0000000000e+00	2.2052000000e-02	1.5593118739e-02	6.1902213304e-13	4.3771474798e-13
5.3171674976e+08	4	4.4104000000e-02	2.2052000000e-02	9.0694721567e+01	4.0000000000e+00	4.4104000000e-02	2.2052000000e-02	1.2380442661e-12	6.1902213304e-13
5.3171684976e+08	0	0.0000000000e+00	0.0000000000e+00	9.0694721567e+01	0.0000000000e+00	0.0000000000e+00	0.0000000000e+00	0.0000000000e+00	0.0000000000e+00
5.3171694976e+08	1	1.1026000000e-02	1.1026000000e-02	9.0694721567e+01	1.0000000000e+00	1.1026000000e-02	1.1026000000e-02	3.0951106652e-13	3.0951106652e-13
5.3171704976e+08	0	0.0000000000e+00	0.0000000000e+00	9.0694721567e+01	0.0000000000e+00	0.0000000000e+00	0.0000000000e+00	0.0000000000e+00	0.0000000000e+00
5.3171714976e+08	3	3.3078000000e-02	1.9097592204e-02	9.0694721567e+01	3.0000000000e+00	3.3078000000e-02	1.9097592204e-02	9.2853319956e-13	5.3608889271e-13
5.3171724976e+08	2	2.2052000000e-02	1.5593118739e-02	9.0694721567e+01	2.0000000000e+00	2.2052000000e-02	1.5593118739e-02	6.1902213304e-13	4.3771474798e-13
5.3171734976e+08	1	1.1026000000e-02	1.1026000000e-02	9.0694721567e+01	1.0000000000e+00	1.1026000000e-02	1.1026000000e-02	3.0951106652e-13	3.0951106652e-13
5.3171744976e+08	4	4.4104000000e-02	2.2052000000e-02	9.0694721567e+01	4.0000000000e+00	4.4104000000e-02	2.2052000000e-02	1.2380442661e-12	6.1902213304e-13
5.3171754976e+08	2	2.2052000000e-02	1.5593118739e-02	9.0694721567e+01	2.0000000000e+00	2.2052000000e-02	1.5593118739e-02	6.1902213304e-13	4.3771474798e-13
5.3171764976e+08	3	3.3078000000e-02	1.9097592204e-02	9.0694721567e+01	3.0000000000e+00	3.3078000000e-02	1.9097592204e-02	9.2853319956e-13	5.3608889271e-13
5.3171774976e+08	1	1.1026000000e-02	1.1026000000e-02	9.0694721567e+01	1.0000000000e+00	1.1026000000e-02	1.1026000000e-02	3.0951106652e-13	3.0951106652e-13
5.3171784976e+08	4	4.4104000000e-02	2.2052000000e-02	9.0694721567e+01	4.0000000000e+00	4.4104000000e-02	2.2052000000e-02	1.2380442661e-12	6.1902213304e-13
5.3171794976e+08	6	6.6156000000e-02	2.7008073904e-02	9.0694721567e+01	6.0000000000e+00	6.6156000000e-02	2.7008073904e-02	1.8570663991e-12	7.5814418272e-13
5.3171804976e+08	3	3.3078000000e-02	1.9097592204e-02	9.0694721567e+01	3.0000000000e+00	3.3078000000e-02	1.9097592204e-02	9.2853319956e-13	5.3608889271e-13
5.3171814976e+08	3	3.3078000000e-02	1.9097592204e-02	9.0694721567e+01	3.0000000000e+00	3.3078000000e-02	1.9097592204e-02	9.2853319956e-13	5.3608889271e-13
5.3171824976e+08	1	1.1026000000e-02	1.1026000000e-02	9.0694721567e+01	1.0000000000e+00	1.1026000000e-02	1.1026000000e-02	3.0951106652e-13	3.0951106652e-13
5.3171834976e+08	1	1.1026000000e-02	1.1026000000e-02	9.0694721567e+01	1.0000000000e+00	1.1026000000e-02	1.1026000000e-02	3.0951106652e-13	3.0951106652e-13
5.3171844976e+08	2	2.2052000000e-02	1.5593118739e-02	9.0694721567e+01	2.0000000000e+00	2.2052000000e-02	1.5593118739e-02	6.1902213304e-13	4.3771474798e-13
5.3171854976e+08	5	5.5130000000e-02	2.4654885520e-02	9.0694721567e+01	5.0000000000e+00	5.5130000000e-02	2.4654885520e-02	1.5475553326e-12	6.9208778453e-13
5.3171864976e+08	2	2.2052000000e-02	1.5593118739e-02	9.0694721567e+01	2.0000000000e+00	2.2052000000e-02	1.5593118739e-02	6.1902213304e-13	4.3771474798e-13
5.3171874976e+08	1	1.1026000000e-02	1.1026000000e-02	9.0694721567e+01	1.0000000000e+00	1.1026000000e-02	1.1026000000e-02	3.0951106652e-13	3.0951106652e-13
5.3171884976e+08	2	2.2052000000e-02	1.5593118739e-02	9.0694721567e+01	2.0000000000e+00	2.2052000000e-02	1.5593118739e-02	6.1902213304e-13	4.3771474798e-13
5.3171894976e+08	3	3.3078000000e-02	1.9097592204e-02	9.0694721567e+01	3.0000000000e+00	3.3078000000e-02	1.9097592204e-02	9.2853319956e-13	5.3608889271e-13
5.3171904976e+08	5	5.5130000000e-02	2.4654885520e-02	9.0694721567e+01	5.0000000000e+00	5.5130000000e-02	2.4654885520e-02	1.5475553326e-12	6.9208778453e-13
5.3171914976e+08	2	2.2052000000e-02	1.5593118739e-02	9.0694721567e+01	2.0000000000e+00	2.2052000000e-02	1.5593118739e-02	6.1902213304e-13	4.3771474798e-13
5.3171924976e+08	6	6.6156000000e-02	2.7008073904e-02	9.0694721567e+01	6.0000000000e+00	6.6156000000e-02	2.7008073904e-02	1.8570663991e-12	7.5814418272e-13
5.3171934976e+08	1	1.1026000000e-02	1.1026000000e-02	9.0694721567e+01	1.0000000000e+00	1.1026000000e-02	1.1026000000e-02	3.0951106652e-13	3.0951106652e-13
5.3171944976e+08	4	4.4104000000e-02	2.2052000000e-02	9.0694721567e+01	4.0000000000e+00	4.4104000000e-02	2.2052000000e-02	1.2380442661e-12	6.1902213304e-13
5.3171954976e+08	1	1.1026000000e-02	1.1026000000e-02	9.0694721567e+01	1.0000000000e+00	1.1026000000e-02	1.1026000000e-02	3.0951106652e-13	3.0951106652e-13
5.3171964976e+08	1	1.1026000000e-02	1.1026000000e-02	9.0694721567e+01	1.0000000000e+00	1.1026000000e-02	1.1026000000e-02	3.0951106652e-13	3.0951106652e-13
5.3171974976e+08	3	3.3078000000e-02	1.9097592204e-02	9.0694721567e+01	3.0000000000e+00	3.3078000000e-02	1.9097592204e-02	9.2853319956e-13	5.3608889271e-13
5.3171984976e+08	2	2.2052000000e-02	1.5593118739e-02	9.0694721567e+01	2.0000000000e+00	2.2052000000e-02	1.5593118739e-02	6.1902213304e-13	4.3771474798e-13
5.3171994976e+08	0	0.0000000000e+00	0.0000000000e+00	9.0694721567e+01	0.0000000000e+00	0.0000000000e+00	0.0000000000e+00	0.0000000000e+00	0.0000000000e+00
5.3172004976e+08	3	3.3078000000e-02	1.9097592204e-02	9.0694721567e+01	3.0000000000e+00	3.3078000000e-02	1.9097592204e-02	9.2853319956e-13	5.3608889271e-13
5.3172014976e+08	6	6.6156000000e-02	2.7008073904e-02	9.0694721567e+01	6.0000000000e+00	6.6156000000e-02	2.7008073904e-02	1.8570663991e-12	7.5814418272e-13
5.3172024976e+08	1	1.1026000000e-02	1.1026000000e-02	9.0694721567e+01	1.0000000000e+00	1.1026000000e-02	1.1026000000e-02	3.0951106652e-13	3.0951106652e-13
5.3172034976e+08	4	4.4104000000e-02	2.2052000000e-02	9.0694721567e+01	3.8095238095e+00	4.2003809524e-02	2.2151783315e-02	1.2380442661e-12	6.1902213304e-13
5.3172044976e+08	5	5.5130000000e-02	2.4654885520e-02	9.0694721567e+01	5.0000000000e+00	5.5130000000e-02	2.4654885520e-02	1.5475553326e-12	6.9208778453e-13
5.3172054976e+08	6	6.6156000000e-02	2.7008073904e-02	9.0694721567e+01	6.0000000000e+00	6.6156000000e-02	2.7008073904e-02	1.8570663991e-12	7.5814418272e-13
5.3172064976e+08	2	2.2052000000e-02	1.5593118739e-02	9.0694721567e+01	1.8095238095e+00	1.9951809524e-02	1.5733917250e-02	6.1902213304e-13	4.3771474798e-13
5.3172074976e+08	0	0.0000000000e+00	0.0000000000e+00	9.0694721567e+01	0.0000000000e+00	0.0000000000e+00	0.0000000000e+00	0.0000000000e+00	0.0000000000e+00
5.3172084976e+08	2	2.2052000000e-02	1.5593118739e-02	9.0694721567e+01	2.0000000000e+00	2.2052000000e-02	1.5593118739e-02	6.1902213304e-13	4.3771474798e-13
5.3172094976e+08	6	6.6156000000e-02	2.7008073904e-02	9.0694721567e+01	6.0000000000e+00	6.6156000000e-02	2.7008073904e-02	1.8570663991e-12	7.5814418272e-13
5.3172104976e+08	2	2.2052000000e-02	1.5593118739e-02	9.0694721567e+01	2.0000000000e+00	2.2052000000e-02	1.5593118739e-02	6.1902213304e-13	4.3771474798e-13
5.3172114976e+08	2	2.2052000000e-02	1.5593118739e-02	9.0694721567e+01	2.0000000000e+00	2.2052000000e-02	1.5593118739e-02	6.1902213304e-13	4.3771474798e-13
5.3172124976e+08	4	4.4104000000e-02	2.2052000000e-02	9.0694721567e+01	4.0000000000e+00	4.4104000000e-02	2.2052000000e-02	1.2380442661e-12	6.1902213304e-13
5.3172134976e+08	1	1.1026000000e-02	1.1026000000e-02	9.0694721567e+01	1.0000000000e+00	1.1026000000e-02	1.1026000000e-02	3.0951106652e-13	3.0951106652e-13
5.3172144976e+08	0	0.0000000000e+00	0.0000000000e+00	9.0694721567e+01	0.0000000000e+00	0.0000000000e+00	0.0000000000e+00	0.0000000000e+00	0.0000000000e+00
5.3172154976e+08	4	4.4104000000e-02	2.2052000000e-02	9.0694721567e+01	3.6190476190e+00	3.9903619048e-02	2.2251119164e-02	1.2380442661e-12	6.1902213304e-13
5.3172164976e+08	4	4.4104000000e-02	2.2052000000e-02	9.0694721567e+01	4.0000000000e+00	4.4104000000e-02	2.2052000000e-02	1.2380442661e-12	6.1902213304e-13
5.3172174976e+08	1	1.1026000000e-02	1.1026000000e-02	9.0694721567e+01	1.0000000000e+00	1.1026000000e-02	1.1026000000e-02	3.0951106652e-13	3.0951106652e-13
5.3172184976e+08	3	3.3078000000e-02	1.9097592204e-02	9.0694721567e+01	3.0000000000e+00	3.3078000000e-02	1.9097592204e-02	9.2853319956e-13	5.3608889271e-13
5.3172194976e+08	5	5.5130000000e-02	2.4654885520e-02	9.0694721567e+01	5.0000000000e+00	5.5130000000e-02	2.4654885520e-02	1.5475553326e-12	6.9208778453e-13
5.3172204976e+08	1	1.1026000000e-02	1.1026000000e-02	9.0694721567e+01	1.0000000000e+00	1.1026000000e-02	1.1026000000e-02	3.0951106652e-13	3.0951106652e-13
5.3172214976e+08	2	2.2052000000e-02	1.5593118739e-02	9.0694721567e+01	1.8095238095e+00	1.9951809524e-02	1.5733917250e-02	6.1902213304e-13	4.3771474798e-13
5.3172224976e+08	1	1.1026000000e-02	1.1026000000e-02	9.0694721567e+01	1.0000000000e+00	1.1026000000e-02	1.1026000000e-02	3.0951106652e-13	3.0951106652e-13
5.3172234976e+08	0	0.0000000000e+00	0.0000000000e+00	9.0694721567e+01	0.0000000000e+00	0.0000000000e+00	0.0000000000e+00	0.0000000000e+00	0.0000000000e+00
5.3172244976e+08	0	0.0000000000e+00	0.0000000000e+00	9.0694721567e+01	0.0000000000e+00	0.0000000000e+00	0.0000000000e+00	0.0000000000e+00	0.0000000000e+00
5.3172254976e+08	0	0.0000000000e+00	0.0000000000e+00	9.0694721567e+01	0.0000000000e+00	0.0000000000e+00	0.0000000000e+00	0.0000000000e+00	0.0000000000e+00
5.3172264976e+08	0	0.0000000000e+00	0.0000000000e+00	9.0694721567e+01	0.0000000000e+00	0.0000000000e+00	0.0000000000e+00	0.0000000000e+00	0.0000000000e+00
5.3172274976e+08	0	0.0000000000e+00	0.0000000000e+00	9.0694721567e+01	0.0000000000e+00	0.0000000000e+00	0.0000000000e+00	0.0000000000e+00	0.0000000000e+00
5.3172284976e+08	1	1.1026000000e-02	1.1026000000e-02	9.0694721567e+01	1.0000000000e+00	1.1026000000e-02	1.1026000000e-02	3.0951106652e-13	3.0951106652e-13
5.3172294976e+08	0	0.0000000000e+00	0.0000000000e+00	9.0694721567e+01	0.0000000000e+00	0.0000000000e+00	0.0000000000e+00	0.0000000000e+00	0.0000000000e+00
5.3172304976e+08	1	1.1026000000e-02	1.1026000000e-02	9.0694721567e+01	1.0000000000e+00	1.1026000000e-02	1.1026000000e-02	3.0951106652e-13	3.0951106652e-13
5.3172314976e+08	1	1.1026000000e-02	1.1026000000e-02	9.0694721567e+01	1.0000000000e+00	1.1026000000e-02	1.1026000000e-02	3.0951106652e-13	3.0951106652e-13
5.3172324976e+08	0	0.0000000000e+00	0.0000000000e+00	9.0694721567e+01	0.0000000000e+00	0.0000000000e+00	0.0000000000e+00	0.0000000000e+00	0.0000000000e+00
5.3172334976e+08	1	1.1026000000e-02	1.1026000000e-02	9.0694721567e+01	1.0000000000e+00	1.1026000000e-02	1.1026000000e-02	3.0951106652e-13	3.0951106652e-13
5.3172344976e+08	1	1.1026000000e-02	1.1026000000e-02	9.0694721567e+01	1.0000000000e+00	1.1026000000e-02	1.1026000000e-02	3.0951106652e-13	3.0951106652e-13
5.3172354976e+08	0	0.0000000000e+00	0.0000000000e+00	9.0694721567e+01	0.0000000000e+00	0.0000000000e+00	0.0000000000e+00	0.0000000000e+00	0.0000000000e+00
5.3172364976e+08	0	0.0000000000e+00	0.0000000000e+00	9.0694721567e+01	0.0000000000e+00	0.0000000000e+00	0.0000000000e+00	0.0000000000e+00	0.0000000000e+00
5.3172374976e+08	4	4.4104000000e-02	2.2052000000e-02	9.0694721567e+01	4.0000000000e+00	4.4104000000e-02	2.2052000000e-02	1.2380442661e-12	6.1902213304e-13
5.3172384976e+08	2	2.2052000000e-02	1.5593118739e-02	9.0694721567e+01	2.0000000000e+00	2.2052000000e-02	1.5593118739e-02	6.1902213304e-13	4.3771474798e-13
5.3172394976e+08	4	4.4104000000e-02	2.2052000000e-02	9.0694721567e+01	4.0000000000e+00	4.4104000000e-02	2.2052000000e-02	1.2380442661e-12	6.1902213304e-13
5.3172404976e+08	1	1.1026000000e-02	1.1026000000e-02	9.0694721567e+01	1.0000000000e+00	1.1026000000e-02	1.1026000000e-02	3.0951106652e-13	3.0951106652e-13
5.3172414976e+08	1	1.1026000000e-02	1.1026000000e-02	9.0694721567e+01	1.0000000000e+00	1.1026000000e-02	1.1026000000e-02	3.0951106652e-13	3.0951106652e-13
5.3172424976e+08	0	0.0000000000e+00	0.0000000000e+00	9.0694721567e+01	0.0000000000e+00	0.0000000000e+00	0.0000000000e+00	0.0000000000e+00	0.0000000000e+00
5.3172434976e+08	1	1.1026000000e-02	1.1026000000e-02	9.0694721567e+01	1.0000000000e+00	1.1026000000e-02	1.1026000000e-02	3.0951106652e-13	3.0951106652e-13
5.3172444976e+08	2	2.2052000000e-02	1.5593118739e-02	9.0694721567e+01	2.0000000000e+00	2.2052000000e-02	1.5593118739e-02	6.1902213304e-13	4.3771474798e-13
5.3172454976e+08	0	0.0000000000e+00	0.0000000000e+00	9.0694721567e+01	0.0000000000e+00	0.0000000000e+00	0.0000000000e+00	0.0000000000e+00	0.0000000000e+00
5.3172464976e+08	0	0.0000000000e+00	0.0000000000e+00	9.0694721567e+01	0.0000000000e+00	0.0000000000e+00	0.0000000000e+00	0.0000000000e+00	0.0000000000e+00
5.3172474976e+08	1	1.1026000000e-02	1.1026000000e-02	9.0694721567e+01	1.0000000000e+00	1.1026000000e-02	1.1026000000e-02	3.0951106652e-13	3.0951106652e-13
5.3172484976e+08	0	0.0000000000e+00	0.0000000000e+00	9.0694721567e+01	0.0000000000e+00	0.0000000000e+00	0.0000000000e+00	0.0000000000e+00	0.0000000000e+00
5.3172494976e+08	0	0.0000000000e+00	0.0000000000e+00	9.0694721567e+01	0.0000000000e+00	0.0000000000e+00	0.0000000000e+00	0.0000000000e+00	0.0000000000e+00
5.3172504976e+08	0	0.0000000000e+00	0.0000000000e+00	9.0694721567e+01	0.0000000000e+00	0.0000000000e+00	0.0000000000e+00	0.0000000000e+00	0.0000000000e+00
5.3172514976e+08	1	1.1026000000e-02	1.1026000000e-02	9.0694721567e+01	8.0952380952e-01	8.9258095238e-03	1.1224236100e-02	3.0951106652e-13	3.0951106652e-13
5.3172524976e+08	1	1.1026000000e-02	1.1026000000e-02	9.0694721567e+01	1.0000000000e+00	1.1026000000e-02	1.1026000000e-02	3.0951106652e-13	3.0951106652e-13
5.3172534976e+08	0	0.0000000000e+00	0.0000000000e+00	9.0694721567e+01	0.0000000000e+00	0.0000000000e+00	0.0000000000e+00	0.0000000000e+00	0.0000000000e+00
5.3172544976e+08	0	0.0000000000e+00	0.0000000000e+00	9.0694721567e+01	0.0000000000e+00	0.0000000000e+00	0.0000000000e+00	0.0000000000e+00	0.0000000000e+00
5.3172554976e+08	1	1.1026000000e-02	1.1026000000e-02	9.0694721567e+01	8.0952380952e-01	8.9258095238e-03	1.1224236100e-02	3.0951106652e-13	3.0951106652e-13
5.3172564976e+08	0	0.0000000000e+00	0.0000000000e+00	9.0694721567e+01	0.0000000000e+00	0.0000000000e+00	0.0000000000e+00	0.0000000000e+00	0.0000000000e+00
5.3172574976e+08	0	0.0000000000e+00	0.0000000000e+00	9.0694721567e+01	0.0000000000e+00	0.0000000000e+00	0.0000000000e+00	0.0000000000e+00	0.0000000000e+00
5.3172584976e+08	0	0.0000000000e+00	0.0000000000e+00	9.0694721567e+01	0.0000000000e+00	0.0000000000e+00	0.0000000000e+00	0.0000000000e+00	0.0000000000e+00
5.3172594976e+08	0	0.0000000000e+00	0.0000000000e+00	9.0694721567e+01	0.0000000000e+00	0.0000000000e+00	0.0000000000e+00	0.0000000000e+00	0.0000000000e+00
5.3172604976e+08	0	0.0000000000e+00	0.0000000000e+00	9.0694721567e+01	0.0000000000e+00	0.0000000000e+00	0.0000000000e+00	0.0000000000e+00	0.0000000000e+00
5.3172614976e+08	2	2.2052000000e-02	1.5593118739e-02	9.0694721567e+01	2.0000000000e+00	2.2052000000e-02	1.5593118739e-02	6.1902213304e-13	4.3771474798e-13
5.3172624976e+08	1	1.1026000000e-02	1.1026000000e-02	9.0694721567e+01	1.0000000000e+00	1.1026000000e-02	1.1026000000e-02	3.0951106652e-13	3.0951106652e-13
5.3172634976e+08	1	1.1026000000e-02	1.1026000000e-02	9.0694721567e+01	1.0000000000e+00	1.1026000000e-02	1.1026000000e-02	3.0951106652e-13	3.0951106652e-13
5.3172644976e+08	3	3.3078000000e-02	1.9097592204e-02	9.0694721567e+01	2.8095238095e+00	3.0977809524e-02	1.9212725680e-02	9.2853319956e-13	5.3608889271e-13
5.3172654976e+08	0	0.0000000000e+00	0.0000000000e+00	9.0694721567e+01	0.0000000000e+00	0.0000000000e+00	0.0000000000e+00	0.0000000000e+00	0.0000000000e+00
5.3172664976e+08	0	0.0000000000e+00	0.0000000000e+00	9.0694721567e+01	0.0000000000e+00	0.0000000000e+00	0.0000000000e+00	0.0000000000e+00	0.0000000000e+00
5.3172674976e+08	0	0.0000000000e+00	0.0000000000e+00	9.0694721567e+01	0.0000000000e+00	0.0000000000e+00	0.0000000000e+00	0.0000000000e+00	0.0000000000e+00
5.3172684976e+08	3	3.3078000000e-02	1.9097592204e-02	9.0694721567e+01	3.0000000000e+00	3.3078000000e-02	1.9097592204e-02	9.2853319956e-13	5.3608889271e-13
5.3172694976e+08	1	1.1026000000e-02	1.1026000000e-02	9.0694721567e+01	1.0000000000e+00	1.1026000000e-02	1.1026000000e-02	3.0951106652e-13	3.0951106652e-13
5.3172704976e+08	1	1.1026000000e-02	1.1026000000e-02	9.0694721567e+01	1.0000000000e+00	1.1026000000e-02	1.1026000000e-02	3.0951106652e-13	3.0951106652e-13
5.3172714976e+08	2	2.2052000000e-02	1.5593118739e-02	9.0694721567e+01	2.0000000000e+00	2.2052000000e-02	1.5593118739e-02	6.1902213304e-13	4.3771474798e-13
5.3172724976e+08	0	0.0000000000e+00	0.0000000000e+00	9.0694721567e+01	0.0000000000e+00	0.0000000000e+00	0.0000000000e+00	0.0000000000e+00	0.0000000000e+00
5.3172734976e+08	3	3.3078000000e-02	1.9097592204e-02	9.0694721567e+01	3.0000000000e+00	3.3078000000e-02	1.9097592204e-02	9.2853319956e-13	5.3608889271e-13
5.3172744976e+08	1	1.1026000000e-02	1.1026000000e-02	9.0694721567e+01	1.0000000000e+00	1.1026000000e-02	1.1026000000e-02	3.0951106652e-13	3.0951106652e-13
5.3172754976e+08	1	1.1026000000e-02	1.1026000000e-02	9.0694721567e+01	1.0000000000e+00	1.1026000000e-02	1.1026000000e-02	3.0951106652e-13	3.0951106652e-13
5.3172764976e+08	2	2.2052000000e-02	1.5593118739e-02	9.0694721567e+01	2.0000000000e+00	2.2052000000e-02	1.5593118739e-02	6.1902213304e-13	4.3771474798e-13
5.3172774976e+08	1	1.1026000000e-02	1.1026000000e-02	9.0694721567e+01	1.0000000000e+00	1.1026000000e-02	1.1026000000e-02	3.0951106652e-13	3.0951106652e-13
5.3172784976e+08	1	1.1026000000e-02	1.1026000000e-02	9.0694721567e+01	1.0000000000e+00	1.1026000000e-02	1.1026000000e-02	3.0951106652e-13	3.0951106652e-13
5.3172794976e+08	1	1.1026000000e-02	1.1026000000e-02	9.0694721567e+01	1.0000000000e+00	1.1026000000e-02	1.1026000000e-02	3.0951106652e-13	3.0951106652e-13
5.3172804976e+08	0	0.0000000000e+00	0.0000000000e+00	9.0694721567e+01	0.0000000000e+00	0.0000000000e+00	0.0000000000e+00	0.0000000000e+00	0.0000000000e+00
5.3172814976e+08	0	0.0000000000e+00	0.0000000000e+00	9.0694721567e+01	0.0000000000e+00	0.0000000000e+00	0.0000000000e+00	0.0000000000e+00	0.0000000000e+00
5.3172824976e+08	1	1.1026000000e-02	1.1026000000e-02	9.0694721567e+01	8.0952380952e-01	8.9258095238e-03	1.1224236100e-02	3.0951106652e-13	3.0951106652e-13
5.3172834976e+08	1	1.1026000000e-02	1.1026000000e-02	9.0694721567e+01	1.0000000000e+00	1.1026000000e-02	1.1026000000e-02	3.0951106652e-13	3.0951106652e-13
5.3172844976e+08	0	0.0000000000e+00	0.0000000000e+00	9.0694721567e+01	0.0000000000e+00	0.0000000000e+00	0.0000000000e+00	0.0000000000e+00	0.0000000000e+00
5.3172854976e+08	0	0.0000000000e+00	0.0000000000e+00	9.0694721567e+01	0.0000000000e+00	0.0000000000e+00	0.0000000000e+00	0.0000000000e+00	0.0000000000e+00
5.3172864976e+08	0	0.0000000000e+00	0.0000000000e+00	9.0694721567e+01	0.0000000000e+00	0.0000000000e+00	0.0000000000e+00	0.0000000000e+00	0.0000000000e+00
5.3172874976e+08	1	1.1026000000e-02	1.1026000000e-02	9.0694721567e+01	1.0000000000e+00	1.1026000000e-02	1.1026000000e-02	3.0951106652e-13	3.0951106652e-13
5.3172884976e+08	1	1.1026000000e-02	1.1026000000e-02	9.0694721567e+01	1.0000000000e+00	1.1026000000e-02	1.1026000000e-02	3.0951106652e-13	3.0951106652e-13
5.3172894976e+08	1	1.1026000000e-02	1.1026000000e-02	9.0694721567e+01	1.0000000000e+00	1.1026000000e-02	1.1026000000e-02	3.0951106652e-13	3.0951106652e-13
5.3172904976e+08	1	1.1026000000e-02	1.1026000000e-02	9.0694721567e+01	1.0000000000e+00	1.1026000000e-02	1.1026000000e-02	3.0951106652e-13	3.0951106652e-13
5.3172914976e+08	2	2.2052000000e-02	1.5593118739e-02	9.0694721567e+01	2.0000000000e+00	2.2052000000e-02	1.5593118739e-02	6.1902213304e-13	4.3771474798e-13
5.3172924976e+08	1	1.1026000000e-02	1.1026000000e-02	9.0694721567e+01	1.0000000000e+00	1.1026000000e-02	1.1026000000e-02	3.0951106652e-13	3.0951106652e-13
5.3172934976e+08	2	2.2052000000e-02	1.5593118739e-02	9.0694721567e+01	2.0000000000e+00	2.2052000000e-02	1.5593118739e-02	6.1902213304e-13	4.3771474798e-13
5.3172944976e+08	0	0.0000000000e+00	0.0000000000e+00	9.0694721567e+01	0.0000000000e+00	0.0000000000e+00	0.0000000000e+00	0.0000000000e+00	0.0000000000e+00
5.3172954976e+08	2	2.2052000000e-02	1.5593118739e-02	9.0694721567e+01	2.0000000000e+00	2.2052000000e-02	1.5593118739e-02	6.1902213304e-13	4.3771474798e-13
5.3172964976e+08	1	1.1026000000e-02	1.1026000000e-02	9.0694721567e+01	1.0000000000e+00	1.1026000000e-02	1.1026000000e-02	3.0951106652e-13	3.0951106652e-13
5.3172974976e+08	1	1.1026000000e-02	1.1026000000e-02	9.0694721567e+01	1.0000000000e+00	1.1026000000e-02	1.1026000000e-02	3.0951106652e-13	3.0951106652e-13
5.3172984976e+08	0	0.0000000000e+00	0.0000000000e+00	9.0694721567e+01	0.0000000000e+00	0.0000000000e+00	0.0000000000e+00	0.0000000000e+00	0.0000000000e+00
5.3172994976e+08	0	0.0000000000e+00	0.0000000000e+00	9.0694721567e+01	0.0000000000e+00	0.0000000000e+00	0.0000000000e+00	0.0000000000e+00	0.0000000000e+00
5.3173004976e+08	2	2.2052000000e-02	1.5593118739e-02	9.0694721567e+01	2.0000000000e+00	2.2052000000e-02	1.5593118739e-02	6.1902213304e-13	4.3771474798e-13
5.3173014976e+08	0	0.0000000000e+00	0.0000000000e+00	9.0694721567e+01	0.0000000000e+00	0.0000000000e+00	0.0000000000e+00	0.0000000000e+00	0.0000000000e+00
5.3173024976e+08	1	1.1026000000e-02	1.1026000000e-02	9.0694721567e+01	1.0000000000e+00	1.1026000000e-02	1.1026000000e-02	3.0951106652e-13	3.0951106652e-13
5.3173034976e+08	1	1.1026000000e-02	1.1026000000e-02	9.0694721567e+01	1.0000000000e+00	1.1026000000e-02	1.1026000000e-02	3.0951106652e-13	3.0951106652e-13
5.3173044976e+08	0	0.0000000000e+00	0.0000000000e+00	9.0694721567e+01	0.0000000000e+00	0.0000000000e+00	0.0000000000e+00	0.0000000000e+00	0.0000000000e+00
5.3173054976e+08	1	1.1026000000e-02	1.1026000000e-02	9.0694721567e+01	1.0000000000e+00	1.1026000000e-02	1.1026000000e-02	3.0951106652e-13	3.0951106652e-13
5.3173064976e+08	0	0.0000000000e+00	0.0000000000e+00	9.0694721567e+01	0.0000000000e+00	0.0000000000e+00	0.0000000000e+00	0.0000000000e+00	0.0000000000e+00
5.3173074976e+08	0	0.0000000000e+00	0.0000000000e+00	9.0694721567e+01	0.0000000000e+00	0.0000000000e+00	0.0000000000e+00	0.0000000000e+00	0.0000000000e+00
5.3173084976e+08	0	0.0000000000e+00	0.0000000000e+00	9.0694721567e+01	0.0000000000e+00	0.0000000000e+00	0.0000000000e+00	0.0000000000e+00	0.0000000000e+00
5.3173094976e+08	1	1.1026000000e-02	1.1026000000e-02	9.0694721567e+01	1.0000000000e+00	1.1026000000e-02	1.1026000000e-02	3.0951106652e-13	3.0951106652e-13
5.3173104976e+08	2	2.2052000000e-02	1.5593118739e-02	9.0694721567e+01	2.0000000000e+00	2.2052000000e-02	1.5593118739e-02	6.1902213304e-13	4.3771474798e-13
5.3173114976e+08	2	2.2052000000e-02	1.5593118739e-02	9.0694721567e+01	2.0000000000e+00	2.2052000000e-02	1.5593118739e-02	6.1902213304e-13	4.3771474798e-13
5.3173124976e+08	1	1.1026000000e-02	1.1026000000e-02	9.0694721567e+01	1.0000000000e+00	1.1026000000e-02	1.1026000000e-02	3.0951106652e-13	3.0951106652e-13
5.3173134976e+08	1	1.1026000000e-02	1.1026000000e-02	9.0694721567e+01	1.0000000000e+00	1.1026000000e-02	1.1026000000e-02	3.0951106652e-13	3.0951106652e-13
5.3173144976e+08	1	1.1026000000e-02	1.1026000000e-02	9.0694721567e+01	1.0000000000e+00	1.1026000000e-02	1.1026000000e-02	3.0951106652e-13	3.0951106652e-13
5.3173154976e+08	0	0.0000000000e+00	0.0000000000e+00	9.0694721567e+01	0.0000000000e+00	0.0000000000e+00	0.0000000000e+00	0.0000000000e+00	0.0000000000e+00
5.3173164976e+08	0	0.0000000000e+00	0.0000000000e+00	9.0694721567e+01	0.0000000000e+00	0.0000000000e+00	0.0000000000e+00	0.0000000000e+00	0.0000000000e+00
5.3173174976e+08	1	1.1026000000e-02	1.1026000000e-02	9.0694721567e+01	1.0000000000e+00	1.1026000000e-02	1.1026000000e-02	3.0951106652e-13	3.0951106652e-13
5.3173184976e+08	1	1.1026000000e-02	1.1026000000e-02	9.0694721567e+01	1.0000000000e+00	1.1026000000e-02	1.1026000000e-02	3.0951106652e-13	3.0951106652e-13
5.3173194976e+08	0	0.0000000000e+00	0.0000000000e+00	9.0694721567e+01	0.0000000000e+00	0.0000000000e+00	0.0000000000e+00	0.0000000000e+00	0.0000000000e+00
5.3173204976e+08	0	0.0000000000e+00	0.0000000000e+00	9.0694721567e+01	0.0000000000e+00	0.0000000000e+00	0.0000000000e+00	0.0000000000e+00	0.0000000000e+00
5.3173214976e+08	1	1.1026000000e-02	1.1026000000e-02	9.0694721567e+01	1.0000000000e+00	1.1026000000e-02	1.1026000000e-02	3.0951106652e-13	3.0951106652e-13
5.3173224976e+08	3	3.3078000000e-02	1.9097592204e-02	9.0694721567e+01	3.0000000000e+00	3.3078000000e-02	1.9097592204e-02	9.2853319956e-13	5.3608889271e-13
5.3173234976e+08	4	4.4104000000e-02	2.2052000000e-02	9.0694721567e+01	4.0000000000e+00	4.4104000000e-02	2.2052000000e-02	1.2380442661e-12	6.1902213304e-13
5.3173244976e+08	1	1.1026000000e-02	1.1026000000e-02	9.0694721567e+01	1.0000000000e+00	1.1026000000e-02	1.1026000000e-02	3.0951106652e-13	3.0951106652e-13
5.3173254976e+08	0	0.0000000000e+00	0.0000000000e+00	9.0694721567e+01	0.0000000000e+00	0.0000000000e+00	0.0000000000e+00	0.0000000000e+00	0.0000000000e+00
5.3173264976e+08	0	0.0000000000e+00	0.0000000000e+00	9.0694721567e+01	0.0000000000e+00	0.0000000000e+00	0.0000000000e+00	0.0000000000e+00	0.0000000000e+00
5.3173274976e+08	1	1.1026000000e-02	1.1026000000e-02	9.0694721567e+01	1.0000000000e+00	1.1026000000e-02	1.1026000000e-02	3.0951106652e-13	3.0951106652e-13
5.3173284976e+08	2	2.2052000000e-02	1.5593118739e-02	9.0694721567e+01	2.0000000000e+00	2.2052000000e-02	1.5593118739e-02	6.1902213304e-13	4.3771474798e-13
5.3173294976e+08	1	1.1026000000e-02	1.1026000000e-02	9.0694721567e+01	1.0000000000e+00	1.1026000000e-02	1.1026000000e-02	3.0951106652e-13	3.0951106652e-13
5.3173304976e+08	0	0.0000000000e+00	0.0000000000e+00	9.0694721567e+01	0.0000000000e+00	0.0000000000e+00	0.0000000000e+00	0.0000000000e+00	0.0000000000e+00
5.3173314976e+08	0	0.0000000000e+00	0.0000000000e+00	9.0694721567e+01	0.0000000000e+00	0.0000000000e+00	0.0000000000e+00	0.0000000000e+00	0.0000000000e+00
5.3173324976e+08	1	1.1026000000e-02	1.1026000000e-02	9.0694721567e+01	1.0000000000e+00	1.1026000000e-02	1.1026000000e-02	3.0951106652e-13	3.0951106652e-13
5.3173334976e+08	0	0.0000000000e+00	0.0000000000e+00	9.0694721567e+01	0.0000000000e+00	0.0000000000e+00	0.0000000000e+00	0.0000000000e+00	0.0000000000e+00
5.3173344976e+08	2	2.2052000000e-02	1.5593118739e-02	9.0694721567e+01	2.0000000000e+00	2.2052000000e-02	1.5593118739e-02	6.1902213304e-13	4.3771474798e-13
5.3173354976e+08	0	0.0000000000e+00	0.0000000000e+00	9.0694721567e+01	0.0000000000e+00	0.0000000000e+00	0.0000000000e+00	0.0000000000e+00	0.0000000000e+00
5.3173364976e+08	1	1.1026000000e-02	1.1026000000e-02	9.0694721567e+01	1.0000000000e+00	1.1026000000e-02	1.1026000000e-02	3.0951106652e-13	3.0951106652e-13
5.3173374976e+08	3	3.3078000000e-02	1.9097592204e-02	9.0694721567e+01	3.0000000000e+00	3.3078000000e-02	1.9097592204e-02	9.2853319956e-13	5.3608889271e-13
5.3173384976e+08	0	0.0000000000e+00	0.0000000000e+00	9.0694721567e+01	0.0000000000e+00	0.0000000000e+00	0.0000000000e+00	0.0000000000e+00	0.0000000000e+00
5.3173394976e+08	0	0.0000000000e+00	0.0000000000e+00	9.0694721567e+01	0.0000000000e+00	0.0000000000e+00	0.0000000000e+00	0.0000000000e+00	0.0000000000e+00
5.3173404976e+08	0	0.0000000000e+00	0.0000000000e+00	9.0694721567e+01	0.0000000000e+00	0.0000000000e+00	0.0000000000e+00	0.0000000000e+00	0.0000000000e+00
5.3173414976e+08	1	1.1026000000e-02	1.1026000000e-02	9.0694721567e+01	1.0000000000e+00	1.1026000000e-02	1.1026000000e-02	3.0951106652e-13	3.0951106652e-13
5.3173424976e+08	1	1.1026000000e-02	1.1026000000e-02	9.0694721567e+01	1.0000000000e+00	1.1026000000e-02	1.1026000000e-02	3.0951106652e-13	3.0951106652e-13
5.3173434976e+08	0	0.0000000000e+00	0.0000000000e+00	9.0694721567e+01	0.0000000000e+00	0.0000000000e+00	0.0000000000e+00	0.0000000000e+00	0.0000000000e+00
5.3173444976e+08	1	1.1026000000e-02	1.1026000000e-02	9.0694721567e+01	1.0000000000e+00	1.1026000000e-02	1.1026000000e-02	3.0951106652e-13	3.0951106652e-13
5.3173454976e+08	0	0.0000000000e+00	0.0000000000e+00	9.0694721567e+01	0.0000000000e+00	0.0000000000e+00	0.0000000000e+00	0.0000000000e+00	0.0000000000e+00
5.3173464976e+08	1	1.1026000000e-02	1.1026000000e-02	9.0694721567e+01	1.0000000000e+00	1.1026000000e-02	1.1026000000e-02	3.0951106652e-13	3.0951106652e-13
5.3173474976e+08	0	0.0000000000e+00	0.0000000000e+00	9.0694721567e+01	0.0000000000e+00	0.0000000000e+00	0.0000000000e+00	0.0000000000e+00	0.0000000000e+00
5.3173484976e+08	0	0.0000000000e+00	0.0000000000e+00	9.0694721567e+01	0.0000000000e+00	0.0000000000e+00	0.0000000000e+00	0.0000000000e+00	0.0000000000e+00
5.3173494976e+08	0	0.0000000000e+00	0.0000000000e+00	9.0694721567e+01	0.0000000000e+00	0.0000000000e+00	0.0000000000e+00	0.0000000000e+00	0.0000000000e+00
5.3173504976e+08	2	2.2052000000e-02	1.5593118739e-02	9.0694721567e+01	2.0000000000e+00	2.2052000000e-02	1.5593118739e-02	6.1902213304e-13	4.3771474798e-13
5.3173514976e+08	1	1.1026000000e-02	1.1026000000e-02	9.0694721567e+01	1.0000000000e+00	1.1026000000e-02	1.1026000000e-02	3.0951106652e-13	3.0951106652e-13
5.3173524976e+08	1	1.1026000000e-02	1.1026000000e-02	9.0694721567e+01	1.0000000000e+00	1.1026000000e-02	1.1026000000e-02	3.0951106652e-13	3.0951106652e-13
5.3173534976e+08	0	0.0000000000e+00	0.0000000000e+00	9.0694721567e+01	0.0000000000e+00	0.0000000000e+00	0.0000000000e+00	0.0000000000e+00	0.0000000000e+00
5.3173544976e+08	0	0.0000000000e+00	0.0000000000e+00	9.0694721567e+01	0.0000000000e+00	0.0000000000e+00	0.0000000000e+00	0.0000000000e+00	0.0000000000e+00
5.3173554976e+08	1	1.1026000000e-02	1.1026000000e-02	9.0694721567e+01	1.0000000000e+00	1.1026000000e-02	1.1026000000e-02	3.0951106652e-13	3.0951106652e-13
5.3173564976e+08	0	0.0000000000e+00	0.0000000000e+00	9.0694721567e+01	0.0000000000e+00	0.0000000000e+00	0.0000000000e+00	0.0000000000e+00	0.0000000000e+00
5.3173574976e+08	1	1.1026000000e-02	1.1026000000e-02	9.0694721567e+01	1.0000000000e+00	1.1026000000e-02	1.1026000000e-02	3.0951106652e-13	3.0951106652e-13
5.3173584976e+08	0	0.0000000000e+00	0.0000000000e+00	9.0694721567e+01	0.0000000000e+00	0.0000000000e+00	0.0000000000e+00	0.0000000000e+00	0.0000000000e+00
5.3173594976e+08	0	0.0000000000e+00	0.0000000000e+00	9.0694721567e+01	0.0000000000e+00	0.0000000000e+00	0.0000000000e+00	0.0000000000e+00	0.0000000000e+00
5.3173604976e+08	0	0.0000000000e+00	0.0000000000e+00	9.0694721567e+01	0.0000000000e+00	0.0000000000e+00	0.0000000000e+00	0.0000000000e+00	0.0000000000e+00
5.3173614976e+08	2	2.2052000000e-02	1.5593118739e-02	9.0694721567e+01	2.0000000000e+00	2.2052000000e-02	1.5593118739e-02	6.1902213304e-13	4.3771474798e-13
5.3173624976e+08	1	1.1026000000e-02	1.1026000000e-02	9.0694721567e+01	1.0000000000e+00	1.1026000000e-02	1.1026000000e-02	3.0951106652e-13	3.0951106652e-13
5.3173634976e+08	1	1.1026000000e-02	1.1026000000e-02	9.0694721567e+01	1.0000000000e+00	1.1026000000e-02	1.1026000000e-02	3.0951106652e-13	3.0951106652e-13
5.3173644976e+08	0	0.0000000000e+00	0.0000000000e+00	9.0694721567e+01	0.0000000000e+00	0.0000000000e+00	0.0000000000e+00	0.0000000000e+00	0.0000000000e+00
5.3173654976e+08	1	1.1026000000e-02	1.1026000000e-02	9.0694721567e+01	8.0952380952e-01	8.9258095238e-03	1.1224236100e-02	3.0951106652e-13	3.0951106652e-13
5.3173664976e+08	1	1.1026000000e-02	1.1026000000e-02	9.0694721567e+01	1.0000000000e+00	1.1026000000e-02	1.1026000000e-02	3.0951106652e-13	3.0951106652e-13
5.3173674976e+08	0	0.0000000000e+00	0.0000000000e+00	9.0694721567e+01	0.0000000000e+00	0.0000000000e+00	0.0000000000e+00	0.0000000000e+00	0.0000000000e+00
5.3173684976e+08	1	1.1026000000e-02	1.1026000000e-02	9.0694721567e+01	1.0000000000e+00	1.1026000000e-02	1.1026000000e-02	3.0951106652e-13	3.0951106652e-13
5.3173694976e+08	0	0.0000000000e+00	0.0000000000e+00	9.0694721567e+01	0.0000000000e+00	0.0000000000e+00	0.0000000000e+00	0.0000000000e+00	0.0000000000e+00
5.3173704976e+08	0	0.0000000000e+00	0.0000000000e+00	9.0694721567e+01	0.0000000000e+00	0.0000000000e+00	0.0000000000e+00	0.0000000000e+00	0.0000000000e+00
5.3173714976e+08	0	0.0000000000e+00	0.0000000000e+00	9.0694721567e+01	0.0000000000e+00	0.0000000000e+00	0.0000000000e+00	0.0000000000e+00	0.0000000000e+00
5.3173724976e+08	0	0.0000000000e+00	0.0000000000e+00	9.0694721567e+01	0.0000000000e+00	0.0000000000e+00	0.0000000000e+00	0.0000000000e+00	0.0000000000e+00
5.3173734976e+08	0	0.0000000000e+00	0.0000000000e+00	9.0694721567e+01	0.0000000000e+00	0.0000000000e+00	0.0000000000e+00	0.0000000000e+00	0.0000000000e+00
5.3173744976e+08	0	0.0000000000e+00	0.0000000000e+00	9.0694721567e+01	0.0000000000e+00	0.0000000000e+00	0.0000000000e+00	0.0000000000e+00	0.0000000000e+00
5.3173754976e+08	1	1.1026000000e-02	1.1026000000e-02	9.0694721567e+01	1.0000000000e+00	1.1026000000e-02	1.1026000000e-02	3.0951106652e-13	3.0951106652e-13
5.3173764976e+08	1	1.1026000000e-02	1.1026000000e-02	9.0694721567e+01	8.0952380952e-01	8.9258095238e-03	1.1224236100e-02	3.0951106652e-13	3.0951106652e-13
5.3173774976e+08	0	0.0000000000e+00	0.0000000000e+00	9.0694721567e+01	0.0000000000e+00	0.0000000000e+00	0.0000000000e+00	0.0000000000e+00	0.0000000000e+00
5.3173784976e+08	0	0.0000000000e+00	0.0000000000e+00	9.0694721567e+01	0.0000000000e+00	0.0000000000e+00	0.0000000000e+00	0.0000000000e+00	0.0000000000e+00
5.3173794976e+08	0	0.0000000000e+00	0.0000000000e+00	9.0694721567e+01	0.0000000000e+00	0.0000000000e+00	0.0000000000e+00	0.0000000000e+00	0.0000000000e+00
5.3173804976e+08	1	1.1026000000e-02	1.1026000000e-02	9.0694721567e+01	1.0000000000e+00	1.1026000000e-02	1.1026000000e-02	3.0951106652e-13	3.0951106652e-13
5.3173814976e+08	0	0.0000000000e+00	0.0000000000e+00	9.0694721567e+01	0.0000000000e+00	0.0000000000e+00	0.0000000000e+00	0.0000000000e+00	0.0000000000e+00
5.3173824976e+08	0	0.0000000000e+00	0.0000000000e+00	9.0694721567e+01	0.0000000000e+00	0.0000000000e+00	0.0000000000e+00	0.0000000000e+00	0.0000000000e+00
5.3173834976e+08	3	3.3078000000e-02	1.9097592204e-02	9.0694721567e+01	3.0000000000e+00	3.3078000000e-02	1.9097592204e-02	9.2853319956e-13	5.3608889271e-13
5.3173844976e+08	2	2.2052000000e-02	1.5593118739e-02	9.0694721567e+01	2.0000000000e+00	2.2052000000e-02	1.5593118739e-02	6.1902213304e-13	4.3771474798e-13
5.3173854976e+08	1	1.1026000000e-02	1.1026000000e-02	9.0694721567e+01	1.0000000000e+00	1.1026000000e-02	1.1026000000e-02	3.0951106652e-13	3.0951106652e-13
5.3173864976e+08	0	0.0000000000e+00	0.0000000000e+00	9.0694721567e+01	0.0000000000e+00	0.0000000000e+00	0.0000000000e+00	0.0000000000e+00	0.0000000000e+00
5.3173874976e+08	1	1.1026000000e-02	1.1026000000e-02	9.0694721567e+01	8.0952380952e-01	8.9258095238e-03	1.1224236100e-02	3.0951106652e-13	3.0951106652e-13
5.3173884976e+08	0	0.0000000000e+00	0.0000000000e+00	9.0694721567e+01	0.0000000000e+00	0.0000000000e+00	0.0000000000e+00	0.0000000000e+00	0.0000000000e+00
5.3173894976e+08	1	1.1026000000e-02	1.1026000000e-02	9.0694721567e+01	1.0000000000e+00	1.1026000000e-02	1.1026000000e-02	3.0951106652e-13	3.0951106652e-13
5.3173904976e+08	0	0.0000000000e+00	0.0000000000e+00	9.0694721567e+01	0.0000000000e+00	0.0000000000e+00	0.0000000000e+00	0.0000000000e+00	0.0000000000e+00
5.3173914976e+08	1	1.1026000000e-02	1.1026000000e-02	9.0694721567e+01	1.0000000000e+00	1.1026000000e-02	1.1026000000e-02	3.0951106652e-13	3.0951106652e-13
5.3173924976e+08	1	1.1026000000e-02	1.1026000000e-02	9.0694721567e+01	1.0000000000e+00	1.1026000000e-02	1.1026000000e-02	3.0951106652e-13	3.0951106652e-13
5.3173934976e+08	2	2.2052000000e-02	1.5593118739e-02	9.0694721567e+01	2.0000000000e+00	2.2052000000e-02	1.5593118739e-02	6.1902213304e-13	4.3771474798e-13
5.3173944976e+08	0	0.0000000000e+00	0.0000000000e+00	9.0694721567e+01	0.0000000000e+00	0.0000000000e+00	0.0000000000e+00	0.0000000000e+00	0.0000000000e+00
5.3173954976e+08	1	1.1026000000e-02	1.1026000000e-02	9.0694721567e+01	1.0000000000e+00	1.1026000000e-02	1.1026000000e-02	3.0951106652e-13	3.0951106652e-13
5.3173964976e+08	0	0.0000000000e+00	0.0000000000e+00	9.0694721567e+01	0.0000000000e+00	0.0000000000e+00	0.0000000000e+00	0.0000000000e+00	0.0000000000e+00
5.3173974976e+08	1	1.1026000000e-02	1.1026000000e-02	9.0694721567e+01	1.0000000000e+00	1.1026000000e-02	1.1026000000e-02	3.0951106652e-13	3.0951106652e-13
5.3173984976e+08	0	0.0000000000e+00	0.0000000000e+00	9.0694721567e+01	0.0000000000e+00	0.0000000000e+00	0.0000000000e+00	0.0000000000e+00	0.0000000000e+00
5.3173994976e+08	1	1.1026000000e-02	1.1026000000e-02	9.0694721567e+01	1.0000000000e+00	1.1026000000e-02	1.1026000000e-02	3.0951106652e-13	3.0951106652e-13
5.3174004976e+08	1	1.1026000000e-02	1.1026000000e-02	9.0694721567e+01	1.0000000000e+00	1.1026000000e-02	1.1026000000e-02	3.0951106652e-13	3.0951106652e-13
5.3174014976e+08	1	1.1026000000e-02	1.1026000000e-02	9.0694721567e+01	1.0000000000e+00	1.1026000000e-02	1.1026000000e-02	3.0951106652e-13	3.0951106652e-13
5.3174024976e+08	1	1.1026000000e-02	1.1026000000e-02	9.0694721567e+01	1.0000000000e+00	1.1026000000e-02	1.1026000000e-02	3.0951106652e-13	3.0951106652e-13
5.3174034976e+08	2	2.2052000000e-02	1.5593118739e-02	9.0694721567e+01	2.0000000000e+00	2.2052000000e-02	1.5593118739e-02	6.1902213304e-13	4.3771474798e-13
5.3174044976e+08	1	1.1026000000e-02	1.1026000000e-02	9.0694721567e+01	1.0000000000e+00	1.1026000000e-02	1.1026000000e-02	3.0951106652e-13	3.0951106652e-13
5.3174054976e+08	1	1.1026000000e-02	1.1026000000e-02	9.0694721567e+01	1.0000000000e+00	1.1026000000e-02	1.1026000000e-02	3.0951106652e-13	3.0951106652e-13
5.3174064976e+08	1	1.1026000000e-02	1.1026000000e-02	9.0694721567e+01	1.0000000000e+00	1.1026000000e-02	1.1026000000e-02	3.0951106652e-13	3.0951106652e-13
5.3174074976e+08	0	0.0000000000e+00	0.0000000000e+00	9.0694721567e+01	0.0000000000e+00	0.0000000000e+00	0.0000000000e+00	0.0000000000e+00	0.0000000000e+00
5.3174084976e+08	1	1.1026000000e-02	1.1026000000e-02	9.0694721567e+01	1.0000000000e+00	1.1026000000e-02	1.1026000000e-02	3.0951106652e-13	3.0951106652e-13
5.3174094976e+08	0	0.0000000000e+00	0.0000000000e+00	9.0694721567e+01	0.0000000000e+00	0.0000000000e+00	0.0000000000e+00	0.0000000000e+00	0.0000000000e+00
5.3174104976e+08	1	1.1026000000e-02	1.1026000000e-02	9.0694721567e+01	1.0000000000e+00	1.1026000000e-02	1.1026000000e-02	3.0951106652e-13	3.0951106652e-13
5.3174114976e+08	2	2.2052000000e-02	1.5593118739e-02	9.0694721567e+01	2.0000000000e+00	2.2052000000e-02	1.5593118739e-02	6.1902213304e-13	4.3771474798e-13
5.3174124976e+08	5	5.5130000000e-02	2.4654885520e-02	9.0694721567e+01	5.0000000000e+00	5.5130000000e-02	2.4654885520e-02	1.5475553326e-12	6.9208778453e-13
5.3174134976e+08	1	1.1026000000e-02	1.1026000000e-02	9.0694721567e+01	1.0000000000e+00	1.1026000000e-02	1.1026000000e-02	3.0951106652e-13	3.0951106652e-13
5.3174144976e+08	2	2.2052000000e-02	1.5593118739e-02	9.0694721567e+01	2.0000000000e+00	2.2052000000e-02	1.5593118739e-02	6.1902213304e-13	4.3771474798e-13
5.3174154976e+08	1	1.1026000000e-02	1.1026000000e-02	9.0694721567e+01	1.0000000000e+00	1.1026000000e-02	1.1026000000e-02	3.0951106652e-13	3.0951106652e-13
5.3174164976e+08	2	2.2052000000e-02	1.5593118739e-02	9.0694721567e+01	2.0000000000e+00	2.2052000000e-02	1.5593118739e-02	6.1902213304e-13	4.3771474798e-13
5.3174174976e+08	0	0.0000000000e+00	0.0000000000e+00	9.0694721567e+01	0.0000000000e+00	0.0000000000e+00	0.0000000000e+00	0.0000000000e+00	0.0000000000e+00
5.3174184976e+08	2	2.2052000000e-02	1.5593118739e-02	9.0694721567e+01	2.0000000000e+00	2.2052000000e-02	1.5593118739e-02	6.1902213304e-13	4.3771474798e-13
5.3174194976e+08	2	2.2052000000e-02	1.5593118739e-02	9.0694721567e+01	2.0000000000e+00	2.2052000000e-02	1.5593118739e-02	6.1902213304e-13	4.3771474798e-13
5.3174204976e+08	1	1.1026000000e-02	1.1026000000e-02	9.0694721567e+01	1.0000000000e+00	1.1026000000e-02	1.1026000000e-02	3.0951106652e-13	3.0951106652e-13
5.3174214976e+08	3	3.3078000000e-02	1.9097592204e-02	9.0694721567e+01	2.8095238095e+00	3.0977809524e-02	1.9212725680e-02	9.2853319956e-13	5.3608889271e-13
5.3174224976e+08	3	3.3078000000e-02	1.9097592204e-02	9.0694721567e+01	3.0000000000e+00	3.3078000000e-02	1.9097592204e-02	9.2853319956e-13	5.3608889271e-13
5.3174234976e+08	0	0.0000000000e+00	0.0000000000e+00	9.0694721567e+01	-1.9047619048e-01	-2.1001904762e-03	2.1001904762e-03	0.0000000000e+00	0.0000000000e+00
5.3174244976e+08	1	1.1026000000e-02	1.1026000000e-02	9.0694721567e+01	8.0952380952e-01	8.9258095238e-03	1.1224236100e-02	3.0951106652e-13	3.0951106652e-13
5.3174254976e+08	2	2.2052000000e-02	1.5593118739e-02	9.0694721567e+01	2.0000000000e+00	2.2052000000e-02	1.5593118739e-02	6.1902213304e-13	4.3771474798e-13
5.3174264976e+08	0	0.0000000000e+00	0.0000000000e+00	9.0694721567e+01	0.0000000000e+00	0.0000000000e+00	0.0000000000e+00	0.0000000000e+00	0.0000000000e+00
5.3174274976e+08	1	1.1026000000e-02	1.1026000000e-02	9.0694721567e+01	1.0000000000e+00	1.1026000000e-02	1.1026000000e-02	3.0951106652e-13	3.0951106652e-13
5.3174284976e+08	1	1.1026000000e-02	1.1026000000e-02	9.0694721567e+01	1.0000000000e+00	1.1026000000e-02	1.1026000000e-02	3.0951106652e-13	3.0951106652e-13
5.3174294976e+08	3	3.3078000000e-02	1.9097592204e-02	9.0694721567e+01	3.0000000000e+00	3.3078000000e-02	1.9097592204e-02	9.2853319956e-13	5.3608889271e-13
5.3174304976e+08	0	0.0000000000e+00	0.0000000000e+00	9.0694721567e+01	0.0000000000e+00	0.0000000000e+00	0.0000000000e+00	0.0000000000e+00	0.0000000000e+00
5.3174314976e+08	1	1.1026000000e-02	1.1026000000e-02	9.0694721567e+01	1.0000000000e+00	1.1026000000e-02	1.1026000000e-02	3.0951106652e-13	3.0951106652e-13
5.3174324976e+08	0	0.0000000000e+00	0.0000000000e+00	9.0694721567e+01	0.0000000000e+00	0.0000000000e+00	0.0000000000e+00	0.0000000000e+00	0.0000000000e+00
5.3174334976e+08	4	4.4104000000e-02	2.2052000000e-02	9.0694721567e+01	4.0000000000e+00	4.4104000000e-02	2.2052000000e-02	1.2380442661e-12	6.1902213304e-13
5.3174344976e+08	4	4.4104000000e-02	2.2052000000e-02	9.0694721567e+01	4.0000000000e+00	4.4104000000e-02	2.2052000000e-02	1.2380442661e-12	6.1902213304e-13
5.3174354976e+08	3	3.3078000000e-02	1.9097592204e-02	9.0694721567e+01	3.0000000000e+00	3.3078000000e-02	1.9097592204e-02	9.2853319956e-13	5.3608889271e-13
5.3174364976e+08	5	5.5130000000e-02	2.4654885520e-02	9.0694721567e+01	5.0000000000e+00	5.5130000000e-02	2.4654885520e-02	1.5475553326e-12	6.9208778453e-13
5.3174374976e+08	0	0.0000000000e+00	0.0000000000e+00	9.0694721567e+01	0.0000000000e+00	0.0000000000e+00	0.0000000000e+00	0.0000000000e+00	0.0000000000e+00
5.3174384976e+08	1	1.1026000000e-02	1.1026000000e-02	9.0694721567e+01	8.0952380952e-01	8.9258095238e-03	1.1224236100e-02	3.0951106652e-13	3.0951106652e-13
5.3174394976e+08	0	0.0000000000e+00	0.0000000000e+00	9.0694721567e+01	0.0000000000e+00	0.0000000000e+00	0.0000000000e+00	0.0000000000e+00	0.0000000000e+00
5.3174404976e+08	2	2.2052000000e-02	1.5593118739e-02	9.0694721567e+01	2.0000000000e+00	2.2052000000e-02	1.5593118739e-02	6.1902213304e-13	4.3771474798e-13
5.3174414976e+08	4	4.4104000000e-02	2.2052000000e-02	9.0694721567e+01	4.0000000000e+00	4.4104000000e-02	2.2052000000e-02	1.2380442661e-12	6.1902213304e-13
5.3174424976e+08	0	0.0000000000e+00	0.0000000000e+00	9.0694721567e+01	0.0000000000e+00	0.0000000000e+00	0.0000000000e+00	0.0000000000e+00	0.0000000000e+00
5.3174434976e+08	1	1.1026000000e-02	1.1026000000e-02	9.0694721567e+01	1.0000000000e+00	1.1026000000e-02	1.1026000000e-02	3.0951106652e-13	3.0951106652e-13
5.3174444976e+08	2	2.2052000000e-02	1.5593118739e-02	9.0694721567e+01	2.0000000000e+00	2.2052000000e-02	1.5593118739e-02	6.1902213304e-13	4.3771474798e-13
5.3174454976e+08	3	3.3078000000e-02	1.9097592204e-02	9.0694721567e+01	3.0000000000e+00	3.3078000000e-02	1.9097592204e-02	9.2853319956e-13	5.3608889271e-13
5.3174464976e+08	2	2.2052000000e-02	1.5593118739e-02	9.0694721567e+01	2.0000000000e+00	2.2052000000e-02	1.5593118739e-02	6.1902213304e-13	4.3771474798e-13
5.3174474976e+08	1	1.1026000000e-02	1.1026000000e-02	9.0694721567e+01	1.0000000000e+00	1.1026000000e-02	1.1026000000e-02	3.0951106652e-13	3.0951106652e-13
5.3174484976e+08	1	1.1026000000e-02	1.1026000000e-02	9.0694721567e+01	1.0000000000e+00	1.1026000000e-02	1.1026000000e-02	3.0951106652e-13	3.0951106652e-13
5.3174494976e+08	2	2.2052000000e-02	1.5593118739e-02	9.0694721567e+01	2.0000000000e+00	2.2052000000e-02	1.5593118739e-02	6.1902213304e-13	4.3771474798e-13
5.3174504976e+08	3	3.3078000000e-02	1.9097592204e-02	9.0694721567e+01	3.0000000000e+00	3.3078000000e-02	1.9097592204e-02	9.2853319956e-13	5.3608889271e-13
5.3174514976e+08	1	1.1026000000e-02	1.1026000000e-02	9.0694721567e+01	1.0000000000e+00	1.1026000000e-02	1.1026000000e-02	3.0951106652e-13	3.0951106652e-13
5.3174524976e+08	2	2.2052000000e-02	1.5593118739e-02	9.0694721567e+01	2.0000000000e+00	2.2052000000e-02	1.5593118739e-02	6.1902213304e-13	4.3771474798e-13
5.3174534976e+08	4	4.4104000000e-02	2.2052000000e-02	9.0694721567e+01	4.0000000000e+00	4.4104000000e-02	2.2052000000e-02	1.2380442661e-12	6.1902213304e-13
5.3174544976e+08	1	1.1026000000e-02	1.1026000000e-02	9.0694721567e+01	1.0000000000e+00	1.1026000000e-02	1.1026000000e-02	3.0951106652e-13	3.0951106652e-13
5.3174554976e+08	2	2.2052000000e-02	1.5593118739e-02	9.0694721567e+01	2.0000000000e+00	2.2052000000e-02	1.5593118739e-02	6.1902213304e-13	4.3771474798e-13
5.3174564976e+08	0	0.0000000000e+00	0.0000000000e+00	9.0694721567e+01	0.0000000000e+00	0.0000000000e+00	0.0000000000e+00	0.0000000000e+00	0.0000000000e+00
5.3174574976e+08	1	1.1026000000e-02	1.1026000000e-02	9.0694721567e+01	1.0000000000e+00	1.1026000000e-02	1.1026000000e-02	3.0951106652e-13	3.0951106652e-13
5.3174584976e+08	3	3.3078000000e-02	1.9097592204e-02	9.0694721567e+01	3.0000000000e+00	3.3078000000e-02	1.9097592204e-02	9.2853319956e-13	5.3608889271e-13
5.3174594976e+08	1	1.1026000000e-02	1.1026000000e-02	9.0694721567e+01	1.0000000000e+00	1.1026000000e-02	1.1026000000e-02	3.0951106652e-13	3.0951106652e-13
5.3174604976e+08	4	4.4104000000e-02	2.2052000000e-02	9.0694721567e+01	4.0000000000e+00	4.4104000000e-02	2.2052000000e-02	1.2380442661e-12	6.1902213304e-13
5.3174614976e+08	5	5.5130000000e-02	2.4654885520e-02	9.0694721567e+01	5.0000000000e+00	5.5130000000e-02	2.4654885520e-02	1.5475553326e-12	6.9208778453e-13
5.3174624976e+08	3	3.3078000000e-02	1.9097592204e-02	9.0694721567e+01	3.0000000000e+00	3.3078000000e-02	1.9097592204e-02	9.2853319956e-13	5.3608889271e-13
5.3174634976e+08	4	4.4104000000e-02	2.2052000000e-02	9.0694721567e+01	4.0000000000e+00	4.4104000000e-02	2.2052000000e-02	1.2380442661e-12	6.1902213304e-13
5.3174644976e+08	2	2.2052000000e-02	1.5593118739e-02	9.0694721567e+01	2.0000000000e+00	2.2052000000e-02	1.5593118739e-02	6.1902213304e-13	4.3771474798e-13
5.3174654976e+08	1	1.1026000000e-02	1.1026000000e-02	9.0694721567e+01	1.0000000000e+00	1.1026000000e-02	1.1026000000e-02	3.0951106652e-13	3.0951106652e-13
5.3174664976e+08	2	2.2052000000e-02	1.5593118739e-02	9.0694721567e+01	2.0000000000e+00	2.2052000000e-02	1.5593118739e-02	6.1902213304e-13	4.3771474798e-13
5.3174674976e+08	1	1.1026000000e-02	1.1026000000e-02	9.0694721567e+01	1.0000000000e+00	1.1026000000e-02	1.1026000000e-02	3.0951106652e-13	3.0951106652e-13
5.3174684976e+08	2	2.2052000000e-02	1.5593118739e-02	9.0694721567e+01	2.0000000000e+00	2.2052000000e-02	1.5593118739e-02	6.1902213304e-13	4.3771474798e-13
5.3174694976e+08	1	1.1026000000e-02	1.1026000000e-02	9.0694721567e+01	1.0000000000e+00	1.1026000000e-02	1.1026000000e-02	3.0951106652e-13	3.0951106652e-13
5.3174704976e+08	5	5.5130000000e-02	2.4654885520e-02	9.0694721567e+01	5.0000000000e+00	5.5130000000e-02	2.4654885520e-02	1.5475553326e-12	6.9208778453e-13
5.3174714976e+08	3	3.3078000000e-02	1.9097592204e-02	9.0694721567e+01	3.0000000000e+00	3.3078000000e-02	1.9097592204e-02	9.2853319956e-13	5.3608889271e-13
5.3174724976e+08	0	0.0000000000e+00	0.0000000000e+00	9.0694721567e+01	0.0000000000e+00	0.0000000000e+00	0.0000000000e+00	0.0000000000e+00	0.0000000000e+00
5.3174734976e+08	3	3.3078000000e-02	1.9097592204e-02	9.0694721567e+01	3.0000000000e+00	3.3078000000e-02	1.9097592204e-02	9.2853319956e-13	5.3608889271e-13
5.3174744976e+08	2	2.2052000000e-02	1.5593118739e-02	9.0694721567e+01	2.0000000000e+00	2.2052000000e-02	1.5593118739e-02	6.1902213304e-13	4.3771474798e-13
5.3174754976e+08	5	5.5130000000e-02	2.4654885520e-02	9.0694721567e+01	5.0000000000e+00	5.5130000000e-02	2.4654885520e-02	1.5475553326e-12	6.9208778453e-13
5.3174764976e+08	5	5.5130000000e-02	2.4654885520e-02	9.0694721567e+01	5.0000000000e+00	5.5130000000e-02	2.4654885520e-02	1.5475553326e-12	6.9208778453e-13
5.3174774976e+08	7	7.7182000000e-02	2.9172053956e-02	9.0694721567e+01	7.0000000000e+00	7.7182000000e-02	2.9172053956e-02	2.1665774656e-12	8.1888931004e-13
5.3174784976e+08	1	1.1026000000e-02	1.1026000000e-02	9.0694721567e+01	1.0000000000e+00	1.1026000000e-02	1.1026000000e-02	3.0951106652e-13	3.0951106652e-13
5.3174794976e+08	3	3.3078000000e-02	1.9097592204e-02	9.0694721567e+01	3.0000000000e+00	3.3078000000e-02	1.9097592204e-02	9.2853319956e-13	5.3608889271e-13
5.3174804976e+08	1	1.1026000000e-02	1.1026000000e-02	9.0694721567e+01	1.0000000000e+00	1.1026000000e-02	1.1026000000e-02	3.0951106652e-13	3.0951106652e-13
5.3174814976e+08	1	1.1026000000e-02	1.1026000000e-02	9.0694721567e+01	1.0000000000e+00	1.1026000000e-02	1.1026000000e-02	3.0951106652e-13	3.0951106652e-13
5.3174824976e+08	1	1.1026000000e-02	1.1026000000e-02	9.0694721567e+01	1.0000000000e+00	1.1026000000e-02	1.1026000000e-02	3.0951106652e-13	3.0951106652e-13
5.3174834976e+08	1	1.1026000000e-02	1.1026000000e-02	9.0694721567e+01	1.0000000000e+00	1.1026000000e-02	1.1026000000e-02	3.0951106652e-13	3.0951106652e-13
5.3174844976e+08	0	0.0000000000e+00	0.0000000000e+00	9.0694721567e+01	0.0000000000e+00	0.0000000000e+00	0.0000000000e+00	0.0000000000e+00	0.0000000000e+00
5.3174854976e+08	2	2.2052000000e-02	1.5593118739e-02	9.0694721567e+01	2.0000000000e+00	2.2052000000e-02	1.5593118739e-02	6.1902213304e-13	4.3771474798e-13
5.3174864976e+08	2	2.2052000000e-02	1.5593118739e-02	9.0694721567e+01	2.0000000000e+00	2.2052000000e-02	1.5593118739e-02	6.1902213304e-13	4.3771474798e-13
5.3174874976e+08	1	1.1026000000e-02	1.1026000000e-02	9.0694721567e+01	1.0000000000e+00	1.1026000000e-02	1.1026000000e-02	3.0951106652e-13	3.0951106652e-13
5.3174884976e+08	0	0.0000000000e+00	0.0000000000e+00	9.0694721567e+01	-1.9047619048e-01	-2.1001904762e-03	2.1001904762e-03	0.0000000000e+00	0.0000000000e+00
5.3174894976e+08	6	6.6156000000e-02	2.7008073904e-02	9.0694721567e+01	6.0000000000e+00	6.6156000000e-02	2.7008073904e-02	1.8570663991e-12	7.5814418272e-13
5.3174904976e+08	5	5.5130000000e-02	2.4654885520e-02	9.0694721567e+01	5.0000000000e+00	5.5130000000e-02	2.4654885520e-02	1.5475553326e-12	6.9208778453e-13
5.3174914976e+08	0	0.0000000000e+00	0.0000000000e+00	9.0694721567e+01	0.0000000000e+00	0.0000000000e+00	0.0000000000e+00	0.0000000000e+00	0.0000000000e+00
5.3174924976e+08	3	3.3078000000e-02	1.9097592204e-02	9.0694721567e+01	3.0000000000e+00	3.3078000000e-02	1.9097592204e-02	9.2853319956e-13	5.3608889271e-13
5.3174934976e+08	2	2.2052000000e-02	1.5593118739e-02	9.0694721567e+01	2.0000000000e+00	2.2052000000e-02	1.5593118739e-02	6.1902213304e-13	4.3771474798e-13
5.3174944976e+08	2	2.2052000000e-02	1.5593118739e-02	9.0694721567e+01	2.0000000000e+00	2.2052000000e-02	1.5593118739e-02	6.1902213304e-13	4.3771474798e-13
5.3174954976e+08	1	1.1026000000e-02	1.1026000000e-02	9.0694721567e+01	1.0000000000e+00	1.1026000000e-02	1.1026000000e-02	3.0951106652e-13	3.0951106652e-13
5.3174964976e+08	3	3.3078000000e-02	1.9097592204e-02	9.0694721567e+01	3.0000000000e+00	3.3078000000e-02	1.9097592204e-02	9.2853319956e-13	5.3608889271e-13
5.3174974976e+08	0	0.0000000000e+00	0.0000000000e+00	9.0694721567e+01	0.0000000000e+00	0.0000000000e+00	0.0000000000e+00	0.0000000000e+00	0.0000000000e+00
5.3174984976e+08	3	3.3078000000e-02	1.9097592204e-02	9.0694721567e+01	3.0000000000e+00	3.3078000000e-02	1.9097592204e-02	9.2853319956e-13	5.3608889271e-13
5.3174994976e+08	6	6.6156000000e-02	2.7008073904e-02	9.0694721567e+01	5.8095238095e+00	6.4055809524e-02	2.7089607897e-02	1.8570663991e-12	7.5814418272e-13
5.3175004976e+08	5	5.5130000000e-02	2.4654885520e-02	9.0694721567e+01	5.0000000000e+00	5.5130000000e-02	2.4654885520e-02	1.5475553326e-12	6.9208778453e-13
5.3175014976e+08	1	1.1026000000e-02	1.1026000000e-02	9.0694721567e+01	1.0000000000e+00	1.1026000000e-02	1.1026000000e-02	3.0951106652e-13	3.0951106652e-13
5.3175024976e+08	3	3.3078000000e-02	1.9097592204e-02	9.0694721567e+01	3.0000000000e+00	3.3078000000e-02	1.9097592204e-02	9.2853319956e-13	5.3608889271e-13
5.3175034976e+08	1	1.1026000000e-02	1.1026000000e-02	9.0694721567e+01	1.0000000000e+00	1.1026000000e-02	1.1026000000e-02	3.0951106652e-13	3.0951106652e-13
5.3175044976e+08	3	3.3078000000e-02	1.9097592204e-02	9.0694721567e+01	3.0000000000e+00	3.3078000000e-02	1.9097592204e-02	9.2853319956e-13	5.3608889271e-13
5.3175054976e+08	3	3.3078000000e-02	1.9097592204e-02	9.0694721567e+01	3.0000000000e+00	3.3078000000e-02	1.9097592204e-02	9.2853319956e-13	5.3608889271e-13
5.3175064976e+08	4	4.4104000000e-02	2.2052000000e-02	9.0694721567e+01	4.0000000000e+00	4.4104000000e-02	2.2052000000e-02	1.2380442661e-12	6.1902213304e-13
5.3175074976e+08	4	4.4104000000e-02	2.2052000000e-02	9.0694721567e+01	4.0000000000e+00	4.4104000000e-02	2.2052000000e-02	1.2380442661e-12	6.1902213304e-13
5.3175084976e+08	1	1.1026000000e-02	1.1026000000e-02	9.0694721567e+01	1.0000000000e+00	1.1026000000e-02	1.1026000000e-02	3.0951106652e-13	3.0951106652e-13
5.3175094976e+08	4	4.4104000000e-02	2.2052000000e-02	9.0694721567e+01	4.0000000000e+00	4.4104000000e-02	2.2052000000e-02	1.2380442661e-12	6.1902213304e-13
5.3175104976e+08	3	3.3078000000e-02	1.9097592204e-02	9.0694721567e+01	3.0000000000e+00	3.3078000000e-02	1.9097592204e-02	9.2853319956e-13	5.3608889271e-13
5.3175114976e+08	2	2.2052000000e-02	1.5593118739e-02	9.0694721567e+01	2.0000000000e+00	2.2052000000e-02	1.5593118739e-02	6.1902213304e-13	4.3771474798e-13
5.3175124976e+08	6	6.6156000000e-02	2.7008073904e-02	9.0694721567e+01	5.8095238095e+00	6.4055809524e-02	2.7089607897e-02	1.8570663991e-12	7.5814418272e-13
5.3175134976e+08	0	0.0000000000e+00	0.0000000000e+00	9.0694721567e+01	-1.9047619048e-01	-2.1001904762e-03	2.1001904762e-03	0.0000000000e+00	0.0000000000e+00
5.3175144976e+08	2	2.2052000000e-02	1.5593118739e-02	9.0694721567e+01	2.0000000000e+00	2.2052000000e-02	1.5593118739e-02	6.1902213304e-13	4.3771474798e-13
5.3175154976e+08	3	3.3078000000e-02	1.9097592204e-02	9.0694721567e+01	3.0000000000e+00	3.3078000000e-02	1.9097592204e-02	9.2853319956e-13	5.3608889271e-13
5.3175164976e+08	5	5.5130000000e-02	2.4654885520e-02	9.0694721567e+01	5.0000000000e+00	5.5130000000e-02	2.4654885520e-02	1.5475553326e-12	6.9208778453e-13
5.3175174976e+08	5	5.5130000000e-02	2.4654885520e-02	9.0694721567e+01	5.0000000000e+00	5.5130000000e-02	2.4654885520e-02	1.5475553326e-12	6.9208778453e-13
5.3175184976e+08	4	4.4104000000e-02	2.2052000000e-02	9.0694721567e+01	4.0000000000e+00	4.4104000000e-02	2.2052000000e-02	1.2380442661e-12	6.1902213304e-13
5.3175194976e+08	7	7.7182000000e-02	2.9172053956e-02	9.0694721567e+01	7.0000000000e+00	7.7182000000e-02	2.9172053956e-02	2.1665774656e-12	8.1888931004e-13
5.3175204976e+08	5	5.5130000000e-02	2.4654885520e-02	9.0694721567e+01	4.8095238095e+00	5.3029809524e-02	2.4744174669e-02	1.5475553326e-12	6.9208778453e-13
5.3175214976e+08	7	7.7182000000e-02	2.9172053956e-02	9.0694721567e+01	6.6190476190e+00	7.2981619048e-02	2.9322863640e-02	2.1665774656e-12	8.1888931004e-13
5.3175224976e+08	5	5.5130000000e-02	2.4654885520e-02	9.0694721567e+01	5.0000000000e+00	5.5130000000e-02	2.4654885520e-02	1.5475553326e-12	6.9208778453e-13
5.3175234976e+08	2	2.2052000000e-02	1.5593118739e-02	9.0694721567e+01	2.0000000000e+00	2.2052000000e-02	1.5593118739e-02	6.1902213304e-13	4.3771474798e-13
5.3175244976e+08	4	4.4104000000e-02	2.2052000000e-02	9.0694721567e+01	4.0000000000e+00	4.4104000000e-02	2.2052000000e-02	1.2380442661e-12	6.1902213304e-13
5.3175254976e+08	6	6.6156000000e-02	2.7008073904e-02	9.0694721567e+01	6.0000000000e+00	6.6156000000e-02	2.7008073904e-02	1.8570663991e-12	7.5814418272e-13
5.3175264976e+08	9	9.9234000000e-02	3.3078000000e-02	9.0694721567e+01	9.0000000000e+00	9.9234000000e-02	3.3078000000e-02	2.7855995987e-12	9.2853319956e-13
5.3175274976e+08	3	3.3078000000e-02	1.9097592204e-02	9.0694721567e+01	3.0000000000e+00	3.3078000000e-02	1.9097592204e-02	9.2853319956e-13	5.3608889271e-13
5.3175284976e+08	4	4.4104000000e-02	2.2052000000e-02	9.0694721567e+01	4.0000000000e+00	4.4104000000e-02	2.2052000000e-02	1.2380442661e-12	6.1902213304e-13
5.3175294976e+08	6	6.6156000000e-02	2.7008073904e-02	9.0694721567e+01	6.0000000000e+00	6.6156000000e-02	2.7008073904e-02	1.8570663991e-12	7.5814418272e-13
5.3175304976e+08	2	2.2052000000e-02	1.5593118739e-02	9.0694721567e+01	2.0000000000e+00	2.2052000000e-02	1.5593118739e-02	6.1902213304e-13	4.3771474798e-13
5.3175314976e+08	7	7.7182000000e-02	2.9172053956e-02	9.0694721567e+01	7.0000000000e+00	7.7182000000e-02	2.9172053956e-02	2.1665774656e-12	8.1888931004e-13
5.3175324976e+08	4	4.4104000000e-02	2.2052000000e-02	9.0694721567e+01	4.0000000000e+00	4.4104000000e-02	2.2052000000e-02	1.2380442661e-12	6.1902213304e-13
5.3175334976e+08	2	2.2052000000e-02	1.5593118739e-02	9.0694721567e+01	2.0000000000e+00	2.2052000000e-02	1.5593118739e-02	6.1902213304e-13	4.3771474798e-13
5.3175344976e+08	6	6.6156000000e-02	2.7008073904e-02	9.0694721567e+01	5.8095238095e+00	6.4055809524e-02	2.7089607897e-02	1.8570663991e-12	7.5814418272e-13
5.3175354976e+08	5	5.5130000000e-02	2.4654885520e-02	9.0694721567e+01	5.0000000000e+00	5.5130000000e-02	2.4654885520e-02	1.5475553326e-12	6.9208778453e-13
5.3175364976e+08	9	9.9234000000e-02	3.3078000000e-02	9.0694721567e+01	9.0000000000e+00	9.9234000000e-02	3.3078000000e-02	2.7855995987e-12	9.2853319956e-13
5.3175374976e+08	5	5.5130000000e-02	2.4654885520e-02	9.0694721567e+01	5.0000000000e+00	5.5130000000e-02	2.4654885520e-02	1.5475553326e-12	6.9208778453e-13
5.3175384976e+08	2	2.2052000000e-02	1.5593118739e-02	9.0694721567e+01	2.0000000000e+00	2.2052000000e-02	1.5593118739e-02	6.1902213304e-13	4.3771474798e-13
5.3175394976e+08	4	4.4104000000e-02	2.2052000000e-02	9.0694721567e+01	4.0000000000e+00	4.4104000000e-02	2.2052000000e-02	1.2380442661e-12	6.1902213304e-13
5.3175404976e+08	5	5.5130000000e-02	2.4654885520e-02	9.0694721567e+01	5.0000000000e+00	5.5130000000e-02	2.4654885520e-02	1.5475553326e-12	6.9208778453e-13
5.3175414976e+08	2	2.2052000000e-02	1.5593118739e-02	9.0694721567e+01	2.0000000000e+00	2.2052000000e-02	1.5593118739e-02	6.1902213304e-13	4.3771474798e-13
5.3175424976e+08	4	4.4104000000e-02	2.2052000000e-02	9.0694721567e+01	4.0000000000e+00	4.4104000000e-02	2.2052000000e-02	1.2380442661e-12	6.1902213304e-13
5.3175434976e+08	3	3.3078000000e-02	1.9097592204e-02	9.0694721567e+01	3.0000000000e+00	3.3078000000e-02	1.9097592204e-02	9.2853319956e-13	5.3608889271e-13
5.3175444976e+08	5	5.5130000000e-02	2.4654885520e-02	9.0694721567e+01	5.0000000000e+00	5.5130000000e-02	2.4654885520e-02	1.5475553326e-12	6.9208778453e-13
5.3175454976e+08	5	5.5130000000e-02	2.4654885520e-02	9.0694721567e+01	5.0000000000e+00	5.5130000000e-02	2.4654885520e-02	1.5475553326e-12	6.9208778453e-13
5.3175464976e+08	3	3.3078000000e-02	1.9097592204e-02	9.0694721567e+01	3.0000000000e+00	3.3078000000e-02	1.9097592204e-02	9.2853319956e-13	5.3608889271e-13
5.3175474976e+08	3	3.3078000000e-02	1.9097592204e-02	9.0694721567e+01	3.0000000000e+00	3.3078000000e-02	1.9097592204e-02	9.2853319956e-13	5.3608889271e-13
5.3175484976e+08	7	7.7182000000e-02	2.9172053956e-02	9.0694721567e+01	7.0000000000e+00	7.7182000000e-02	2.9172053956e-02	2.1665774656e-12	8.1888931004e-13
5.3175494976e+08	4	4.4104000000e-02	2.2052000000e-02	9.0694721567e+01	4.0000000000e+00	4.4104000000e-02	2.2052000000e-02	1.2380442661e-12	6.1902213304e-13
5.3175504976e+08	3	3.3078000000e-02	1.9097592204e-02	9.0694721567e+01	3.0000000000e+00	3.3078000000e-02	1.9097592204e-02	9.2853319956e-13	5.3608889271e-13
5.3175514976e+08	5	5.5130000000e-02	2.4654885520e-02	9.0694721567e+01	5.0000000000e+00	5.5130000000e-02	2.4654885520e-02	1.5475553326e-12	6.9208778453e-13
5.3175524976e+08	6	6.6156000000e-02	2.7008073904e-02	9.0694721567e+01	6.0000000000e+00	6.6156000000e-02	2.7008073904e-02	1.8570663991e-12	7.5814418272e-13
5.3175534976e+08	8	8.8208000000e-02	3.1186237477e-02	9.0694721567e+01	8.0000000000e+00	8.8208000000e-02	3.1186237477e-02	2.4760885322e-12	8.7542949594e-13
5.3175544976e+08	9	9.9234000000e-02	3.3078000000e-02	9.0694721567e+01	9.0000000000e+00	9.9234000000e-02	3.3078000000e-02	2.7855995987e-12	9.2853319956e-13
5.3175554976e+08	4	4.4104000000e-02	2.2052000000e-02	9.0694721567e+01	4.0000000000e+00	4.4104000000e-02	2.2052000000e-02	1.2380442661e-12	6.1902213304e-13
5.3175564976e+08	8	8.8208000000e-02	3.1186237477e-02	9.0694721567e+01	8.0000000000e+00	8.8208000000e-02	3.1186237477e-02	2.4760885322e-12	8.7542949594e-13
5.3175574976e+08	6	6.6156000000e-02	2.7008073904e-02	9.0694721567e+01	6.0000000000e+00	6.6156000000e-02	2.7008073904e-02	1.8570663991e-12	7.5814418272e-13
5.3175584976e+08	14	1.5436400000e-01	4.1255514347e-02	9.0694721567e+01	1.4000000000e+01	1.5436400000e-01	4.1255514347e-02	4.3331549313e-12	1.1580843683e-12
5.3175594976e+08	5	5.5130000000e-02	2.4654885520e-02	9.0694721567e+01	5.0000000000e+00	5.5130000000e-02	2.4654885520e-02	1.5475553326e-12	6.9208778453e-13
5.3175604976e+08	4	4.4104000000e-02	2.2052000000e-02	9.0694721567e+01	4.0000000000e+00	4.4104000000e-02	2.2052000000e-02	1.2380442661e-12	6.1902213304e-13
5.3175614976e+08	5	5.5130000000e-02	2.4654885520e-02	9.0694721567e+01	5.0000000000e+00	5.5130000000e-02	2.4654885520e-02	1.5475553326e-12	6.9208778453e-13
5.3175624976e+08	7	7.7182000000e-02	2.9172053956e-02	9.0694721567e+01	7.0000000000e+00	7.7182000000e-02	2.9172053956e-02	2.1665774656e-12	8.1888931004e-13
5.3175634976e+08	3	3.3078000000e-02	1.9097592204e-02	9.0694721567e+01	2.8095238095e+00	3.0977809524e-02	1.9212725680e-02	9.2853319956e-13	5.3608889271e-13
5.3175644976e+08	7	7.7182000000e-02	2.9172053956e-02	9.0694721567e+01	7.0000000000e+00	7.7182000000e-02	2.9172053956e-02	2.1665774656e-12	8.1888931004e-13
5.3175654976e+08	4	4.4104000000e-02	2.2052000000e-02	9.0694721567e+01	4.0000000000e+00	4.4104000000e-02	2.2052000000e-02	1.2380442661e-12	6.1902213304e-13
5.3175664976e+08	7	7.7182000000e-02	2.9172053956e-02	9.0694721567e+01	7.0000000000e+00	7.7182000000e-02	2.9172053956e-02	2.1665774656e-12	8.1888931004e-13
5.3175674976e+08	4	4.4104000000e-02	2.2052000000e-02	9.0694721567e+01	4.0000000000e+00	4.4104000000e-02	2.2052000000e-02	1.2380442661e-12	6.1902213304e-13
5.3175684976e+08	6	6.6156000000e-02	2.7008073904e-02	9.0694721567e+01	6.0000000000e+00	6.6156000000e-02	2.7008073904e-02	1.8570663991e-12	7.5814418272e-13
5.3175694976e+08	5	5.5130000000e-02	2.4654885520e-02	9.0694721567e+01	5.0000000000e+00	5.5130000000e-02	2.4654885520e-02	1.5475553326e-12	6.9208778453e-13
5.3175704976e+08	11	1.2128600000e-01	3.6569104938e-02	9.0694721567e+01	1.1000000000e+01	1.2128600000e-01	3.6569104938e-02	3.4046217317e-12	1.0265320761e-12
5.3175714976e+08	7	7.7182000000e-02	2.9172053956e-02	9.0694721567e+01	7.0000000000e+00	7.7182000000e-02	2.9172053956e-02	2.1665774656e-12	8.1888931004e-13
5.3175724976e+08	8	8.8208000000e-02	3.1186237477e-02	9.0694721567e+01	7.8095238095e+00	8.6107809524e-02	3.1256874572e-02	2.4760885322e-12	8.7542949594e-13
5.3175734976e+08	6	6.6156000000e-02	2.7008073904e-02	9.0694721567e+01	6.0000000000e+00	6.6156000000e-02	2.7008073904e-02	1.8570663991e-12	7.5814418272e-13
5.3175744976e+08	9	9.9234000000e-02	3.3078000000e-02	9.0694721567e+01	9.0000000000e+00	9.9234000000e-02	3.3078000000e-02	2.7855995987e-12	9.2853319956e-13
5.3175754976e+08	8	8.8208000000e-02	3.1186237477e-02	9.0694721567e+01	8.0000000000e+00	8.8208000000e-02	3.1186237477e-02	2.4760885322e-12	8.7542949594e-13
5.3175764976e+08	5	5.5130000000e-02	2.4654885520e-02	9.0694721567e+01	5.0000000000e+00	5.5130000000e-02	2.4654885520e-02	1.5475553326e-12	6.9208778453e-13
5.3175774976e+08	7	7.7182000000e-02	2.9172053956e-02	9.0694721567e+01	7.0000000000e+00	7.7182000000e-02	2.9172053956e-02	2.1665774656e-12	8.1888931004e-13
5.3175784976e+08	6	6.6156000000e-02	2.7008073904e-02	9.0694721567e+01	6.0000000000e+00	6.6156000000e-02	2.7008073904e-02	1.8570663991e-12	7.5814418272e-13
5.3175794976e+08	4	4.4104000000e-02	2.2052000000e-02	9.0694721567e+01	4.0000000000e+00	4.4104000000e-02	2.2052000000e-02	1.2380442661e-12	6.1902213304e-13
5.3175804976e+08	6	6.6156000000e-02	2.7008073904e-02	9.0694721567e+01	6.0000000000e+00	6.6156000000e-02	2.7008073904e-02	1.8570663991e-12	7.5814418272e-13
5.3175814976e+08	3	3.3078000000e-02	1.9097592204e-02	9.0694721567e+01	3.0000000000e+00	3.3078000000e-02	1.9097592204e-02	9.2853319956e-13	5.3608889271e-13
5.3175824976e+08	2	2.2052000000e-02	1.5593118739e-02	9.0694721567e+01	2.0000000000e+00	2.2052000000e-02	1.5593118739e-02	6.1902213304e-13	4.3771474798e-13
5.3175834976e+08	4	4.4104000000e-02	2.2052000000e-02	9.0694721567e+01	4.0000000000e+00	4.4104000000e-02	2.2052000000e-02	1.2380442661e-12	6.1902213304e-13
5.3175844976e+08	7	7.7182000000e-02	2.9172053956e-02	9.0694721567e+01	7.0000000000e+00	7.7182000000e-02	2.9172053956e-02	2.1665774656e-12	8.1888931004e-13
5.3175854976e+08	1	1.1026000000e-02	1.1026000000e-02	9.0694721567e+01	1.0000000000e+00	1.1026000000e-02	1.1026000000e-02	3.0951106652e-13	3.0951106652e-13
5.3175864976e+08	2	2.2052000000e-02	1.5593118739e-02	9.0694721567e+01	2.0000000000e+00	2.2052000000e-02	1.5593118739e-02	6.1902213304e-13	4.3771474798e-13
5.3175874976e+08	3	3.3078000000e-02	1.9097592204e-02	9.0694721567e+01	3.0000000000e+00	3.3078000000e-02	1.9097592204e-02	9.2853319956e-13	5.3608889271e-13
5.3175884976e+08	9	9.9234000000e-02	3.3078000000e-02	9.0694721567e+01	9.0000000000e+00	9.9234000000e-02	3.3078000000e-02	2.7855995987e-12	9.2853319956e-13
5.3175894976e+08	6	6.6156000000e-02	2.7008073904e-02	9.0694721567e+01	6.0000000000e+00	6.6156000000e-02	2.7008073904e-02	1.8570663991e-12	7.5814418272e-13
5.3175904976e+08	7	7.7182000000e-02	2.9172053956e-02	9.0694721567e+01	7.0000000000e+00	7.7182000000e-02	2.9172053956e-02	2.1665774656e-12	8.1888931004e-13
5.3175914976e+08	4	4.4104000000e-02	2.2052000000e-02	9.0694721567e+01	4.0000000000e+00	4.4104000000e-02	2.2052000000e-02	1.2380442661e-12	6.1902213304e-13
5.3175924976e+08	9	9.9234000000e-02	3.3078000000e-02	9.0694721567e+01	8.8095238095e+00	9.7133809524e-02	3.3144605655e-02	2.7855995987e-12	9.2853319956e-13
5.3175934976e+08	2	2.2052000000e-02	1.5593118739e-02	9.0694721567e+01	2.0000000000e+00	2.2052000000e-02	1.5593118739e-02	6.1902213304e-13	4.3771474798e-13
5.3175944976e+08	13	1.4333800000e-01	3.9754808363e-02	9.0694721567e+01	1.3000000000e+01	1.4333800000e-01	3.9754808363e-02	4.0236438648e-12	1.1159580207e-12
5.3175954976e+08	4	4.4104000000e-02	2.2052000000e-02	9.0694721567e+01	4.0000000000e+00	4.4104000000e-02	2.2052000000e-02	1.2380442661e-12	6.1902213304e-13
5.3175964976e+08	3	3.3078000000e-02	1.9097592204e-02	9.0694721567e+01	3.0000000000e+00	3.3078000000e-02	1.9097592204e-02	9.2853319956e-13	5.3608889271e-13
5.3175974976e+08	3	3.3078000000e-02	1.9097592204e-02	9.0694721567e+01	3.0000000000e+00	3.3078000000e-02	1.9097592204e-02	9.2853319956e-13	5.3608889271e-13
5.3175984976e+08	6	6.6156000000e-02	2.7008073904e-02	9.0694721567e+01	6.0000000000e+00	6.6156000000e-02	2.7008073904e-02	1.8570663991e-12	7.5814418272e-13
5.3175994976e+08	3	3.3078000000e-02	1.9097592204e-02	9.0694721567e+01	2.6190476190e+00	2.8877619048e-02	1.9327173308e-02	9.2853319956e-13	5.3608889271e-13
5.3176004976e+08	5	5.5130000000e-02	2.4654885520e-02	9.0694721567e+01	5.0000000000e+00	5.5130000000e-02	2.4654885520e-02	1.5475553326e-12	6.9208778453e-13
5.3176014976e+08	6	6.6156000000e-02	2.7008073904e-02	9.0694721567e+01	6.0000000000e+00	6.6156000000e-02	2.7008073904e-02	1.8570663991e-12	7.5814418272e-13
5.3176024976e+08	7	7.7182000000e-02	2.9172053956e-02	9.0694721567e+01	7.0000000000e+00	7.7182000000e-02	2.9172053956e-02	2.1665774656e-12	8.1888931004e-13
5.3176034976e+08	2	2.2052000000e-02	1.5593118739e-02	9.0694721567e+01	2.0000000000e+00	2.2052000000e-02	1.5593118739e-02	6.1902213304e-13	4.3771474798e-13
5.3176044976e+08	3	3.3078000000e-02	1.9097592204e-02	9.0694721567e+01	2.8095238095e+00	3.0977809524e-02	1.9212725680e-02	9.2853319956e-13	5.3608889271e-13
5.3176054976e+08	3	3.3078000000e-02	1.9097592204e-02	9.0694721567e+01	3.0000000000e+00	3.3078000000e-02	1.9097592204e-02	9.2853319956e-13	5.3608889271e-13
5.3176064976e+08	2	2.2052000000e-02	1.5593118739e-02	9.0694721567e+01	2.0000000000e+00	2.2052000000e-02	1.5593118739e-02	6.1902213304e-13	4.3771474798e-13
5.3176074976e+08	3	3.3078000000e-02	1.9097592204e-02	9.0694721567e+01	3.0000000000e+00	3.3078000000e-02	1.9097592204e-02	9.2853319956e-13	5.3608889271e-13
5.3176084976e+08	6	6.6156000000e-02	2.7008073904e-02	9.0694721567e+01	6.0000000000e+00	6.6156000000e-02	2.7008073904e-02	1.8570663991e-12	7.5814418272e-13
5.3176094976e+08	3	3.3078000000e-02	1.9097592204e-02	9.0694721567e+01	3.0000000000e+00	3.3078000000e-02	1.9097592204e-02	9.2853319956e-13	5.3608889271e-13
5.3176104976e+08	6	6.6156000000e-02	2.7008073904e-02	9.0694721567e+01	6.0000000000e+00	6.6156000000e-02	2.7008073904e-02	1.8570663991e-12	7.5814418272e-13
5.3176114976e+08	5	5.5130000000e-02	2.4654885520e-02	9.0694721567e+01	5.0000000000e+00	5.5130000000e-02	2.4654885520e-02	1.5475553326e-12	6.9208778453e-13
5.3176124976e+08	3	3.3078000000e-02	1.9097592204e-02	9.0694721567e+01	3.0000000000e+00	3.3078000000e-02	1.9097592204e-02	9.2853319956e-13	5.3608889271e-13
5.3176134976e+08	12	1.3231200000e-01	3.8195184409e-02	9.0694721567e+01	1.2000000000e+01	1.3231200000e-01	3.8195184409e-02	3.7141327982e-12	1.0721777854e-12
5.3176144976e+08	3	3.3078000000e-02	1.9097592204e-02	9.0694721567e+01	3.0000000000e+00	3.3078000000e-02	1.9097592204e-02	9.2853319956e-13	5.3608889271e-13
5.3176154976e+08	6	6.6156000000e-02	2.7008073904e-02	9.0694721567e+01	6.0000000000e+00	6.6156000000e-02	2.7008073904e-02	1.8570663991e-12	7.5814418272e-13
5.3176164976e+08	4	4.4104000000e-02	2.2052000000e-02	9.0694721567e+01	3.8095238095e+00	4.2003809524e-02	2.2151783315e-02	1.2380442661e-12	6.1902213304e-13
5.3176174976e+08	6	6.6156000000e-02	2.7008073904e-02	9.0694721567e+01	5.8095238095e+00	6.4055809524e-02	2.7089607897e-02	1.8570663991e-12	7.5814418272e-13
5.3176184976e+08	4	4.4104000000e-02	2.2052000000e-02	9.0694721567e+01	4.0000000000e+00	4.4104000000e-02	2.2052000000e-02	1.2380442661e-12	6.1902213304e-13
5.3176194976e+08	9	9.9234000000e-02	3.3078000000e-02	9.0694721567e+01	9.0000000000e+00	9.9234000000e-02	3.3078000000e-02	2.7855995987e-12	9.2853319956e-13
5.3176204976e+08	10	1.1026000000e-01	3.4867273481e-02	9.0694721567e+01	1.0000000000e+01	1.1026000000e-01	3.4867273481e-02	3.0951106652e-12	9.7875993123e-13
5.3176214976e+08	4	4.4104000000e-02	2.2052000000e-02	9.0694721567e+01	4.0000000000e+00	4.4104000000e-02	2.2052000000e-02	1.2380442661e-12	6.1902213304e-13
5.3176224976e+08	10	1.1026000000e-01	3.4867273481e-02	9.0694721567e+01	9.8095238095e+00	1.0815980952e-01	3.4930467504e-02	3.0951106652e-12	9.7875993123e-13
5.3176234976e+08	4	4.4104000000e-02	2.2052000000e-02	9.0694721567e+01	4.0000000000e+00	4.4104000000e-02	2.2052000000e-02	1.2380442661e-12	6.1902213304e-13
5.3176244976e+08	8	8.8208000000e-02	3.1186237477e-02	9.0694721567e+01	8.0000000000e+00	8.8208000000e-02	3.1186237477e-02	2.4760885322e-12	8.7542949594e-13
5.3176254976e+08	2	2.2052000000e-02	1.5593118739e-02	9.0694721567e+01	2.0000000000e+00	2.2052000000e-02	1.5593118739e-02	6.1902213304e-13	4.3771474798e-13
5.3176264976e+08	10	1.1026000000e-01	3.4867273481e-02	9.0694721567e+01	1.0000000000e+01	1.1026000000e-01	3.4867273481e-02	3.0951106652e-12	9.7875993123e-13
5.3176274976e+08	10	1.1026000000e-01	3.4867273481e-02	9.0694721567e+01	1.0000000000e+01	1.1026000000e-01	3.4867273481e-02	3.0951106652e-12	9.7875993123e-13
5.3176284976e+08	3	3.3078000000e-02	1.9097592204e-02	9.0694721567e+01	2.8095238095e+00	3.0977809524e-02	1.9212725680e-02	9.2853319956e-13	5.3608889271e-13
5.3176294976e+08	4	4.4104000000e-02	2.2052000000e-02	9.0694721567e+01	4.0000000000e+00	4.4104000000e-02	2.2052000000e-02	1.2380442661e-12	6.1902213304e-13
5.3176304976e+08	4	4.4104000000e-02	2.2052000000e-02	9.0694721567e+01	4.0000000000e+00	4.4104000000e-02	2.2052000000e-02	1.2380442661e-12	6.1902213304e-13
5.3176314976e+08	7	7.7182000000e-02	2.9172053956e-02	9.0694721567e+01	6.8095238095e+00	7.5081809524e-02	2.9247556001e-02	2.1665774656e-12	8.1888931004e-13
5.3176324976e+08	7	7.7182000000e-02	2.9172053956e-02	9.0694721567e+01	7.0000000000e+00	7.7182000000e-02	2.9172053956e-02	2.1665774656e-12	8.1888931004e-13
5.3176334976e+08	4	4.4104000000e-02	2.2052000000e-02	9.0694721567e+01	4.0000000000e+00	4.4104000000e-02	2.2052000000e-02	1.2380442661e-12	6.1902213304e-13
5.3176344976e+08	2	2.2052000000e-02	1.5593118739e-02	9.0694721567e+01	2.0000000000e+00	2.2052000000e-02	1.5593118739e-02	6.1902213304e-13	4.3771474798e-13
5.3176354976e+08	5	5.5130000000e-02	2.4654885520e-02	9.0694721567e+01	5.0000000000e+00	5.5130000000e-02	2.4654885520e-02	1.5475553326e-12	6.9208778453e-13
5.3176364976e+08	3	3.3078000000e-02	1.9097592204e-02	9.0694721567e+01	3.0000000000e+00	3.3078000000e-02	1.9097592204e-02	9.2853319956e-13	5.3608889271e-13
5.3176374976e+08	8	8.8208000000e-02	3.1186237477e-02	9.0694721567e+01	8.0000000000e+00	8.8208000000e-02	3.1186237477e-02	2.4760885322e-12	8.7542949594e-13
5.3176384976e+08	4	4.4104000000e-02	2.2052000000e-02	9.0694721567e+01	4.0000000000e+00	4.4104000000e-02	2.2052000000e-02	1.2380442661e-12	6.1902213304e-13
5.3176394976e+08	5	5.5130000000e-02	2.4654885520e-02	9.0694721567e+01	5.0000000000e+00	5.5130000000e-02	2.4654885520e-02	1.5475553326e-12	6.9208778453e-13
5.3176404976e+08	7	7.7182000000e-02	2.9172053956e-02	9.0694721567e+01	6.8095238095e+00	7.5081809524e-02	2.9247556001e-02	2.1665774656e-12	8.1888931004e-13
5.3176414976e+08	3	3.3078000000e-02	1.9097592204e-02	9.0694721567e+01	3.0000000000e+00	3.3078000000e-02	1.9097592204e-02	9.2853319956e-13	5.3608889271e-13
5.3176424976e+08	9	9.9234000000e-02	3.3078000000e-02	9.0694721567e+01	8.8095238095e+00	9.7133809524e-02	3.3144605655e-02	2.7855995987e-12	9.2853319956e-13
5.3176434976e+08	5	5.5130000000e-02	2.4654885520e-02	9.0694721567e+01	5.0000000000e+00	5.5130000000e-02	2.4654885520e-02	1.5475553326e-12	6.9208778453e-13
5.3176444976e+08	9	9.9234000000e-02	3.3078000000e-02	9.0694721567e+01	9.0000000000e+00	9.9234000000e-02	3.3078000000e-02	2.7855995987e-12	9.2853319956e-13
5.3176454976e+08	4	4.4104000000e-02	2.2052000000e-02	9.0694721567e+01	3.8095238095e+00	4.2003809524e-02	2.2151783315e-02	1.2380442661e-12	6.1902213304e-13
5.3176464976e+08	8	8.8208000000e-02	3.1186237477e-02	9.0694721567e+01	8.0000000000e+00	8.8208000000e-02	3.1186237477e-02	2.4760885322e-12	8.7542949594e-13
5.3176474976e+08	6	6.6156000000e-02	2.7008073904e-02	9.0694721567e+01	6.0000000000e+00	6.6156000000e-02	2.7008073904e-02	1.8570663991e-12	7.5814418272e-13
5.3176484976e+08	5	5.5130000000e-02	2.4654885520e-02	9.0694721567e+01	5.0000000000e+00	5.5130000000e-02	2.4654885520e-02	1.5475553326e-12	6.9208778453e-13
5.3176494976e+08	7	7.7182000000e-02	2.9172053956e-02	9.0694721567e+01	7.0000000000e+00	7.7182000000e-02	2.9172053956e-02	2.1665774656e-12	8.1888931004e-13
5.3176504976e+08	8	8.8208000000e-02	3.1186237477e-02	9.0694721567e+01	8.0000000000e+00	8.8208000000e-02	3.1186237477e-02	2.4760885322e-12	8.7542949594e-13
5.3176514976e+08	11	1.2128600000e-01	3.6569104938e-02	9.0694721567e+01	1.1000000000e+01	1.2128600000e-01	3.6569104938e-02	3.4046217317e-12	1.0265320761e-12
5.3176524976e+08	4	4.4104000000e-02	2.2052000000e-02	9.0694721567e+01	4.0000000000e+00	4.4104000000e-02	2.2052000000e-02	1.2380442661e-12	6.1902213304e-13
5.3176534976e+08	9	9.9234000000e-02	3.3078000000e-02	9.0694721567e+01	9.0000000000e+00	9.9234000000e-02	3.3078000000e-02	2.7855995987e-12	9.2853319956e-13
5.3176544976e+08	9	9.9234000000e-02	3.3078000000e-02	9.0694721567e+01	9.0000000000e+00	9.9234000000e-02	3.3078000000e-02	2.7855995987e-12	9.2853319956e-13
5.3176554976e+08	10	1.1026000000e-01	3.4867273481e-02	9.0694721567e+01	1.0000000000e+01	1.1026000000e-01	3.4867273481e-02	3.0951106652e-12	9.7875993123e-13
5.3176564976e+08	9	9.9234000000e-02	3.3078000000e-02	9.0694721567e+01	9.0000000000e+00	9.9234000000e-02	3.3078000000e-02	2.7855995987e-12	9.2853319956e-13
5.3176574976e+08	5	5.5130000000e-02	2.4654885520e-02	9.0694721567e+01	5.0000000000e+00	5.5130000000e-02	2.4654885520e-02	1.5475553326e-12	6.9208778453e-13
5.3176584976e+08	4	4.4104000000e-02	2.2052000000e-02	9.0694721567e+01	3.8095238095e+00	4.2003809524e-02	2.2151783315e-02	1.2380442661e-12	6.1902213304e-13
5.3176594976e+08	6	6.6156000000e-02	2.7008073904e-02	9.0694721567e+01	5.8095238095e+00	6.4055809524e-02	2.7089607897e-02	1.8570663991e-12	7.5814418272e-13
5.3176604976e+08	6	6.6156000000e-02	2.7008073904e-02	9.0694721567e+01	6.0000000000e+00	6.6156000000e-02	2.7008073904e-02	1.8570663991e-12	7.5814418272e-13
5.3176614976e+08	2	2.2052000000e-02	1.5593118739e-02	9.0694721567e+01	2.0000000000e+00	2.2052000000e-02	1.5593118739e-02	6.1902213304e-13	4.3771474798e-13
5.3176624976e+08	2	2.2052000000e-02	1.5593118739e-02	9.0694721567e+01	2.0000000000e+00	2.2052000000e-02	1.5593118739e-02	6.1902213304e-13	4.3771474798e-13
5.3176634976e+08	4	4.4104000000e-02	2.2052000000e-02	9.0694721567e+01	4.0000000000e+00	4.4104000000e-02	2.2052000000e-02	1.2380442661e-12	6.1902213304e-13
5.3176644976e+08	0	0.0000000000e+00	0.0000000000e+00	9.0694721567e+01	0.0000000000e+00	0.0000000000e+00	0.0000000000e+00	0.0000000000e+00	0.0000000000e+00
5.3176654976e+08	10	1.1026000000e-01	3.4867273481e-02	9.0694721567e+01	1.0000000000e+01	1.1026000000e-01	3.4867273481e-02	3.0951106652e-12	9.7875993123e-13
5.3176664976e+08	4	4.4104000000e-02	2.2052000000e-02	9.0694721567e+01	4.0000000000e+00	4.4104000000e-02	2.2052000000e-02	1.2380442661e-12	6.1902213304e-13
5.3176674976e+08	5	5.5130000000e-02	2.4654885520e-02	9.0694721567e+01	5.0000000000e+00	5.5130000000e-02	2.4654885520e-02	1.5475553326e-12	6.9208778453e-13
5.3176684976e+08	1	1.1026000000e-02	1.1026000000e-02	9.0694721567e+01	8.0952380952e-01	8.9258095238e-03	1.1224236100e-02	3.0951106652e-13	3.0951106652e-13
5.3176694976e+08	7	7.7182000000e-02	2.9172053956e-02	9.0694721567e+01	7.0000000000e+00	7.7182000000e-02	2.9172053956e-02	2.1665774656e-12	8.1888931004e-13
5.3176704976e+08	12	1.3231200000e-01	3.8195184409e-02	9.0694721567e+01	1.2000000000e+01	1.3231200000e-01	3.8195184409e-02	3.7141327982e-12	1.0721777854e-12
5.3176714976e+08	4	4.4104000000e-02	2.2052000000e-02	9.0694721567e+01	4.0000000000e+00	4.4104000000e-02	2.2052000000e-02	1.2380442661e-12	6.1902213304e-13
5.3176724976e+08	6	6.6156000000e-02	2.7008073904e-02	9.0694721567e+01	6.0000000000e+00	6.6156000000e-02	2.7008073904e-02	1.8570663991e-12	7.5814418272e-13
5.3176734976e+08	6	6.6156000000e-02	2.7008073904e-02	9.0694721567e+01	6.0000000000e+00	6.6156000000e-02	2.7008073904e-02	1.8570663991e-12	7.5814418272e-13
5.3176744976e+08	9	9.9234000000e-02	3.3078000000e-02	9.0694721567e+01	9.0000000000e+00	9.9234000000e-02	3.3078000000e-02	2.7855995987e-12	9.2853319956e-13
5.3176754976e+08	9	9.9234000000e-02	3.3078000000e-02	9.0694721567e+01	9.0000000000e+00	9.9234000000e-02	3.3078000000e-02	2.7855995987e-12	9.2853319956e-13
5.3176764976e+08	11	1.2128600000e-01	3.6569104938e-02	9.0694721567e+01	1.1000000000e+01	1.2128600000e-01	3.6569104938e-02	3.4046217317e-12	1.0265320761e-12
5.3176774976e+08	5	5.5130000000e-02	2.4654885520e-02	9.0694721567e+01	4.8095238095e+00	5.3029809524e-02	2.4744174669e-02	1.5475553326e-12	6.9208778453e-13
5.3176784976e+08	7	7.7182000000e-02	2.9172053956e-02	9.0694721567e+01	7.0000000000e+00	7.7182000000e-02	2.9172053956e-02	2.1665774656e-12	8.1888931004e-13
5.3176794976e+08	6	6.6156000000e-02	2.7008073904e-02	9.0694721567e+01	6.0000000000e+00	6.6156000000e-02	2.7008073904e-02	1.8570663991e-12	7.5814418272e-13
5.3176804976e+08	6	6.6156000000e-02	2.7008073904e-02	9.0694721567e+01	6.0000000000e+00	6.6156000000e-02	2.7008073904e-02	1.8570663991e-12	7.5814418272e-13
5.3176814976e+08	5	5.5130000000e-02	2.4654885520e-02	9.0694721567e+01	5.0000000000e+00	5.5130000000e-02	2.4654885520e-02	1.5475553326e-12	6.9208778453e-13
5.3176824976e+08	3	3.3078000000e-02	1.9097592204e-02	9.0694721567e+01	3.0000000000e+00	3.3078000000e-02	1.9097592204e-02	9.2853319956e-13	5.3608889271e-13
5.3176834976e+08	3	3.3078000000e-02	1.9097592204e-02	9.0694721567e+01	2.8095238095e+00	3.0977809524e-02	1.9212725680e-02	9.2853319956e-13	5.3608889271e-13
5.3176844976e+08	5	5.5130000000e-02	2.4654885520e-02	9.0694721567e+01	5.0000000000e+00	5.5130000000e-02	2.4654885520e-02	1.5475553326e-12	6.9208778453e-13
5.3176854976e+08	5	5.5130000000e-02	2.4654885520e-02	9.0694721567e+01	5.0000000000e+00	5.5130000000e-02	2.4654885520e-02	1.5475553326e-12	6.9208778453e-13
5.3176864976e+08	2	2.2052000000e-02	1.5593118739e-02	9.0694721567e+01	2.0000000000e+00	2.2052000000e-02	1.5593118739e-02	6.1902213304e-13	4.3771474798e-13
5.3176874976e+08	5	5.5130000000e-02	2.4654885520e-02	9.0694721567e+01	5.0000000000e+00	5.5130000000e-02	2.4654885520e-02	1.5475553326e-12	6.9208778453e-13
5.3176884976e+08	4	4.4104000000e-02	2.2052000000e-02	9.0694721567e+01	4.0000000000e+00	4.4104000000e-02	2.2052000000e-02	1.2380442661e-12	6.1902213304e-13
5.3176894976e+08	3	3.3078000000e-02	1.9097592204e-02	9.0694721567e+01	2.8095238095e+00	3.0977809524e-02	1.9212725680e-02	9.2853319956e-13	5.3608889271e-13
5.3176904976e+08	6	6.6156000000e-02	2.7008073904e-02	9.0694721567e+01	6.0000000000e+00	6.6156000000e-02	2.7008073904e-02	1.8570663991e-12	7.5814418272e-13
5.3176914976e+08	5	5.5130000000e-02	2.4654885520e-02	9.0694721567e+01	5.0000000000e+00	5.5130000000e-02	2.4654885520e-02	1.5475553326e-12	6.9208778453e-13
5.3176924976e+08	6	6.6156000000e-02	2.7008073904e-02	9.0694721567e+01	6.0000000000e+00	6.6156000000e-02	2.7008073904e-02	1.8570663991e-12	7.5814418272e-13
5.3176934976e+08	3	3.3078000000e-02	1.9097592204e-02	9.0694721567e+01	3.0000000000e+00	3.3078000000e-02	1.9097592204e-02	9.2853319956e-13	5.3608889271e-13
5.3176944976e+08	3	3.3078000000e-02	1.9097592204e-02	9.0694721567e+01	3.0000000000e+00	3.3078000000e-02	1.9097592204e-02	9.2853319956e-13	5.3608889271e-13
5.3176954976e+08	7	7.7182000000e-02	2.9172053956e-02	9.0694721567e+01	7.0000000000e+00	7.7182000000e-02	2.9172053956e-02	2.1665774656e-12	8.1888931004e-13
5.3176964976e+08	6	6.6156000000e-02	2.7008073904e-02	9.0694721567e+01	6.0000000000e+00	6.6156000000e-02	2.7008073904e-02	1.8570663991e-12	7.5814418272e-13
5.3176974976e+08	1	1.1026000000e-02	1.1026000000e-02	9.0694721567e+01	1.0000000000e+00	1.1026000000e-02	1.1026000000e-02	3.0951106652e-13	3.0951106652e-13
5.3176984976e+08	3	3.3078000000e-02	1.9097592204e-02	9.0694721567e+01	3.0000000000e+00	3.3078000000e-02	1.9097592204e-02	9.2853319956e-13	5.3608889271e-13
5.3176994976e+08	6	6.6156000000e-02	2.7008073904e-02	9.0694721567e+01	6.0000000000e+00	6.6156000000e-02	2.7008073904e-02	1.8570663991e-12	7.5814418272e-13
5.3177004976e+08	6	6.6156000000e-02	2.7008073904e-02	9.0694721567e+01	6.0000000000e+00	6.6156000000e-02	2.7008073904e-02	1.8570663991e-12	7.5814418272e-13
5.3177014976e+08	6	6.6156000000e-02	2.7008073904e-02	9.0694721567e+01	6.0000000000e+00	6.6156000000e-02	2.7008073904e-02	1.8570663991e-12	7.5814418272e-13
5.3177024976e+08	10	1.1026000000e-01	3.4867273481e-02	9.0694721567e+01	1.0000000000e+01	1.1026000000e-01	3.4867273481e-02	3.0951106652e-12	9.7875993123e-13
5.3177034976e+08	2	2.2052000000e-02	1.5593118739e-02	9.0694721567e+01	1.8095238095e+00	1.9951809524e-02	1.5733917250e-02	6.1902213304e-13	4.3771474798e-13
5.3177044976e+08	6	6.6156000000e-02	2.7008073904e-02	9.0694721567e+01	6.0000000000e+00	6.6156000000e-02	2.7008073904e-02	1.8570663991e-12	7.5814418272e-13
5.3177054976e+08	5	5.5130000000e-02	2.4654885520e-02	9.0694721567e+01	5.0000000000e+00	5.5130000000e-02	2.4654885520e-02	1.5475553326e-12	6.9208778453e-13
5.3177064976e+08	7	7.7182000000e-02	2.9172053956e-02	9.0694721567e+01	7.0000000000e+00	7.7182000000e-02	2.9172053956e-02	2.1665774656e-12	8.1888931004e-13
5.3177074976e+08	5	5.5130000000e-02	2.4654885520e-02	9.0694721567e+01	5.0000000000e+00	5.5130000000e-02	2.4654885520e-02	1.5475553326e-12	6.9208778453e-13
5.3177084976e+08	8	8.8208000000e-02	3.1186237477e-02	9.0694721567e+01	8.0000000000e+00	8.8208000000e-02	3.1186237477e-02	2.4760885322e-12	8.7542949594e-13
5.3177094976e+08	6	6.6156000000e-02	2.7008073904e-02	9.0694721567e+01	6.0000000000e+00	6.6156000000e-02	2.7008073904e-02	1.8570663991e-12	7.5814418272e-13
5.3177104976e+08	3	3.3078000000e-02	1.9097592204e-02	9.0694721567e+01	2.8095238095e+00	3.0977809524e-02	1.9212725680e-02	9.2853319956e-13	5.3608889271e-13
5.3177114976e+08	6	6.6156000000e-02	2.7008073904e-02	9.0694721567e+01	6.0000000000e+00	6.6156000000e-02	2.7008073904e-02	1.8570663991e-12	7.5814418272e-13
5.3177124976e+08	4	4.4104000000e-02	2.2052000000e-02	9.0694721567e+01	4.0000000000e+00	4.4104000000e-02	2.2052000000e-02	1.2380442661e-12	6.1902213304e-13
5.3177134976e+08	7	7.7182000000e-02	2.9172053956e-02	9.0694721567e+01	7.0000000000e+00	7.7182000000e-02	2.9172053956e-02	2.1665774656e-12	8.1888931004e-13
5.3177144976e+08	6	6.6156000000e-02	2.7008073904e-02	9.0694721567e+01	6.0000000000e+00	6.6156000000e-02	2.7008073904e-02	1.8570663991e-12	7.5814418272e-13
5.3177154976e+08	5	5.5130000000e-02	2.4654885520e-02	9.0694721567e+01	5.0000000000e+00	5.5130000000e-02	2.4654885520e-02	1.5475553326e-12	6.9208778453e-13
5.3177164976e+08	3	3.3078000000e-02	1.9097592204e-02	9.0694721567e+01	3.0000000000e+00	3.3078000000e-02	1.9097592204e-02	9.2853319956e-13	5.3608889271e-13
5.3177174976e+08	9	9.9234000000e-02	3.3078000000e-02	9.0694721567e+01	9.0000000000e+00	9.9234000000e-02	3.3078000000e-02	2.7855995987e-12	9.2853319956e-13
5.3177184976e+08	11	1.2128600000e-01	3.6569104938e-02	9.0694721567e+01	1.1000000000e+01	1.2128600000e-01	3.6569104938e-02	3.4046217317e-12	1.0265320761e-12
5.3177194976e+08	8	8.8208000000e-02	3.1186237477e-02	9.0694721567e+01	7.8095238095e+00	8.6107809524e-02	3.1256874572e-02	2.4760885322e-12	8.7542949594e-13
5.3177204976e+08	5	5.5130000000e-02	2.4654885520e-02	9.0694721567e+01	5.0000000000e+00	5.5130000000e-02	2.4654885520e-02	1.5475553326e-12	6.9208778453e-13
5.3177214976e+08	11	1.2128600000e-01	3.6569104938e-02	9.0694721567e+01	1.1000000000e+01	1.2128600000e-01	3.6569104938e-02	3.4046217317e-12	1.0265320761e-12
5.3177224976e+08	8	8.8208000000e-02	3.1186237477e-02	9.0694721567e+01	8.0000000000e+00	8.8208000000e-02	3.1186237477e-02	2.4760885322e-12	8.7542949594e-13
5.3177234976e+08	8	8.8208000000e-02	3.1186237477e-02	9.0694721567e+01	7.8095238095e+00	8.6107809524e-02	3.1256874572e-02	2.4760885322e-12	8.7542949594e-13
5.3177244976e+08	6	6.6156000000e-02	2.7008073904e-02	9.0694721567e+01	6.0000000000e+00	6.6156000000e-02	2.7008073904e-02	1.8570663991e-12	7.5814418272e-13
5.3177254976e+08	2	2.2052000000e-02	1.5593118739e-02	9.0694721567e+01	2.0000000000e+00	2.2052000000e-02	1.5593118739e-02	6.1902213304e-13	4.3771474798e-13
5.3177264976e+08	5	5.5130000000e-02	2.4654885520e-02	9.0694721567e+01	5.0000000000e+00	5.5130000000e-02	2.4654885520e-02	1.5475553326e-12	6.9208778453e-13
5.3177274976e+08	6	6.6156000000e-02	2.7008073904e-02	9.0694721567e+01	6.0000000000e+00	6.6156000000e-02	2.7008073904e-02	1.8570663991e-12	7.5814418272e-13
5.3177284976e+08	3	3.3078000000e-02	1.9097592204e-02	9.0694721567e+01	3.0000000000e+00	3.3078000000e-02	1.9097592204e-02	9.2853319956e-13	5.3608889271e-13
5.3177294976e+08	10	1.1026000000e-01	3.4867273481e-02	9.0694721567e+01	1.0000000000e+01	1.1026000000e-01	3.4867273481e-02	3.0951106652e-12	9.7875993123e-13
5.3177304976e+08	6	6.6156000000e-02	2.7008073904e-02	9.0694721567e+01	6.0000000000e+00	6.6156000000e-02	2.7008073904e-02	1.8570663991e-12	7.5814418272e-13
5.3177314976e+08	3	3.3078000000e-02	1.9097592204e-02	9.0694721567e+01	3.0000000000e+00	3.3078000000e-02	1.9097592204e-02	9.2853319956e-13	5.3608889271e-13
5.3177324976e+08	9	9.9234000000e-02	3.3078000000e-02	9.0694721567e+01	9.0000000000e+00	9.9234000000e-02	3.3078000000e-02	2.7855995987e-12	9.2853319956e-13
5.3177334976e+08	2	2.2052000000e-02	1.5593118739e-02	9.0694721567e+01	2.0000000000e+00	2.2052000000e-02	1.5593118739e-02	6.1902213304e-13	4.3771474798e-13
5.3177344976e+08	6	6.6156000000e-02	2.7008073904e-02	9.0694721567e+01	6.0000000000e+00	6.6156000000e-02	2.7008073904e-02	1.8570663991e-12	7.5814418272e-13
5.3177354976e+08	5	5.5130000000e-02	2.4654885520e-02	9.0694721567e+01	5.0000000000e+00	5.5130000000e-02	2.4654885520e-02	1.5475553326e-12	6.9208778453e-13
5.3177364976e+08	6	6.6156000000e-02	2.7008073904e-02	9.0694721567e+01	6.0000000000e+00	6.6156000000e-02	2.7008073904e-02	1.8570663991e-12	7.5814418272e-13
5.3177374976e+08	5	5.5130000000e-02	2.4654885520e-02	9.0694721567e+01	5.0000000000e+00	5.5130000000e-02	2.4654885520e-02	1.5475553326e-12	6.9208778453e-13
5.3177384976e+08	7	7.7182000000e-02	2.9172053956e-02	9.0694721567e+01	7.0000000000e+00	7.7182000000e-02	2.9172053956e-02	2.1665774656e-12	8.1888931004e-13
5.3177394976e+08	10	1.1026000000e-01	3.4867273481e-02	9.0694721567e+01	9.8095238095e+00	1.0815980952e-01	3.4930467504e-02	3.0951106652e-12	9.7875993123e-13
5.3177404976e+08	10	1.1026000000e-01	3.4867273481e-02	9.0694721567e+01	1.0000000000e+01	1.1026000000e-01	3.4867273481e-02	3.0951106652e-12	9.7875993123e-13
5.3177414976e+08	13	1.4333800000e-01	3.9754808363e-02	9.0694721567e+01	1.3000000000e+01	1.4333800000e-01	3.9754808363e-02	4.0236438648e-12	1.1159580207e-12
5.3177424976e+08	7	7.7182000000e-02	2.9172053956e-02	9.0694721567e+01	7.0000000000e+00	7.7182000000e-02	2.9172053956e-02	2.1665774656e-12	8.1888931004e-13
5.3177434976e+08	8	8.8208000000e-02	3.1186237477e-02	9.0694721567e+01	8.0000000000e+00	8.8208000000e-02	3.1186237477e-02	2.4760885322e-12	8.7542949594e-13
5.3177444976e+08	10	1.1026000000e-01	3.4867273481e-02	9.0694721567e+01	1.0000000000e+01	1.1026000000e-01	3.4867273481e-02	3.0951106652e-12	9.7875993123e-13
5.3177454976e+08	4	4.4104000000e-02	2.2052000000e-02	9.0694721567e+01	4.0000000000e+00	4.4104000000e-02	2.2052000000e-02	1.2380442661e-12	6.1902213304e-13
5.3177464976e+08	10	1.1026000000e-01	3.4867273481e-02	9.0694721567e+01	1.0000000000e+01	1.1026000000e-01	3.4867273481e-02	3.0951106652e-12	9.7875993123e-13
5.3177474976e+08	3	3.3078000000e-02	1.9097592204e-02	9.0694721567e+01	3.0000000000e+00	3.3078000000e-02	1.9097592204e-02	9.2853319956e-13	5.3608889271e-13
5.3177484976e+08	10	1.1026000000e-01	3.4867273481e-02	9.0694721567e+01	1.0000000000e+01	1.1026000000e-01	3.4867273481e-02	3.0951106652e-12	9.7875993123e-13
5.3177494976e+08	8	8.8208000000e-02	3.1186237477e-02	9.0694721567e+01	8.0000000000e+00	8.8208000000e-02	3.1186237477e-02	2.4760885322e-12	8.7542949594e-13
5.3177504976e+08	8	8.8208000000e-02	3.1186237477e-02	9.0694721567e+01	8.0000000000e+00	8.8208000000e-02	3.1186237477e-02	2.4760885322e-12	8.7542949594e-13
5.3177514976e+08	3	3.3078000000e-02	1.9097592204e-02	9.0694721567e+01	3.0000000000e+00	3.3078000000e-02	1.9097592204e-02	9.2853319956e-13	5.3608889271e-13
5.3177524976e+08	2	2.2052000000e-02	1.5593118739e-02	9.0694721567e+01	1.8095238095e+00	1.9951809524e-02	1.5733917250e-02	6.1902213304e-13	4.3771474798e-13
5.3177534976e+08	9	9.9234000000e-02	3.3078000000e-02	9.0694721567e+01	9.0000000000e+00	9.9234000000e-02	3.3078000000e-02	2.7855995987e-12	9.2853319956e-13
5.3177544976e+08	3	3.3078000000e-02	1.9097592204e-02	9.0694721567e+01	3.0000000000e+00	3.3078000000e-02	1.9097592204e-02	9.2853319956e-13	5.3608889271e-13
5.3177554976e+08	8	8.8208000000e-02	3.1186237477e-02	9.0694721567e+01	8.0000000000e+00	8.8208000000e-02	3.1186237477e-02	2.4760885322e-12	8.7542949594e-13
5.3177564976e+08	4	4.4104000000e-02	2.2052000000e-02	9.0694721567e+01	4.0000000000e+00	4.4104000000e-02	2.2052000000e-02	1.2380442661e-12	6.1902213304e-13
5.3177574976e+08	5	5.5130000000e-02	2.4654885520e-02	9.0694721567e+01	5.0000000000e+00	5.5130000000e-02	2.4654885520e-02	1.5475553326e-12	6.9208778453e-13
5.3177584976e+08	10	1.1026000000e-01	3.4867273481e-02	9.0694721567e+01	9.8095238095e+00	1.0815980952e-01	3.4930467504e-02	3.0951106652e-12	9.7875993123e-13
5.3177594976e+08	6	6.6156000000e-02	2.7008073904e-02	9.0694721567e+01	6.0000000000e+00	6.6156000000e-02	2.7008073904e-02	1.8570663991e-12	7.5814418272e-13
5.3177604976e+08	5	5.5130000000e-02	2.4654885520e-02	9.0694721567e+01	5.0000000000e+00	5.5130000000e-02	2.4654885520e-02	1.5475553326e-12	6.9208778453e-13
5.3177614976e+08	7	7.7182000000e-02	2.9172053956e-02	9.0694721567e+01	7.0000000000e+00	7.7182000000e-02	2.9172053956e-02	2.1665774656e-12	8.1888931004e-13
5.3177624976e+08	8	8.8208000000e-02	3.1186237477e-02	9.0694721567e+01	8.0000000000e+00	8.8208000000e-02	3.1186237477e-02	2.4760885322e-12	8.7542949594e-13
5.3177634976e+08	7	7.7182000000e-02	2.9172053956e-02	9.0694721567e+01	7.0000000000e+00	7.7182000000e-02	2.9172053956e-02	2.1665774656e-12	8.1888931004e-13
5.3177644976e+08	3	3.3078000000e-02	1.9097592204e-02	9.0694721567e+01	3.0000000000e+00	3.3078000000e-02	1.9097592204e-02	9.2853319956e-13	5.3608889271e-13
5.3177654976e+08	12	1.3231200000e-01	3.8195184409e-02	9.0694721567e+01	1.2000000000e+01	1.3231200000e-01	3.8195184409e-02	3.7141327982e-12	1.0721777854e-12
5.3177664976e+08	4	4.4104000000e-02	2.2052000000e-02	9.0694721567e+01	4.0000000000e+00	4.4104000000e-02	2.2052000000e-02	1.2380442661e-12	6.1902213304e-13
5.3177674976e+08	5	5.5130000000e-02	2.4654885520e-02	9.0694721567e+01	5.0000000000e+00	5.5130000000e-02	2.4654885520e-02	1.5475553326e-12	6.9208778453e-13
5.3177684976e+08	8	8.8208000000e-02	3.1186237477e-02	9.0694721567e+01	8.0000000000e+00	8.8208000000e-02	3.1186237477e-02	2.4760885322e-12	8.7542949594e-13
5.3177694976e+08	4	4.4104000000e-02	2.2052000000e-02	9.0694721567e+01	3.8095238095e+00	4.2003809524e-02	2.2151783315e-02	1.2380442661e-12	6.1902213304e-13
5.3177704976e+08	3	3.3078000000e-02	1.9097592204e-02	9.0694721567e+01	3.0000000000e+00	3.3078000000e-02	1.9097592204e-02	9.2853319956e-13	5.3608889271e-13
5.3177714976e+08	7	7.7182000000e-02	2.9172053956e-02	9.0694721567e+01	6.8095238095e+00	7.5081809524e-02	2.9247556001e-02	2.1665774656e-12	8.1888931004e-13
5.3177724976e+08	8	8.8208000000e-02	3.1186237477e-02	9.0694721567e+01	8.0000000000e+00	8.8208000000e-02	3.1186237477e-02	2.4760885322e-12	8.7542949594e-13
5.3177734976e+08	10	1.1026000000e-01	3.4867273481e-02	9.0694721567e+01	1.0000000000e+01	1.1026000000e-01	3.4867273481e-02	3.0951106652e-12	9.7875993123e-13
5.3177744976e+08	12	1.3231200000e-01	3.8195184409e-02	9.0694721567e+01	1.2000000000e+01	1.3231200000e-01	3.8195184409e-02	3.7141327982e-12	1.0721777854e-12
5.3177754976e+08	8	8.8208000000e-02	3.1186237477e-02	9.0694721567e+01	8.0000000000e+00	8.8208000000e-02	3.1186237477e-02	2.4760885322e-12	8.7542949594e-13
5.3177764976e+08	11	1.2128600000e-01	3.6569104938e-02	9.0694721567e+01	1.1000000000e+01	1.2128600000e-01	3.6569104938e-02	3.4046217317e-12	1.0265320761e-12
5.3177774976e+08	10	1.1026000000e-01	3.4867273481e-02	9.0694721567e+01	9.8095238095e+00	1.0815980952e-01	3.4930467504e-02	3.0951106652e-12	9.7875993123e-13
5.3177784976e+08	9	9.9234000000e-02	3.3078000000e-02	9.0694721567e+01	9.0000000000e+00	9.9234000000e-02	3.3078000000e-02	2.7855995987e-12	9.2853319956e-13
5.3177794976e+08	11	1.2128600000e-01	3.6569104938e-02	9.0694721567e+01	1.1000000000e+01	1.2128600000e-01	3.6569104938e-02	3.4046217317e-12	1.0265320761e-12
5.3177804976e+08	7	7.7182000000e-02	2.9172053956e-02	9.0694721567e+01	7.0000000000e+00	7.7182000000e-02	2.9172053956e-02	2.1665774656e-12	8.1888931004e-13
5.3177814976e+08	5	5.5130000000e-02	2.4654885520e-02	9.0694721567e+01	5.0000000000e+00	5.5130000000e-02	2.4654885520e-02	1.5475553326e-12	6.9208778453e-13
5.3177824976e+08	6	6.6156000000e-02	2.7008073904e-02	9.0694721567e+01	6.0000000000e+00	6.6156000000e-02	2.7008073904e-02	1.8570663991e-12	7.5814418272e-13
5.3177834976e+08	7	7.7182000000e-02	2.9172053956e-02	9.0694721567e+01	7.0000000000e+00	7.7182000000e-02	2.9172053956e-02	2.1665774656e-12	8.1888931004e-13
5.3177844976e+08	9	9.9234000000e-02	3.3078000000e-02	9.0694721567e+01	9.0000000000e+00	9.9234000000e-02	3.3078000000e-02	2.7855995987e-12	9.2853319956e-13
5.3177854976e+08	5	5.5130000000e-02	2.4654885520e-02	9.0694721567e+01	5.0000000000e+00	5.5130000000e-02	2.4654885520e-02	1.5475553326e-12	6.9208778453e-13
5.3177864976e+08	11	1.2128600000e-01	3.6569104938e-02	9.0694721567e+01	1.1000000000e+01	1.2128600000e-01	3.6569104938e-02	3.4046217317e-12	1.0265320761e-12
5.3177874976e+08	5	5.5130000000e-02	2.4654885520e-02	9.0694721567e+01	5.0000000000e+00	5.5130000000e-02	2.4654885520e-02	1.5475553326e-12	6.9208778453e-13
5.3177884976e+08	9	9.9234000000e-02	3.3078000000e-02	9.0694721567e+01	9.0000000000e+00	9.9234000000e-02	3.3078000000e-02	2.7855995987e-12	9.2853319956e-13
5.3177894976e+08	10	1.1026000000e-01	3.4867273481e-02	9.0694721567e+01	9.8095238095e+00	1.0815980952e-01	3.4930467504e-02	3.0951106652e-12	9.7875993123e-13
5.3177904976e+08	8	8.8208000000e-02	3.1186237477e-02	9.0694721567e+01	8.0000000000e+00	8.8208000000e-02	3.1186237477e-02	2.4760885322e-12	8.7542949594e-13
5.3177914976e+08	6	6.6156000000e-02	2.7008073904e-02	9.0694721567e+01	6.0000000000e+00	6.6156000000e-02	2.7008073904e-02	1.8570663991e-12	7.5814418272e-13
5.3177924976e+08	5	5.5130000000e-02	2.4654885520e-02	9.0694721567e+01	4.8095238095e+00	5.3029809524e-02	2.4744174669e-02	1.5475553326e-12	6.9208778453e-13
5.3177934976e+08	10	1.1026000000e-01	3.4867273481e-02	9.0694721567e+01	1.0000000000e+01	1.1026000000e-01	3.4867273481e-02	3.0951106652e-12	9.7875993123e-13
5.3177944976e+08	9	9.9234000000e-02	3.3078000000e-02	9.0694721567e+01	8.8095238095e+00	9.7133809524e-02	3.3144605655e-02	2.7855995987e-12	9.2853319956e-13
5.3177954976e+08	7	7.7182000000e-02	2.9172053956e-02	9.0694721567e+01	7.0000000000e+00	7.7182000000e-02	2.9172053956e-02	2.1665774656e-12	8.1888931004e-13
5.3177964976e+08	8	8.8208000000e-02	3.1186237477e-02	9.0694721567e+01	8.0000000000e+00	8.8208000000e-02	3.1186237477e-02	2.4760885322e-12	8.7542949594e-13
5.3177974976e+08	8	8.8208000000e-02	3.1186237477e-02	9.0694721567e+01	8.0000000000e+00	8.8208000000e-02	3.1186237477e-02	2.4760885322e-12	8.7542949594e-13
5.3177984976e+08	12	1.3231200000e-01	3.8195184409e-02	9.0694721567e+01	1.2000000000e+01	1.3231200000e-01	3.8195184409e-02	3.7141327982e-12	1.0721777854e-12
5.3177994976e+08	6	6.6156000000e-02	2.7008073904e-02	9.0694721567e+01	6.0000000000e+00	6.6156000000e-02	2.7008073904e-02	1.8570663991e-12	7.5814418272e-13
5.3178004976e+08	8	8.8208000000e-02	3.1186237477e-02	9.0694721567e+01	8.0000000000e+00	8.8208000000e-02	3.1186237477e-02	2.4760885322e-12	8.7542949594e-13
5.3178014976e+08	9	9.9234000000e-02	3.3078000000e-02	9.0694721567e+01	9.0000000000e+00	9.9234000000e-02	3.3078000000e-02	2.7855995987e-12	9.2853319956e-13
5.3178024976e+08	10	1.1026000000e-01	3.4867273481e-02	9.0694721567e+01	9.8095238095e+00	1.0815980952e-01	3.4930467504e-02	3.0951106652e-12	9.7875993123e-13
5.3178034976e+08	10	1.1026000000e-01	3.4867273481e-02	9.0694721567e+01	1.0000000000e+01	1.1026000000e-01	3.4867273481e-02	3.0951106652e-12	9.7875993123e-13
5.3178044976e+08	9	9.9234000000e-02	3.3078000000e-02	9.0694721567e+01	9.0000000000e+00	9.9234000000e-02	3.3078000000e-02	2.7855995987e-12	9.2853319956e-13
5.3178054976e+08	7	7.7182000000e-02	2.9172053956e-02	9.0694721567e+01	7.0000000000e+00	7.7182000000e-02	2.9172053956e-02	2.1665774656e-12	8.1888931004e-13
5.3178064976e+08	2	2.2052000000e-02	1.5593118739e-02	9.0694721567e+01	2.0000000000e+00	2.2052000000e-02	1.5593118739e-02	6.1902213304e-13	4.3771474798e-13
5.3178074976e+08	5	5.5130000000e-02	2.4654885520e-02	9.0694721567e+01	4.8095238095e+00	5.3029809524e-02	2.4744174669e-02	1.5475553326e-12	6.9208778453e-13
5.3178084976e+08	6	6.6156000000e-02	2.7008073904e-02	9.0694721567e+01	5.8095238095e+00	6.4055809524e-02	2.7089607897e-02	1.8570663991e-12	7.5814418272e-13
5.3178094976e+08	12	1.3231200000e-01	3.8195184409e-02	9.0694721567e+01	1.2000000000e+01	1.3231200000e-01	3.8195184409e-02	3.7141327982e-12	1.0721777854e-12
5.3178104976e+08	8	8.8208000000e-02	3.1186237477e-02	9.0694721567e+01	8.0000000000e+00	8.8208000000e-02	3.1186237477e-02	2.4760885322e-12	8.7542949594e-13
5.3178114976e+08	11	1.2128600000e-01	3.6569104938e-02	9.0694721567e+01	1.0809523810e+01	1.1918580952e-01	3.6629363031e-02	3.4046217317e-12	1.0265320761e-12
5.3178124976e+08	8	8.8208000000e-02	3.1186237477e-02	9.0694721567e+01	8.0000000000e+00	8.8208000000e-02	3.1186237477e-02	2.4760885322e-12	8.7542949594e-13
5.3178134976e+08	8	8.8208000000e-02	3.1186237477e-02	9.0694721567e+01	8.0000000000e+00	8.8208000000e-02	3.1186237477e-02	2.4760885322e-12	8.7542949594e-13
5.3178144976e+08	12	1.3231200000e-01	3.8195184409e-02	9.0694721567e+01	1.1809523810e+01	1.3021180952e-01	3.8252881095e-02	3.7141327982e-12	1.0721777854e-12
5.3178154976e+08	5	5.5130000000e-02	2.4654885520e-02	9.0694721567e+01	5.0000000000e+00	5.5130000000e-02	2.4654885520e-02	1.5475553326e-12	6.9208778453e-13
5.3178164976e+08	8	8.8208000000e-02	3.1186237477e-02	9.0694721567e+01	8.0000000000e+00	8.8208000000e-02	3.1186237477e-02	2.4760885322e-12	8.7542949594e-13
5.3178174976e+08	7	7.7182000000e-02	2.9172053956e-02	9.0694721567e+01	6.8095238095e+00	7.5081809524e-02	2.9247556001e-02	2.1665774656e-12	8.1888931004e-13
5.3178184976e+08	3	3.3078000000e-02	1.9097592204e-02	9.0694721567e+01	3.0000000000e+00	3.3078000000e-02	1.9097592204e-02	9.2853319956e-13	5.3608889271e-13
5.3178194976e+08	4	4.4104000000e-02	2.2052000000e-02	9.0694721567e+01	4.0000000000e+00	4.4104000000e-02	2.2052000000e-02	1.2380442661e-12	6.1902213304e-13
5.3178204976e+08	10	1.1026000000e-01	3.4867273481e-02	9.0694721567e+01	1.0000000000e+01	1.1026000000e-01	3.4867273481e-02	3.0951106652e-12	9.7875993123e-13
5.3178214976e+08	6	6.6156000000e-02	2.7008073904e-02	9.0694721567e+01	6.0000000000e+00	6.6156000000e-02	2.7008073904e-02	1.8570663991e-12	7.5814418272e-13
5.3178224976e+08	6	6.6156000000e-02	2.7008073904e-02	9.0694721567e+01	6.0000000000e+00	6.6156000000e-02	2.7008073904e-02	1.8570663991e-12	7.5814418272e-13
5.3178234976e+08	7	7.7182000000e-02	2.9172053956e-02	9.0694721567e+01	7.0000000000e+00	7.7182000000e-02	2.9172053956e-02	2.1665774656e-12	8.1888931004e-13
5.3178244976e+08	5	5.5130000000e-02	2.4654885520e-02	9.0694721567e+01	5.0000000000e+00	5.5130000000e-02	2.4654885520e-02	1.5475553326e-12	6.9208778453e-13
5.3178254976e+08	8	8.8208000000e-02	3.1186237477e-02	9.0694721567e+01	7.8095238095e+00	8.6107809524e-02	3.1256874572e-02	2.4760885322e-12	8.7542949594e-13
5.3178264976e+08	5	5.5130000000e-02	2.4654885520e-02	9.0694721567e+01	5.0000000000e+00	5.5130000000e-02	2.4654885520e-02	1.5475553326e-12	6.9208778453e-13
5.3178274976e+08	5	5.5130000000e-02	2.4654885520e-02	9.0694721567e+01	5.0000000000e+00	5.5130000000e-02	2.4654885520e-02	1.5475553326e-12	6.9208778453e-13
5.3178284976e+08	10	1.1026000000e-01	3.4867273481e-02	9.0694721567e+01	1.0000000000e+01	1.1026000000e-01	3.4867273481e-02	3.0951106652e-12	9.7875993123e-13
5.3178294976e+08	2	2.2052000000e-02	1.5593118739e-02	9.0694721567e+01	2.0000000000e+00	2.2052000000e-02	1.5593118739e-02	6.1902213304e-13	4.3771474798e-13
5.3178304976e+08	8	8.8208000000e-02	3.1186237477e-02	9.0694721567e+01	8.0000000000e+00	8.8208000000e-02	3.1186237477e-02	2.4760885322e-12	8.7542949594e-13
5.3178314976e+08	7	7.7182000000e-02	2.9172053956e-02	9.0694721567e+01	6.8095238095e+00	7.5081809524e-02	2.9247556001e-02	2.1665774656e-12	8.1888931004e-13
5.3178324976e+08	7	7.7182000000e-02	2.9172053956e-02	9.0694721567e+01	7.0000000000e+00	7.7182000000e-02	2.9172053956e-02	2.1665774656e-12	8.1888931004e-13
5.3178334976e+08	8	8.8208000000e-02	3.1186237477e-02	9.0694721567e+01	8.0000000000e+00	8.8208000000e-02	3.1186237477e-02	2.4760885322e-12	8.7542949594e-13
5.3178344976e+08	11	1.2128600000e-01	3.6569104938e-02	9.0694721567e+01	1.1000000000e+01	1.2128600000e-01	3.6569104938e-02	3.4046217317e-12	1.0265320761e-12
5.3178354976e+08	7	7.7182000000e-02	2.9172053956e-02	9.0694721567e+01	7.0000000000e+00	7.7182000000e-02	2.9172053956e-02	2.1665774656e-12	8.1888931004e-13
5.3178364976e+08	8	8.8208000000e-02	3.1186237477e-02	9.0694721567e+01	7.6190476190e+00	8.4007619048e-02	3.1327352395e-02	2.4760885322e-12	8.7542949594e-13
5.3178374976e+08	7	7.7182000000e-02	2.9172053956e-02	9.0694721567e+01	6.8095238095e+00	7.5081809524e-02	2.9247556001e-02	2.1665774656e-12	8.1888931004e-13
5.3178384976e+08	5	5.5130000000e-02	2.4654885520e-02	9.0694721567e+01	5.0000000000e+00	5.5130000000e-02	2.4654885520e-02	1.5475553326e-12	6.9208778453e-13
5.3178394976e+08	5	5.5130000000e-02	2.4654885520e-02	9.0694721567e+01	5.0000000000e+00	5.5130000000e-02	2.4654885520e-02	1.5475553326e-12	6.9208778453e-13
5.3178404976e+08	3	3.3078000000e-02	1.9097592204e-02	9.0694721567e+01	3.0000000000e+00	3.3078000000e-02	1.9097592204e-02	9.2853319956e-13	5.3608889271e-13
5.3178414976e+08	7	7.7182000000e-02	2.9172053956e-02	9.0694721567e+01	7.0000000000e+00	7.7182000000e-02	2.9172053956e-02	2.1665774656e-12	8.1888931004e-13
5.3178424976e+08	7	7.7182000000e-02	2.9172053956e-02	9.0694721567e+01	7.0000000000e+00	7.7182000000e-02	2.9172053956e-02	2.1665774656e-12	8.1888931004e-13
5.3178434976e+08	7	7.7182000000e-02	2.9172053956e-02	9.0694721567e+01	7.0000000000e+00	7.7182000000e-02	2.9172053956e-02	2.1665774656e-12	8.1888931004e-13
5.3178444976e+08	4	4.4104000000e-02	2.2052000000e-02	9.0694721567e+01	4.0000000000e+00	4.4104000000e-02	2.2052000000e-02	1.2380442661e-12	6.1902213304e-13
5.3178454976e+08	5	5.5130000000e-02	2.4654885520e-02	9.0694721567e+01	4.8095238095e+00	5.3029809524e-02	2.4744174669e-02	1.5475553326e-12	6.9208778453e-13
5.3178464976e+08	5	5.5130000000e-02	2.4654885520e-02	9.0694721567e+01	4.8095238095e+00	5.3029809524e-02	2.4744174669e-02	1.5475553326e-12	6.9208778453e-13
5.3178474976e+08	7	7.7182000000e-02	2.9172053956e-02	9.0694721567e+01	7.0000000000e+00	7.7182000000e-02	2.9172053956e-02	2.1665774656e-12	8.1888931004e-13
5.3178484976e+08	7	7.7182000000e-02	2.9172053956e-02	9.0694721567e+01	7.0000000000e+00	7.7182000000e-02	2.9172053956e-02	2.1665774656e-12	8.1888931004e-13
5.3178494976e+08	6	6.6156000000e-02	2.7008073904e-02	9.0694721567e+01	6.0000000000e+00	6.6156000000e-02	2.7008073904e-02	1.8570663991e-12	7.5814418272e-13
5.3178504976e+08	4	4.4104000000e-02	2.2052000000e-02	9.0694721567e+01	4.0000000000e+00	4.4104000000e-02	2.2052000000e-02	1.2380442661e-12	6.1902213304e-13
5.3178514976e+08	7	7.7182000000e-02	2.9172053956e-02	9.0694721567e+01	7.0000000000e+00	7.7182000000e-02	2.9172053956e-02	2.1665774656e-12	8.1888931004e-13
5.3178524976e+08	4	4.4104000000e-02	2.2052000000e-02	9.0694721567e+01	4.0000000000e+00	4.4104000000e-02	2.2052000000e-02	1.2380442661e-12	6.1902213304e-13
5.3178534976e+08	7	7.7182000000e-02	2.9172053956e-02	9.0694721567e+01	7.0000000000e+00	7.7182000000e-02	2.9172053956e-02	2.1665774656e-12	8.1888931004e-13
5.3178544976e+08	11	1.2128600000e-01	3.6569104938e-02	9.0694721567e+01	1.1000000000e+01	1.2128600000e-01	3.6569104938e-02	3.4046217317e-12	1.0265320761e-12
5.3178554976e+08	14	1.5436400000e-01	4.1255514347e-02	9.0694721567e+01	1.4000000000e+01	1.5436400000e-01	4.1255514347e-02	4.3331549313e-12	1.1580843683e-12
5.3178564976e+08	3	3.3078000000e-02	1.9097592204e-02	9.0694721567e+01	3.0000000000e+00	3.3078000000e-02	1.9097592204e-02	9.2853319956e-13	5.3608889271e-13
5.3178574976e+08	6	6.6156000000e-02	2.7008073904e-02	9.0694721567e+01	6.0000000000e+00	6.6156000000e-02	2.7008073904e-02	1.8570663991e-12	7.5814418272e-13
5.3178584976e+08	2	2.2052000000e-02	1.5593118739e-02	9.0694721567e+01	2.0000000000e+00	2.2052000000e-02	1.5593118739e-02	6.1902213304e-13	4.3771474798e-13
5.3178594976e+08	3	3.3078000000e-02	1.9097592204e-02	9.0694721567e+01	3.0000000000e+00	3.3078000000e-02	1.9097592204e-02	9.2853319956e-13	5.3608889271e-13
5.3178604976e+08	7	7.7182000000e-02	2.9172053956e-02	9.0694721567e+01	7.0000000000e+00	7.7182000000e-02	2.9172053956e-02	2.1665774656e-12	8.1888931004e-13
5.3178614976e+08	9	9.9234000000e-02	3.3078000000e-02	9.0694721567e+01	9.0000000000e+00	9.9234000000e-02	3.3078000000e-02	2.7855995987e-12	9.2853319956e-13
5.3178624976e+08	8	8.8208000000e-02	3.1186237477e-02	9.0694721567e+01	8.0000000000e+00	8.8208000000e-02	3.1186237477e-02	2.4760885322e-12	8.7542949594e-13
5.3178634976e+08	5	5.5130000000e-02	2.4654885520e-02	9.0694721567e+01	5.0000000000e+00	5.5130000000e-02	2.4654885520e-02	1.5475553326e-12	6.9208778453e-13
5.3178644976e+08	8	8.8208000000e-02	3.1186237477e-02	9.0694721567e+01	8.0000000000e+00	8.8208000000e-02	3.1186237477e-02	2.4760885322e-12	8.7542949594e-13
5.3178654976e+08	10	1.1026000000e-01	3.4867273481e-02	9.0694721567e+01	1.0000000000e+01	1.1026000000e-01	3.4867273481e-02	3.0951106652e-12	9.7875993123e-13
5.3178664976e+08	10	1.1026000000e-01	3.4867273481e-02	9.0694721567e+01	1.0000000000e+01	1.1026000000e-01	3.4867273481e-02	3.0951106652e-12	9.7875993123e-13
5.3178674976e+08	6	6.6156000000e-02	2.7008073904e-02	9.0694721567e+01	6.0000000000e+00	6.6156000000e-02	2.7008073904e-02	1.8570663991e-12	7.5814418272e-13
5.3178684976e+08	8	8.8208000000e-02	3.1186237477e-02	9.0694721567e+01	8.0000000000e+00	8.8208000000e-02	3.1186237477e-02	2.4760885322e-12	8.7542949594e-13
5.3178694976e+08	5	5.5130000000e-02	2.4654885520e-02	9.0694721567e+01	5.0000000000e+00	5.5130000000e-02	2.4654885520e-02	1.5475553326e-12	6.9208778453e-13
5.3178704976e+08	8	8.8208000000e-02	3.1186237477e-02	9.0694721567e+01	7.8095238095e+00	8.6107809524e-02	3.1256874572e-02	2.4760885322e-12	8.7542949594e-13
5.3178714976e+08	10	1.1026000000e-01	3.4867273481e-02	9.0694721567e+01	9.8095238095e+00	1.0815980952e-01	3.4930467504e-02	3.0951106652e-12	9.7875993123e-13
5.3178724976e+08	6	6.6156000000e-02	2.7008073904e-02	9.0694721567e+01	5.8095238095e+00	6.4055809524e-02	2.7089607897e-02	1.8570663991e-12	7.5814418272e-13
5.3178734976e+08	7	7.7182000000e-02	2.9172053956e-02	9.0694721567e+01	7.0000000000e+00	7.7182000000e-02	2.9172053956e-02	2.1665774656e-12	8.1888931004e-13
5.3178744976e+08	6	6.6156000000e-02	2.7008073904e-02	9.0694721567e+01	6.0000000000e+00	6.6156000000e-02	2.7008073904e-02	1.8570663991e-12	7.5814418272e-13
5.3178754976e+08	11	1.2128600000e-01	3.6569104938e-02	9.0694721567e+01	1.1000000000e+01	1.2128600000e-01	3.6569104938e-02	3.4046217317e-12	1.0265320761e-12
5.3178764976e+08	10	1.1026000000e-01	3.4867273481e-02	9.0694721567e+01	1.0000000000e+01	1.1026000000e-01	3.4867273481e-02	3.0951106652e-12	9.7875993123e-13
5.3178774976e+08	11	1.2128600000e-01	3.6569104938e-02	9.0694721567e+01	1.1000000000e+01	1.2128600000e-01	3.6569104938e-02	3.4046217317e-12	1.0265320761e-12
5.3178784976e+08	8	8.8208000000e-02	3.1186237477e-02	9.0694721567e+01	8.0000000000e+00	8.8208000000e-02	3.1186237477e-02	2.4760885322e-12	8.7542949594e-13
5.3178794976e+08	8	8.8208000000e-02	3.1186237477e-02	9.0694721567e+01	8.0000000000e+00	8.8208000000e-02	3.1186237477e-02	2.4760885322e-12	8.7542949594e-13
5.3178804976e+08	12	1.3231200000e-01	3.8195184409e-02	9.0694721567e+01	1.1809523810e+01	1.3021180952e-01	3.8252881095e-02	3.7141327982e-12	1.0721777854e-12
5.3178814976e+08	8	8.8208000000e-02	3.1186237477e-02	9.0694721567e+01	7.4285714286e+00	8.1907428571e-02	3.1397672017e-02	2.4760885322e-12	8.7542949594e-13
5.3178824976e+08	10	1.1026000000e-01	3.4867273481e-02	9.0694721567e+01	1.0000000000e+01	1.1026000000e-01	3.4867273481e-02	3.0951106652e-12	9.7875993123e-13
5.3178834976e+08	8	8.8208000000e-02	3.1186237477e-02	9.0694721567e+01	8.0000000000e+00	8.8208000000e-02	3.1186237477e-02	2.4760885322e-12	8.7542949594e-13
5.3178844976e+08	10	1.1026000000e-01	3.4867273481e-02	9.0694721567e+01	9.8095238095e+00	1.0815980952e-01	3.4930467504e-02	3.0951106652e-12	9.7875993123e-13
5.3178854976e+08	8	8.8208000000e-02	3.1186237477e-02	9.0694721567e+01	8.0000000000e+00	8.8208000000e-02	3.1186237477e-02	2.4760885322e-12	8.7542949594e-13
5.3178864976e+08	11	1.2128600000e-01	3.6569104938e-02	9.0694721567e+01	1.1000000000e+01	1.2128600000e-01	3.6569104938e-02	3.4046217317e-12	1.0265320761e-12
5.3178874976e+08	13	1.4333800000e-01	3.9754808363e-02	9.0694721567e+01	1.3000000000e+01	1.4333800000e-01	3.9754808363e-02	4.0236438648e-12	1.1159580207e-12
5.3178884976e+08	9	9.9234000000e-02	3.3078000000e-02	9.0694721567e+01	9.0000000000e+00	9.9234000000e-02	3.3078000000e-02	2.7855995987e-12	9.2853319956e-13
5.3178894976e+08	6	6.6156000000e-02	2.7008073904e-02	9.0694721567e+01	6.0000000000e+00	6.6156000000e-02	2.7008073904e-02	1.8570663991e-12	7.5814418272e-13
5.3178904976e+08	10	1.1026000000e-01	3.4867273481e-02	9.0694721567e+01	1.0000000000e+01	1.1026000000e-01	3.4867273481e-02	3.0951106652e-12	9.7875993123e-13
5.3178914976e+08	6	6.6156000000e-02	2.7008073904e-02	9.0694721567e+01	6.0000000000e+00	6.6156000000e-02	2.7008073904e-02	1.8570663991e-12	7.5814418272e-13
5.3178924976e+08	6	6.6156000000e-02	2.7008073904e-02	9.0694721567e+01	5.6190476190e+00	6.1955619048e-02	2.7170897226e-02	1.8570663991e-12	7.5814418272e-13
5.3178934976e+08	5	5.5130000000e-02	2.4654885520e-02	9.0694721567e+01	5.0000000000e+00	5.5130000000e-02	2.4654885520e-02	1.5475553326e-12	6.9208778453e-13
5.3178944976e+08	10	1.1026000000e-01	3.4867273481e-02	9.0694721567e+01	1.0000000000e+01	1.1026000000e-01	3.4867273481e-02	3.0951106652e-12	9.7875993123e-13
5.3178954976e+08	5	5.5130000000e-02	2.4654885520e-02	9.0694721567e+01	5.0000000000e+00	5.5130000000e-02	2.4654885520e-02	1.5475553326e-12	6.9208778453e-13
5.3178964976e+08	8	8.8208000000e-02	3.1186237477e-02	9.0694721567e+01	8.0000000000e+00	8.8208000000e-02	3.1186237477e-02	2.4760885322e-12	8.7542949594e-13
5.3178974976e+08	7	7.7182000000e-02	2.9172053956e-02	9.0694721567e+01	6.8095238095e+00	7.5081809524e-02	2.9247556001e-02	2.1665774656e-12	8.1888931004e-13
5.3178984976e+08	9	9.9234000000e-02	3.3078000000e-02	9.0694721567e+01	9.0000000000e+00	9.9234000000e-02	3.3078000000e-02	2.7855995987e-12	9.2853319956e-13
5.3178994976e+08	5	5.5130000000e-02	2.4654885520e-02	9.0694721567e+01	5.0000000000e+00	5.5130000000e-02	2.4654885520e-02	1.5475553326e-12	6.9208778453e-13
5.3179004976e+08	9	9.9234000000e-02	3.3078000000e-02	9.0694721567e+01	8.8095238095e+00	9.7133809524e-02	3.3144605655e-02	2.7855995987e-12	9.2853319956e-13
5.3179014976e+08	6	6.6156000000e-02	2.7008073904e-02	9.0694721567e+01	6.0000000000e+00	6.6156000000e-02	2.7008073904e-02	1.8570663991e-12	7.5814418272e-13
5.3179024976e+08	12	1.3231200000e-01	3.8195184409e-02	9.0694721567e+01	1.2000000000e+01	1.3231200000e-01	3.8195184409e-02	3.7141327982e-12	1.0721777854e-12
5.3179034976e+08	9	9.9234000000e-02	3.3078000000e-02	9.0694721567e+01	9.0000000000e+00	9.9234000000e-02	3.3078000000e-02	2.7855995987e-12	9.2853319956e-13
5.3179044976e+08	12	1.3231200000e-01	3.8195184409e-02	9.0694721567e+01	1.2000000000e+01	1.3231200000e-01	3.8195184409e-02	3.7141327982e-12	1.0721777854e-12
5.3179054976e+08	8	8.8208000000e-02	3.1186237477e-02	9.0694721567e+01	7.8095238095e+00	8.6107809524e-02	3.1256874572e-02	2.4760885322e-12	8.7542949594e-13
5.3179064976e+08	7	7.7182000000e-02	2.9172053956e-02	9.0694721567e+01	6.6190476190e+00	7.2981619048e-02	2.9322863640e-02	2.1665774656e-12	8.1888931004e-13
5.3179074976e+08	9	9.9234000000e-02	3.3078000000e-02	9.0694721567e+01	9.0000000000e+00	9.9234000000e-02	3.3078000000e-02	2.7855995987e-12	9.2853319956e-13
5.3179084976e+08	9	9.9234000000e-02	3.3078000000e-02	9.0694721567e+01	9.0000000000e+00	9.9234000000e-02	3.3078000000e-02	2.7855995987e-12	9.2853319956e-13
5.3179094976e+08	12	1.3231200000e-01	3.8195184409e-02	9.0694721567e+01	1.2000000000e+01	1.3231200000e-01	3.8195184409e-02	3.7141327982e-12	1.0721777854e-12
5.3179104976e+08	9	9.9234000000e-02	3.3078000000e-02	9.0694721567e+01	9.0000000000e+00	9.9234000000e-02	3.3078000000e-02	2.7855995987e-12	9.2853319956e-13
5.3179114976e+08	4	4.4104000000e-02	2.2052000000e-02	9.0694721567e+01	4.0000000000e+00	4.4104000000e-02	2.2052000000e-02	1.2380442661e-12	6.1902213304e-13
5.3179124976e+08	8	8.8208000000e-02	3.1186237477e-02	9.0694721567e+01	8.0000000000e+00	8.8208000000e-02	3.1186237477e-02	2.4760885322e-12	8.7542949594e-13
5.3179134976e+08	6	6.6156000000e-02	2.7008073904e-02	9.0694721567e+01	6.0000000000e+00	6.6156000000e-02	2.7008073904e-02	1.8570663991e-12	7.5814418272e-13
5.3179144976e+08	6	6.6156000000e-02	2.7008073904e-02	9.0694721567e+01	5.8095238095e+00	6.4055809524e-02	2.7089607897e-02	1.8570663991e-12	7.5814418272e-13
5.3179154976e+08	3	3.3078000000e-02	1.9097592204e-02	9.0694721567e+01	3.0000000000e+00	3.3078000000e-02	1.9097592204e-02	9.2853319956e-13	5.3608889271e-13
5.3179164976e+08	7	7.7182000000e-02	2.9172053956e-02	9.0694721567e+01	7.0000000000e+00	7.7182000000e-02	2.9172053956e-02	2.1665774656e-12	8.1888931004e-13
5.3179174976e+08	5	5.5130000000e-02	2.4654885520e-02	9.0694721567e+01	5.0000000000e+00	5.5130000000e-02	2.4654885520e-02	1.5475553326e-12	6.9208778453e-13
5.3179184976e+08	6	6.6156000000e-02	2.7008073904e-02	9.0694721567e+01	6.0000000000e+00	6.6156000000e-02	2.7008073904e-02	1.8570663991e-12	7.5814418272e-13
5.3179194976e+08	8	8.8208000000e-02	3.1186237477e-02	9.0694721567e+01	8.0000000000e+00	8.8208000000e-02	3.1186237477e-02	2.4760885322e-12	8.7542949594e-13
5.3179204976e+08	5	5.5130000000e-02	2.4654885520e-02	9.0694721567e+01	5.0000000000e+00	5.5130000000e-02	2.4654885520e-02	1.5475553326e-12	6.9208778453e-13
5.3179214976e+08	12	1.3231200000e-01	3.8195184409e-02	9.0694721567e+01	1.2000000000e+01	1.3231200000e-01	3.8195184409e-02	3.7141327982e-12	1.0721777854e-12
5.3179224976e+08	8	8.8208000000e-02	3.1186237477e-02	9.0694721567e+01	8.0000000000e+00	8.8208000000e-02	3.1186237477e-02	2.4760885322e-12	8.7542949594e-13
5.3179234976e+08	6	6.6156000000e-02	2.7008073904e-02	9.0694721567e+01	6.0000000000e+00	6.6156000000e-02	2.7008073904e-02	1.8570663991e-12	7.5814418272e-13
5.3179244976e+08	11	1.2128600000e-01	3.6569104938e-02	9.0694721567e+01	1.1000000000e+01	1.2128600000e-01	3.6569104938e-02	3.4046217317e-12	1.0265320761e-12
5.3179254976e+08	6	6.6156000000e-02	2.7008073904e-02	9.0694721567e+01	5.8095238095e+00	6.4055809524e-02	2.7089607897e-02	1.8570663991e-12	7.5814418272e-13
5.3179264976e+08	16	1.7641600000e-01	4.4104000000e-02	9.0694721567e+01	1.6000000000e+01	1.7641600000e-01	4.4104000000e-02	4.9521770643e-12	1.2380442661e-12
5.3179274976e+08	9	9.9234000000e-02	3.3078000000e-02	9.0694721567e+01	9.0000000000e+00	9.9234000000e-02	3.3078000000e-02	2.7855995987e-12	9.2853319956e-13
5.3179284976e+08	7	7.7182000000e-02	2.9172053956e-02	9.0694721567e+01	6.6190476190e+00	7.2981619048e-02	2.9322863640e-02	2.1665774656e-12	8.1888931004e-13
5.3179294976e+08	7	7.7182000000e-02	2.9172053956e-02	9.0694721567e+01	6.8095238095e+00	7.5081809524e-02	2.9247556001e-02	2.1665774656e-12	8.1888931004e-13
5.3179304976e+08	13	1.4333800000e-01	3.9754808363e-02	9.0694721567e+01	1.3000000000e+01	1.4333800000e-01	3.9754808363e-02	4.0236438648e-12	1.1159580207e-12
5.3179314976e+08	9	9.9234000000e-02	3.3078000000e-02	9.0694721567e+01	9.0000000000e+00	9.9234000000e-02	3.3078000000e-02	2.7855995987e-12	9.2853319956e-13
5.3179324976e+08	5	5.5130000000e-02	2.4654885520e-02	9.0694721567e+01	5.0000000000e+00	5.5130000000e-02	2.4654885520e-02	1.5475553326e-12	6.9208778453e-13
5.3179334976e+08	9	9.9234000000e-02	3.3078000000e-02	9.0694721567e+01	9.0000000000e+00	9.9234000000e-02	3.3078000000e-02	2.7855995987e-12	9.2853319956e-13
5.3179344976e+08	3	3.3078000000e-02	1.9097592204e-02	9.0694721567e+01	3.0000000000e+00	3.3078000000e-02	1.9097592204e-02	9.2853319956e-13	5.3608889271e-13
5.3179354976e+08	8	8.8208000000e-02	3.1186237477e-02	9.0694721567e+01	8.0000000000e+00	8.8208000000e-02	3.1186237477e-02	2.4760885322e-12	8.7542949594e-13
5.3179364976e+08	7	7.7182000000e-02	2.9172053956e-02	9.0694721567e+01	7.0000000000e+00	7.7182000000e-02	2.9172053956e-02	2.1665774656e-12	8.1888931004e-13
5.3179374976e+08	4	4.4104000000e-02	2.2052000000e-02	9.0694721567e+01	4.0000000000e+00	4.4104000000e-02	2.2052000000e-02	1.2380442661e-12	6.1902213304e-13
5.3179384976e+08	8	8.8208000000e-02	3.1186237477e-02	9.0694721567e+01	8.0000000000e+00	8.8208000000e-02	3.1186237477e-02	2.4760885322e-12	8.7542949594e-13
5.3179394976e+08	2	2.2052000000e-02	1.5593118739e-02	9.0694721567e+01	2.0000000000e+00	2.2052000000e-02	1.5593118739e-02	6.1902213304e-13	4.3771474798e-13
5.3179404976e+08	3	3.3078000000e-02	1.9097592204e-02	9.0694721567e+01	3.0000000000e+00	3.3078000000e-02	1.9097592204e-02	9.2853319956e-13	5.3608889271e-13
5.3179414976e+08	4	4.4104000000e-02	2.2052000000e-02	9.0694721567e+01	3.8095238095e+00	4.2003809524e-02	2.2151783315e-02	1.2380442661e-12	6.1902213304e-13
5.3179424976e+08	1	1.1026000000e-02	1.1026000000e-02	9.0694721567e+01	1.0000000000e+00	1.1026000000e-02	1.1026000000e-02	3.0951106652e-13	3.0951106652e-13
5.3179434976e+08	6	6.6156000000e-02	2.7008073904e-02	9.0694721567e+01	6.0000000000e+00	6.6156000000e-02	2.7008073904e-02	1.8570663991e-12	7.5814418272e-13
5.3179444976e+08	3	3.3078000000e-02	1.9097592204e-02	9.0694721567e+01	3.0000000000e+00	3.3078000000e-02	1.9097592204e-02	9.2853319956e-13	5.3608889271e-13
5.3179454976e+08	6	6.6156000000e-02	2.7008073904e-02	9.0694721567e+01	6.0000000000e+00	6.6156000000e-02	2.7008073904e-02	1.8570663991e-12	7.5814418272e-13
5.3179464976e+08	7	7.7182000000e-02	2.9172053956e-02	9.0694721567e+01	7.0000000000e+00	7.7182000000e-02	2.9172053956e-02	2.1665774656e-12	8.1888931004e-13
5.3179474976e+08	8	8.8208000000e-02	3.1186237477e-02	9.0694721567e+01	8.0000000000e+00	8.8208000000e-02	3.1186237477e-02	2.4760885322e-12	8.7542949594e-13
5.3179484976e+08	8	8.8208000000e-02	3.1186237477e-02	9.0694721567e+01	8.0000000000e+00	8.8208000000e-02	3.1186237477e-02	2.4760885322e-12	8.7542949594e-13
5.3179494976e+08	2	2.2052000000e-02	1.5593118739e-02	9.0694721567e+01	2.0000000000e+00	2.2052000000e-02	1.5593118739e-02	6.1902213304e-13	4.3771474798e-13
5.3179504976e+08	5	5.5130000000e-02	2.4654885520e-02	9.0694721567e+01	5.0000000000e+00	5.5130000000e-02	2.4654885520e-02	1.5475553326e-12	6.9208778453e-13
5.3179514976e+08	6	6.6156000000e-02	2.7008073904e-02	9.0694721567e+01	5.8095238095e+00	6.4055809524e-02	2.7089607897e-02	1.8570663991e-12	7.5814418272e-13
5.3179524976e+08	6	6.6156000000e-02	2.7008073904e-02	9.0694721567e+01	5.8095238095e+00	6.4055809524e-02	2.7089607897e-02	1.8570663991e-12	7.5814418272e-13
5.3179534976e+08	7	7.7182000000e-02	2.9172053956e-02	9.0694721567e+01	7.0000000000e+00	7.7182000000e-02	2.9172053956e-02	2.1665774656e-12	8.1888931004e-13
5.3179544976e+08	4	4.4104000000e-02	2.2052000000e-02	9.0694721567e+01	4.0000000000e+00	4.4104000000e-02	2.2052000000e-02	1.2380442661e-12	6.1902213304e-13
5.3179554976e+08	5	5.5130000000e-02	2.4654885520e-02	9.0694721567e+01	5.0000000000e+00	5.5130000000e-02	2.4654885520e-02	1.5475553326e-12	6.9208778453e-13
5.3179564976e+08	9	9.9234000000e-02	3.3078000000e-02	9.0694721567e+01	9.0000000000e+00	9.9234000000e-02	3.3078000000e-02	2.7855995987e-12	9.2853319956e-13
5.3179574976e+08	10	1.1026000000e-01	3.4867273481e-02	9.0694721567e+01	1.0000000000e+01	1.1026000000e-01	3.4867273481e-02	3.0951106652e-12	9.7875993123e-13
5.3179584976e+08	4	4.4104000000e-02	2.2052000000e-02	9.0694721567e+01	4.0000000000e+00	4.4104000000e-02	2.2052000000e-02	1.2380442661e-12	6.1902213304e-13
5.3179594976e+08	5	5.5130000000e-02	2.4654885520e-02	9.0694721567e+01	5.0000000000e+00	5.5130000000e-02	2.4654885520e-02	1.5475553326e-12	6.9208778453e-13
5.3179604976e+08	7	7.7182000000e-02	2.9172053956e-02	9.0694721567e+01	7.0000000000e+00	7.7182000000e-02	2.9172053956e-02	2.1665774656e-12	8.1888931004e-13
5.3179614976e+08	6	6.6156000000e-02	2.7008073904e-02	9.0694721567e+01	6.0000000000e+00	6.6156000000e-02	2.7008073904e-02	1.8570663991e-12	7.5814418272e-13
5.3179624976e+08	11	1.2128600000e-01	3.6569104938e-02	9.0694721567e+01	1.0809523810e+01	1.1918580952e-01	3.6629363031e-02	3.4046217317e-12	1.0265320761e-12
5.3179634976e+08	14	1.5436400000e-01	4.1255514347e-02	9.0694721567e+01	1.4000000000e+01	1.5436400000e-01	4.1255514347e-02	4.3331549313e-12	1.1580843683e-12
5.3179644976e+08	6	6.6156000000e-02	2.7008073904e-02	9.0694721567e+01	6.0000000000e+00	6.6156000000e-02	2.7008073904e-02	1.8570663991e-12	7.5814418272e-13
5.3179654976e+08	7	7.7182000000e-02	2.9172053956e-02	9.0694721567e+01	7.0000000000e+00	7.7182000000e-02	2.9172053956e-02	2.1665774656e-12	8.1888931004e-13
5.3179664976e+08	3	3.3078000000e-02	1.9097592204e-02	9.0694721567e+01	2.8095238095e+00	3.0977809524e-02	1.9212725680e-02	9.2853319956e-13	5.3608889271e-13
5.3179674976e+08	11	1.2128600000e-01	3.6569104938e-02	9.0694721567e+01	1.1000000000e+01	1.2128600000e-01	3.6569104938e-02	3.4046217317e-12	1.0265320761e-12
5.3179684976e+08	7	7.7182000000e-02	2.9172053956e-02	9.0694721567e+01	6.8095238095e+00	7.5081809524e-02	2.9247556001e-02	2.1665774656e-12	8.1888931004e-13
5.3179694976e+08	7	7.7182000000e-02	2.9172053956e-02	9.0694721567e+01	7.0000000000e+00	7.7182000000e-02	2.9172053956e-02	2.1665774656e-12	8.1888931004e-13
5.3179704976e+08	15	1.6539000000e-01	4.2703514375e-02	9.0694721567e+01	1.5000000000e+01	1.6539000000e-01	4.2703514375e-02	4.6426659978e-12	1.1987312061e-12
5.3179714976e+08	10	1.1026000000e-01	3.4867273481e-02	9.0694721567e+01	1.0000000000e+01	1.1026000000e-01	3.4867273481e-02	3.0951106652e-12	9.7875993123e-13
5.3179724976e+08	8	8.8208000000e-02	3.1186237477e-02	9.0694721567e+01	8.0000000000e+00	8.8208000000e-02	3.1186237477e-02	2.4760885322e-12	8.7542949594e-13
5.3179734976e+08	7	7.7182000000e-02	2.9172053956e-02	9.0694721567e+01	7.0000000000e+00	7.7182000000e-02	2.9172053956e-02	2.1665774656e-12	8.1888931004e-13
5.3179744976e+08	12	1.3231200000e-01	3.8195184409e-02	9.0694721567e+01	1.2000000000e+01	1.3231200000e-01	3.8195184409e-02	3.7141327982e-12	1.0721777854e-12
5.3179754976e+08	15	1.6539000000e-01	4.2703514375e-02	9.0694721567e+01	1.4809523810e+01	1.6328980952e-01	4.2755127646e-02	4.6426659978e-12	1.1987312061e-12
5.3179764976e+08	8	8.8208000000e-02	3.1186237477e-02	9.0694721567e+01	8.0000000000e+00	8.8208000000e-02	3.1186237477e-02	2.4760885322e-12	8.7542949594e-13
5.3179774976e+08	9	9.9234000000e-02	3.3078000000e-02	9.0694721567e+01	9.0000000000e+00	9.9234000000e-02	3.3078000000e-02	2.7855995987e-12	9.2853319956e-13
5.3179784976e+08	7	7.7182000000e-02	2.9172053956e-02	9.0694721567e+01	7.0000000000e+00	7.7182000000e-02	2.9172053956e-02	2.1665774656e-12	8.1888931004e-13
5.3179794976e+08	14	1.5436400000e-01	4.1255514347e-02	9.0694721567e+01	1.4000000000e+01	1.5436400000e-01	4.1255514347e-02	4.3331549313e-12	1.1580843683e-12
5.3179804976e+08	12	1.3231200000e-01	3.8195184409e-02	9.0694721567e+01	1.2000000000e+01	1.3231200000e-01	3.8195184409e-02	3.7141327982e-12	1.0721777854e-12
5.3179814976e+08	4	4.4104000000e-02	2.2052000000e-02	9.0694721567e+01	4.0000000000e+00	4.4104000000e-02	2.2052000000e-02	1.2380442661e-12	6.1902213304e-13
5.3179824976e+08	10	1.1026000000e-01	3.4867273481e-02	9.0694721567e+01	1.0000000000e+01	1.1026000000e-01	3.4867273481e-02	3.0951106652e-12	9.7875993123e-13
5.3179834976e+08	13	1.4333800000e-01	3.9754808363e-02	9.0694721567e+01	1.3000000000e+01	1.4333800000e-01	3.9754808363e-02	4.0236438648e-12	1.1159580207e-12
5.3179844976e+08	10	1.1026000000e-01	3.4867273481e-02	9.0694721567e+01	1.0000000000e+01	1.1026000000e-01	3.4867273481e-02	3.0951106652e-12	9.7875993123e-13
5.3179854976e+08	7	7.7182000000e-02	2.9172053956e-02	9.0694721567e+01	7.0000000000e+00	7.7182000000e-02	2.9172053956e-02	2.1665774656e-12	8.1888931004e-13
5.3179864976e+08	10	1.1026000000e-01	3.4867273481e-02	9.0694721567e+01	1.0000000000e+01	1.1026000000e-01	3.4867273481e-02	3.0951106652e-12	9.7875993123e-13
5.3179874976e+08	9	9.9234000000e-02	3.3078000000e-02	9.0694721567e+01	8.8095238095e+00	9.7133809524e-02	3.3144605655e-02	2.7855995987e-12	9.2853319956e-13
5.3179884976e+08	10	1.1026000000e-01	3.4867273481e-02	9.0694721567e+01	1.0000000000e+01	1.1026000000e-01	3.4867273481e-02	3.0951106652e-12	9.7875993123e-13
5.3179894976e+08	10	1.1026000000e-01	3.4867273481e-02	9.0694721567e+01	1.0000000000e+01	1.1026000000e-01	3.4867273481e-02	3.0951106652e-12	9.7875993123e-13
5.3179904976e+08	5	5.5130000000e-02	2.4654885520e-02	9.0694721567e+01	5.0000000000e+00	5.5130000000e-02	2.4654885520e-02	1.5475553326e-12	6.9208778453e-13
5.3179914976e+08	13	1.4333800000e-01	3.9754808363e-02	9.0694721567e+01	1.3000000000e+01	1.4333800000e-01	3.9754808363e-02	4.0236438648e-12	1.1159580207e-12
5.3179924976e+08	8	8.8208000000e-02	3.1186237477e-02	9.0694721567e+01	8.0000000000e+00	8.8208000000e-02	3.1186237477e-02	2.4760885322e-12	8.7542949594e-13
5.3179934976e+08	13	1.4333800000e-01	3.9754808363e-02	9.0694721567e+01	1.3000000000e+01	1.4333800000e-01	3.9754808363e-02	4.0236438648e-12	1.1159580207e-12
5.3179944976e+08	12	1.3231200000e-01	3.8195184409e-02	9.0694721567e+01	1.2000000000e+01	1.3231200000e-01	3.8195184409e-02	3.7141327982e-12	1.0721777854e-12
5.3179954976e+08	9	9.9234000000e-02	3.3078000000e-02	9.0694721567e+01	9.0000000000e+00	9.9234000000e-02	3.3078000000e-02	2.7855995987e-12	9.2853319956e-13
5.3179964976e+08	5	5.5130000000e-02	2.4654885520e-02	9.0694721567e+01	5.0000000000e+00	5.5130000000e-02	2.4654885520e-02	1.5475553326e-12	6.9208778453e-13
5.3179974976e+08	6	6.6156000000e-02	2.7008073904e-02	9.0694721567e+01	6.0000000000e+00	6.6156000000e-02	2.7008073904e-02	1.8570663991e-12	7.5814418272e-13
5.3179984976e+08	10	1.1026000000e-01	3.4867273481e-02	9.0694721567e+01	1.0000000000e+01	1.1026000000e-01	3.4867273481e-02	3.0951106652e-12	9.7875993123e-13
5.3179994976e+08	11	1.2128600000e-01	3.6569104938e-02	9.0694721567e+01	1.1000000000e+01	1.2128600000e-01	3.6569104938e-02	3.4046217317e-12	1.0265320761e-12
5.3180004976e+08	7	7.7182000000e-02	2.9172053956e-02	9.0694721567e+01	7.0000000000e+00	7.7182000000e-02	2.9172053956e-02	2.1665774656e-12	8.1888931004e-13
5.3180014976e+08	11	1.2128600000e-01	3.6569104938e-02	9.0694721567e+01	1.1000000000e+01	1.2128600000e-01	3.6569104938e-02	3.4046217317e-12	1.0265320761e-12
5.3180024976e+08	12	1.3231200000e-01	3.8195184409e-02	9.0694721567e+01	1.2000000000e+01	1.3231200000e-01	3.8195184409e-02	3.7141327982e-12	1.0721777854e-12
5.3180034976e+08	5	5.5130000000e-02	2.4654885520e-02	9.0694721567e+01	5.0000000000e+00	5.5130000000e-02	2.4654885520e-02	1.5475553326e-12	6.9208778453e-13
5.3180044976e+08	7	7.7182000000e-02	2.9172053956e-02	9.0694721567e+01	7.0000000000e+00	7.7182000000e-02	2.9172053956e-02	2.1665774656e-12	8.1888931004e-13
5.3180054976e+08	11	1.2128600000e-01	3.6569104938e-02	9.0694721567e+01	1.1000000000e+01	1.2128600000e-01	3.6569104938e-02	3.4046217317e-12	1.0265320761e-12
5.3180064976e+08	6	6.6156000000e-02	2.7008073904e-02	9.0694721567e+01	6.0000000000e+00	6.6156000000e-02	2.7008073904e-02	1.8570663991e-12	7.5814418272e-13
5.3180074976e+08	9	9.9234000000e-02	3.3078000000e-02	9.0694721567e+01	9.0000000000e+00	9.9234000000e-02	3.3078000000e-02	2.7855995987e-12	9.2853319956e-13
5.3180084976e+08	11	1.2128600000e-01	3.6569104938e-02	9.0694721567e+01	1.0809523810e+01	1.1918580952e-01	3.6629363031e-02	3.4046217317e-12	1.0265320761e-12
5.3180094976e+08	9	9.9234000000e-02	3.3078000000e-02	9.0694721567e+01	9.0000000000e+00	9.9234000000e-02	3.3078000000e-02	2.7855995987e-12	9.2853319956e-13
5.3180104976e+08	2	2.2052000000e-02	1.5593118739e-02	9.0694721567e+01	2.0000000000e+00	2.2052000000e-02	1.5593118739e-02	6.1902213304e-13	4.3771474798e-13
5.3180114976e+08	5	5.5130000000e-02	2.4654885520e-02	9.0694721567e+01	5.0000000000e+00	5.5130000000e-02	2.4654885520e-02	1.5475553326e-12	6.9208778453e-13
5.3180124976e+08	8	8.8208000000e-02	3.1186237477e-02	9.0694721567e+01	8.0000000000e+00	8.8208000000e-02	3.1186237477e-02	2.4760885322e-12	8.7542949594e-13
5.3180134976e+08	4	4.4104000000e-02	2.2052000000e-02	9.0694721567e+01	4.0000000000e+00	4.4104000000e-02	2.2052000000e-02	1.2380442661e-12	6.1902213304e-13
5.3180144976e+08	6	6.6156000000e-02	2.7008073904e-02	9.0694721567e+01	6.0000000000e+00	6.6156000000e-02	2.7008073904e-02	1.8570663991e-12	7.5814418272e-13
5.3180154976e+08	6	6.6156000000e-02	2.7008073904e-02	9.0694721567e+01	6.0000000000e+00	6.6156000000e-02	2.7008073904e-02	1.8570663991e-12	7.5814418272e-13
5.3180164976e+08	10	1.1026000000e-01	3.4867273481e-02	9.0694721567e+01	1.0000000000e+01	1.1026000000e-01	3.4867273481e-02	3.0951106652e-12	9.7875993123e-13
5.3180174976e+08	4	4.4104000000e-02	2.2052000000e-02	9.0694721567e+01	4.0000000000e+00	4.4104000000e-02	2.2052000000e-02	1.2380442661e-12	6.1902213304e-13
5.3180184976e+08	6	6.6156000000e-02	2.7008073904e-02	9.0694721567e+01	6.0000000000e+00	6.6156000000e-02	2.7008073904e-02	1.8570663991e-12	7.5814418272e-13
5.3180194976e+08	6	6.6156000000e-02	2.7008073904e-02	9.0694721567e+01	6.0000000000e+00	6.6156000000e-02	2.7008073904e-02	1.8570663991e-12	7.5814418272e-13
5.3180204976e+08	8	8.8208000000e-02	3.1186237477e-02	9.0694721567e+01	7.8095238095e+00	8.6107809524e-02	3.1256874572e-02	2.4760885322e-12	8.7542949594e-13
5.3180214976e+08	8	8.8208000000e-02	3.1186237477e-02	9.0694721567e+01	8.0000000000e+00	8.8208000000e-02	3.1186237477e-02	2.4760885322e-12	8.7542949594e-13
5.3180224976e+08	4	4.4104000000e-02	2.2052000000e-02	9.0694721567e+01	4.0000000000e+00	4.4104000000e-02	2.2052000000e-02	1.2380442661e-12	6.1902213304e-13
5.3180234976e+08	11	1.2128600000e-01	3.6569104938e-02	9.0694721567e+01	1.1000000000e+01	1.2128600000e-01	3.6569104938e-02	3.4046217317e-12	1.0265320761e-12
5.3180244976e+08	6	6.6156000000e-02	2.7008073904e-02	9.0694721567e+01	6.0000000000e+00	6.6156000000e-02	2.7008073904e-02	1.8570663991e-12	7.5814418272e-13
5.3180254976e+08	6	6.6156000000e-02	2.7008073904e-02	9.0694721567e+01	6.0000000000e+00	6.6156000000e-02	2.7008073904e-02	1.8570663991e-12	7.5814418272e-13
5.3180264976e+08	8	8.8208000000e-02	3.1186237477e-02	9.0694721567e+01	7.8095238095e+00	8.6107809524e-02	3.1256874572e-02	2.4760885322e-12	8.7542949594e-13
5.3180274976e+08	6	6.6156000000e-02	2.7008073904e-02	9.0694721567e+01	6.0000000000e+00	6.6156000000e-02	2.7008073904e-02	1.8570663991e-12	7.5814418272e-13
5.3180284976e+08	7	7.7182000000e-02	2.9172053956e-02	9.0694721567e+01	7.0000000000e+00	7.7182000000e-02	2.9172053956e-02	2.1665774656e-12	8.1888931004e-13
5.3180294976e+08	10	1.1026000000e-01	3.4867273481e-02	9.0694721567e+01	1.0000000000e+01	1.1026000000e-01	3.4867273481e-02	3.0951106652e-12	9.7875993123e-13
5.3180304976e+08	2	2.2052000000e-02	1.5593118739e-02	9.0694721567e+01	2.0000000000e+00	2.2052000000e-02	1.5593118739e-02	6.1902213304e-13	4.3771474798e-13
5.3180314976e+08	3	3.3078000000e-02	1.9097592204e-02	9.0694721567e+01	3.0000000000e+00	3.3078000000e-02	1.9097592204e-02	9.2853319956e-13	5.3608889271e-13
5.3180324976e+08	5	5.5130000000e-02	2.4654885520e-02	9.0694721567e+01	5.0000000000e+00	5.5130000000e-02	2.4654885520e-02	1.5475553326e-12	6.9208778453e-13
5.3180334976e+08	0	0.0000000000e+00	0.0000000000e+00	9.0694721567e+01	0.0000000000e+00	0.0000000000e+00	0.0000000000e+00	0.0000000000e+00	0.0000000000e+00
5.3180344976e+08	6	6.6156000000e-02	2.7008073904e-02	9.0694721567e+01	6.0000000000e+00	6.6156000000e-02	2.7008073904e-02	1.8570663991e-12	7.5814418272e-13
5.3180354976e+08	8	8.8208000000e-02	3.1186237477e-02	9.0694721567e+01	8.0000000000e+00	8.8208000000e-02	3.1186237477e-02	2.4760885322e-12	8.7542949594e-13
5.3180364976e+08	6	6.6156000000e-02	2.7008073904e-02	9.0694721567e+01	6.0000000000e+00	6.6156000000e-02	2.7008073904e-02	1.8570663991e-12	7.5814418272e-13
5.3180374976e+08	4	4.4104000000e-02	2.2052000000e-02	9.0694721567e+01	4.0000000000e+00	4.4104000000e-02	2.2052000000e-02	1.2380442661e-12	6.1902213304e-13
5.3180384976e+08	5	5.5130000000e-02	2.4654885520e-02	9.0694721567e+01	5.0000000000e+00	5.5130000000e-02	2.4654885520e-02	1.5475553326e-12	6.9208778453e-13
5.3180394976e+08	4	4.4104000000e-02	2.2052000000e-02	9.0694721567e+01	4.0000000000e+00	4.4104000000e-02	2.2052000000e-02	1.2380442661e-12	6.1902213304e-13
5.3180404976e+08	4	4.4104000000e-02	2.2052000000e-02	9.0694721567e+01	4.0000000000e+00	4.4104000000e-02	2.2052000000e-02	1.2380442661e-12	6.1902213304e-13
5.3180414976e+08	5	5.5130000000e-02	2.4654885520e-02	9.0694721567e+01	5.0000000000e+00	5.5130000000e-02	2.4654885520e-02	1.5475553326e-12	6.9208778453e-13
5.3180424976e+08	7	7.7182000000e-02	2.9172053956e-02	9.0694721567e+01	7.0000000000e+00	7.7182000000e-02	2.9172053956e-02	2.1665774656e-12	8.1888931004e-13
5.3180434976e+08	11	1.2128600000e-01	3.6569104938e-02	9.0694721567e+01	1.1000000000e+01	1.2128600000e-01	3.6569104938e-02	3.4046217317e-12	1.0265320761e-12
5.3180444976e+08	2	2.2052000000e-02	1.5593118739e-02	9.0694721567e+01	2.0000000000e+00	2.2052000000e-02	1.5593118739e-02	6.1902213304e-13	4.3771474798e-13
5.3180454976e+08	16	1.7641600000e-01	4.4104000000e-02	9.0694721567e+01	1.5809523810e+01	1.7431580952e-01	4.4153976220e-02	4.9521770643e-12	1.2380442661e-12
5.3180464976e+08	4	4.4104000000e-02	2.2052000000e-02	9.0694721567e+01	4.0000000000e+00	4.4104000000e-02	2.2052000000e-02	1.2380442661e-12	6.1902213304e-13
5.3180474976e+08	10	1.1026000000e-01	3.4867273481e-02	9.0694721567e+01	1.0000000000e+01	1.1026000000e-01	3.4867273481e-02	3.0951106652e-12	9.7875993123e-13
5.3180484976e+08	6	6.6156000000e-02	2.7008073904e-02	9.0694721567e+01	6.0000000000e+00	6.6156000000e-02	2.7008073904e-02	1.8570663991e-12	7.5814418272e-13
5.3180494976e+08	7	7.7182000000e-02	2.9172053956e-02	9.0694721567e+01	7.0000000000e+00	7.7182000000e-02	2.9172053956e-02	2.1665774656e-12	8.1888931004e-13
5.3180504976e+08	7	7.7182000000e-02	2.9172053956e-02	9.0694721567e+01	7.0000000000e+00	7.7182000000e-02	2.9172053956e-02	2.1665774656e-12	8.1888931004e-13
5.3180514976e+08	5	5.5130000000e-02	2.4654885520e-02	9.0694721567e+01	5.0000000000e+00	5.5130000000e-02	2.4654885520e-02	1.5475553326e-12	6.9208778453e-13
5.3180524976e+08	11	1.2128600000e-01	3.6569104938e-02	9.0694721567e+01	1.1000000000e+01	1.2128600000e-01	3.6569104938e-02	3.4046217317e-12	1.0265320761e-12
5.3180534976e+08	4	4.4104000000e-02	2.2052000000e-02	9.0694721567e+01	4.0000000000e+00	4.4104000000e-02	2.2052000000e-02	1.2380442661e-12	6.1902213304e-13
5.3180544976e+08	5	5.5130000000e-02	2.4654885520e-02	9.0694721567e+01	5.0000000000e+00	5.5130000000e-02	2.4654885520e-02	1.5475553326e-12	6.9208778453e-13
5.3180554976e+08	9	9.9234000000e-02	3.3078000000e-02	9.0694721567e+01	8.8095238095e+00	9.7133809524e-02	3.3144605655e-02	2.7855995987e-12	9.2853319956e-13
5.3180564976e+08	5	5.5130000000e-02	2.4654885520e-02	9.0694721567e+01	5.0000000000e+00	5.5130000000e-02	2.4654885520e-02	1.5475553326e-12	6.9208778453e-13
5.3180574976e+08	3	3.3078000000e-02	1.9097592204e-02	9.0694721567e+01	3.0000000000e+00	3.3078000000e-02	1.9097592204e-02	9.2853319956e-13	5.3608889271e-13
5.3180584976e+08	11	1.2128600000e-01	3.6569104938e-02	9.0694721567e+01	1.1000000000e+01	1.2128600000e-01	3.6569104938e-02	3.4046217317e-12	1.0265320761e-12
5.3180594976e+08	9	9.9234000000e-02	3.3078000000e-02	9.0694721567e+01	9.0000000000e+00	9.9234000000e-02	3.3078000000e-02	2.7855995987e-12	9.2853319956e-13
5.3180604976e+08	3	3.3078000000e-02	1.9097592204e-02	9.0694721567e+01	3.0000000000e+00	3.3078000000e-02	1.9097592204e-02	9.2853319956e-13	5.3608889271e-13
5.3180614976e+08	6	6.6156000000e-02	2.7008073904e-02	9.0694721567e+01	5.8095238095e+00	6.4055809524e-02	2.7089607897e-02	1.8570663991e-12	7.5814418272e-13
5.3180624976e+08	6	6.6156000000e-02	2.7008073904e-02	9.0694721567e+01	6.0000000000e+00	6.6156000000e-02	2.7008073904e-02	1.8570663991e-12	7.5814418272e-13
5.3180634976e+08	3	3.3078000000e-02	1.9097592204e-02	9.0694721567e+01	3.0000000000e+00	3.3078000000e-02	1.9097592204e-02	9.2853319956e-13	5.3608889271e-13
5.3180644976e+08	14	1.5436400000e-01	4.1255514347e-02	9.0694721567e+01	1.4000000000e+01	1.5436400000e-01	4.1255514347e-02	4.3331549313e-12	1.1580843683e-12
5.3180654976e+08	8	8.8208000000e-02	3.1186237477e-02	9.0694721567e+01	8.0000000000e+00	8.8208000000e-02	3.1186237477e-02	2.4760885322e-12	8.7542949594e-13
5.3180664976e+08	10	1.1026000000e-01	3.4867273481e-02	9.0694721567e+01	1.0000000000e+01	1.1026000000e-01	3.4867273481e-02	3.0951106652e-12	9.7875993123e-13
5.3180674976e+08	9	9.9234000000e-02	3.3078000000e-02	9.0694721567e+01	9.0000000000e+00	9.9234000000e-02	3.3078000000e-02	2.7855995987e-12	9.2853319956e-13
5.3180684976e+08	6	6.6156000000e-02	2.7008073904e-02	9.0694721567e+01	6.0000000000e+00	6.6156000000e-02	2.7008073904e-02	1.8570663991e-12	7.5814418272e-13
5.3180694976e+08	3	3.3078000000e-02	1.9097592204e-02	9.0694721567e+01	3.0000000000e+00	3.3078000000e-02	1.9097592204e-02	9.2853319956e-13	5.3608889271e-13
5.3180704976e+08	4	4.4104000000e-02	2.2052000000e-02	9.0694721567e+01	4.0000000000e+00	4.4104000000e-02	2.2052000000e-02	1.2380442661e-12	6.1902213304e-13
5.3180714976e+08	3	3.3078000000e-02	1.9097592204e-02	9.0694721567e+01	3.0000000000e+00	3.3078000000e-02	1.9097592204e-02	9.2853319956e-13	5.3608889271e-13
5.3180724976e+08	4	4.4104000000e-02	2.2052000000e-02	9.0694721567e+01	4.0000000000e+00	4.4104000000e-02	2.2052000000e-02	1.2380442661e-12	6.1902213304e-13
5.3180734976e+08	7	7.7182000000e-02	2.9172053956e-02	9.0694721567e+01	7.0000000000e+00	7.7182000000e-02	2.9172053956e-02	2.1665774656e-12	8.1888931004e-13
5.3180744976e+08	4	4.4104000000e-02	2.2052000000e-02	9.0694721567e+01	4.0000000000e+00	4.4104000000e-02	2.2052000000e-02	1.2380442661e-12	6.1902213304e-13
5.3180754976e+08	8	8.8208000000e-02	3.1186237477e-02	9.0694721567e+01	8.0000000000e+00	8.8208000000e-02	3.1186237477e-02	2.4760885322e-12	8.7542949594e-13
5.3180764976e+08	7	7.7182000000e-02	2.9172053956e-02	9.0694721567e+01	7.0000000000e+00	7.7182000000e-02	2.9172053956e-02	2.1665774656e-12	8.1888931004e-13
5.3180774976e+08	4	4.4104000000e-02	2.2052000000e-02	9.0694721567e+01	4.0000000000e+00	4.4104000000e-02	2.2052000000e-02	1.2380442661e-12	6.1902213304e-13
5.3180784976e+08	9	9.9234000000e-02	3.3078000000e-02	9.0694721567e+01	9.0000000000e+00	9.9234000000e-02	3.3078000000e-02	2.7855995987e-12	9.2853319956e-13
5.3180794976e+08	12	1.3231200000e-01	3.8195184409e-02	9.0694721567e+01	1.2000000000e+01	1.3231200000e-01	3.8195184409e-02	3.7141327982e-12	1.0721777854e-12
5.3180804976e+08	13	1.4333800000e-01	3.9754808363e-02	9.0694721567e+01	1.3000000000e+01	1.4333800000e-01	3.9754808363e-02	4.0236438648e-12	1.1159580207e-12
5.3180814976e+08	10	1.1026000000e-01	3.4867273481e-02	9.0694721567e+01	1.0000000000e+01	1.1026000000e-01	3.4867273481e-02	3.0951106652e-12	9.7875993123e-13
5.3180824976e+08	7	7.7182000000e-02	2.9172053956e-02	9.0694721567e+01	7.0000000000e+00	7.7182000000e-02	2.9172053956e-02	2.1665774656e-12	8.1888931004e-13
5.3180834976e+08	11	1.2128600000e-01	3.6569104938e-02	9.0694721567e+01	1.1000000000e+01	1.2128600000e-01	3.6569104938e-02	3.4046217317e-12	1.0265320761e-12
5.3180844976e+08	4	4.4104000000e-02	2.2052000000e-02	9.0694721567e+01	4.0000000000e+00	4.4104000000e-02	2.2052000000e-02	1.2380442661e-12	6.1902213304e-13
5.3180854976e+08	7	7.7182000000e-02	2.9172053956e-02	9.0694721567e+01	7.0000000000e+00	7.7182000000e-02	2.9172053956e-02	2.1665774656e-12	8.1888931004e-13
5.3180864976e+08	5	5.5130000000e-02	2.4654885520e-02	9.0694721567e+01	5.0000000000e+00	5.5130000000e-02	2.4654885520e-02	1.5475553326e-12	6.9208778453e-13
5.3180874976e+08	6	6.6156000000e-02	2.7008073904e-02	9.0694721567e+01	6.0000000000e+00	6.6156000000e-02	2.7008073904e-02	1.8570663991e-12	7.5814418272e-13
5.3180884976e+08	3	3.3078000000e-02	1.9097592204e-02	9.0694721567e+01	3.0000000000e+00	3.3078000000e-02	1.9097592204e-02	9.2853319956e-13	5.3608889271e-13
5.3180894976e+08	3	3.3078000000e-02	1.9097592204e-02	9.0694721567e+01	3.0000000000e+00	3.3078000000e-02	1.9097592204e-02	9.2853319956e-13	5.3608889271e-13
5.3180904976e+08	7	7.7182000000e-02	2.9172053956e-02	9.0694721567e+01	7.0000000000e+00	7.7182000000e-02	2.9172053956e-02	2.1665774656e-12	8.1888931004e-13
5.3180914976e+08	6	6.6156000000e-02	2.7008073904e-02	9.0694721567e+01	6.0000000000e+00	6.6156000000e-02	2.7008073904e-02	1.8570663991e-12	7.5814418272e-13
5.3180924976e+08	2	2.2052000000e-02	1.5593118739e-02	9.0694721567e+01	2.0000000000e+00	2.2052000000e-02	1.5593118739e-02	6.1902213304e-13	4.3771474798e-13
5.3180934976e+08	9	9.9234000000e-02	3.3078000000e-02	9.0694721567e+01	9.0000000000e+00	9.9234000000e-02	3.3078000000e-02	2.7855995987e-12	9.2853319956e-13
5.3180944976e+08	6	6.6156000000e-02	2.7008073904e-02	9.0694721567e+01	6.0000000000e+00	6.6156000000e-02	2.7008073904e-02	1.8570663991e-12	7.5814418272e-13
5.3180954976e+08	4	4.4104000000e-02	2.2052000000e-02	9.0694721567e+01	4.0000000000e+00	4.4104000000e-02	2.2052000000e-02	1.2380442661e-12	6.1902213304e-13
5.3180964976e+08	3	3.3078000000e-02	1.9097592204e-02	9.0694721567e+01	3.0000000000e+00	3.3078000000e-02	1.9097592204e-02	9.2853319956e-13	5.3608889271e-13
5.3180974976e+08	5	5.5130000000e-02	2.4654885520e-02	9.0694721567e+01	5.0000000000e+00	5.5130000000e-02	2.4654885520e-02	1.5475553326e-12	6.9208778453e-13
5.3180984976e+08	6	6.6156000000e-02	2.7008073904e-02	9.0694721567e+01	6.0000000000e+00	6.6156000000e-02	2.7008073904e-02	1.8570663991e-12	7.5814418272e-13
5.3180994976e+08	5	5.5130000000e-02	2.4654885520e-02	9.0694721567e+01	5.0000000000e+00	5.5130000000e-02	2.4654885520e-02	1.5475553326e-12	6.9208778453e-13
5.3181004976e+08	2	2.2052000000e-02	1.5593118739e-02	9.0694721567e+01	2.0000000000e+00	2.2052000000e-02	1.5593118739e-02	6.1902213304e-13	4.3771474798e-13
5.3181014976e+08	6	6.6156000000e-02	2.7008073904e-02	9.0694721567e+01	6.0000000000e+00	6.6156000000e-02	2.7008073904e-02	1.8570663991e-12	7.5814418272e-13
5.3181024976e+08	9	9.9234000000e-02	3.3078000000e-02	9.0694721567e+01	9.0000000000e+00	9.9234000000e-02	3.3078000000e-02	2.7855995987e-12	9.2853319956e-13
5.3181034976e+08	8	8.8208000000e-02	3.1186237477e-02	9.0694721567e+01	7.8095238095e+00	8.6107809524e-02	3.1256874572e-02	2.4760885322e-12	8.7542949594e-13
5.3181044976e+08	3	3.3078000000e-02	1.9097592204e-02	9.0694721567e+01	3.0000000000e+00	3.3078000000e-02	1.9097592204e-02	9.2853319956e-13	5.3608889271e-13
5.3181054976e+08	7	7.7182000000e-02	2.9172053956e-02	9.0694721567e+01	7.0000000000e+00	7.7182000000e-02	2.9172053956e-02	2.1665774656e-12	8.1888931004e-13
5.3181064976e+08	10	1.1026000000e-01	3.4867273481e-02	9.0694721567e+01	1.0000000000e+01	1.1026000000e-01	3.4867273481e-02	3.0951106652e-12	9.7875993123e-13
5.3181074976e+08	5	5.5130000000e-02	2.4654885520e-02	9.0694721567e+01	5.0000000000e+00	5.5130000000e-02	2.4654885520e-02	1.5475553326e-12	6.9208778453e-13
5.3181084976e+08	8	8.8208000000e-02	3.1186237477e-02	9.0694721567e+01	8.0000000000e+00	8.8208000000e-02	3.1186237477e-02	2.4760885322e-12	8.7542949594e-13
5.3181094976e+08	7	7.7182000000e-02	2.9172053956e-02	9.0694721567e+01	7.0000000000e+00	7.7182000000e-02	2.9172053956e-02	2.1665774656e-12	8.1888931004e-13
5.3181104976e+08	4	4.4104000000e-02	2.2052000000e-02	9.0694721567e+01	4.0000000000e+00	4.4104000000e-02	2.2052000000e-02	1.2380442661e-12	6.1902213304e-13
5.3181114976e+08	5	5.5130000000e-02	2.4654885520e-02	9.0694721567e+01	5.0000000000e+00	5.5130000000e-02	2.4654885520e-02	1.5475553326e-12	6.9208778453e-13
5.3181124976e+08	9	9.9234000000e-02	3.3078000000e-02	9.0694721567e+01	9.0000000000e+00	9.9234000000e-02	3.3078000000e-02	2.7855995987e-12	9.2853319956e-13
5.3181134976e+08	3	3.3078000000e-02	1.9097592204e-02	9.0694721567e+01	3.0000000000e+00	3.3078000000e-02	1.9097592204e-02	9.2853319956e-13	5.3608889271e-13
5.3181144976e+08	5	5.5130000000e-02	2.4654885520e-02	9.0694721567e+01	5.0000000000e+00	5.5130000000e-02	2.4654885520e-02	1.5475553326e-12	6.9208778453e-13
5.3181154976e+08	8	8.8208000000e-02	3.1186237477e-02	9.0694721567e+01	8.0000000000e+00	8.8208000000e-02	3.1186237477e-02	2.4760885322e-12	8.7542949594e-13
5.3181164976e+08	9	9.9234000000e-02	3.3078000000e-02	9.0694721567e+01	9.0000000000e+00	9.9234000000e-02	3.3078000000e-02	2.7855995987e-12	9.2853319956e-13
5.3181174976e+08	11	1.2128600000e-01	3.6569104938e-02	9.0694721567e+01	1.1000000000e+01	1.2128600000e-01	3.6569104938e-02	3.4046217317e-12	1.0265320761e-12
5.3181184976e+08	13	1.4333800000e-01	3.9754808363e-02	9.0694721567e+01	1.3000000000e+01	1.4333800000e-01	3.9754808363e-02	4.0236438648e-12	1.1159580207e-12
5.3181194976e+08	14	1.5436400000e-01	4.1255514347e-02	9.0694721567e+01	1.3809523810e+01	1.5226380952e-01	4.1308936854e-02	4.3331549313e-12	1.1580843683e-12
5.3181204976e+08	4	4.4104000000e-02	2.2052000000e-02	9.0694721567e+01	4.0000000000e+00	4.4104000000e-02	2.2052000000e-02	1.2380442661e-12	6.1902213304e-13
5.3181214976e+08	3	3.3078000000e-02	1.9097592204e-02	9.0694721567e+01	3.0000000000e+00	3.3078000000e-02	1.9097592204e-02	9.2853319956e-13	5.3608889271e-13
5.3181224976e+08	5	5.5130000000e-02	2.4654885520e-02	9.0694721567e+01	4.8095238095e+00	5.3029809524e-02	2.4744174669e-02	1.5475553326e-12	6.9208778453e-13
5.3181234976e+08	8	8.8208000000e-02	3.1186237477e-02	9.0694721567e+01	8.0000000000e+00	8.8208000000e-02	3.1186237477e-02	2.4760885322e-12	8.7542949594e-13
5.3181244976e+08	5	5.5130000000e-02	2.4654885520e-02	9.0694721567e+01	4.8095238095e+00	5.3029809524e-02	2.4744174669e-02	1.5475553326e-12	6.9208778453e-13
5.3181254976e+08	4	4.4104000000e-02	2.2052000000e-02	9.0694721567e+01	4.0000000000e+00	4.4104000000e-02	2.2052000000e-02	1.2380442661e-12	6.1902213304e-13
5.3181264976e+08	7	7.7182000000e-02	2.9172053956e-02	9.0694721567e+01	7.0000000000e+00	7.7182000000e-02	2.9172053956e-02	2.1665774656e-12	8.1888931004e-13
5.3181274976e+08	5	5.5130000000e-02	2.4654885520e-02	9.0694721567e+01	5.0000000000e+00	5.5130000000e-02	2.4654885520e-02	1.5475553326e-12	6.9208778453e-13
5.3181284976e+08	9	9.9234000000e-02	3.3078000000e-02	9.0694721567e+01	9.0000000000e+00	9.9234000000e-02	3.3078000000e-02	2.7855995987e-12	9.2853319956e-13
5.3181294976e+08	7	7.7182000000e-02	2.9172053956e-02	9.0694721567e+01	7.0000000000e+00	7.7182000000e-02	2.9172053956e-02	2.1665774656e-12	8.1888931004e-13
5.3181304976e+08	8	8.8208000000e-02	3.1186237477e-02	9.0694721567e+01	8.0000000000e+00	8.8208000000e-02	3.1186237477e-02	2.4760885322e-12	8.7542949594e-13
5.3181314976e+08	2	2.2052000000e-02	1.5593118739e-02	9.0694721567e+01	2.0000000000e+00	2.2052000000e-02	1.5593118739e-02	6.1902213304e-13	4.3771474798e-13
5.3181324976e+08	14	1.5436400000e-01	4.1255514347e-02	9.0694721567e+01	1.4000000000e+01	1.5436400000e-01	4.1255514347e-02	4.3331549313e-12	1.1580843683e-12
5.3181334976e+08	7	7.7182000000e-02	2.9172053956e-02	9.0694721567e+01	7.0000000000e+00	7.7182000000e-02	2.9172053956e-02	2.1665774656e-12	8.1888931004e-13
5.3181344976e+08	8	8.8208000000e-02	3.1186237477e-02	9.0694721567e+01	8.0000000000e+00	8.8208000000e-02	3.1186237477e-02	2.4760885322e-12	8.7542949594e-13
5.3181354976e+08	10	1.1026000000e-01	3.4867273481e-02	9.0694721567e+01	1.0000000000e+01	1.1026000000e-01	3.4867273481e-02	3.0951106652e-12	9.7875993123e-13
5.3181364976e+08	4	4.4104000000e-02	2.2052000000e-02	9.0694721567e+01	4.0000000000e+00	4.4104000000e-02	2.2052000000e-02	1.2380442661e-12	6.1902213304e-13
5.3181374976e+08	13	1.4333800000e-01	3.9754808363e-02	9.0694721567e+01	1.3000000000e+01	1.4333800000e-01	3.9754808363e-02	4.0236438648e-12	1.1159580207e-12
5.3181384976e+08	8	8.8208000000e-02	3.1186237477e-02	9.0694721567e+01	7.8095238095e+00	8.6107809524e-02	3.1256874572e-02	2.4760885322e-12	8.7542949594e-13
5.3181394976e+08	9	9.9234000000e-02	3.3078000000e-02	9.0694721567e+01	9.0000000000e+00	9.9234000000e-02	3.3078000000e-02	2.7855995987e-12	9.2853319956e-13
5.3181404976e+08	4	4.4104000000e-02	2.2052000000e-02	9.0694721567e+01	4.0000000000e+00	4.4104000000e-02	2.2052000000e-02	1.2380442661e-12	6.1902213304e-13
5.3181414976e+08	11	1.2128600000e-01	3.6569104938e-02	9.0694721567e+01	1.1000000000e+01	1.2128600000e-01	3.6569104938e-02	3.4046217317e-12	1.0265320761e-12
5.3181424976e+08	2	2.2052000000e-02	1.5593118739e-02	9.0694721567e+01	2.0000000000e+00	2.2052000000e-02	1.5593118739e-02	6.1902213304e-13	4.3771474798e-13
5.3181434976e+08	9	9.9234000000e-02	3.3078000000e-02	9.0694721567e+01	9.0000000000e+00	9.9234000000e-02	3.3078000000e-02	2.7855995987e-12	9.2853319956e-13
5.3181444976e+08	9	9.9234000000e-02	3.3078000000e-02	9.0694721567e+01	9.0000000000e+00	9.9234000000e-02	3.3078000000e-02	2.7855995987e-12	9.2853319956e-13
5.3181454976e+08	9	9.9234000000e-02	3.3078000000e-02	9.0694721567e+01	9.0000000000e+00	9.9234000000e-02	3.3078000000e-02	2.7855995987e-12	9.2853319956e-13
5.3181464976e+08	9	9.9234000000e-02	3.3078000000e-02	9.0694721567e+01	9.0000000000e+00	9.9234000000e-02	3.3078000000e-02	2.7855995987e-12	9.2853319956e-13
5.3181474976e+08	9	9.9234000000e-02	3.3078000000e-02	9.0694721567e+01	9.0000000000e+00	9.9234000000e-02	3.3078000000e-02	2.7855995987e-12	9.2853319956e-13
5.3181484976e+08	13	1.4333800000e-01	3.9754808363e-02	9.0694721567e+01	1.3000000000e+01	1.4333800000e-01	3.9754808363e-02	4.0236438648e-12	1.1159580207e-12
5.3181494976e+08	4	4.4104000000e-02	2.2052000000e-02	9.0694721567e+01	4.0000000000e+00	4.4104000000e-02	2.2052000000e-02	1.2380442661e-12	6.1902213304e-13
5.3181504976e+08	8	8.8208000000e-02	3.1186237477e-02	9.0694721567e+01	8.0000000000e+00	8.8208000000e-02	3.1186237477e-02	2.4760885322e-12	8.7542949594e-13
5.3181514976e+08	14	1.5436400000e-01	4.1255514347e-02	9.0694721567e+01	1.4000000000e+01	1.5436400000e-01	4.1255514347e-02	4.3331549313e-12	1.1580843683e-12
5.3181524976e+08	10	1.1026000000e-01	3.4867273481e-02	9.0694721567e+01	1.0000000000e+01	1.1026000000e-01	3.4867273481e-02	3.0951106652e-12	9.7875993123e-13
5.3181534976e+08	9	9.9234000000e-02	3.3078000000e-02	9.0694721567e+01	9.0000000000e+00	9.9234000000e-02	3.3078000000e-02	2.7855995987e-12	9.2853319956e-13
5.3181544976e+08	7	7.7182000000e-02	2.9172053956e-02	9.0694721567e+01	7.0000000000e+00	7.7182000000e-02	2.9172053956e-02	2.1665774656e-12	8.1888931004e-13
5.3181554976e+08	7	7.7182000000e-02	2.9172053956e-02	9.0694721567e+01	7.0000000000e+00	7.7182000000e-02	2.9172053956e-02	2.1665774656e-12	8.1888931004e-13
5.3181564976e+08	4	4.4104000000e-02	2.2052000000e-02	9.0694721567e+01	4.0000000000e+00	4.4104000000e-02	2.2052000000e-02	1.2380442661e-12	6.1902213304e-13
5.3181574976e+08	6	6.6156000000e-02	2.7008073904e-02	9.0694721567e+01	6.0000000000e+00	6.6156000000e-02	2.7008073904e-02	1.8570663991e-12	7.5814418272e-13
5.3181584976e+08	5	5.5130000000e-02	2.4654885520e-02	9.0694721567e+01	5.0000000000e+00	5.5130000000e-02	2.4654885520e-02	1.5475553326e-12	6.9208778453e-13
5.3181594976e+08	3	3.3078000000e-02	1.9097592204e-02	9.0694721567e+01	3.0000000000e+00	3.3078000000e-02	1.9097592204e-02	9.2853319956e-13	5.3608889271e-13
5.3181604976e+08	10	1.1026000000e-01	3.4867273481e-02	9.0694721567e+01	1.0000000000e+01	1.1026000000e-01	3.4867273481e-02	3.0951106652e-12	9.7875993123e-13
5.3181614976e+08	5	5.5130000000e-02	2.4654885520e-02	9.0694721567e+01	5.0000000000e+00	5.5130000000e-02	2.4654885520e-02	1.5475553326e-12	6.9208778453e-13
5.3181624976e+08	4	4.4104000000e-02	2.2052000000e-02	9.0694721567e+01	3.8095238095e+00	4.2003809524e-02	2.2151783315e-02	1.2380442661e-12	6.1902213304e-13
5.3181634976e+08	4	4.4104000000e-02	2.2052000000e-02	9.0694721567e+01	4.0000000000e+00	4.4104000000e-02	2.2052000000e-02	1.2380442661e-12	6.1902213304e-13
5.3181644976e+08	10	1.1026000000e-01	3.4867273481e-02	9.0694721567e+01	9.8095238095e+00	1.0815980952e-01	3.4930467504e-02	3.0951106652e-12	9.7875993123e-13
5.3181654976e+08	9	9.9234000000e-02	3.3078000000e-02	9.0694721567e+01	8.8095238095e+00	9.7133809524e-02	3.3144605655e-02	2.7855995987e-12	9.2853319956e-13
5.3181664976e+08	7	7.7182000000e-02	2.9172053956e-02	9.0694721567e+01	7.0000000000e+00	7.7182000000e-02	2.9172053956e-02	2.1665774656e-12	8.1888931004e-13
5.3181674976e+08	9	9.9234000000e-02	3.3078000000e-02	9.0694721567e+01	9.0000000000e+00	9.9234000000e-02	3.3078000000e-02	2.7855995987e-12	9.2853319956e-13
5.3181684976e+08	5	5.5130000000e-02	2.4654885520e-02	9.0694721567e+01	5.0000000000e+00	5.5130000000e-02	2.4654885520e-02	1.5475553326e-12	6.9208778453e-13
5.3181694976e+08	5	5.5130000000e-02	2.4654885520e-02	9.0694721567e+01	5.0000000000e+00	5.5130000000e-02	2.4654885520e-02	1.5475553326e-12	6.9208778453e-13
5.3181704976e+08	12	1.3231200000e-01	3.8195184409e-02	9.0694721567e+01	1.2000000000e+01	1.3231200000e-01	3.8195184409e-02	3.7141327982e-12	1.0721777854e-12
5.3181714976e+08	8	8.8208000000e-02	3.1186237477e-02	9.0694721567e+01	8.0000000000e+00	8.8208000000e-02	3.1186237477e-02	2.4760885322e-12	8.7542949594e-13
5.3181724976e+08	10	1.1026000000e-01	3.4867273481e-02	9.0694721567e+01	1.0000000000e+01	1.1026000000e-01	3.4867273481e-02	3.0951106652e-12	9.7875993123e-13
5.3181734976e+08	5	5.5130000000e-02	2.4654885520e-02	9.0694721567e+01	5.0000000000e+00	5.5130000000e-02	2.4654885520e-02	1.5475553326e-12	6.9208778453e-13
5.3181744976e+08	5	5.5130000000e-02	2.4654885520e-02	9.0694721567e+01	5.0000000000e+00	5.5130000000e-02	2.4654885520e-02	1.5475553326e-12	6.9208778453e-13
5.3181754976e+08	7	7.7182000000e-02	2.9172053956e-02	9.0694721567e+01	7.0000000000e+00	7.7182000000e-02	2.9172053956e-02	2.1665774656e-12	8.1888931004e-13
5.3181764976e+08	8	8.8208000000e-02	3.1186237477e-02	9.0694721567e+01	8.0000000000e+00	8.8208000000e-02	3.1186237477e-02	2.4760885322e-12	8.7542949594e-13
5.3181774976e+08	7	7.7182000000e-02	2.9172053956e-02	9.0694721567e+01	7.0000000000e+00	7.7182000000e-02	2.9172053956e-02	2.1665774656e-12	8.1888931004e-13
5.3181784976e+08	6	6.6156000000e-02	2.7008073904e-02	9.0694721567e+01	6.0000000000e+00	6.6156000000e-02	2.7008073904e-02	1.8570663991e-12	7.5814418272e-13
5.3181794976e+08	6	6.6156000000e-02	2.7008073904e-02	9.0694721567e+01	6.0000000000e+00	6.6156000000e-02	2.7008073904e-02	1.8570663991e-12	7.5814418272e-13
5.3181804976e+08	8	8.8208000000e-02	3.1186237477e-02	9.0694721567e+01	8.0000000000e+00	8.8208000000e-02	3.1186237477e-02	2.4760885322e-12	8.7542949594e-13
5.3181814976e+08	4	4.4104000000e-02	2.2052000000e-02	9.0694721567e+01	4.0000000000e+00	4.4104000000e-02	2.2052000000e-02	1.2380442661e-12	6.1902213304e-13
5.3181824976e+08	4	4.4104000000e-02	2.2052000000e-02	9.0694721567e+01	4.0000000000e+00	4.4104000000e-02	2.2052000000e-02	1.2380442661e-12	6.1902213304e-13
5.3181834976e+08	8	8.8208000000e-02	3.1186237477e-02	9.0694721567e+01	8.0000000000e+00	8.8208000000e-02	3.1186237477e-02	2.4760885322e-12	8.7542949594e-13
5.3181844976e+08	7	7.7182000000e-02	2.9172053956e-02	9.0694721567e+01	7.0000000000e+00	7.7182000000e-02	2.9172053956e-02	2.1665774656e-12	8.1888931004e-13
5.3181854976e+08	2	2.2052000000e-02	1.5593118739e-02	9.0694721567e+01	2.0000000000e+00	2.2052000000e-02	1.5593118739e-02	6.1902213304e-13	4.3771474798e-13
5.3181864976e+08	12	1.3231200000e-01	3.8195184409e-02	9.0694721567e+01	1.1809523810e+01	1.3021180952e-01	3.8252881095e-02	3.7141327982e-12	1.0721777854e-12
5.3181874976e+08	8	8.8208000000e-02	3.1186237477e-02	9.0694721567e+01	8.0000000000e+00	8.8208000000e-02	3.1186237477e-02	2.4760885322e-12	8.7542949594e-13
5.3181884976e+08	7	7.7182000000e-02	2.9172053956e-02	9.0694721567e+01	7.0000000000e+00	7.7182000000e-02	2.9172053956e-02	2.1665774656e-12	8.1888931004e-13
5.3181894976e+08	7	7.7182000000e-02	2.9172053956e-02	9.0694721567e+01	7.0000000000e+00	7.7182000000e-02	2.9172053956e-02	2.1665774656e-12	8.1888931004e-13
5.3181904976e+08	7	7.7182000000e-02	2.9172053956e-02	9.0694721567e+01	7.0000000000e+00	7.7182000000e-02	2.9172053956e-02	2.1665774656e-12	8.1888931004e-13
5.3181914976e+08	8	8.8208000000e-02	3.1186237477e-02	9.0694721567e+01	8.0000000000e+00	8.8208000000e-02	3.1186237477e-02	2.4760885322e-12	8.7542949594e-13
5.3181924976e+08	3	3.3078000000e-02	1.9097592204e-02	9.0694721567e+01	3.0000000000e+00	3.3078000000e-02	1.9097592204e-02	9.2853319956e-13	5.3608889271e-13
5.3181934976e+08	6	6.6156000000e-02	2.7008073904e-02	9.0694721567e+01	6.0000000000e+00	6.6156000000e-02	2.7008073904e-02	1.8570663991e-12	7.5814418272e-13
5.3181944976e+08	11	1.2128600000e-01	3.6569104938e-02	9.0694721567e+01	1.1000000000e+01	1.2128600000e-01	3.6569104938e-02	3.4046217317e-12	1.0265320761e-12
5.3181954976e+08	12	1.3231200000e-01	3.8195184409e-02	9.0694721567e+01	1.2000000000e+01	1.3231200000e-01	3.8195184409e-02	3.7141327982e-12	1.0721777854e-12
5.3181964976e+08	5	5.5130000000e-02	2.4654885520e-02	9.0694721567e+01	5.0000000000e+00	5.5130000000e-02	2.4654885520e-02	1.5475553326e-12	6.9208778453e-13
5.3181974976e+08	10	1.1026000000e-01	3.4867273481e-02	9.0694721567e+01	1.0000000000e+01	1.1026000000e-01	3.4867273481e-02	3.0951106652e-12	9.7875993123e-13
5.3181984976e+08	10	1.1026000000e-01	3.4867273481e-02	9.0694721567e+01	1.0000000000e+01	1.1026000000e-01	3.4867273481e-02	3.0951106652e-12	9.7875993123e-13
5.3181994976e+08	3	3.3078000000e-02	1.9097592204e-02	9.0694721567e+01	3.0000000000e+00	3.3078000000e-02	1.9097592204e-02	9.2853319956e-13	5.3608889271e-13
5.3182004976e+08	8	8.8208000000e-02	3.1186237477e-02	9.0694721567e+01	7.8095238095e+00	8.6107809524e-02	3.1256874572e-02	2.4760885322e-12	8.7542949594e-13
5.3182014976e+08	6	6.6156000000e-02	2.7008073904e-02	9.0694721567e+01	5.8095238095e+00	6.4055809524e-02	2.7089607897e-02	1.8570663991e-12	7.5814418272e-13
5.3182024976e+08	5	5.5130000000e-02	2.4654885520e-02	9.0694721567e+01	5.0000000000e+00	5.5130000000e-02	2.4654885520e-02	1.5475553326e-12	6.9208778453e-13
5.3182034976e+08	8	8.8208000000e-02	3.1186237477e-02	9.0694721567e+01	7.8095238095e+00	8.6107809524e-02	3.1256874572e-02	2.4760885322e-12	8.7542949594e-13
5.3182044976e+08	5	5.5130000000e-02	2.4654885520e-02	9.0694721567e+01	5.0000000000e+00	5.5130000000e-02	2.4654885520e-02	1.5475553326e-12	6.9208778453e-13
5.3182054976e+08	5	5.5130000000e-02	2.4654885520e-02	9.0694721567e+01	5.0000000000e+00	5.5130000000e-02	2.4654885520e-02	1.5475553326e-12	6.9208778453e-13
5.3182064976e+08	4	4.4104000000e-02	2.2052000000e-02	9.0694721567e+01	4.0000000000e+00	4.4104000000e-02	2.2052000000e-02	1.2380442661e-12	6.1902213304e-13
5.3182074976e+08	5	5.5130000000e-02	2.4654885520e-02	9.0694721567e+01	5.0000000000e+00	5.5130000000e-02	2.4654885520e-02	1.5475553326e-12	6.9208778453e-13
5.3182084976e+08	3	3.3078000000e-02	1.9097592204e-02	9.0694721567e+01	3.0000000000e+00	3.3078000000e-02	1.9097592204e-02	9.2853319956e-13	5.3608889271e-13
5.3182094976e+08	3	3.3078000000e-02	1.9097592204e-02	9.0694721567e+01	3.0000000000e+00	3.3078000000e-02	1.9097592204e-02	9.2853319956e-13	5.3608889271e-13
5.3182104976e+08	7	7.7182000000e-02	2.9172053956e-02	9.0694721567e+01	7.0000000000e+00	7.7182000000e-02	2.9172053956e-02	2.1665774656e-12	8.1888931004e-13
5.3182114976e+08	7	7.7182000000e-02	2.9172053956e-02	9.0694721567e+01	7.0000000000e+00	7.7182000000e-02	2.9172053956e-02	2.1665774656e-12	8.1888931004e-13
5.3182124976e+08	6	6.6156000000e-02	2.7008073904e-02	9.0694721567e+01	6.0000000000e+00	6.6156000000e-02	2.7008073904e-02	1.8570663991e-12	7.5814418272e-13
5.3182134976e+08	8	8.8208000000e-02	3.1186237477e-02	9.0694721567e+01	7.8095238095e+00	8.6107809524e-02	3.1256874572e-02	2.4760885322e-12	8.7542949594e-13
5.3182144976e+08	6	6.6156000000e-02	2.7008073904e-02	9.0694721567e+01	5.6190476190e+00	6.1955619048e-02	2.7170897226e-02	1.8570663991e-12	7.5814418272e-13
5.3182154976e+08	9	9.9234000000e-02	3.3078000000e-02	9.0694721567e+01	9.0000000000e+00	9.9234000000e-02	3.3078000000e-02	2.7855995987e-12	9.2853319956e-13
5.3182164976e+08	0	0.0000000000e+00	0.0000000000e+00	9.0694721567e+01	0.0000000000e+00	0.0000000000e+00	0.0000000000e+00	0.0000000000e+00	0.0000000000e+00
5.3182174976e+08	5	5.5130000000e-02	2.4654885520e-02	9.0694721567e+01	5.0000000000e+00	5.5130000000e-02	2.4654885520e-02	1.5475553326e-12	6.9208778453e-13
5.3182184976e+08	5	5.5130000000e-02	2.4654885520e-02	9.0694721567e+01	5.0000000000e+00	5.5130000000e-02	2.4654885520e-02	1.5475553326e-12	6.9208778453e-13
5.3182194976e+08	5	5.5130000000e-02	2.4654885520e-02	9.0694721567e+01	5.0000000000e+00	5.5130000000e-02	2.4654885520e-02	1.5475553326e-12	6.9208778453e-13
5.3182204976e+08	8	8.8208000000e-02	3.1186237477e-02	9.0694721567e+01	7.6190476190e+00	8.4007619048e-02	3.1327352395e-02	2.4760885322e-12	8.7542949594e-13
5.3182214976e+08	4	4.4104000000e-02	2.2052000000e-02	9.0694721567e+01	4.0000000000e+00	4.4104000000e-02	2.2052000000e-02	1.2380442661e-12	6.1902213304e-13
5.3182224976e+08	5	5.5130000000e-02	2.4654885520e-02	9.0694721567e+01	5.0000000000e+00	5.5130000000e-02	2.4654885520e-02	1.5475553326e-12	6.9208778453e-13
5.3182234976e+08	9	9.9234000000e-02	3.3078000000e-02	9.0694721567e+01	9.0000000000e+00	9.9234000000e-02	3.3078000000e-02	2.7855995987e-12	9.2853319956e-13
5.3182244976e+08	6	6.6156000000e-02	2.7008073904e-02	9.0694721567e+01	6.0000000000e+00	6.6156000000e-02	2.7008073904e-02	1.8570663991e-12	7.5814418272e-13
5.3182254976e+08	11	1.2128600000e-01	3.6569104938e-02	9.0694721567e+01	1.0809523810e+01	1.1918580952e-01	3.6629363031e-02	3.4046217317e-12	1.0265320761e-12
5.3182264976e+08	6	6.6156000000e-02	2.7008073904e-02	9.0694721567e+01	6.0000000000e+00	6.6156000000e-02	2.7008073904e-02	1.8570663991e-12	7.5814418272e-13
5.3182274976e+08	13	1.4333800000e-01	3.9754808363e-02	9.0694721567e+01	1.3000000000e+01	1.4333800000e-01	3.9754808363e-02	4.0236438648e-12	1.1159580207e-12
5.3182284976e+08	7	7.7182000000e-02	2.9172053956e-02	9.0694721567e+01	7.0000000000e+00	7.7182000000e-02	2.9172053956e-02	2.1665774656e-12	8.1888931004e-13
5.3182294976e+08	6	6.6156000000e-02	2.7008073904e-02	9.0694721567e+01	6.0000000000e+00	6.6156000000e-02	2.7008073904e-02	1.8570663991e-12	7.5814418272e-13
5.3182304976e+08	10	1.1026000000e-01	3.4867273481e-02	9.0694721567e+01	1.0000000000e+01	1.1026000000e-01	3.4867273481e-02	3.0951106652e-12	9.7875993123e-13
5.3182314976e+08	6	6.6156000000e-02	2.7008073904e-02	9.0694721567e+01	6.0000000000e+00	6.6156000000e-02	2.7008073904e-02	1.8570663991e-12	7.5814418272e-13
5.3182324976e+08	4	4.4104000000e-02	2.2052000000e-02	9.0694721567e+01	4.0000000000e+00	4.4104000000e-02	2.2052000000e-02	1.2380442661e-12	6.1902213304e-13
5.3182334976e+08	2	2.2052000000e-02	1.5593118739e-02	9.0694721567e+01	2.0000000000e+00	2.2052000000e-02	1.5593118739e-02	6.1902213304e-13	4.3771474798e-13
5.3182344976e+08	9	9.9234000000e-02	3.3078000000e-02	9.0694721567e+01	9.0000000000e+00	9.9234000000e-02	3.3078000000e-02	2.7855995987e-12	9.2853319956e-13
5.3182354976e+08	3	3.3078000000e-02	1.9097592204e-02	9.0694721567e+01	3.0000000000e+00	3.3078000000e-02	1.9097592204e-02	9.2853319956e-13	5.3608889271e-13
5.3182364976e+08	10	1.1026000000e-01	3.4867273481e-02	9.0694721567e+01	9.8095238095e+00	1.0815980952e-01	3.4930467504e-02	3.0951106652e-12	9.7875993123e-13
5.3182374976e+08	8	8.8208000000e-02	3.1186237477e-02	9.0694721567e+01	8.0000000000e+00	8.8208000000e-02	3.1186237477e-02	2.4760885322e-12	8.7542949594e-13
5.3182384976e+08	6	6.6156000000e-02	2.7008073904e-02	9.0694721567e+01	6.0000000000e+00	6.6156000000e-02	2.7008073904e-02	1.8570663991e-12	7.5814418272e-13
5.3182394976e+08	4	4.4104000000e-02	2.2052000000e-02	9.0694721567e+01	3.8095238095e+00	4.2003809524e-02	2.2151783315e-02	1.2380442661e-12	6.1902213304e-13
5.3182404976e+08	6	6.6156000000e-02	2.7008073904e-02	9.0694721567e+01	6.0000000000e+00	6.6156000000e-02	2.7008073904e-02	1.8570663991e-12	7.5814418272e-13
5.3182414976e+08	3	3.3078000000e-02	1.9097592204e-02	9.0694721567e+01	3.0000000000e+00	3.3078000000e-02	1.9097592204e-02	9.2853319956e-13	5.3608889271e-13
5.3182424976e+08	1	1.1026000000e-02	1.1026000000e-02	9.0694721567e+01	1.0000000000e+00	1.1026000000e-02	1.1026000000e-02	3.0951106652e-13	3.0951106652e-13
5.3182434976e+08	4	4.4104000000e-02	2.2052000000e-02	9.0694721567e+01	4.0000000000e+00	4.4104000000e-02	2.2052000000e-02	1.2380442661e-12	6.1902213304e-13
5.3182444976e+08	0	0.0000000000e+00	0.0000000000e+00	9.0694721567e+01	0.0000000000e+00	0.0000000000e+00	0.0000000000e+00	0.0000000000e+00	0.0000000000e+00
5.3182454976e+08	4	4.4104000000e-02	2.2052000000e-02	9.0694721567e+01	4.0000000000e+00	4.4104000000e-02	2.2052000000e-02	1.2380442661e-12	6.1902213304e-13
5.3182464976e+08	1	1.1026000000e-02	1.1026000000e-02	9.0694721567e+01	1.0000000000e+00	1.1026000000e-02	1.1026000000e-02	3.0951106652e-13	3.0951106652e-13
5.3182474976e+08	5	5.5130000000e-02	2.4654885520e-02	9.0694721567e+01	5.0000000000e+00	5.5130000000e-02	2.4654885520e-02	1.5475553326e-12	6.9208778453e-13
5.3182484976e+08	2	2.2052000000e-02	1.5593118739e-02	9.0694721567e+01	2.0000000000e+00	2.2052000000e-02	1.5593118739e-02	6.1902213304e-13	4.3771474798e-13
5.3182494976e+08	9	9.9234000000e-02	3.3078000000e-02	9.0694721567e+01	9.0000000000e+00	9.9234000000e-02	3.3078000000e-02	2.7855995987e-12	9.2853319956e-13
5.3182504976e+08	6	6.6156000000e-02	2.7008073904e-02	9.0694721567e+01	6.0000000000e+00	6.6156000000e-02	2.7008073904e-02	1.8570663991e-12	7.5814418272e-13
5.3182514976e+08	5	5.5130000000e-02	2.4654885520e-02	9.0694721567e+01	5.0000000000e+00	5.5130000000e-02	2.4654885520e-02	1.5475553326e-12	6.9208778453e-13
5.3182524976e+08	6	6.6156000000e-02	2.7008073904e-02	9.0694721567e+01	6.0000000000e+00	6.6156000000e-02	2.7008073904e-02	1.8570663991e-12	7.5814418272e-13
5.3182534976e+08	9	9.9234000000e-02	3.3078000000e-02	9.0694721567e+01	9.0000000000e+00	9.9234000000e-02	3.3078000000e-02	2.7855995987e-12	9.2853319956e-13
5.3182544976e+08	2	2.2052000000e-02	1.5593118739e-02	9.0694721567e+01	2.0000000000e+00	2.2052000000e-02	1.5593118739e-02	6.1902213304e-13	4.3771474798e-13
5.3182554976e+08	6	6.6156000000e-02	2.7008073904e-02	9.0694721567e+01	5.8095238095e+00	6.4055809524e-02	2.7089607897e-02	1.8570663991e-12	7.5814418272e-13
5.3182564976e+08	6	6.6156000000e-02	2.7008073904e-02	9.0694721567e+01	5.8095238095e+00	6.4055809524e-02	2.7089607897e-02	1.8570663991e-12	7.5814418272e-13
5.3182574976e+08	7	7.7182000000e-02	2.9172053956e-02	9.0694721567e+01	7.0000000000e+00	7.7182000000e-02	2.9172053956e-02	2.1665774656e-12	8.1888931004e-13
5.3182584976e+08	10	1.1026000000e-01	3.4867273481e-02	9.0694721567e+01	1.0000000000e+01	1.1026000000e-01	3.4867273481e-02	3.0951106652e-12	9.7875993123e-13
5.3182594976e+08	7	7.7182000000e-02	2.9172053956e-02	9.0694721567e+01	7.0000000000e+00	7.7182000000e-02	2.9172053956e-02	2.1665774656e-12	8.1888931004e-13
5.3182604976e+08	4	4.4104000000e-02	2.2052000000e-02	9.0694721567e+01	4.0000000000e+00	4.4104000000e-02	2.2052000000e-02	1.2380442661e-12	6.1902213304e-13
5.3182614976e+08	7	7.7182000000e-02	2.9172053956e-02	9.0694721567e+01	7.0000000000e+00	7.7182000000e-02	2.9172053956e-02	2.1665774656e-12	8.1888931004e-13
5.3182624976e+08	3	3.3078000000e-02	1.9097592204e-02	9.0694721567e+01	3.0000000000e+00	3.3078000000e-02	1.9097592204e-02	9.2853319956e-13	5.3608889271e-13
5.3182634976e+08	10	1.1026000000e-01	3.4867273481e-02	9.0694721567e+01	9.8095238095e+00	1.0815980952e-01	3.4930467504e-02	3.0951106652e-12	9.7875993123e-13
5.3182644976e+08	10	1.1026000000e-01	3.4867273481e-02	9.0694721567e+01	1.0000000000e+01	1.1026000000e-01	3.4867273481e-02	3.0951106652e-12	9.7875993123e-13
5.3182654976e+08	7	7.7182000000e-02	2.9172053956e-02	9.0694721567e+01	7.0000000000e+00	7.7182000000e-02	2.9172053956e-02	2.1665774656e-12	8.1888931004e-13
5.3182664976e+08	12	1.3231200000e-01	3.8195184409e-02	9.0694721567e+01	1.2000000000e+01	1.3231200000e-01	3.8195184409e-02	3.7141327982e-12	1.0721777854e-12
5.3182674976e+08	6	6.6156000000e-02	2.7008073904e-02	9.0694721567e+01	6.0000000000e+00	6.6156000000e-02	2.7008073904e-02	1.8570663991e-12	7.5814418272e-13
5.3182684976e+08	7	7.7182000000e-02	2.9172053956e-02	9.0694721567e+01	7.0000000000e+00	7.7182000000e-02	2.9172053956e-02	2.1665774656e-12	8.1888931004e-13
5.3182694976e+08	11	1.2128600000e-01	3.6569104938e-02	9.0694721567e+01	1.1000000000e+01	1.2128600000e-01	3.6569104938e-02	3.4046217317e-12	1.0265320761e-12
5.3182704976e+08	10	1.1026000000e-01	3.4867273481e-02	9.0694721567e+01	9.8095238095e+00	1.0815980952e-01	3.4930467504e-02	3.0951106652e-12	9.7875993123e-13
5.3182714976e+08	9	9.9234000000e-02	3.3078000000e-02	9.0694721567e+01	9.0000000000e+00	9.9234000000e-02	3.3078000000e-02	2.7855995987e-12	9.2853319956e-13
5.3182724976e+08	7	7.7182000000e-02	2.9172053956e-02	9.0694721567e+01	7.0000000000e+00	7.7182000000e-02	2.9172053956e-02	2.1665774656e-12	8.1888931004e-13
5.3182734976e+08	10	1.1026000000e-01	3.4867273481e-02	9.0694721567e+01	1.0000000000e+01	1.1026000000e-01	3.4867273481e-02	3.0951106652e-12	9.7875993123e-13
5.3182744976e+08	10	1.1026000000e-01	3.4867273481e-02	9.0694721567e+01	1.0000000000e+01	1.1026000000e-01	3.4867273481e-02	3.0951106652e-12	9.7875993123e-13
5.3182754976e+08	8	8.8208000000e-02	3.1186237477e-02	9.0694721567e+01	8.0000000000e+00	8.8208000000e-02	3.1186237477e-02	2.4760885322e-12	8.7542949594e-13
5.3182764976e+08	7	7.7182000000e-02	2.9172053956e-02	9.0694721567e+01	7.0000000000e+00	7.7182000000e-02	2.9172053956e-02	2.1665774656e-12	8.1888931004e-13
5.3182774976e+08	8	8.8208000000e-02	3.1186237477e-02	9.0694721567e+01	8.0000000000e+00	8.8208000000e-02	3.1186237477e-02	2.4760885322e-12	8.7542949594e-13
5.3182784976e+08	6	6.6156000000e-02	2.7008073904e-02	9.0694721567e+01	6.0000000000e+00	6.6156000000e-02	2.7008073904e-02	1.8570663991e-12	7.5814418272e-13
5.3182794976e+08	7	7.7182000000e-02	2.9172053956e-02	9.0694721567e+01	7.0000000000e+00	7.7182000000e-02	2.9172053956e-02	2.1665774656e-12	8.1888931004e-13
5.3182804976e+08	11	1.2128600000e-01	3.6569104938e-02	9.0694721567e+01	1.1000000000e+01	1.2128600000e-01	3.6569104938e-02	3.4046217317e-12	1.0265320761e-12
5.3182814976e+08	10	1.1026000000e-01	3.4867273481e-02	9.0694721567e+01	1.0000000000e+01	1.1026000000e-01	3.4867273481e-02	3.0951106652e-12	9.7875993123e-13
5.3182824976e+08	9	9.9234000000e-02	3.3078000000e-02	9.0694721567e+01	9.0000000000e+00	9.9234000000e-02	3.3078000000e-02	2.7855995987e-12	9.2853319956e-13
5.3182834976e+08	7	7.7182000000e-02	2.9172053956e-02	9.0694721567e+01	7.0000000000e+00	7.7182000000e-02	2.9172053956e-02	2.1665774656e-12	8.1888931004e-13
5.3182844976e+08	8	8.8208000000e-02	3.1186237477e-02	9.0694721567e+01	8.0000000000e+00	8.8208000000e-02	3.1186237477e-02	2.4760885322e-12	8.7542949594e-13
5.3182854976e+08	9	9.9234000000e-02	3.3078000000e-02	9.0694721567e+01	9.0000000000e+00	9.9234000000e-02	3.3078000000e-02	2.7855995987e-12	9.2853319956e-13
5.3182864976e+08	15	1.6539000000e-01	4.2703514375e-02	9.0694721567e+01	1.5000000000e+01	1.6539000000e-01	4.2703514375e-02	4.6426659978e-12	1.1987312061e-12
5.3182874976e+08	6	6.6156000000e-02	2.7008073904e-02	9.0694721567e+01	6.0000000000e+00	6.6156000000e-02	2.7008073904e-02	1.8570663991e-12	7.5814418272e-13
5.3182884976e+08	2	2.2052000000e-02	1.5593118739e-02	9.0694721567e+01	1.8095238095e+00	1.9951809524e-02	1.5733917250e-02	6.1902213304e-13	4.3771474798e-13
5.3182894976e+08	10	1.1026000000e-01	3.4867273481e-02	9.0694721567e+01	1.0000000000e+01	1.1026000000e-01	3.4867273481e-02	3.0951106652e-12	9.7875993123e-13
5.3182904976e+08	2	2.2052000000e-02	1.5593118739e-02	9.0694721567e+01	2.0000000000e+00	2.2052000000e-02	1.5593118739e-02	6.1902213304e-13	4.3771474798e-13
5.3182914976e+08	11	1.2128600000e-01	3.6569104938e-02	9.0694721567e+01	1.0809523810e+01	1.1918580952e-01	3.6629363031e-02	3.4046217317e-12	1.0265320761e-12
5.3182924976e+08	7	7.7182000000e-02	2.9172053956e-02	9.0694721567e+01	7.0000000000e+00	7.7182000000e-02	2.9172053956e-02	2.1665774656e-12	8.1888931004e-13
5.3182934976e+08	10	1.1026000000e-01	3.4867273481e-02	9.0694721567e+01	1.0000000000e+01	1.1026000000e-01	3.4867273481e-02	3.0951106652e-12	9.7875993123e-13
5.3182944976e+08	12	1.3231200000e-01	3.8195184409e-02	9.0694721567e+01	1.2000000000e+01	1.3231200000e-01	3.8195184409e-02	3.7141327982e-12	1.0721777854e-12
5.3182954976e+08	8	8.8208000000e-02	3.1186237477e-02	9.0694721567e+01	8.0000000000e+00	8.8208000000e-02	3.1186237477e-02	2.4760885322e-12	8.7542949594e-13
5.3182964976e+08	5	5.5130000000e-02	2.4654885520e-02	9.0694721567e+01	5.0000000000e+00	5.5130000000e-02	2.4654885520e-02	1.5475553326e-12	6.9208778453e-13
5.3182974976e+08	10	1.1026000000e-01	3.4867273481e-02	9.0694721567e+01	1.0000000000e+01	1.1026000000e-01	3.4867273481e-02	3.0951106652e-12	9.7875993123e-13
5.3182984976e+08	6	6.6156000000e-02	2.7008073904e-02	9.0694721567e+01	6.0000000000e+00	6.6156000000e-02	2.7008073904e-02	1.8570663991e-12	7.5814418272e-13
5.3182994976e+08	6	6.6156000000e-02	2.7008073904e-02	9.0694721567e+01	6.0000000000e+00	6.6156000000e-02	2.7008073904e-02	1.8570663991e-12	7.5814418272e-13
5.3183004976e+08	9	9.9234000000e-02	3.3078000000e-02	9.0694721567e+01	9.0000000000e+00	9.9234000000e-02	3.3078000000e-02	2.7855995987e-12	9.2853319956e-13
5.3183014976e+08	6	6.6156000000e-02	2.7008073904e-02	9.0694721567e+01	6.0000000000e+00	6.6156000000e-02	2.7008073904e-02	1.8570663991e-12	7.5814418272e-13
5.3183024976e+08	5	5.5130000000e-02	2.4654885520e-02	9.0694721567e+01	5.0000000000e+00	5.5130000000e-02	2.4654885520e-02	1.5475553326e-12	6.9208778453e-13
5.3183034976e+08	11	1.2128600000e-01	3.6569104938e-02	9.0694721567e+01	1.1000000000e+01	1.2128600000e-01	3.6569104938e-02	3.4046217317e-12	1.0265320761e-12
5.3183044976e+08	12	1.3231200000e-01	3.8195184409e-02	9.0694721567e+01	1.2000000000e+01	1.3231200000e-01	3.8195184409e-02	3.7141327982e-12	1.0721777854e-12
5.3183054976e+08	9	9.9234000000e-02	3.3078000000e-02	9.0694721567e+01	9.0000000000e+00	9.9234000000e-02	3.3078000000e-02	2.7855995987e-12	9.2853319956e-13
5.3183064976e+08	10	1.1026000000e-01	3.4867273481e-02	9.0694721567e+01	1.0000000000e+01	1.1026000000e-01	3.4867273481e-02	3.0951106652e-12	9.7875993123e-13
5.3183074976e+08	12	1.3231200000e-01	3.8195184409e-02	9.0694721567e+01	1.1809523810e+01	1.3021180952e-01	3.8252881095e-02	3.7141327982e-12	1.0721777854e-12
5.3183084976e+08	10	1.1026000000e-01	3.4867273481e-02	9.0694721567e+01	1.0000000000e+01	1.1026000000e-01	3.4867273481e-02	3.0951106652e-12	9.7875993123e-13
5.3183094976e+08	7	7.7182000000e-02	2.9172053956e-02	9.0694721567e+01	7.0000000000e+00	7.7182000000e-02	2.9172053956e-02	2.1665774656e-12	8.1888931004e-13
5.3183104976e+08	7	7.7182000000e-02	2.9172053956e-02	9.0694721567e+01	7.0000000000e+00	7.7182000000e-02	2.9172053956e-02	2.1665774656e-12	8.1888931004e-13
5.3183114976e+08	2	2.2052000000e-02	1.5593118739e-02	9.0694721567e+01	2.0000000000e+00	2.2052000000e-02	1.5593118739e-02	6.1902213304e-13	4.3771474798e-13
5.3183124976e+08	7	7.7182000000e-02	2.9172053956e-02	9.0694721567e+01	6.8095238095e+00	7.5081809524e-02	2.9247556001e-02	2.1665774656e-12	8.1888931004e-13
5.3183134976e+08	13	1.4333800000e-01	3.9754808363e-02	9.0694721567e+01	1.3000000000e+01	1.4333800000e-01	3.9754808363e-02	4.0236438648e-12	1.1159580207e-12
5.3183144976e+08	4	4.4104000000e-02	2.2052000000e-02	9.0694721567e+01	4.0000000000e+00	4.4104000000e-02	2.2052000000e-02	1.2380442661e-12	6.1902213304e-13
5.3183154976e+08	5	5.5130000000e-02	2.4654885520e-02	9.0694721567e+01	5.0000000000e+00	5.5130000000e-02	2.4654885520e-02	1.5475553326e-12	6.9208778453e-13
5.3183164976e+08	9	9.9234000000e-02	3.3078000000e-02	9.0694721567e+01	9.0000000000e+00	9.9234000000e-02	3.3078000000e-02	2.7855995987e-12	9.2853319956e-13
5.3183174976e+08	7	7.7182000000e-02	2.9172053956e-02	9.0694721567e+01	7.0000000000e+00	7.7182000000e-02	2.9172053956e-02	2.1665774656e-12	8.1888931004e-13
5.3183184976e+08	6	6.6156000000e-02	2.7008073904e-02	9.0694721567e+01	6.0000000000e+00	6.6156000000e-02	2.7008073904e-02	1.8570663991e-12	7.5814418272e-13
5.3183194976e+08	5	5.5130000000e-02	2.4654885520e-02	9.0694721567e+01	4.8095238095e+00	5.3029809524e-02	2.4744174669e-02	1.5475553326e-12	6.9208778453e-13
5.3183204976e+08	3	3.3078000000e-02	1.9097592204e-02	9.0694721567e+01	3.0000000000e+00	3.3078000000e-02	1.9097592204e-02	9.2853319956e-13	5.3608889271e-13
5.3183214976e+08	6	6.6156000000e-02	2.7008073904e-02	9.0694721567e+01	6.0000000000e+00	6.6156000000e-02	2.7008073904e-02	1.8570663991e-12	7.5814418272e-13
5.3183224976e+08	2	2.2052000000e-02	1.5593118739e-02	9.0694721567e+01	2.0000000000e+00	2.2052000000e-02	1.5593118739e-02	6.1902213304e-13	4.3771474798e-13
5.3183234976e+08	6	6.6156000000e-02	2.7008073904e-02	9.0694721567e+01	6.0000000000e+00	6.6156000000e-02	2.7008073904e-02	1.8570663991e-12	7.5814418272e-13
5.3183244976e+08	1	1.1026000000e-02	1.1026000000e-02	9.0694721567e+01	1.0000000000e+00	1.1026000000e-02	1.1026000000e-02	3.0951106652e-13	3.0951106652e-13
5.3183254976e+08	9	9.9234000000e-02	3.3078000000e-02	9.0694721567e+01	9.0000000000e+00	9.9234000000e-02	3.3078000000e-02	2.7855995987e-12	9.2853319956e-13
5.3183264976e+08	8	8.8208000000e-02	3.1186237477e-02	9.0694721567e+01	8.0000000000e+00	8.8208000000e-02	3.1186237477e-02	2.4760885322e-12	8.7542949594e-13
5.3183274976e+08	7	7.7182000000e-02	2.9172053956e-02	9.0694721567e+01	6.8095238095e+00	7.5081809524e-02	2.9247556001e-02	2.1665774656e-12	8.1888931004e-13
5.3183284976e+08	6	6.6156000000e-02	2.7008073904e-02	9.0694721567e+01	6.0000000000e+00	6.6156000000e-02	2.7008073904e-02	1.8570663991e-12	7.5814418272e-13
5.3183294976e+08	16	1.7641600000e-01	4.4104000000e-02	9.0694721567e+01	1.6000000000e+01	1.7641600000e-01	4.4104000000e-02	4.9521770643e-12	1.2380442661e-12
5.3183304976e+08	11	1.2128600000e-01	3.6569104938e-02	9.0694721567e+01	1.1000000000e+01	1.2128600000e-01	3.6569104938e-02	3.4046217317e-12	1.0265320761e-12
5.3183314976e+08	3	3.3078000000e-02	1.9097592204e-02	9.0694721567e+01	3.0000000000e+00	3.3078000000e-02	1.9097592204e-02	9.2853319956e-13	5.3608889271e-13
5.3183324976e+08	6	6.6156000000e-02	2.7008073904e-02	9.0694721567e+01	6.0000000000e+00	6.6156000000e-02	2.7008073904e-02	1.8570663991e-12	7.5814418272e-13
5.3183334976e+08	4	4.4104000000e-02	2.2052000000e-02	9.0694721567e+01	4.0000000000e+00	4.4104000000e-02	2.2052000000e-02	1.2380442661e-12	6.1902213304e-13
5.3183344976e+08	3	3.3078000000e-02	1.9097592204e-02	9.0694721567e+01	3.0000000000e+00	3.3078000000e-02	1.9097592204e-02	9.2853319956e-13	5.3608889271e-13
5.3183354976e+08	8	8.8208000000e-02	3.1186237477e-02	9.0694721567e+01	8.0000000000e+00	8.8208000000e-02	3.1186237477e-02	2.4760885322e-12	8.7542949594e-13
5.3183364976e+08	8	8.8208000000e-02	3.1186237477e-02	9.0694721567e+01	8.0000000000e+00	8.8208000000e-02	3.1186237477e-02	2.4760885322e-12	8.7542949594e-13
5.3183374976e+08	2	2.2052000000e-02	1.5593118739e-02	9.0694721567e+01	1.8095238095e+00	1.9951809524e-02	1.5733917250e-02	6.1902213304e-13	4.3771474798e-13
5.3183384976e+08	4	4.4104000000e-02	2.2052000000e-02	9.0694721567e+01	4.0000000000e+00	4.4104000000e-02	2.2052000000e-02	1.2380442661e-12	6.1902213304e-13
5.3183394976e+08	4	4.4104000000e-02	2.2052000000e-02	9.0694721567e+01	4.0000000000e+00	4.4104000000e-02	2.2052000000e-02	1.2380442661e-12	6.1902213304e-13
5.3183404976e+08	4	4.4104000000e-02	2.2052000000e-02	9.0694721567e+01	4.0000000000e+00	4.4104000000e-02	2.2052000000e-02	1.2380442661e-12	6.1902213304e-13
5.3183414976e+08	6	6.6156000000e-02	2.7008073904e-02	9.0694721567e+01	6.0000000000e+00	6.6156000000e-02	2.7008073904e-02	1.8570663991e-12	7.5814418272e-13
5.3183424976e+08	6	6.6156000000e-02	2.7008073904e-02	9.0694721567e+01	6.0000000000e+00	6.6156000000e-02	2.7008073904e-02	1.8570663991e-12	7.5814418272e-13
5.3183434976e+08	5	5.5130000000e-02	2.4654885520e-02	9.0694721567e+01	5.0000000000e+00	5.5130000000e-02	2.4654885520e-02	1.5475553326e-12	6.9208778453e-13
5.3183444976e+08	2	2.2052000000e-02	1.5593118739e-02	9.0694721567e+01	2.0000000000e+00	2.2052000000e-02	1.5593118739e-02	6.1902213304e-13	4.3771474798e-13
5.3183454976e+08	2	2.2052000000e-02	1.5593118739e-02	9.0694721567e+01	2.0000000000e+00	2.2052000000e-02	1.5593118739e-02	6.1902213304e-13	4.3771474798e-13
5.3183464976e+08	5	5.5130000000e-02	2.4654885520e-02	9.0694721567e+01	5.0000000000e+00	5.5130000000e-02	2.4654885520e-02	1.5475553326e-12	6.9208778453e-13
5.3183474976e+08	4	4.4104000000e-02	2.2052000000e-02	9.0694721567e+01	4.0000000000e+00	4.4104000000e-02	2.2052000000e-02	1.2380442661e-12	6.1902213304e-13
5.3183484976e+08	11	1.2128600000e-01	3.6569104938e-02	9.0694721567e+01	1.1000000000e+01	1.2128600000e-01	3.6569104938e-02	3.4046217317e-12	1.0265320761e-12
5.3183494976e+08	9	9.9234000000e-02	3.3078000000e-02	9.0694721567e+01	9.0000000000e+00	9.9234000000e-02	3.3078000000e-02	2.7855995987e-12	9.2853319956e-13
5.3183504976e+08	3	3.3078000000e-02	1.9097592204e-02	9.0694721567e+01	3.0000000000e+00	3.3078000000e-02	1.9097592204e-02	9.2853319956e-13	5.3608889271e-13
5.3183514976e+08	7	7.7182000000e-02	2.9172053956e-02	9.0694721567e+01	7.0000000000e+00	7.7182000000e-02	2.9172053956e-02	2.1665774656e-12	8.1888931004e-13
5.3183524976e+08	5	5.5130000000e-02	2.4654885520e-02	9.0694721567e+01	5.0000000000e+00	5.5130000000e-02	2.4654885520e-02	1.5475553326e-12	6.9208778453e-13
5.3183534976e+08	9	9.9234000000e-02	3.3078000000e-02	9.0694721567e+01	9.0000000000e+00	9.9234000000e-02	3.3078000000e-02	2.7855995987e-12	9.2853319956e-13
5.3183544976e+08	7	7.7182000000e-02	2.9172053956e-02	9.0694721567e+01	7.0000000000e+00	7.7182000000e-02	2.9172053956e-02	2.1665774656e-12	8.1888931004e-13
5.3183554976e+08	6	6.6156000000e-02	2.7008073904e-02	9.0694721567e+01	6.0000000000e+00	6.6156000000e-02	2.7008073904e-02	1.8570663991e-12	7.5814418272e-13
5.3183564976e+08	8	8.8208000000e-02	3.1186237477e-02	9.0694721567e+01	8.0000000000e+00	8.8208000000e-02	3.1186237477e-02	2.4760885322e-12	8.7542949594e-13
5.3183574976e+08	8	8.8208000000e-02	3.1186237477e-02	9.0694721567e+01	8.0000000000e+00	8.8208000000e-02	3.1186237477e-02	2.4760885322e-12	8.7542949594e-13
5.3183584976e+08	6	6.6156000000e-02	2.7008073904e-02	9.0694721567e+01	6.0000000000e+00	6.6156000000e-02	2.7008073904e-02	1.8570663991e-12	7.5814418272e-13
5.3183594976e+08	4	4.4104000000e-02	2.2052000000e-02	9.0694721567e+01	4.0000000000e+00	4.4104000000e-02	2.2052000000e-02	1.2380442661e-12	6.1902213304e-13
5.3183604976e+08	7	7.7182000000e-02	2.9172053956e-02	9.0694721567e+01	7.0000000000e+00	7.7182000000e-02	2.9172053956e-02	2.1665774656e-12	8.1888931004e-13
5.3183614976e+08	10	1.1026000000e-01	3.4867273481e-02	9.0694721567e+01	1.0000000000e+01	1.1026000000e-01	3.4867273481e-02	3.0951106652e-12	9.7875993123e-13
5.3183624976e+08	10	1.1026000000e-01	3.4867273481e-02	9.0694721567e+01	1.0000000000e+01	1.1026000000e-01	3.4867273481e-02	3.0951106652e-12	9.7875993123e-13
5.3183634976e+08	7	7.7182000000e-02	2.9172053956e-02	9.0694721567e+01	7.0000000000e+00	7.7182000000e-02	2.9172053956e-02	2.1665774656e-12	8.1888931004e-13
5.3183644976e+08	13	1.4333800000e-01	3.9754808363e-02	9.0694721567e+01	1.3000000000e+01	1.4333800000e-01	3.9754808363e-02	4.0236438648e-12	1.1159580207e-12
5.3183654976e+08	3	3.3078000000e-02	1.9097592204e-02	9.0694721567e+01	3.0000000000e+00	3.3078000000e-02	1.9097592204e-02	9.2853319956e-13	5.3608889271e-13
5.3183664976e+08	8	8.8208000000e-02	3.1186237477e-02	9.0694721567e+01	8.0000000000e+00	8.8208000000e-02	3.1186237477e-02	2.4760885322e-12	8.7542949594e-13
5.3183674976e+08	11	1.2128600000e-01	3.6569104938e-02	9.0694721567e+01	1.1000000000e+01	1.2128600000e-01	3.6569104938e-02	3.4046217317e-12	1.0265320761e-12
5.3183684976e+08	9	9.9234000000e-02	3.3078000000e-02	9.0694721567e+01	9.0000000000e+00	9.9234000000e-02	3.3078000000e-02	2.7855995987e-12	9.2853319956e-13
5.3183694976e+08	16	1.7641600000e-01	4.4104000000e-02	9.0694721567e+01	1.6000000000e+01	1.7641600000e-01	4.4104000000e-02	4.9521770643e-12	1.2380442661e-12
5.3183704976e+08	6	6.6156000000e-02	2.7008073904e-02	9.0694721567e+01	6.0000000000e+00	6.6156000000e-02	2.7008073904e-02	1.8570663991e-12	7.5814418272e-13
5.3183714976e+08	8	8.8208000000e-02	3.1186237477e-02	9.0694721567e+01	8.0000000000e+00	8.8208000000e-02	3.1186237477e-02	2.4760885322e-12	8.7542949594e-13
5.3183724976e+08	7	7.7182000000e-02	2.9172053956e-02	9.0694721567e+01	7.0000000000e+00	7.7182000000e-02	2.9172053956e-02	2.1665774656e-12	8.1888931004e-13
5.3183734976e+08	10	1.1026000000e-01	3.4867273481e-02	9.0694721567e+01	1.0000000000e+01	1.1026000000e-01	3.4867273481e-02	3.0951106652e-12	9.7875993123e-13
5.3183744976e+08	10	1.1026000000e-01	3.4867273481e-02	9.0694721567e+01	1.0000000000e+01	1.1026000000e-01	3.4867273481e-02	3.0951106652e-12	9.7875993123e-13
5.3183754976e+08	2	2.2052000000e-02	1.5593118739e-02	9.0694721567e+01	2.0000000000e+00	2.2052000000e-02	1.5593118739e-02	6.1902213304e-13	4.3771474798e-13
5.3183764976e+08	6	6.6156000000e-02	2.7008073904e-02	9.0694721567e+01	6.0000000000e+00	6.6156000000e-02	2.7008073904e-02	1.8570663991e-12	7.5814418272e-13
5.3183774976e+08	4	4.4104000000e-02	2.2052000000e-02	9.0694721567e+01	4.0000000000e+00	4.4104000000e-02	2.2052000000e-02	1.2380442661e-12	6.1902213304e-13
5.3183784976e+08	8	8.8208000000e-02	3.1186237477e-02	9.0694721567e+01	8.0000000000e+00	8.8208000000e-02	3.1186237477e-02	2.4760885322e-12	8.7542949594e-13
5.3183794976e+08	6	6.6156000000e-02	2.7008073904e-02	9.0694721567e+01	6.0000000000e+00	6.6156000000e-02	2.7008073904e-02	1.8570663991e-12	7.5814418272e-13
5.3183804976e+08	8	8.8208000000e-02	3.1186237477e-02	9.0694721567e+01	8.0000000000e+00	8.8208000000e-02	3.1186237477e-02	2.4760885322e-12	8.7542949594e-13
5.3183814976e+08	3	3.3078000000e-02	1.9097592204e-02	9.0694721567e+01	3.0000000000e+00	3.3078000000e-02	1.9097592204e-02	9.2853319956e-13	5.3608889271e-13
5.3183824976e+08	6	6.6156000000e-02	2.7008073904e-02	9.0694721567e+01	6.0000000000e+00	6.6156000000e-02	2.7008073904e-02	1.8570663991e-12	7.5814418272e-13
5.3183834976e+08	7	7.7182000000e-02	2.9172053956e-02	9.0694721567e+01	7.0000000000e+00	7.7182000000e-02	2.9172053956e-02	2.1665774656e-12	8.1888931004e-13
5.3183844976e+08	5	5.5130000000e-02	2.4654885520e-02	9.0694721567e+01	5.0000000000e+00	5.5130000000e-02	2.4654885520e-02	1.5475553326e-12	6.9208778453e-13
5.3183854976e+08	6	6.6156000000e-02	2.7008073904e-02	9.0694721567e+01	6.0000000000e+00	6.6156000000e-02	2.7008073904e-02	1.8570663991e-12	7.5814418272e-13
5.3183864976e+08	6	6.6156000000e-02	2.7008073904e-02	9.0694721567e+01	6.0000000000e+00	6.6156000000e-02	2.7008073904e-02	1.8570663991e-12	7.5814418272e-13
5.3183874976e+08	1	1.1026000000e-02	1.1026000000e-02	9.0694721567e+01	1.0000000000e+00	1.1026000000e-02	1.1026000000e-02	3.0951106652e-13	3.0951106652e-13
5.3183884976e+08	6	6.6156000000e-02	2.7008073904e-02	9.0694721567e+01	6.0000000000e+00	6.6156000000e-02	2.7008073904e-02	1.8570663991e-12	7.5814418272e-13
5.3183894976e+08	7	7.7182000000e-02	2.9172053956e-02	9.0694721567e+01	7.0000000000e+00	7.7182000000e-02	2.9172053956e-02	2.1665774656e-12	8.1888931004e-13
5.3183904976e+08	3	3.3078000000e-02	1.9097592204e-02	9.0694721567e+01	2.8095238095e+00	3.0977809524e-02	1.9212725680e-02	9.2853319956e-13	5.3608889271e-13
5.3183914976e+08	0	0.0000000000e+00	0.0000000000e+00	9.0694721567e+01	0.0000000000e+00	0.0000000000e+00	0.0000000000e+00	0.0000000000e+00	0.0000000000e+00
5.3183924976e+08	7	7.7182000000e-02	2.9172053956e-02	9.0694721567e+01	7.0000000000e+00	7.7182000000e-02	2.9172053956e-02	2.1665774656e-12	8.1888931004e-13
5.3183934976e+08	4	4.4104000000e-02	2.2052000000e-02	9.0694721567e+01	4.0000000000e+00	4.4104000000e-02	2.2052000000e-02	1.2380442661e-12	6.1902213304e-13
5.3183944976e+08	7	7.7182000000e-02	2.9172053956e-02	9.0694721567e+01	7.0000000000e+00	7.7182000000e-02	2.9172053956e-02	2.1665774656e-12	8.1888931004e-13
5.3183954976e+08	7	7.7182000000e-02	2.9172053956e-02	9.0694721567e+01	6.8095238095e+00	7.5081809524e-02	2.9247556001e-02	2.1665774656e-12	8.1888931004e-13
5.3183964976e+08	3	3.3078000000e-02	1.9097592204e-02	9.0694721567e+01	3.0000000000e+00	3.3078000000e-02	1.9097592204e-02	9.2853319956e-13	5.3608889271e-13
5.3183974976e+08	9	9.9234000000e-02	3.3078000000e-02	9.0694721567e+01	9.0000000000e+00	9.9234000000e-02	3.3078000000e-02	2.7855995987e-12	9.2853319956e-13
5.3183984976e+08	12	1.3231200000e-01	3.8195184409e-02	9.0694721567e+01	1.2000000000e+01	1.3231200000e-01	3.8195184409e-02	3.7141327982e-12	1.0721777854e-12
5.3183994976e+08	4	4.4104000000e-02	2.2052000000e-02	9.0694721567e+01	4.0000000000e+00	4.4104000000e-02	2.2052000000e-02	1.2380442661e-12	6.1902213304e-13
5.3184004976e+08	5	5.5130000000e-02	2.4654885520e-02	9.0694721567e+01	5.0000000000e+00	5.5130000000e-02	2.4654885520e-02	1.5475553326e-12	6.9208778453e-13
5.3184014976e+08	6	6.6156000000e-02	2.7008073904e-02	9.0694721567e+01	6.0000000000e+00	6.6156000000e-02	2.7008073904e-02	1.8570663991e-12	7.5814418272e-13
5.3184024976e+08	7	7.7182000000e-02	2.9172053956e-02	9.0694721567e+01	7.0000000000e+00	7.7182000000e-02	2.9172053956e-02	2.1665774656e-12	8.1888931004e-13
5.3184034976e+08	4	4.4104000000e-02	2.2052000000e-02	9.0694721567e+01	4.0000000000e+00	4.4104000000e-02	2.2052000000e-02	1.2380442661e-12	6.1902213304e-13
5.3184044976e+08	3	3.3078000000e-02	1.9097592204e-02	9.0694721567e+01	3.0000000000e+00	3.3078000000e-02	1.9097592204e-02	9.2853319956e-13	5.3608889271e-13
5.3184054976e+08	3	3.3078000000e-02	1.9097592204e-02	9.0694721567e+01	3.0000000000e+00	3.3078000000e-02	1.9097592204e-02	9.2853319956e-13	5.3608889271e-13
5.3184064976e+08	5	5.5130000000e-02	2.4654885520e-02	9.0694721567e+01	5.0000000000e+00	5.5130000000e-02	2.4654885520e-02	1.5475553326e-12	6.9208778453e-13
5.3184074976e+08	7	7.7182000000e-02	2.9172053956e-02	9.0694721567e+01	7.0000000000e+00	7.7182000000e-02	2.9172053956e-02	2.1665774656e-12	8.1888931004e-13
5.3184084976e+08	5	5.5130000000e-02	2.4654885520e-02	9.0694721567e+01	5.0000000000e+00	5.5130000000e-02	2.4654885520e-02	1.5475553326e-12	6.9208778453e-13
5.3184094976e+08	3	3.3078000000e-02	1.9097592204e-02	9.0694721567e+01	3.0000000000e+00	3.3078000000e-02	1.9097592204e-02	9.2853319956e-13	5.3608889271e-13
5.3184104976e+08	5	5.5130000000e-02	2.4654885520e-02	9.0694721567e+01	5.0000000000e+00	5.5130000000e-02	2.4654885520e-02	1.5475553326e-12	6.9208778453e-13
5.3184114976e+08	3	3.3078000000e-02	1.9097592204e-02	9.0694721567e+01	3.0000000000e+00	3.3078000000e-02	1.9097592204e-02	9.2853319956e-13	5.3608889271e-13
5.3184124976e+08	9	9.9234000000e-02	3.3078000000e-02	9.0694721567e+01	9.0000000000e+00	9.9234000000e-02	3.3078000000e-02	2.7855995987e-12	9.2853319956e-13
5.3184134976e+08	2	2.2052000000e-02	1.5593118739e-02	9.0694721567e+01	2.0000000000e+00	2.2052000000e-02	1.5593118739e-02	6.1902213304e-13	4.3771474798e-13
5.3184144976e+08	9	9.9234000000e-02	3.3078000000e-02	9.0694721567e+01	9.0000000000e+00	9.9234000000e-02	3.3078000000e-02	2.7855995987e-12	9.2853319956e-13
5.3184154976e+08	3	3.3078000000e-02	1.9097592204e-02	9.0694721567e+01	3.0000000000e+00	3.3078000000e-02	1.9097592204e-02	9.2853319956e-13	5.3608889271e-13
5.3184164976e+08	5	5.5130000000e-02	2.4654885520e-02	9.0694721567e+01	5.0000000000e+00	5.5130000000e-02	2.4654885520e-02	1.5475553326e-12	6.9208778453e-13
5.3184174976e+08	8	8.8208000000e-02	3.1186237477e-02	9.0694721567e+01	8.0000000000e+00	8.8208000000e-02	3.1186237477e-02	2.4760885322e-12	8.7542949594e-13
5.3184184976e+08	6	6.6156000000e-02	2.7008073904e-02	9.0694721567e+01	6.0000000000e+00	6.6156000000e-02	2.7008073904e-02	1.8570663991e-12	7.5814418272e-13
5.3184194976e+08	7	7.7182000000e-02	2.9172053956e-02	9.0694721567e+01	7.0000000000e+00	7.7182000000e-02	2.9172053956e-02	2.1665774656e-12	8.1888931004e-13
5.3184204976e+08	5	5.5130000000e-02	2.4654885520e-02	9.0694721567e+01	5.0000000000e+00	5.5130000000e-02	2.4654885520e-02	1.5475553326e-12	6.9208778453e-13
5.3184214976e+08	4	4.4104000000e-02	2.2052000000e-02	9.0694721567e+01	4.0000000000e+00	4.4104000000e-02	2.2052000000e-02	1.2380442661e-12	6.1902213304e-13
5.3184224976e+08	4	4.4104000000e-02	2.2052000000e-02	9.0694721567e+01	4.0000000000e+00	4.4104000000e-02	2.2052000000e-02	1.2380442661e-12	6.1902213304e-13
5.3184234976e+08	4	4.4104000000e-02	2.2052000000e-02	9.0694721567e+01	3.8095238095e+00	4.2003809524e-02	2.2151783315e-02	1.2380442661e-12	6.1902213304e-13
5.3184244976e+08	4	4.4104000000e-02	2.2052000000e-02	9.0694721567e+01	4.0000000000e+00	4.4104000000e-02	2.2052000000e-02	1.2380442661e-12	6.1902213304e-13
5.3184254976e+08	6	6.6156000000e-02	2.7008073904e-02	9.0694721567e+01	6.0000000000e+00	6.6156000000e-02	2.7008073904e-02	1.8570663991e-12	7.5814418272e-13
5.3184264976e+08	6	6.6156000000e-02	2.7008073904e-02	9.0694721567e+01	6.0000000000e+00	6.6156000000e-02	2.7008073904e-02	1.8570663991e-12	7.5814418272e-13
5.3184274976e+08	13	1.4333800000e-01	3.9754808363e-02	9.0694721567e+01	1.3000000000e+01	1.4333800000e-01	3.9754808363e-02	4.0236438648e-12	1.1159580207e-12
5.3184284976e+08	5	5.5130000000e-02	2.4654885520e-02	9.0694721567e+01	5.0000000000e+00	5.5130000000e-02	2.4654885520e-02	1.5475553326e-12	6.9208778453e-13
5.3184294976e+08	9	9.9234000000e-02	3.3078000000e-02	9.0694721567e+01	8.8095238095e+00	9.7133809524e-02	3.3144605655e-02	2.7855995987e-12	9.2853319956e-13
5.3184304976e+08	1	1.1026000000e-02	1.1026000000e-02	9.0694721567e+01	1.0000000000e+00	1.1026000000e-02	1.1026000000e-02	3.0951106652e-13	3.0951106652e-13
5.3184314976e+08	10	1.1026000000e-01	3.4867273481e-02	9.0694721567e+01	1.0000000000e+01	1.1026000000e-01	3.4867273481e-02	3.0951106652e-12	9.7875993123e-13
5.3184324976e+08	0	0.0000000000e+00	0.0000000000e+00	9.0694721567e+01	0.0000000000e+00	0.0000000000e+00	0.0000000000e+00	0.0000000000e+00	0.0000000000e+00
5.3184334976e+08	1	1.1026000000e-02	1.1026000000e-02	9.0694721567e+01	1.0000000000e+00	1.1026000000e-02	1.1026000000e-02	3.0951106652e-13	3.0951106652e-13
5.3184344976e+08	6	6.6156000000e-02	2.7008073904e-02	9.0694721567e+01	6.0000000000e+00	6.6156000000e-02	2.7008073904e-02	1.8570663991e-12	7.5814418272e-13
5.3184354976e+08	5	5.5130000000e-02	2.4654885520e-02	9.0694721567e+01	5.0000000000e+00	5.5130000000e-02	2.4654885520e-02	1.5475553326e-12	6.9208778453e-13
5.3184364976e+08	6	6.6156000000e-02	2.7008073904e-02	9.0694721567e+01	5.8095238095e+00	6.4055809524e-02	2.7089607897e-02	1.8570663991e-12	7.5814418272e-13
5.3184374976e+08	7	7.7182000000e-02	2.9172053956e-02	9.0694721567e+01	6.8095238095e+00	7.5081809524e-02	2.9247556001e-02	2.1665774656e-12	8.1888931004e-13
5.3184384976e+08	3	3.3078000000e-02	1.9097592204e-02	9.0694721567e+01	3.0000000000e+00	3.3078000000e-02	1.9097592204e-02	9.2853319956e-13	5.3608889271e-13
5.3184394976e+08	10	1.1026000000e-01	3.4867273481e-02	9.0694721567e+01	1.0000000000e+01	1.1026000000e-01	3.4867273481e-02	3.0951106652e-12	9.7875993123e-13
5.3184404976e+08	5	5.5130000000e-02	2.4654885520e-02	9.0694721567e+01	5.0000000000e+00	5.5130000000e-02	2.4654885520e-02	1.5475553326e-12	6.9208778453e-13
5.3184414976e+08	4	4.4104000000e-02	2.2052000000e-02	9.0694721567e+01	4.0000000000e+00	4.4104000000e-02	2.2052000000e-02	1.2380442661e-12	6.1902213304e-13
5.3184424976e+08	2	2.2052000000e-02	1.5593118739e-02	9.0694721567e+01	2.0000000000e+00	2.2052000000e-02	1.5593118739e-02	6.1902213304e-13	4.3771474798e-13
5.3184434976e+08	9	9.9234000000e-02	3.3078000000e-02	9.0694721567e+01	9.0000000000e+00	9.9234000000e-02	3.3078000000e-02	2.7855995987e-12	9.2853319956e-13
5.3184444976e+08	8	8.8208000000e-02	3.1186237477e-02	9.0694721567e+01	8.0000000000e+00	8.8208000000e-02	3.1186237477e-02	2.4760885322e-12	8.7542949594e-13
5.3184454976e+08	2	2.2052000000e-02	1.5593118739e-02	9.0694721567e+01	2.0000000000e+00	2.2052000000e-02	1.5593118739e-02	6.1902213304e-13	4.3771474798e-13
5.3184464976e+08	2	2.2052000000e-02	1.5593118739e-02	9.0694721567e+01	2.0000000000e+00	2.2052000000e-02	1.5593118739e-02	6.1902213304e-13	4.3771474798e-13
5.3184474976e+08	4	4.4104000000e-02	2.2052000000e-02	9.0694721567e+01	3.8095238095e+00	4.2003809524e-02	2.2151783315e-02	1.2380442661e-12	6.1902213304e-13
5.3184484976e+08	2	2.2052000000e-02	1.5593118739e-02	9.0694721567e+01	2.0000000000e+00	2.2052000000e-02	1.5593118739e-02	6.1902213304e-13	4.3771474798e-13
5.3184494976e+08	4	4.4104000000e-02	2.2052000000e-02	9.0694721567e+01	4.0000000000e+00	4.4104000000e-02	2.2052000000e-02	1.2380442661e-12	6.1902213304e-13
5.3184504976e+08	3	3.3078000000e-02	1.9097592204e-02	9.0694721567e+01	3.0000000000e+00	3.3078000000e-02	1.9097592204e-02	9.2853319956e-13	5.3608889271e-13
5.3184514976e+08	1	1.1026000000e-02	1.1026000000e-02	9.0694721567e+01	1.0000000000e+00	1.1026000000e-02	1.1026000000e-02	3.0951106652e-13	3.0951106652e-13
5.3184524976e+08	0	0.0000000000e+00	0.0000000000e+00	9.0694721567e+01	0.0000000000e+00	0.0000000000e+00	0.0000000000e+00	0.0000000000e+00	0.0000000000e+00
5.3184534976e+08	5	5.5130000000e-02	2.4654885520e-02	9.0694721567e+01	5.0000000000e+00	5.5130000000e-02	2.4654885520e-02	1.5475553326e-12	6.9208778453e-13
5.3184544976e+08	2	2.2052000000e-02	1.5593118739e-02	9.0694721567e+01	2.0000000000e+00	2.2052000000e-02	1.5593118739e-02	6.1902213304e-13	4.3771474798e-13
5.3184554976e+08	2	2.2052000000e-02	1.5593118739e-02	9.0694721567e+01	1.8095238095e+00	1.9951809524e-02	1.5733917250e-02	6.1902213304e-13	4.3771474798e-13
5.3184564976e+08	4	4.4104000000e-02	2.2052000000e-02	9.0694721567e+01	4.0000000000e+00	4.4104000000e-02	2.2052000000e-02	1.2380442661e-12	6.1902213304e-13
5.3184574976e+08	5	5.5130000000e-02	2.4654885520e-02	9.0694721567e+01	5.0000000000e+00	5.5130000000e-02	2.4654885520e-02	1.5475553326e-12	6.9208778453e-13
5.3184584976e+08	4	4.4104000000e-02	2.2052000000e-02	9.0694721567e+01	4.0000000000e+00	4.4104000000e-02	2.2052000000e-02	1.2380442661e-12	6.1902213304e-13
5.3184594976e+08	6	6.6156000000e-02	2.7008073904e-02	9.0694721567e+01	6.0000000000e+00	6.6156000000e-02	2.7008073904e-02	1.8570663991e-12	7.5814418272e-13
5.3184604976e+08	1	1.1026000000e-02	1.1026000000e-02	9.0694721567e+01	1.0000000000e+00	1.1026000000e-02	1.1026000000e-02	3.0951106652e-13	3.0951106652e-13
5.3184614976e+08	6	6.6156000000e-02	2.7008073904e-02	9.0694721567e+01	6.0000000000e+00	6.6156000000e-02	2.7008073904e-02	1.8570663991e-12	7.5814418272e-13
5.3184624976e+08	4	4.4104000000e-02	2.2052000000e-02	9.0694721567e+01	4.0000000000e+00	4.4104000000e-02	2.2052000000e-02	1.2380442661e-12	6.1902213304e-13
5.3184634976e+08	2	2.2052000000e-02	1.5593118739e-02	9.0694721567e+01	2.0000000000e+00	2.2052000000e-02	1.5593118739e-02	6.1902213304e-13	4.3771474798e-13
5.3184644976e+08	1	1.1026000000e-02	1.1026000000e-02	9.0694721567e+01	1.0000000000e+00	1.1026000000e-02	1.1026000000e-02	3.0951106652e-13	3.0951106652e-13
5.3184654976e+08	2	2.2052000000e-02	1.5593118739e-02	9.0694721567e+01	2.0000000000e+00	2.2052000000e-02	1.5593118739e-02	6.1902213304e-13	4.3771474798e-13
5.3184664976e+08	0	0.0000000000e+00	0.0000000000e+00	9.0694721567e+01	0.0000000000e+00	0.0000000000e+00	0.0000000000e+00	0.0000000000e+00	0.0000000000e+00
5.3184674976e+08	2	2.2052000000e-02	1.5593118739e-02	9.0694721567e+01	2.0000000000e+00	2.2052000000e-02	1.5593118739e-02	6.1902213304e-13	4.3771474798e-13
5.3184684976e+08	4	4.4104000000e-02	2.2052000000e-02	9.0694721567e+01	4.0000000000e+00	4.4104000000e-02	2.2052000000e-02	1.2380442661e-12	6.1902213304e-13
5.3184694976e+08	3	3.3078000000e-02	1.9097592204e-02	9.0694721567e+01	3.0000000000e+00	3.3078000000e-02	1.9097592204e-02	9.2853319956e-13	5.3608889271e-13
5.3184704976e+08	3	3.3078000000e-02	1.9097592204e-02	9.0694721567e+01	3.0000000000e+00	3.3078000000e-02	1.9097592204e-02	9.2853319956e-13	5.3608889271e-13
5.3184714976e+08	0	0.0000000000e+00	0.0000000000e+00	9.0694721567e+01	0.0000000000e+00	0.0000000000e+00	0.0000000000e+00	0.0000000000e+00	0.0000000000e+00
5.3184724976e+08	2	2.2052000000e-02	1.5593118739e-02	9.0694721567e+01	2.0000000000e+00	2.2052000000e-02	1.5593118739e-02	6.1902213304e-13	4.3771474798e-13
5.3184734976e+08	1	1.1026000000e-02	1.1026000000e-02	9.0694721567e+01	1.0000000000e+00	1.1026000000e-02	1.1026000000e-02	3.0951106652e-13	3.0951106652e-13
5.3184744976e+08	2	2.2052000000e-02	1.5593118739e-02	9.0694721567e+01	2.0000000000e+00	2.2052000000e-02	1.5593118739e-02	6.1902213304e-13	4.3771474798e-13
5.3184754976e+08	5	5.5130000000e-02	2.4654885520e-02	9.0694721567e+01	5.0000000000e+00	5.5130000000e-02	2.4654885520e-02	1.5475553326e-12	6.9208778453e-13
5.3184764976e+08	3	3.3078000000e-02	1.9097592204e-02	9.0694721567e+01	3.0000000000e+00	3.3078000000e-02	1.9097592204e-02	9.2853319956e-13	5.3608889271e-13
5.3184774976e+08	0	0.0000000000e+00	0.0000000000e+00	9.0694721567e+01	0.0000000000e+00	0.0000000000e+00	0.0000000000e+00	0.0000000000e+00	0.0000000000e+00
5.3184784976e+08	2	2.2052000000e-02	1.5593118739e-02	9.0694721567e+01	2.0000000000e+00	2.2052000000e-02	1.5593118739e-02	6.1902213304e-13	4.3771474798e-13
5.3184794976e+08	3	3.3078000000e-02	1.9097592204e-02	9.0694721567e+01	3.0000000000e+00	3.3078000000e-02	1.9097592204e-02	9.2853319956e-13	5.3608889271e-13
5.3184804976e+08	3	3.3078000000e-02	1.9097592204e-02	9.0694721567e+01	3.0000000000e+00	3.3078000000e-02	1.9097592204e-02	9.2853319956e-13	5.3608889271e-13
5.3184814976e+08	0	0.0000000000e+00	0.0000000000e+00	9.0694721567e+01	0.0000000000e+00	0.0000000000e+00	0.0000000000e+00	0.0000000000e+00	0.0000000000e+00
5.3184824976e+08	3	3.3078000000e-02	1.9097592204e-02	9.0694721567e+01	3.0000000000e+00	3.3078000000e-02	1.9097592204e-02	9.2853319956e-13	5.3608889271e-13
5.3184834976e+08	4	4.4104000000e-02	2.2052000000e-02	9.0694721567e+01	4.0000000000e+00	4.4104000000e-02	2.2052000000e-02	1.2380442661e-12	6.1902213304e-13
5.3184844976e+08	4	4.4104000000e-02	2.2052000000e-02	9.0694721567e+01	4.0000000000e+00	4.4104000000e-02	2.2052000000e-02	1.2380442661e-12	6.1902213304e-13
5.3184854976e+08	5	5.5130000000e-02	2.4654885520e-02	9.0694721567e+01	5.0000000000e+00	5.5130000000e-02	2.4654885520e-02	1.5475553326e-12	6.9208778453e-13
5.3184864976e+08	2	2.2052000000e-02	1.5593118739e-02	9.0694721567e+01	2.0000000000e+00	2.2052000000e-02	1.5593118739e-02	6.1902213304e-13	4.3771474798e-13
5.3184874976e+08	3	3.3078000000e-02	1.9097592204e-02	9.0694721567e+01	3.0000000000e+00	3.3078000000e-02	1.9097592204e-02	9.2853319956e-13	5.3608889271e-13
5.3184884976e+08	1	1.1026000000e-02	1.1026000000e-02	9.0694721567e+01	1.0000000000e+00	1.1026000000e-02	1.1026000000e-02	3.0951106652e-13	3.0951106652e-13
5.3184894976e+08	1	1.1026000000e-02	1.1026000000e-02	9.0694721567e+01	1.0000000000e+00	1.1026000000e-02	1.1026000000e-02	3.0951106652e-13	3.0951106652e-13
5.3184904976e+08	5	5.5130000000e-02	2.4654885520e-02	9.0694721567e+01	5.0000000000e+00	5.5130000000e-02	2.4654885520e-02	1.5475553326e-12	6.9208778453e-13
5.3184914976e+08	1	1.1026000000e-02	1.1026000000e-02	9.0694721567e+01	1.0000000000e+00	1.1026000000e-02	1.1026000000e-02	3.0951106652e-13	3.0951106652e-13
5.3184924976e+08	3	3.3078000000e-02	1.9097592204e-02	9.0694721567e+01	3.0000000000e+00	3.3078000000e-02	1.9097592204e-02	9.2853319956e-13	5.3608889271e-13
5.3184934976e+08	1	1.1026000000e-02	1.1026000000e-02	9.0694721567e+01	1.0000000000e+00	1.1026000000e-02	1.1026000000e-02	3.0951106652e-13	3.0951106652e-13
5.3184944976e+08	2	2.2052000000e-02	1.5593118739e-02	9.0694721567e+01	2.0000000000e+00	2.2052000000e-02	1.5593118739e-02	6.1902213304e-13	4.3771474798e-13
5.3184954976e+08	0	0.0000000000e+00	0.0000000000e+00	9.0694721567e+01	-1.9047619048e-01	-2.1001904762e-03	2.1001904762e-03	0.0000000000e+00	0.0000000000e+00
5.3184964976e+08	0	0.0000000000e+00	0.0000000000e+00	9.0694721567e+01	-1.9047619048e-01	-2.1001904762e-03	2.1001904762e-03	0.0000000000e+00	0.0000000000e+00
5.3184974976e+08	0	0.0000000000e+00	0.0000000000e+00	9.0694721567e+01	0.0000000000e+00	0.0000000000e+00	0.0000000000e+00	0.0000000000e+00	0.0000000000e+00
5.3184984976e+08	1	1.1026000000e-02	1.1026000000e-02	9.0694721567e+01	1.0000000000e+00	1.1026000000e-02	1.1026000000e-02	3.0951106652e-13	3.0951106652e-13
5.3184994976e+08	2	2.2052000000e-02	1.5593118739e-02	9.0694721567e+01	2.0000000000e+00	2.2052000000e-02	1.5593118739e-02	6.1902213304e-13	4.3771474798e-13
5.3185004976e+08	0	0.0000000000e+00	0.0000000000e+00	9.0694721567e+01	0.0000000000e+00	0.0000000000e+00	0.0000000000e+00	0.0000000000e+00	0.0000000000e+00
5.3185014976e+08	0	0.0000000000e+00	0.0000000000e+00	9.0694721567e+01	0.0000000000e+00	0.0000000000e+00	0.0000000000e+00	0.0000000000e+00	0.0000000000e+00
5.3185024976e+08	0	0.0000000000e+00	0.0000000000e+00	9.0694721567e+01	0.0000000000e+00	0.0000000000e+00	0.0000000000e+00	0.0000000000e+00	0.0000000000e+00
5.3185034976e+08	0	0.0000000000e+00	0.0000000000e+00	9.0694721567e+01	0.0000000000e+00	0.0000000000e+00	0.0000000000e+00	0.0000000000e+00	0.0000000000e+00
5.3185044976e+08	1	1.1026000000e-02	1.1026000000e-02	9.0694721567e+01	1.0000000000e+00	1.1026000000e-02	1.1026000000e-02	3.0951106652e-13	3.0951106652e-13
5.3185054976e+08	0	0.0000000000e+00	0.0000000000e+00	9.0694721567e+01	-1.9047619048e-01	-2.1001904762e-03	2.1001904762e-03	0.0000000000e+00	0.0000000000e+00
5.3185064976e+08	0	0.0000000000e+00	0.0000000000e+00	9.0694721567e+01	0.0000000000e+00	0.0000000000e+00	0.0000000000e+00	0.0000000000e+00	0.0000000000e+00
5.3185074976e+08	0	0.0000000000e+00	0.0000000000e+00	9.0694721567e+01	0.0000000000e+00	0.0000000000e+00	0.0000000000e+00	0.0000000000e+00	0.0000000000e+00
5.3185084976e+08	0	0.0000000000e+00	0.0000000000e+00	9.0694721567e+01	0.0000000000e+00	0.0000000000e+00	0.0000000000e+00	0.0000000000e+00	0.0000000000e+00
5.3185094976e+08	3	3.3078000000e-02	1.9097592204e-02	9.0694721567e+01	3.0000000000e+00	3.3078000000e-02	1.9097592204e-02	9.2853319956e-13	5.3608889271e-13
5.3185104976e+08	1	1.1026000000e-02	1.1026000000e-02	9.0694721567e+01	1.0000000000e+00	1.1026000000e-02	1.1026000000e-02	3.0951106652e-13	3.0951106652e-13
5.3185114976e+08	0	0.0000000000e+00	0.0000000000e+00	9.0694721567e+01	0.0000000000e+00	0.0000000000e+00	0.0000000000e+00	0.0000000000e+00	0.0000000000e+00
5.3185124976e+08	3	3.3078000000e-02	1.9097592204e-02	9.0694721567e+01	3.0000000000e+00	3.3078000000e-02	1.9097592204e-02	9.2853319956e-13	5.3608889271e-13
5.3185134976e+08	0	0.0000000000e+00	0.0000000000e+00	9.0694721567e+01	0.0000000000e+00	0.0000000000e+00	0.0000000000e+00	0.0000000000e+00	0.0000000000e+00
5.3185144976e+08	1	1.1026000000e-02	1.1026000000e-02	9.0694721567e+01	1.0000000000e+00	1.1026000000e-02	1.1026000000e-02	3.0951106652e-13	3.0951106652e-13
5.3185154976e+08	1	1.1026000000e-02	1.1026000000e-02	9.0694721567e+01	1.0000000000e+00	1.1026000000e-02	1.1026000000e-02	3.0951106652e-13	3.0951106652e-13
5.3185164976e+08	0	0.0000000000e+00	0.0000000000e+00	5.7265812573e+01	0.0000000000e+00	0.0000000000e+00	0.0000000000e+00	0.0000000000e+00	0.0000000000e+00
5.3185174976e+08	0	0.0000000000e+00	0.0000000000e+00	0.0000000000e+00	nan	0.0000000000e+00	nan	0.0000000000e+00	0.0000000000e+00
5.3185184976e+08	0	0.0000000000e+00	0.0000000000e+00	0.0000000000e+00	nan	0.0000000000e+00	nan	0.0000000000e+00	0.0000000000e+00
5.3185194976e+08	0	0.0000000000e+00	0.0000000000e+00	0.0000000000e+00	nan	0.0000000000e+00	nan	0.0000000000e+00	0.0000000000e+00
5.3185204976e+08	0	0.0000000000e+00	0.0000000000e+00	0.0000000000e+00	nan	0.0000000000e+00	nan	0.0000000000e+00	0.0000000000e+00
5.3185214976e+08	0	0.0000000000e+00	0.0000000000e+00	0.0000000000e+00	nan	0.0000000000e+00	nan	0.0000000000e+00	0.0000000000e+00
5.3185224976e+08	0	0.0000000000e+00	0.0000000000e+00	0.0000000000e+00	nan	0.0000000000e+00	nan	0.0000000000e+00	0.0000000000e+00
5.3185234976e+08	0	0.0000000000e+00	0.0000000000e+00	0.0000000000e+00	nan	0.0000000000e+00	nan	0.0000000000e+00	0.0000000000e+00
5.3185244976e+08	0	0.0000000000e+00	0.0000000000e+00	0.0000000000e+00	nan	0.0000000000e+00	nan	0.0000000000e+00	0.0000000000e+00
5.3185254976e+08	0	0.0000000000e+00	0.0000000000e+00	0.0000000000e+00	nan	0.0000000000e+00	nan	0.0000000000e+00	0.0000000000e+00
5.3185264976e+08	0	0.0000000000e+00	0.0000000000e+00	0.0000000000e+00	nan	0.0000000000e+00	nan	0.0000000000e+00	0.0000000000e+00
